Handle,Title,Body (HTML),Vendor,Product Category,Type,Tags,Published,Option1 Name,Option1 Value,Option2 Name,Option2 Value,Variant SKU,Variant Grams,Variant Inventory Tracker,Variant Inventory Qty,Variant Inventory Policy,Variant Fulfillment Service,Variant Price,Variant Compare At Price,Variant Requires Shipping,Variant Taxable,Image Src,Image Position,Status
sonicwave-audio-active-noise-cancelling-wireless-tws-earbuds-pro,SonicWave Audio Active Noise Cancelling Wireless TWS Earbuds (Pro),"<p>High-demand SonicWave Audio SonicWave Audio Active Noise Cancelling Wireless TWS Earbuds (Pro). Designed for superior performance, comfort and style. Sourced with USPS express air shipping (7-10 days).</p>",SonicWave Audio,electronics,electronics,"electronics, electronics, unisex, dropshipping, bestseller",true,Color,Matte Black,Size,Standard Fit,SY-SY-PROD-2236,500,shopify,5,deny,manual,39.99,65.98,true,true,https://images.unsplash.com/photo-1505740420928-5e560c06d30e?auto=format&fit=crop&w=800&q=80,1,active
luminatech-ultra-slim-amoled-bluetooth-calling-smartwatch-elite,LuminaTech Ultra-Slim AMOLED Bluetooth Calling Smartwatch (Elite),"<p>High-demand LuminaTech LuminaTech Ultra-Slim AMOLED Bluetooth Calling Smartwatch (Elite). Designed for superior performance, comfort and style. Sourced with USPS express air shipping (7-10 days).</p>",LuminaTech,electronics,electronics,"electronics, electronics, unisex, dropshipping, bestseller",true,Color,Titanium Silver,Size,44mm Dial,SY-SY-PROD-2237,500,shopify,6,deny,manual,51.36,83.61,true,true,https://images.unsplash.com/photo-1572569511254-d8f925fe2cbb?auto=format&fit=crop&w=800&q=80,1,active
sonicwave-audio-100w-4-port-gan-fast-travel-wall-charger-classic,SonicWave Audio 100W 4-Port GaN Fast Travel Wall Charger (Classic),"<p>High-demand SonicWave Audio SonicWave Audio 100W 4-Port GaN Fast Travel Wall Charger (Classic). Designed for superior performance, comfort and style. Sourced with USPS express air shipping (7-10 days).</p>",SonicWave Audio,electronics,electronics,"electronics, electronics, unisex, dropshipping, bestseller",true,Color,Graphite Black,Size,Universal US/UK,SY-SY-PROD-2238,500,shopify,7,deny,manual,35.73,59.38,true,true,https://images.unsplash.com/photo-1546868871-7041f2a55e12?auto=format&fit=crop&w=800&q=80,1,active
luminatech-15w-magsafe-fast-magnetic-wireless-power-bank-10-000mah-series-2,"LuminaTech 15W MagSafe Fast Magnetic Wireless Power Bank (10,000mAh) (Series 2)","<p>High-demand LuminaTech LuminaTech 15W MagSafe Fast Magnetic Wireless Power Bank (10,000mAh) (Series 2). Designed for superior performance, comfort and style. Sourced with USPS express air shipping (7-10 days).</p>",LuminaTech,electronics,electronics,"electronics, electronics, unisex, dropshipping, bestseller",true,Color,Space Gray,Size,Pocket Slim,SY-SY-PROD-2239,500,shopify,8,deny,manual,41.10,67.71,true,true,https://images.unsplash.com/photo-1600003014755-ba31aa59c4b6?auto=format&fit=crop&w=800&q=80,1,active
sonicwave-audio-hi-fi-360-waterproof-bluetooth-outdoor-speaker-air,SonicWave Audio Hi-Fi 360° Waterproof Bluetooth Outdoor Speaker (Air),"<p>High-demand SonicWave Audio SonicWave Audio Hi-Fi 360° Waterproof Bluetooth Outdoor Speaker (Air). Designed for superior performance, comfort and style. Sourced with USPS express air shipping (7-10 days).</p>",SonicWave Audio,electronics,electronics,"electronics, electronics, unisex, dropshipping, bestseller",true,Color,Rugged Camo,Size,Standard,SY-SY-PROD-2240,500,shopify,9,deny,manual,48.47,79.13,true,true,https://images.unsplash.com/photo-1583394838336-acd977736f90?auto=format&fit=crop&w=800&q=80,1,active
luminatech-ergonomic-vertical-silent-wireless-mouse-rgb-signature,LuminaTech Ergonomic Vertical Silent Wireless Mouse (RGB) (Signature),"<p>High-demand LuminaTech LuminaTech Ergonomic Vertical Silent Wireless Mouse (RGB) (Signature). Designed for superior performance, comfort and style. Sourced with USPS express air shipping (7-10 days).</p>",LuminaTech,electronics,electronics,"electronics, electronics, unisex, dropshipping, bestseller",true,Color,Matte Black,Size,Right Hand Ergonomic,SY-SY-PROD-2241,500,shopify,10,deny,manual,31.84,53.35,true,true,https://images.unsplash.com/photo-1527864550417-7fd91fc51a46?auto=format&fit=crop&w=800&q=80,1,active
sonicwave-audio-smart-sleep-eye-mask-with-bluetooth-built-in-speakers-v2,SonicWave Audio Smart Sleep Eye Mask with Bluetooth Built-in Speakers (V2),"<p>High-demand SonicWave Audio SonicWave Audio Smart Sleep Eye Mask with Bluetooth Built-in Speakers (V2). Designed for superior performance, comfort and style. Sourced with USPS express air shipping (7-10 days).</p>",SonicWave Audio,electronics,electronics,"electronics, electronics, unisex, dropshipping, bestseller",true,Color,Night Black,Size,Adjustable Band,SY-SY-PROD-2242,500,shopify,11,deny,manual,37.21,61.68,true,true,https://images.unsplash.com/photo-1505740420928-5e560c06d30e?auto=format&fit=crop&w=800&q=80,1,active
luminatech-active-noise-cancelling-wireless-tws-earbuds-luxe,LuminaTech Active Noise Cancelling Wireless TWS Earbuds (Luxe),"<p>High-demand LuminaTech LuminaTech Active Noise Cancelling Wireless TWS Earbuds (Luxe). Designed for superior performance, comfort and style. Sourced with USPS express air shipping (7-10 days).</p>",LuminaTech,electronics,electronics,"electronics, electronics, unisex, dropshipping, bestseller",true,Color,Matte Black,Size,Standard Fit,SY-SY-PROD-2243,500,shopify,12,deny,manual,49.58,80.85,true,true,https://images.unsplash.com/photo-1572569511254-d8f925fe2cbb?auto=format&fit=crop&w=800&q=80,1,active
sonicwave-audio-ultra-slim-amoled-bluetooth-calling-smartwatch-pure,SonicWave Audio Ultra-Slim AMOLED Bluetooth Calling Smartwatch (Pure),"<p>High-demand SonicWave Audio SonicWave Audio Ultra-Slim AMOLED Bluetooth Calling Smartwatch (Pure). Designed for superior performance, comfort and style. Sourced with USPS express air shipping (7-10 days).</p>",SonicWave Audio,electronics,electronics,"electronics, electronics, unisex, dropshipping, bestseller",true,Color,Titanium Silver,Size,44mm Dial,SY-SY-PROD-2244,500,shopify,13,deny,manual,60.95,98.47,true,true,https://images.unsplash.com/photo-1546868871-7041f2a55e12?auto=format&fit=crop&w=800&q=80,1,active
luminatech-100w-4-port-gan-fast-travel-wall-charger-essential,LuminaTech 100W 4-Port GaN Fast Travel Wall Charger (Essential),"<p>High-demand LuminaTech LuminaTech 100W 4-Port GaN Fast Travel Wall Charger (Essential). Designed for superior performance, comfort and style. Sourced with USPS express air shipping (7-10 days).</p>",LuminaTech,electronics,electronics,"electronics, electronics, unisex, dropshipping, bestseller",true,Color,Graphite Black,Size,Universal US/UK,SY-SY-PROD-2245,500,shopify,14,deny,manual,45.32,74.25,true,true,https://images.unsplash.com/photo-1600003014755-ba31aa59c4b6?auto=format&fit=crop&w=800&q=80,1,active
sonicwave-audio-15w-magsafe-fast-magnetic-wireless-power-bank-10-000mah-pro,"SonicWave Audio 15W MagSafe Fast Magnetic Wireless Power Bank (10,000mAh) (Pro)","<p>High-demand SonicWave Audio SonicWave Audio 15W MagSafe Fast Magnetic Wireless Power Bank (10,000mAh) (Pro). Designed for superior performance, comfort and style. Sourced with USPS express air shipping (7-10 days).</p>",SonicWave Audio,electronics,electronics,"electronics, electronics, unisex, dropshipping, bestseller",true,Color,Space Gray,Size,Pocket Slim,SY-SY-PROD-2246,500,shopify,15,deny,manual,50.69,82.57,true,true,https://images.unsplash.com/photo-1583394838336-acd977736f90?auto=format&fit=crop&w=800&q=80,1,active
luminatech-hi-fi-360-waterproof-bluetooth-outdoor-speaker-elite,LuminaTech Hi-Fi 360° Waterproof Bluetooth Outdoor Speaker (Elite),"<p>High-demand LuminaTech LuminaTech Hi-Fi 360° Waterproof Bluetooth Outdoor Speaker (Elite). Designed for superior performance, comfort and style. Sourced with USPS express air shipping (7-10 days).</p>",LuminaTech,electronics,electronics,"electronics, electronics, unisex, dropshipping, bestseller",true,Color,Rugged Camo,Size,Standard,SY-SY-PROD-2247,500,shopify,16,deny,manual,58.06,93.99,true,true,https://images.unsplash.com/photo-1527864550417-7fd91fc51a46?auto=format&fit=crop&w=800&q=80,1,active
sonicwave-audio-ergonomic-vertical-silent-wireless-mouse-rgb-classic,SonicWave Audio Ergonomic Vertical Silent Wireless Mouse (RGB) (Classic),"<p>High-demand SonicWave Audio SonicWave Audio Ergonomic Vertical Silent Wireless Mouse (RGB) (Classic). Designed for superior performance, comfort and style. Sourced with USPS express air shipping (7-10 days).</p>",SonicWave Audio,electronics,electronics,"electronics, electronics, unisex, dropshipping, bestseller",true,Color,Matte Black,Size,Right Hand Ergonomic,SY-SY-PROD-2248,500,shopify,17,deny,manual,41.43,68.22,true,true,https://images.unsplash.com/photo-1505740420928-5e560c06d30e?auto=format&fit=crop&w=800&q=80,1,active
luminatech-smart-sleep-eye-mask-with-bluetooth-built-in-speakers-series-2,LuminaTech Smart Sleep Eye Mask with Bluetooth Built-in Speakers (Series 2),"<p>High-demand LuminaTech LuminaTech Smart Sleep Eye Mask with Bluetooth Built-in Speakers (Series 2). Designed for superior performance, comfort and style. Sourced with USPS express air shipping (7-10 days).</p>",LuminaTech,electronics,electronics,"electronics, electronics, unisex, dropshipping, bestseller",true,Color,Night Black,Size,Adjustable Band,SY-SY-PROD-2249,500,shopify,18,deny,manual,46.80,76.54,true,true,https://images.unsplash.com/photo-1572569511254-d8f925fe2cbb?auto=format&fit=crop&w=800&q=80,1,active
sonicwave-audio-active-noise-cancelling-wireless-tws-earbuds-air,SonicWave Audio Active Noise Cancelling Wireless TWS Earbuds (Air),"<p>High-demand SonicWave Audio SonicWave Audio Active Noise Cancelling Wireless TWS Earbuds (Air). Designed for superior performance, comfort and style. Sourced with USPS express air shipping (7-10 days).</p>",SonicWave Audio,electronics,electronics,"electronics, electronics, unisex, dropshipping, bestseller",true,Color,Matte Black,Size,Standard Fit,SY-SY-PROD-2250,500,shopify,19,deny,manual,59.17,95.71,true,true,https://images.unsplash.com/photo-1546868871-7041f2a55e12?auto=format&fit=crop&w=800&q=80,1,active
luminatech-ultra-slim-amoled-bluetooth-calling-smartwatch-signature,LuminaTech Ultra-Slim AMOLED Bluetooth Calling Smartwatch (Signature),"<p>High-demand LuminaTech LuminaTech Ultra-Slim AMOLED Bluetooth Calling Smartwatch (Signature). Designed for superior performance, comfort and style. Sourced with USPS express air shipping (7-10 days).</p>",LuminaTech,electronics,electronics,"electronics, electronics, unisex, dropshipping, bestseller",true,Color,Titanium Silver,Size,44mm Dial,SY-SY-PROD-2251,500,shopify,5,deny,manual,70.54,113.34,true,true,https://images.unsplash.com/photo-1600003014755-ba31aa59c4b6?auto=format&fit=crop&w=800&q=80,1,active
sonicwave-audio-100w-4-port-gan-fast-travel-wall-charger-v2,SonicWave Audio 100W 4-Port GaN Fast Travel Wall Charger (V2),"<p>High-demand SonicWave Audio SonicWave Audio 100W 4-Port GaN Fast Travel Wall Charger (V2). Designed for superior performance, comfort and style. Sourced with USPS express air shipping (7-10 days).</p>",SonicWave Audio,electronics,electronics,"electronics, electronics, unisex, dropshipping, bestseller",true,Color,Graphite Black,Size,Universal US/UK,SY-SY-PROD-2252,500,shopify,6,deny,manual,54.91,89.11,true,true,https://images.unsplash.com/photo-1583394838336-acd977736f90?auto=format&fit=crop&w=800&q=80,1,active
luminatech-15w-magsafe-fast-magnetic-wireless-power-bank-10-000mah-luxe,"LuminaTech 15W MagSafe Fast Magnetic Wireless Power Bank (10,000mAh) (Luxe)","<p>High-demand LuminaTech LuminaTech 15W MagSafe Fast Magnetic Wireless Power Bank (10,000mAh) (Luxe). Designed for superior performance, comfort and style. Sourced with USPS express air shipping (7-10 days).</p>",LuminaTech,electronics,electronics,"electronics, electronics, unisex, dropshipping, bestseller",true,Color,Space Gray,Size,Pocket Slim,SY-SY-PROD-2253,500,shopify,7,deny,manual,60.28,97.43,true,true,https://images.unsplash.com/photo-1527864550417-7fd91fc51a46?auto=format&fit=crop&w=800&q=80,1,active
sonicwave-audio-hi-fi-360-waterproof-bluetooth-outdoor-speaker-pure,SonicWave Audio Hi-Fi 360° Waterproof Bluetooth Outdoor Speaker (Pure),"<p>High-demand SonicWave Audio SonicWave Audio Hi-Fi 360° Waterproof Bluetooth Outdoor Speaker (Pure). Designed for superior performance, comfort and style. Sourced with USPS express air shipping (7-10 days).</p>",SonicWave Audio,electronics,electronics,"electronics, electronics, unisex, dropshipping, bestseller",true,Color,Rugged Camo,Size,Standard,SY-SY-PROD-2254,500,shopify,8,deny,manual,67.65,108.86,true,true,https://images.unsplash.com/photo-1505740420928-5e560c06d30e?auto=format&fit=crop&w=800&q=80,1,active
luminatech-ergonomic-vertical-silent-wireless-mouse-rgb-essential,LuminaTech Ergonomic Vertical Silent Wireless Mouse (RGB) (Essential),"<p>High-demand LuminaTech LuminaTech Ergonomic Vertical Silent Wireless Mouse (RGB) (Essential). Designed for superior performance, comfort and style. Sourced with USPS express air shipping (7-10 days).</p>",LuminaTech,electronics,electronics,"electronics, electronics, unisex, dropshipping, bestseller",true,Color,Matte Black,Size,Right Hand Ergonomic,SY-SY-PROD-2255,500,shopify,9,deny,manual,31.02,52.08,true,true,https://images.unsplash.com/photo-1572569511254-d8f925fe2cbb?auto=format&fit=crop&w=800&q=80,1,active
sonicwave-audio-smart-sleep-eye-mask-with-bluetooth-built-in-speakers-pro,SonicWave Audio Smart Sleep Eye Mask with Bluetooth Built-in Speakers (Pro),"<p>High-demand SonicWave Audio SonicWave Audio Smart Sleep Eye Mask with Bluetooth Built-in Speakers (Pro). Designed for superior performance, comfort and style. Sourced with USPS express air shipping (7-10 days).</p>",SonicWave Audio,electronics,electronics,"electronics, electronics, unisex, dropshipping, bestseller",true,Color,Night Black,Size,Adjustable Band,SY-SY-PROD-2256,500,shopify,10,deny,manual,35.39,58.85,true,true,https://images.unsplash.com/photo-1546868871-7041f2a55e12?auto=format&fit=crop&w=800&q=80,1,active
luminatech-active-noise-cancelling-wireless-tws-earbuds-elite,LuminaTech Active Noise Cancelling Wireless TWS Earbuds (Elite),"<p>High-demand LuminaTech LuminaTech Active Noise Cancelling Wireless TWS Earbuds (Elite). Designed for superior performance, comfort and style. Sourced with USPS express air shipping (7-10 days).</p>",LuminaTech,electronics,electronics,"electronics, electronics, unisex, dropshipping, bestseller",true,Color,Matte Black,Size,Standard Fit,SY-SY-PROD-2257,500,shopify,11,deny,manual,68.76,110.58,true,true,https://images.unsplash.com/photo-1600003014755-ba31aa59c4b6?auto=format&fit=crop&w=800&q=80,1,active
sonicwave-audio-ultra-slim-amoled-bluetooth-calling-smartwatch-classic,SonicWave Audio Ultra-Slim AMOLED Bluetooth Calling Smartwatch (Classic),"<p>High-demand SonicWave Audio SonicWave Audio Ultra-Slim AMOLED Bluetooth Calling Smartwatch (Classic). Designed for superior performance, comfort and style. Sourced with USPS express air shipping (7-10 days).</p>",SonicWave Audio,electronics,electronics,"electronics, electronics, unisex, dropshipping, bestseller",true,Color,Titanium Silver,Size,44mm Dial,SY-SY-PROD-2258,500,shopify,12,deny,manual,80.13,128.20,true,true,https://images.unsplash.com/photo-1583394838336-acd977736f90?auto=format&fit=crop&w=800&q=80,1,active
luminatech-100w-4-port-gan-fast-travel-wall-charger-series-2,LuminaTech 100W 4-Port GaN Fast Travel Wall Charger (Series 2),"<p>High-demand LuminaTech LuminaTech 100W 4-Port GaN Fast Travel Wall Charger (Series 2). Designed for superior performance, comfort and style. Sourced with USPS express air shipping (7-10 days).</p>",LuminaTech,electronics,electronics,"electronics, electronics, unisex, dropshipping, bestseller",true,Color,Graphite Black,Size,Universal US/UK,SY-SY-PROD-2259,500,shopify,13,deny,manual,42.50,69.88,true,true,https://images.unsplash.com/photo-1527864550417-7fd91fc51a46?auto=format&fit=crop&w=800&q=80,1,active
sonicwave-audio-15w-magsafe-fast-magnetic-wireless-power-bank-10-000mah-air,"SonicWave Audio 15W MagSafe Fast Magnetic Wireless Power Bank (10,000mAh) (Air)","<p>High-demand SonicWave Audio SonicWave Audio 15W MagSafe Fast Magnetic Wireless Power Bank (10,000mAh) (Air). Designed for superior performance, comfort and style. Sourced with USPS express air shipping (7-10 days).</p>",SonicWave Audio,electronics,electronics,"electronics, electronics, unisex, dropshipping, bestseller",true,Color,Space Gray,Size,Pocket Slim,SY-SY-PROD-2260,500,shopify,14,deny,manual,41.87,68.90,true,true,https://images.unsplash.com/photo-1505740420928-5e560c06d30e?auto=format&fit=crop&w=800&q=80,1,active
luminatech-hi-fi-360-waterproof-bluetooth-outdoor-speaker-signature,LuminaTech Hi-Fi 360° Waterproof Bluetooth Outdoor Speaker (Signature),"<p>High-demand LuminaTech LuminaTech Hi-Fi 360° Waterproof Bluetooth Outdoor Speaker (Signature). Designed for superior performance, comfort and style. Sourced with USPS express air shipping (7-10 days).</p>",LuminaTech,electronics,electronics,"electronics, electronics, unisex, dropshipping, bestseller",true,Color,Rugged Camo,Size,Standard,SY-SY-PROD-2261,500,shopify,15,deny,manual,77.24,123.72,true,true,https://images.unsplash.com/photo-1572569511254-d8f925fe2cbb?auto=format&fit=crop&w=800&q=80,1,active
sonicwave-audio-ergonomic-vertical-silent-wireless-mouse-rgb-v2,SonicWave Audio Ergonomic Vertical Silent Wireless Mouse (RGB) (V2),"<p>High-demand SonicWave Audio SonicWave Audio Ergonomic Vertical Silent Wireless Mouse (RGB) (V2). Designed for superior performance, comfort and style. Sourced with USPS express air shipping (7-10 days).</p>",SonicWave Audio,electronics,electronics,"electronics, electronics, unisex, dropshipping, bestseller",true,Color,Matte Black,Size,Right Hand Ergonomic,SY-SY-PROD-2262,500,shopify,16,deny,manual,40.61,66.95,true,true,https://images.unsplash.com/photo-1546868871-7041f2a55e12?auto=format&fit=crop&w=800&q=80,1,active
luminatech-smart-sleep-eye-mask-with-bluetooth-built-in-speakers-luxe,LuminaTech Smart Sleep Eye Mask with Bluetooth Built-in Speakers (Luxe),"<p>High-demand LuminaTech LuminaTech Smart Sleep Eye Mask with Bluetooth Built-in Speakers (Luxe). Designed for superior performance, comfort and style. Sourced with USPS express air shipping (7-10 days).</p>",LuminaTech,electronics,electronics,"electronics, electronics, unisex, dropshipping, bestseller",true,Color,Night Black,Size,Adjustable Band,SY-SY-PROD-2263,500,shopify,17,deny,manual,44.98,73.72,true,true,https://images.unsplash.com/photo-1600003014755-ba31aa59c4b6?auto=format&fit=crop&w=800&q=80,1,active
sonicwave-audio-active-noise-cancelling-wireless-tws-earbuds-pure,SonicWave Audio Active Noise Cancelling Wireless TWS Earbuds (Pure),"<p>High-demand SonicWave Audio SonicWave Audio Active Noise Cancelling Wireless TWS Earbuds (Pure). Designed for superior performance, comfort and style. Sourced with USPS express air shipping (7-10 days).</p>",SonicWave Audio,electronics,electronics,"electronics, electronics, unisex, dropshipping, bestseller",true,Color,Matte Black,Size,Standard Fit,SY-SY-PROD-2264,500,shopify,18,deny,manual,78.35,125.44,true,true,https://images.unsplash.com/photo-1583394838336-acd977736f90?auto=format&fit=crop&w=800&q=80,1,active
luminatech-ultra-slim-amoled-bluetooth-calling-smartwatch-essential,LuminaTech Ultra-Slim AMOLED Bluetooth Calling Smartwatch (Essential),"<p>High-demand LuminaTech LuminaTech Ultra-Slim AMOLED Bluetooth Calling Smartwatch (Essential). Designed for superior performance, comfort and style. Sourced with USPS express air shipping (7-10 days).</p>",LuminaTech,electronics,electronics,"electronics, electronics, unisex, dropshipping, bestseller",true,Color,Titanium Silver,Size,44mm Dial,SY-SY-PROD-2265,500,shopify,19,deny,manual,89.72,143.07,true,true,https://images.unsplash.com/photo-1527864550417-7fd91fc51a46?auto=format&fit=crop&w=800&q=80,1,active
sonicwave-audio-100w-4-port-gan-fast-travel-wall-charger-pro,SonicWave Audio 100W 4-Port GaN Fast Travel Wall Charger (Pro),"<p>High-demand SonicWave Audio SonicWave Audio 100W 4-Port GaN Fast Travel Wall Charger (Pro). Designed for superior performance, comfort and style. Sourced with USPS express air shipping (7-10 days).</p>",SonicWave Audio,electronics,electronics,"electronics, electronics, unisex, dropshipping, bestseller",true,Color,Graphite Black,Size,Universal US/UK,SY-SY-PROD-2266,500,shopify,5,deny,manual,52.09,84.74,true,true,https://images.unsplash.com/photo-1505740420928-5e560c06d30e?auto=format&fit=crop&w=800&q=80,1,active
luminatech-15w-magsafe-fast-magnetic-wireless-power-bank-10-000mah-elite,"LuminaTech 15W MagSafe Fast Magnetic Wireless Power Bank (10,000mAh) (Elite)","<p>High-demand LuminaTech LuminaTech 15W MagSafe Fast Magnetic Wireless Power Bank (10,000mAh) (Elite). Designed for superior performance, comfort and style. Sourced with USPS express air shipping (7-10 days).</p>",LuminaTech,electronics,electronics,"electronics, electronics, unisex, dropshipping, bestseller",true,Color,Space Gray,Size,Pocket Slim,SY-SY-PROD-2267,500,shopify,6,deny,manual,51.46,83.76,true,true,https://images.unsplash.com/photo-1572569511254-d8f925fe2cbb?auto=format&fit=crop&w=800&q=80,1,active
sonicwave-audio-hi-fi-360-waterproof-bluetooth-outdoor-speaker-classic,SonicWave Audio Hi-Fi 360° Waterproof Bluetooth Outdoor Speaker (Classic),"<p>High-demand SonicWave Audio SonicWave Audio Hi-Fi 360° Waterproof Bluetooth Outdoor Speaker (Classic). Designed for superior performance, comfort and style. Sourced with USPS express air shipping (7-10 days).</p>",SonicWave Audio,electronics,electronics,"electronics, electronics, unisex, dropshipping, bestseller",true,Color,Rugged Camo,Size,Standard,SY-SY-PROD-2268,500,shopify,7,deny,manual,49.83,81.24,true,true,https://images.unsplash.com/photo-1546868871-7041f2a55e12?auto=format&fit=crop&w=800&q=80,1,active
luminatech-ergonomic-vertical-silent-wireless-mouse-rgb-series-2,LuminaTech Ergonomic Vertical Silent Wireless Mouse (RGB) (Series 2),"<p>High-demand LuminaTech LuminaTech Ergonomic Vertical Silent Wireless Mouse (RGB) (Series 2). Designed for superior performance, comfort and style. Sourced with USPS express air shipping (7-10 days).</p>",LuminaTech,electronics,electronics,"electronics, electronics, unisex, dropshipping, bestseller",true,Color,Matte Black,Size,Right Hand Ergonomic,SY-SY-PROD-2269,500,shopify,8,deny,manual,30.20,50.81,true,true,https://images.unsplash.com/photo-1600003014755-ba31aa59c4b6?auto=format&fit=crop&w=800&q=80,1,active
sonicwave-audio-smart-sleep-eye-mask-with-bluetooth-built-in-speakers-air,SonicWave Audio Smart Sleep Eye Mask with Bluetooth Built-in Speakers (Air),"<p>High-demand SonicWave Audio SonicWave Audio Smart Sleep Eye Mask with Bluetooth Built-in Speakers (Air). Designed for superior performance, comfort and style. Sourced with USPS express air shipping (7-10 days).</p>",SonicWave Audio,electronics,electronics,"electronics, electronics, unisex, dropshipping, bestseller",true,Color,Night Black,Size,Adjustable Band,SY-SY-PROD-2270,500,shopify,9,deny,manual,33.57,56.03,true,true,https://images.unsplash.com/photo-1583394838336-acd977736f90?auto=format&fit=crop&w=800&q=80,1,active
luminatech-active-noise-cancelling-wireless-tws-earbuds-signature,LuminaTech Active Noise Cancelling Wireless TWS Earbuds (Signature),"<p>High-demand LuminaTech LuminaTech Active Noise Cancelling Wireless TWS Earbuds (Signature). Designed for superior performance, comfort and style. Sourced with USPS express air shipping (7-10 days).</p>",LuminaTech,electronics,electronics,"electronics, electronics, unisex, dropshipping, bestseller",true,Color,Matte Black,Size,Standard Fit,SY-SY-PROD-2271,500,shopify,10,deny,manual,47.94,78.31,true,true,https://images.unsplash.com/photo-1527864550417-7fd91fc51a46?auto=format&fit=crop&w=800&q=80,1,active
sonicwave-audio-ultra-slim-amoled-bluetooth-calling-smartwatch-v2,SonicWave Audio Ultra-Slim AMOLED Bluetooth Calling Smartwatch (V2),"<p>High-demand SonicWave Audio SonicWave Audio Ultra-Slim AMOLED Bluetooth Calling Smartwatch (V2). Designed for superior performance, comfort and style. Sourced with USPS express air shipping (7-10 days).</p>",SonicWave Audio,electronics,electronics,"electronics, electronics, unisex, dropshipping, bestseller",true,Color,Titanium Silver,Size,44mm Dial,SY-SY-PROD-2272,500,shopify,11,deny,manual,99.31,157.93,true,true,https://images.unsplash.com/photo-1505740420928-5e560c06d30e?auto=format&fit=crop&w=800&q=80,1,active
luminatech-100w-4-port-gan-fast-travel-wall-charger-luxe,LuminaTech 100W 4-Port GaN Fast Travel Wall Charger (Luxe),"<p>High-demand LuminaTech LuminaTech 100W 4-Port GaN Fast Travel Wall Charger (Luxe). Designed for superior performance, comfort and style. Sourced with USPS express air shipping (7-10 days).</p>",LuminaTech,electronics,electronics,"electronics, electronics, unisex, dropshipping, bestseller",true,Color,Graphite Black,Size,Universal US/UK,SY-SY-PROD-2273,500,shopify,12,deny,manual,39.68,65.50,true,true,https://images.unsplash.com/photo-1572569511254-d8f925fe2cbb?auto=format&fit=crop&w=800&q=80,1,active
sonicwave-audio-15w-magsafe-fast-magnetic-wireless-power-bank-10-000mah-pure,"SonicWave Audio 15W MagSafe Fast Magnetic Wireless Power Bank (10,000mAh) (Pure)","<p>High-demand SonicWave Audio SonicWave Audio 15W MagSafe Fast Magnetic Wireless Power Bank (10,000mAh) (Pure). Designed for superior performance, comfort and style. Sourced with USPS express air shipping (7-10 days).</p>",SonicWave Audio,electronics,electronics,"electronics, electronics, unisex, dropshipping, bestseller",true,Color,Space Gray,Size,Pocket Slim,SY-SY-PROD-2274,500,shopify,13,deny,manual,61.05,98.63,true,true,https://images.unsplash.com/photo-1546868871-7041f2a55e12?auto=format&fit=crop&w=800&q=80,1,active
luminatech-hi-fi-360-waterproof-bluetooth-outdoor-speaker-essential,LuminaTech Hi-Fi 360° Waterproof Bluetooth Outdoor Speaker (Essential),"<p>High-demand LuminaTech LuminaTech Hi-Fi 360° Waterproof Bluetooth Outdoor Speaker (Essential). Designed for superior performance, comfort and style. Sourced with USPS express air shipping (7-10 days).</p>",LuminaTech,electronics,electronics,"electronics, electronics, unisex, dropshipping, bestseller",true,Color,Rugged Camo,Size,Standard,SY-SY-PROD-2275,500,shopify,14,deny,manual,59.42,96.10,true,true,https://images.unsplash.com/photo-1600003014755-ba31aa59c4b6?auto=format&fit=crop&w=800&q=80,1,active
sonicwave-audio-ergonomic-vertical-silent-wireless-mouse-rgb-pro,SonicWave Audio Ergonomic Vertical Silent Wireless Mouse (RGB) (Pro),"<p>High-demand SonicWave Audio SonicWave Audio Ergonomic Vertical Silent Wireless Mouse (RGB) (Pro). Designed for superior performance, comfort and style. Sourced with USPS express air shipping (7-10 days).</p>",SonicWave Audio,electronics,electronics,"electronics, electronics, unisex, dropshipping, bestseller",true,Color,Matte Black,Size,Right Hand Ergonomic,SY-SY-PROD-2276,500,shopify,15,deny,manual,39.79,65.67,true,true,https://images.unsplash.com/photo-1583394838336-acd977736f90?auto=format&fit=crop&w=800&q=80,1,active
luminatech-smart-sleep-eye-mask-with-bluetooth-built-in-speakers-elite,LuminaTech Smart Sleep Eye Mask with Bluetooth Built-in Speakers (Elite),"<p>High-demand LuminaTech LuminaTech Smart Sleep Eye Mask with Bluetooth Built-in Speakers (Elite). Designed for superior performance, comfort and style. Sourced with USPS express air shipping (7-10 days).</p>",LuminaTech,electronics,electronics,"electronics, electronics, unisex, dropshipping, bestseller",true,Color,Night Black,Size,Adjustable Band,SY-SY-PROD-2277,500,shopify,16,deny,manual,43.16,70.90,true,true,https://images.unsplash.com/photo-1527864550417-7fd91fc51a46?auto=format&fit=crop&w=800&q=80,1,active
sonicwave-audio-active-noise-cancelling-wireless-tws-earbuds-classic,SonicWave Audio Active Noise Cancelling Wireless TWS Earbuds (Classic),"<p>High-demand SonicWave Audio SonicWave Audio Active Noise Cancelling Wireless TWS Earbuds (Classic). Designed for superior performance, comfort and style. Sourced with USPS express air shipping (7-10 days).</p>",SonicWave Audio,electronics,electronics,"electronics, electronics, unisex, dropshipping, bestseller",true,Color,Matte Black,Size,Standard Fit,SY-SY-PROD-2278,500,shopify,17,deny,manual,57.53,93.17,true,true,https://images.unsplash.com/photo-1505740420928-5e560c06d30e?auto=format&fit=crop&w=800&q=80,1,active
luminatech-ultra-slim-amoled-bluetooth-calling-smartwatch-series-2,LuminaTech Ultra-Slim AMOLED Bluetooth Calling Smartwatch (Series 2),"<p>High-demand LuminaTech LuminaTech Ultra-Slim AMOLED Bluetooth Calling Smartwatch (Series 2). Designed for superior performance, comfort and style. Sourced with USPS express air shipping (7-10 days).</p>",LuminaTech,electronics,electronics,"electronics, electronics, unisex, dropshipping, bestseller",true,Color,Titanium Silver,Size,44mm Dial,SY-SY-PROD-2279,500,shopify,18,deny,manual,58.90,95.30,true,true,https://images.unsplash.com/photo-1572569511254-d8f925fe2cbb?auto=format&fit=crop&w=800&q=80,1,active
sonicwave-audio-100w-4-port-gan-fast-travel-wall-charger-air,SonicWave Audio 100W 4-Port GaN Fast Travel Wall Charger (Air),"<p>High-demand SonicWave Audio SonicWave Audio 100W 4-Port GaN Fast Travel Wall Charger (Air). Designed for superior performance, comfort and style. Sourced with USPS express air shipping (7-10 days).</p>",SonicWave Audio,electronics,electronics,"electronics, electronics, unisex, dropshipping, bestseller",true,Color,Graphite Black,Size,Universal US/UK,SY-SY-PROD-2280,500,shopify,19,deny,manual,49.27,80.37,true,true,https://images.unsplash.com/photo-1546868871-7041f2a55e12?auto=format&fit=crop&w=800&q=80,1,active
luminatech-15w-magsafe-fast-magnetic-wireless-power-bank-10-000mah-signature,"LuminaTech 15W MagSafe Fast Magnetic Wireless Power Bank (10,000mAh) (Signature)","<p>High-demand LuminaTech LuminaTech 15W MagSafe Fast Magnetic Wireless Power Bank (10,000mAh) (Signature). Designed for superior performance, comfort and style. Sourced with USPS express air shipping (7-10 days).</p>",LuminaTech,electronics,electronics,"electronics, electronics, unisex, dropshipping, bestseller",true,Color,Space Gray,Size,Pocket Slim,SY-SY-PROD-2281,500,shopify,5,deny,manual,42.64,70.09,true,true,https://images.unsplash.com/photo-1600003014755-ba31aa59c4b6?auto=format&fit=crop&w=800&q=80,1,active
sonicwave-audio-hi-fi-360-waterproof-bluetooth-outdoor-speaker-v2,SonicWave Audio Hi-Fi 360° Waterproof Bluetooth Outdoor Speaker (V2),"<p>High-demand SonicWave Audio SonicWave Audio Hi-Fi 360° Waterproof Bluetooth Outdoor Speaker (V2). Designed for superior performance, comfort and style. Sourced with USPS express air shipping (7-10 days).</p>",SonicWave Audio,electronics,electronics,"electronics, electronics, unisex, dropshipping, bestseller",true,Color,Rugged Camo,Size,Standard,SY-SY-PROD-2282,500,shopify,6,deny,manual,69.01,110.97,true,true,https://images.unsplash.com/photo-1583394838336-acd977736f90?auto=format&fit=crop&w=800&q=80,1,active
luminatech-ergonomic-vertical-silent-wireless-mouse-rgb-luxe,LuminaTech Ergonomic Vertical Silent Wireless Mouse (RGB) (Luxe),"<p>High-demand LuminaTech LuminaTech Ergonomic Vertical Silent Wireless Mouse (RGB) (Luxe). Designed for superior performance, comfort and style. Sourced with USPS express air shipping (7-10 days).</p>",LuminaTech,electronics,electronics,"electronics, electronics, unisex, dropshipping, bestseller",true,Color,Matte Black,Size,Right Hand Ergonomic,SY-SY-PROD-2283,500,shopify,7,deny,manual,29.38,49.54,true,true,https://images.unsplash.com/photo-1527864550417-7fd91fc51a46?auto=format&fit=crop&w=800&q=80,1,active
sonicwave-audio-smart-sleep-eye-mask-with-bluetooth-built-in-speakers-pure,SonicWave Audio Smart Sleep Eye Mask with Bluetooth Built-in Speakers (Pure),"<p>High-demand SonicWave Audio SonicWave Audio Smart Sleep Eye Mask with Bluetooth Built-in Speakers (Pure). Designed for superior performance, comfort and style. Sourced with USPS express air shipping (7-10 days).</p>",SonicWave Audio,electronics,electronics,"electronics, electronics, unisex, dropshipping, bestseller",true,Color,Night Black,Size,Adjustable Band,SY-SY-PROD-2284,500,shopify,8,deny,manual,31.75,53.21,true,true,https://images.unsplash.com/photo-1505740420928-5e560c06d30e?auto=format&fit=crop&w=800&q=80,1,active
luminatech-active-noise-cancelling-wireless-tws-earbuds-essential,LuminaTech Active Noise Cancelling Wireless TWS Earbuds (Essential),"<p>High-demand LuminaTech LuminaTech Active Noise Cancelling Wireless TWS Earbuds (Essential). Designed for superior performance, comfort and style. Sourced with USPS express air shipping (7-10 days).</p>",LuminaTech,electronics,electronics,"electronics, electronics, unisex, dropshipping, bestseller",true,Color,Matte Black,Size,Standard Fit,SY-SY-PROD-2285,500,shopify,9,deny,manual,67.12,108.04,true,true,https://images.unsplash.com/photo-1572569511254-d8f925fe2cbb?auto=format&fit=crop&w=800&q=80,1,active
sonicwave-audio-ultra-slim-amoled-bluetooth-calling-smartwatch-pro,SonicWave Audio Ultra-Slim AMOLED Bluetooth Calling Smartwatch (Pro),"<p>High-demand SonicWave Audio SonicWave Audio Ultra-Slim AMOLED Bluetooth Calling Smartwatch (Pro). Designed for superior performance, comfort and style. Sourced with USPS express air shipping (7-10 days).</p>",SonicWave Audio,electronics,electronics,"electronics, electronics, unisex, dropshipping, bestseller",true,Color,Titanium Silver,Size,44mm Dial,SY-SY-PROD-2286,500,shopify,10,deny,manual,68.49,110.16,true,true,https://images.unsplash.com/photo-1546868871-7041f2a55e12?auto=format&fit=crop&w=800&q=80,1,active
luminatech-100w-4-port-gan-fast-travel-wall-charger-elite,LuminaTech 100W 4-Port GaN Fast Travel Wall Charger (Elite),"<p>High-demand LuminaTech LuminaTech 100W 4-Port GaN Fast Travel Wall Charger (Elite). Designed for superior performance, comfort and style. Sourced with USPS express air shipping (7-10 days).</p>",LuminaTech,electronics,electronics,"electronics, electronics, unisex, dropshipping, bestseller",true,Color,Graphite Black,Size,Universal US/UK,SY-SY-PROD-2287,500,shopify,11,deny,manual,36.86,61.13,true,true,https://images.unsplash.com/photo-1600003014755-ba31aa59c4b6?auto=format&fit=crop&w=800&q=80,1,active
sonicwave-audio-15w-magsafe-fast-magnetic-wireless-power-bank-10-000mah-classic,"SonicWave Audio 15W MagSafe Fast Magnetic Wireless Power Bank (10,000mAh) (Classic)","<p>High-demand SonicWave Audio SonicWave Audio 15W MagSafe Fast Magnetic Wireless Power Bank (10,000mAh) (Classic). Designed for superior performance, comfort and style. Sourced with USPS express air shipping (7-10 days).</p>",SonicWave Audio,electronics,electronics,"electronics, electronics, unisex, dropshipping, bestseller",true,Color,Space Gray,Size,Pocket Slim,SY-SY-PROD-2288,500,shopify,12,deny,manual,52.23,84.96,true,true,https://images.unsplash.com/photo-1583394838336-acd977736f90?auto=format&fit=crop&w=800&q=80,1,active
luminatech-hi-fi-360-waterproof-bluetooth-outdoor-speaker-series-2,LuminaTech Hi-Fi 360° Waterproof Bluetooth Outdoor Speaker (Series 2),"<p>High-demand LuminaTech LuminaTech Hi-Fi 360° Waterproof Bluetooth Outdoor Speaker (Series 2). Designed for superior performance, comfort and style. Sourced with USPS express air shipping (7-10 days).</p>",LuminaTech,electronics,electronics,"electronics, electronics, unisex, dropshipping, bestseller",true,Color,Rugged Camo,Size,Standard,SY-SY-PROD-2289,500,shopify,13,deny,manual,78.60,125.83,true,true,https://images.unsplash.com/photo-1527864550417-7fd91fc51a46?auto=format&fit=crop&w=800&q=80,1,active
sonicwave-audio-ergonomic-vertical-silent-wireless-mouse-rgb-air,SonicWave Audio Ergonomic Vertical Silent Wireless Mouse (RGB) (Air),"<p>High-demand SonicWave Audio SonicWave Audio Ergonomic Vertical Silent Wireless Mouse (RGB) (Air). Designed for superior performance, comfort and style. Sourced with USPS express air shipping (7-10 days).</p>",SonicWave Audio,electronics,electronics,"electronics, electronics, unisex, dropshipping, bestseller",true,Color,Matte Black,Size,Right Hand Ergonomic,SY-SY-PROD-2290,500,shopify,14,deny,manual,38.97,64.40,true,true,https://images.unsplash.com/photo-1505740420928-5e560c06d30e?auto=format&fit=crop&w=800&q=80,1,active
luminatech-smart-sleep-eye-mask-with-bluetooth-built-in-speakers-signature,LuminaTech Smart Sleep Eye Mask with Bluetooth Built-in Speakers (Signature),"<p>High-demand LuminaTech LuminaTech Smart Sleep Eye Mask with Bluetooth Built-in Speakers (Signature). Designed for superior performance, comfort and style. Sourced with USPS express air shipping (7-10 days).</p>",LuminaTech,electronics,electronics,"electronics, electronics, unisex, dropshipping, bestseller",true,Color,Night Black,Size,Adjustable Band,SY-SY-PROD-2291,500,shopify,15,deny,manual,41.34,68.08,true,true,https://images.unsplash.com/photo-1572569511254-d8f925fe2cbb?auto=format&fit=crop&w=800&q=80,1,active
sonicwave-audio-active-noise-cancelling-wireless-tws-earbuds-v2,SonicWave Audio Active Noise Cancelling Wireless TWS Earbuds (V2),"<p>High-demand SonicWave Audio SonicWave Audio Active Noise Cancelling Wireless TWS Earbuds (V2). Designed for superior performance, comfort and style. Sourced with USPS express air shipping (7-10 days).</p>",SonicWave Audio,electronics,electronics,"electronics, electronics, unisex, dropshipping, bestseller",true,Color,Matte Black,Size,Standard Fit,SY-SY-PROD-2292,500,shopify,16,deny,manual,76.71,122.90,true,true,https://images.unsplash.com/photo-1546868871-7041f2a55e12?auto=format&fit=crop&w=800&q=80,1,active
luminatech-ultra-slim-amoled-bluetooth-calling-smartwatch-luxe,LuminaTech Ultra-Slim AMOLED Bluetooth Calling Smartwatch (Luxe),"<p>High-demand LuminaTech LuminaTech Ultra-Slim AMOLED Bluetooth Calling Smartwatch (Luxe). Designed for superior performance, comfort and style. Sourced with USPS express air shipping (7-10 days).</p>",LuminaTech,electronics,electronics,"electronics, electronics, unisex, dropshipping, bestseller",true,Color,Titanium Silver,Size,44mm Dial,SY-SY-PROD-2293,500,shopify,17,deny,manual,78.08,125.02,true,true,https://images.unsplash.com/photo-1600003014755-ba31aa59c4b6?auto=format&fit=crop&w=800&q=80,1,active
sonicwave-audio-100w-4-port-gan-fast-travel-wall-charger-pure,SonicWave Audio 100W 4-Port GaN Fast Travel Wall Charger (Pure),"<p>High-demand SonicWave Audio SonicWave Audio 100W 4-Port GaN Fast Travel Wall Charger (Pure). Designed for superior performance, comfort and style. Sourced with USPS express air shipping (7-10 days).</p>",SonicWave Audio,electronics,electronics,"electronics, electronics, unisex, dropshipping, bestseller",true,Color,Graphite Black,Size,Universal US/UK,SY-SY-PROD-2294,500,shopify,18,deny,manual,46.45,76.00,true,true,https://images.unsplash.com/photo-1583394838336-acd977736f90?auto=format&fit=crop&w=800&q=80,1,active
luminatech-15w-magsafe-fast-magnetic-wireless-power-bank-10-000mah-essential,"LuminaTech 15W MagSafe Fast Magnetic Wireless Power Bank (10,000mAh) (Essential)","<p>High-demand LuminaTech LuminaTech 15W MagSafe Fast Magnetic Wireless Power Bank (10,000mAh) (Essential). Designed for superior performance, comfort and style. Sourced with USPS express air shipping (7-10 days).</p>",LuminaTech,electronics,electronics,"electronics, electronics, unisex, dropshipping, bestseller",true,Color,Space Gray,Size,Pocket Slim,SY-SY-PROD-2295,500,shopify,19,deny,manual,61.82,99.82,true,true,https://images.unsplash.com/photo-1527864550417-7fd91fc51a46?auto=format&fit=crop&w=800&q=80,1,active
sonicwave-audio-hi-fi-360-waterproof-bluetooth-outdoor-speaker-pro,SonicWave Audio Hi-Fi 360° Waterproof Bluetooth Outdoor Speaker (Pro),"<p>High-demand SonicWave Audio SonicWave Audio Hi-Fi 360° Waterproof Bluetooth Outdoor Speaker (Pro). Designed for superior performance, comfort and style. Sourced with USPS express air shipping (7-10 days).</p>",SonicWave Audio,electronics,electronics,"electronics, electronics, unisex, dropshipping, bestseller",true,Color,Rugged Camo,Size,Standard,SY-SY-PROD-2296,500,shopify,5,deny,manual,51.19,83.34,true,true,https://images.unsplash.com/photo-1505740420928-5e560c06d30e?auto=format&fit=crop&w=800&q=80,1,active
luminatech-ergonomic-vertical-silent-wireless-mouse-rgb-elite,LuminaTech Ergonomic Vertical Silent Wireless Mouse (RGB) (Elite),"<p>High-demand LuminaTech LuminaTech Ergonomic Vertical Silent Wireless Mouse (RGB) (Elite). Designed for superior performance, comfort and style. Sourced with USPS express air shipping (7-10 days).</p>",LuminaTech,electronics,electronics,"electronics, electronics, unisex, dropshipping, bestseller",true,Color,Matte Black,Size,Right Hand Ergonomic,SY-SY-PROD-2297,500,shopify,6,deny,manual,28.56,48.27,true,true,https://images.unsplash.com/photo-1572569511254-d8f925fe2cbb?auto=format&fit=crop&w=800&q=80,1,active
sonicwave-audio-smart-sleep-eye-mask-with-bluetooth-built-in-speakers-classic,SonicWave Audio Smart Sleep Eye Mask with Bluetooth Built-in Speakers (Classic),"<p>High-demand SonicWave Audio SonicWave Audio Smart Sleep Eye Mask with Bluetooth Built-in Speakers (Classic). Designed for superior performance, comfort and style. Sourced with USPS express air shipping (7-10 days).</p>",SonicWave Audio,electronics,electronics,"electronics, electronics, unisex, dropshipping, bestseller",true,Color,Night Black,Size,Adjustable Band,SY-SY-PROD-2298,500,shopify,7,deny,manual,29.93,50.39,true,true,https://images.unsplash.com/photo-1546868871-7041f2a55e12?auto=format&fit=crop&w=800&q=80,1,active
luminatech-active-noise-cancelling-wireless-tws-earbuds-series-2,LuminaTech Active Noise Cancelling Wireless TWS Earbuds (Series 2),"<p>High-demand LuminaTech LuminaTech Active Noise Cancelling Wireless TWS Earbuds (Series 2). Designed for superior performance, comfort and style. Sourced with USPS express air shipping (7-10 days).</p>",LuminaTech,electronics,electronics,"electronics, electronics, unisex, dropshipping, bestseller",true,Color,Matte Black,Size,Standard Fit,SY-SY-PROD-2299,500,shopify,8,deny,manual,46.30,75.77,true,true,https://images.unsplash.com/photo-1600003014755-ba31aa59c4b6?auto=format&fit=crop&w=800&q=80,1,active
sonicwave-audio-ultra-slim-amoled-bluetooth-calling-smartwatch-air,SonicWave Audio Ultra-Slim AMOLED Bluetooth Calling Smartwatch (Air),"<p>High-demand SonicWave Audio SonicWave Audio Ultra-Slim AMOLED Bluetooth Calling Smartwatch (Air). Designed for superior performance, comfort and style. Sourced with USPS express air shipping (7-10 days).</p>",SonicWave Audio,electronics,electronics,"electronics, electronics, unisex, dropshipping, bestseller",true,Color,Titanium Silver,Size,44mm Dial,SY-SY-PROD-2300,500,shopify,9,deny,manual,87.67,139.89,true,true,https://images.unsplash.com/photo-1583394838336-acd977736f90?auto=format&fit=crop&w=800&q=80,1,active
luminatech-100w-4-port-gan-fast-travel-wall-charger-signature,LuminaTech 100W 4-Port GaN Fast Travel Wall Charger (Signature),"<p>High-demand LuminaTech LuminaTech 100W 4-Port GaN Fast Travel Wall Charger (Signature). Designed for superior performance, comfort and style. Sourced with USPS express air shipping (7-10 days).</p>",LuminaTech,electronics,electronics,"electronics, electronics, unisex, dropshipping, bestseller",true,Color,Graphite Black,Size,Universal US/UK,SY-SY-PROD-2301,500,shopify,10,deny,manual,34.04,56.76,true,true,https://images.unsplash.com/photo-1527864550417-7fd91fc51a46?auto=format&fit=crop&w=800&q=80,1,active
sonicwave-audio-15w-magsafe-fast-magnetic-wireless-power-bank-10-000mah-v2,"SonicWave Audio 15W MagSafe Fast Magnetic Wireless Power Bank (10,000mAh) (V2)","<p>High-demand SonicWave Audio SonicWave Audio 15W MagSafe Fast Magnetic Wireless Power Bank (10,000mAh) (V2). Designed for superior performance, comfort and style. Sourced with USPS express air shipping (7-10 days).</p>",SonicWave Audio,electronics,electronics,"electronics, electronics, unisex, dropshipping, bestseller",true,Color,Space Gray,Size,Pocket Slim,SY-SY-PROD-2302,500,shopify,11,deny,manual,43.41,71.29,true,true,https://images.unsplash.com/photo-1505740420928-5e560c06d30e?auto=format&fit=crop&w=800&q=80,1,active
luminatech-hi-fi-360-waterproof-bluetooth-outdoor-speaker-luxe,LuminaTech Hi-Fi 360° Waterproof Bluetooth Outdoor Speaker (Luxe),"<p>High-demand LuminaTech LuminaTech Hi-Fi 360° Waterproof Bluetooth Outdoor Speaker (Luxe). Designed for superior performance, comfort and style. Sourced with USPS express air shipping (7-10 days).</p>",LuminaTech,electronics,electronics,"electronics, electronics, unisex, dropshipping, bestseller",true,Color,Rugged Camo,Size,Standard,SY-SY-PROD-2303,500,shopify,12,deny,manual,60.78,98.21,true,true,https://images.unsplash.com/photo-1572569511254-d8f925fe2cbb?auto=format&fit=crop&w=800&q=80,1,active
sonicwave-audio-ergonomic-vertical-silent-wireless-mouse-rgb-pure,SonicWave Audio Ergonomic Vertical Silent Wireless Mouse (RGB) (Pure),"<p>High-demand SonicWave Audio SonicWave Audio Ergonomic Vertical Silent Wireless Mouse (RGB) (Pure). Designed for superior performance, comfort and style. Sourced with USPS express air shipping (7-10 days).</p>",SonicWave Audio,electronics,electronics,"electronics, electronics, unisex, dropshipping, bestseller",true,Color,Matte Black,Size,Right Hand Ergonomic,SY-SY-PROD-2304,500,shopify,13,deny,manual,38.15,63.13,true,true,https://images.unsplash.com/photo-1546868871-7041f2a55e12?auto=format&fit=crop&w=800&q=80,1,active
luminatech-smart-sleep-eye-mask-with-bluetooth-built-in-speakers-essential,LuminaTech Smart Sleep Eye Mask with Bluetooth Built-in Speakers (Essential),"<p>High-demand LuminaTech LuminaTech Smart Sleep Eye Mask with Bluetooth Built-in Speakers (Essential). Designed for superior performance, comfort and style. Sourced with USPS express air shipping (7-10 days).</p>",LuminaTech,electronics,electronics,"electronics, electronics, unisex, dropshipping, bestseller",true,Color,Night Black,Size,Adjustable Band,SY-SY-PROD-2305,500,shopify,14,deny,manual,39.52,65.26,true,true,https://images.unsplash.com/photo-1600003014755-ba31aa59c4b6?auto=format&fit=crop&w=800&q=80,1,active
sonicwave-audio-active-noise-cancelling-wireless-tws-earbuds-pro,SonicWave Audio Active Noise Cancelling Wireless TWS Earbuds (Pro),"<p>High-demand SonicWave Audio SonicWave Audio Active Noise Cancelling Wireless TWS Earbuds (Pro). Designed for superior performance, comfort and style. Sourced with USPS express air shipping (7-10 days).</p>",SonicWave Audio,electronics,electronics,"electronics, electronics, unisex, dropshipping, bestseller",true,Color,Matte Black,Size,Standard Fit,SY-SY-PROD-2306,500,shopify,15,deny,manual,55.89,90.63,true,true,https://images.unsplash.com/photo-1583394838336-acd977736f90?auto=format&fit=crop&w=800&q=80,1,active
luminatech-ultra-slim-amoled-bluetooth-calling-smartwatch-elite,LuminaTech Ultra-Slim AMOLED Bluetooth Calling Smartwatch (Elite),"<p>High-demand LuminaTech LuminaTech Ultra-Slim AMOLED Bluetooth Calling Smartwatch (Elite). Designed for superior performance, comfort and style. Sourced with USPS express air shipping (7-10 days).</p>",LuminaTech,electronics,electronics,"electronics, electronics, unisex, dropshipping, bestseller",true,Color,Titanium Silver,Size,44mm Dial,SY-SY-PROD-2307,500,shopify,16,deny,manual,97.26,154.75,true,true,https://images.unsplash.com/photo-1527864550417-7fd91fc51a46?auto=format&fit=crop&w=800&q=80,1,active
sonicwave-audio-100w-4-port-gan-fast-travel-wall-charger-classic,SonicWave Audio 100W 4-Port GaN Fast Travel Wall Charger (Classic),"<p>High-demand SonicWave Audio SonicWave Audio 100W 4-Port GaN Fast Travel Wall Charger (Classic). Designed for superior performance, comfort and style. Sourced with USPS express air shipping (7-10 days).</p>",SonicWave Audio,electronics,electronics,"electronics, electronics, unisex, dropshipping, bestseller",true,Color,Graphite Black,Size,Universal US/UK,SY-SY-PROD-2308,500,shopify,17,deny,manual,43.63,71.63,true,true,https://images.unsplash.com/photo-1505740420928-5e560c06d30e?auto=format&fit=crop&w=800&q=80,1,active
luminatech-15w-magsafe-fast-magnetic-wireless-power-bank-10-000mah-series-2,"LuminaTech 15W MagSafe Fast Magnetic Wireless Power Bank (10,000mAh) (Series 2)","<p>High-demand LuminaTech LuminaTech 15W MagSafe Fast Magnetic Wireless Power Bank (10,000mAh) (Series 2). Designed for superior performance, comfort and style. Sourced with USPS express air shipping (7-10 days).</p>",LuminaTech,electronics,electronics,"electronics, electronics, unisex, dropshipping, bestseller",true,Color,Space Gray,Size,Pocket Slim,SY-SY-PROD-2309,500,shopify,18,deny,manual,53.00,86.15,true,true,https://images.unsplash.com/photo-1572569511254-d8f925fe2cbb?auto=format&fit=crop&w=800&q=80,1,active
sonicwave-audio-hi-fi-360-waterproof-bluetooth-outdoor-speaker-air,SonicWave Audio Hi-Fi 360° Waterproof Bluetooth Outdoor Speaker (Air),"<p>High-demand SonicWave Audio SonicWave Audio Hi-Fi 360° Waterproof Bluetooth Outdoor Speaker (Air). Designed for superior performance, comfort and style. Sourced with USPS express air shipping (7-10 days).</p>",SonicWave Audio,electronics,electronics,"electronics, electronics, unisex, dropshipping, bestseller",true,Color,Rugged Camo,Size,Standard,SY-SY-PROD-2310,500,shopify,19,deny,manual,70.37,113.07,true,true,https://images.unsplash.com/photo-1546868871-7041f2a55e12?auto=format&fit=crop&w=800&q=80,1,active
luminatech-ergonomic-vertical-silent-wireless-mouse-rgb-signature,LuminaTech Ergonomic Vertical Silent Wireless Mouse (RGB) (Signature),"<p>High-demand LuminaTech LuminaTech Ergonomic Vertical Silent Wireless Mouse (RGB) (Signature). Designed for superior performance, comfort and style. Sourced with USPS express air shipping (7-10 days).</p>",LuminaTech,electronics,electronics,"electronics, electronics, unisex, dropshipping, bestseller",true,Color,Matte Black,Size,Right Hand Ergonomic,SY-SY-PROD-2311,500,shopify,5,deny,manual,27.74,47.00,true,true,https://images.unsplash.com/photo-1600003014755-ba31aa59c4b6?auto=format&fit=crop&w=800&q=80,1,active
sonicwave-audio-smart-sleep-eye-mask-with-bluetooth-built-in-speakers-v2,SonicWave Audio Smart Sleep Eye Mask with Bluetooth Built-in Speakers (V2),"<p>High-demand SonicWave Audio SonicWave Audio Smart Sleep Eye Mask with Bluetooth Built-in Speakers (V2). Designed for superior performance, comfort and style. Sourced with USPS express air shipping (7-10 days).</p>",SonicWave Audio,electronics,electronics,"electronics, electronics, unisex, dropshipping, bestseller",true,Color,Night Black,Size,Adjustable Band,SY-SY-PROD-2312,500,shopify,6,deny,manual,49.11,80.12,true,true,https://images.unsplash.com/photo-1583394838336-acd977736f90?auto=format&fit=crop&w=800&q=80,1,active
luminatech-active-noise-cancelling-wireless-tws-earbuds-luxe,LuminaTech Active Noise Cancelling Wireless TWS Earbuds (Luxe),"<p>High-demand LuminaTech LuminaTech Active Noise Cancelling Wireless TWS Earbuds (Luxe). Designed for superior performance, comfort and style. Sourced with USPS express air shipping (7-10 days).</p>",LuminaTech,electronics,electronics,"electronics, electronics, unisex, dropshipping, bestseller",true,Color,Matte Black,Size,Standard Fit,SY-SY-PROD-2313,500,shopify,7,deny,manual,65.48,105.49,true,true,https://images.unsplash.com/photo-1527864550417-7fd91fc51a46?auto=format&fit=crop&w=800&q=80,1,active
sonicwave-audio-ultra-slim-amoled-bluetooth-calling-smartwatch-pure,SonicWave Audio Ultra-Slim AMOLED Bluetooth Calling Smartwatch (Pure),"<p>High-demand SonicWave Audio SonicWave Audio Ultra-Slim AMOLED Bluetooth Calling Smartwatch (Pure). Designed for superior performance, comfort and style. Sourced with USPS express air shipping (7-10 days).</p>",SonicWave Audio,electronics,electronics,"electronics, electronics, unisex, dropshipping, bestseller",true,Color,Titanium Silver,Size,44mm Dial,SY-SY-PROD-2314,500,shopify,8,deny,manual,56.85,92.12,true,true,https://images.unsplash.com/photo-1505740420928-5e560c06d30e?auto=format&fit=crop&w=800&q=80,1,active
luminatech-100w-4-port-gan-fast-travel-wall-charger-essential,LuminaTech 100W 4-Port GaN Fast Travel Wall Charger (Essential),"<p>High-demand LuminaTech LuminaTech 100W 4-Port GaN Fast Travel Wall Charger (Essential). Designed for superior performance, comfort and style. Sourced with USPS express air shipping (7-10 days).</p>",LuminaTech,electronics,electronics,"electronics, electronics, unisex, dropshipping, bestseller",true,Color,Graphite Black,Size,Universal US/UK,SY-SY-PROD-2315,500,shopify,9,deny,manual,53.22,86.49,true,true,https://images.unsplash.com/photo-1572569511254-d8f925fe2cbb?auto=format&fit=crop&w=800&q=80,1,active
sonicwave-audio-15w-magsafe-fast-magnetic-wireless-power-bank-10-000mah-pro,"SonicWave Audio 15W MagSafe Fast Magnetic Wireless Power Bank (10,000mAh) (Pro)","<p>High-demand SonicWave Audio SonicWave Audio 15W MagSafe Fast Magnetic Wireless Power Bank (10,000mAh) (Pro). Designed for superior performance, comfort and style. Sourced with USPS express air shipping (7-10 days).</p>",SonicWave Audio,electronics,electronics,"electronics, electronics, unisex, dropshipping, bestseller",true,Color,Space Gray,Size,Pocket Slim,SY-SY-PROD-2316,500,shopify,10,deny,manual,62.59,101.01,true,true,https://images.unsplash.com/photo-1546868871-7041f2a55e12?auto=format&fit=crop&w=800&q=80,1,active
luminatech-hi-fi-360-waterproof-bluetooth-outdoor-speaker-elite,LuminaTech Hi-Fi 360° Waterproof Bluetooth Outdoor Speaker (Elite),"<p>High-demand LuminaTech LuminaTech Hi-Fi 360° Waterproof Bluetooth Outdoor Speaker (Elite). Designed for superior performance, comfort and style. Sourced with USPS express air shipping (7-10 days).</p>",LuminaTech,electronics,electronics,"electronics, electronics, unisex, dropshipping, bestseller",true,Color,Rugged Camo,Size,Standard,SY-SY-PROD-2317,500,shopify,11,deny,manual,79.96,127.94,true,true,https://images.unsplash.com/photo-1600003014755-ba31aa59c4b6?auto=format&fit=crop&w=800&q=80,1,active
sonicwave-audio-ergonomic-vertical-silent-wireless-mouse-rgb-classic,SonicWave Audio Ergonomic Vertical Silent Wireless Mouse (RGB) (Classic),"<p>High-demand SonicWave Audio SonicWave Audio Ergonomic Vertical Silent Wireless Mouse (RGB) (Classic). Designed for superior performance, comfort and style. Sourced with USPS express air shipping (7-10 days).</p>",SonicWave Audio,electronics,electronics,"electronics, electronics, unisex, dropshipping, bestseller",true,Color,Matte Black,Size,Right Hand Ergonomic,SY-SY-PROD-2318,500,shopify,12,deny,manual,37.33,61.86,true,true,https://images.unsplash.com/photo-1583394838336-acd977736f90?auto=format&fit=crop&w=800&q=80,1,active
luminatech-smart-sleep-eye-mask-with-bluetooth-built-in-speakers-series-2,LuminaTech Smart Sleep Eye Mask with Bluetooth Built-in Speakers (Series 2),"<p>High-demand LuminaTech LuminaTech Smart Sleep Eye Mask with Bluetooth Built-in Speakers (Series 2). Designed for superior performance, comfort and style. Sourced with USPS express air shipping (7-10 days).</p>",LuminaTech,electronics,electronics,"electronics, electronics, unisex, dropshipping, bestseller",true,Color,Night Black,Size,Adjustable Band,SY-SY-PROD-2319,500,shopify,13,deny,manual,37.70,62.44,true,true,https://images.unsplash.com/photo-1527864550417-7fd91fc51a46?auto=format&fit=crop&w=800&q=80,1,active
sonicwave-audio-active-noise-cancelling-wireless-tws-earbuds-air,SonicWave Audio Active Noise Cancelling Wireless TWS Earbuds (Air),"<p>High-demand SonicWave Audio SonicWave Audio Active Noise Cancelling Wireless TWS Earbuds (Air). Designed for superior performance, comfort and style. Sourced with USPS express air shipping (7-10 days).</p>",SonicWave Audio,electronics,electronics,"electronics, electronics, unisex, dropshipping, bestseller",true,Color,Matte Black,Size,Standard Fit,SY-SY-PROD-2320,500,shopify,14,deny,manual,75.07,120.36,true,true,https://images.unsplash.com/photo-1505740420928-5e560c06d30e?auto=format&fit=crop&w=800&q=80,1,active
luminatech-ultra-slim-amoled-bluetooth-calling-smartwatch-signature,LuminaTech Ultra-Slim AMOLED Bluetooth Calling Smartwatch (Signature),"<p>High-demand LuminaTech LuminaTech Ultra-Slim AMOLED Bluetooth Calling Smartwatch (Signature). Designed for superior performance, comfort and style. Sourced with USPS express air shipping (7-10 days).</p>",LuminaTech,electronics,electronics,"electronics, electronics, unisex, dropshipping, bestseller",true,Color,Titanium Silver,Size,44mm Dial,SY-SY-PROD-2321,500,shopify,15,deny,manual,66.44,106.98,true,true,https://images.unsplash.com/photo-1572569511254-d8f925fe2cbb?auto=format&fit=crop&w=800&q=80,1,active
sonicwave-audio-100w-4-port-gan-fast-travel-wall-charger-v2,SonicWave Audio 100W 4-Port GaN Fast Travel Wall Charger (V2),"<p>High-demand SonicWave Audio SonicWave Audio 100W 4-Port GaN Fast Travel Wall Charger (V2). Designed for superior performance, comfort and style. Sourced with USPS express air shipping (7-10 days).</p>",SonicWave Audio,electronics,electronics,"electronics, electronics, unisex, dropshipping, bestseller",true,Color,Graphite Black,Size,Universal US/UK,SY-SY-PROD-2322,500,shopify,16,deny,manual,40.81,67.26,true,true,https://images.unsplash.com/photo-1546868871-7041f2a55e12?auto=format&fit=crop&w=800&q=80,1,active
luminatech-15w-magsafe-fast-magnetic-wireless-power-bank-10-000mah-luxe,"LuminaTech 15W MagSafe Fast Magnetic Wireless Power Bank (10,000mAh) (Luxe)","<p>High-demand LuminaTech LuminaTech 15W MagSafe Fast Magnetic Wireless Power Bank (10,000mAh) (Luxe). Designed for superior performance, comfort and style. Sourced with USPS express air shipping (7-10 days).</p>",LuminaTech,electronics,electronics,"electronics, electronics, unisex, dropshipping, bestseller",true,Color,Space Gray,Size,Pocket Slim,SY-SY-PROD-2323,500,shopify,17,deny,manual,44.18,72.48,true,true,https://images.unsplash.com/photo-1600003014755-ba31aa59c4b6?auto=format&fit=crop&w=800&q=80,1,active
sonicwave-audio-hi-fi-360-waterproof-bluetooth-outdoor-speaker-pure,SonicWave Audio Hi-Fi 360° Waterproof Bluetooth Outdoor Speaker (Pure),"<p>High-demand SonicWave Audio SonicWave Audio Hi-Fi 360° Waterproof Bluetooth Outdoor Speaker (Pure). Designed for superior performance, comfort and style. Sourced with USPS express air shipping (7-10 days).</p>",SonicWave Audio,electronics,electronics,"electronics, electronics, unisex, dropshipping, bestseller",true,Color,Rugged Camo,Size,Standard,SY-SY-PROD-2324,500,shopify,18,deny,manual,52.55,85.45,true,true,https://images.unsplash.com/photo-1583394838336-acd977736f90?auto=format&fit=crop&w=800&q=80,1,active
luminatech-ergonomic-vertical-silent-wireless-mouse-rgb-essential,LuminaTech Ergonomic Vertical Silent Wireless Mouse (RGB) (Essential),"<p>High-demand LuminaTech LuminaTech Ergonomic Vertical Silent Wireless Mouse (RGB) (Essential). Designed for superior performance, comfort and style. Sourced with USPS express air shipping (7-10 days).</p>",LuminaTech,electronics,electronics,"electronics, electronics, unisex, dropshipping, bestseller",true,Color,Matte Black,Size,Right Hand Ergonomic,SY-SY-PROD-2325,500,shopify,19,deny,manual,26.92,45.73,true,true,https://images.unsplash.com/photo-1527864550417-7fd91fc51a46?auto=format&fit=crop&w=800&q=80,1,active
sonicwave-audio-smart-sleep-eye-mask-with-bluetooth-built-in-speakers-pro,SonicWave Audio Smart Sleep Eye Mask with Bluetooth Built-in Speakers (Pro),"<p>High-demand SonicWave Audio SonicWave Audio Smart Sleep Eye Mask with Bluetooth Built-in Speakers (Pro). Designed for superior performance, comfort and style. Sourced with USPS express air shipping (7-10 days).</p>",SonicWave Audio,electronics,electronics,"electronics, electronics, unisex, dropshipping, bestseller",true,Color,Night Black,Size,Adjustable Band,SY-SY-PROD-2326,500,shopify,5,deny,manual,47.29,77.30,true,true,https://images.unsplash.com/photo-1505740420928-5e560c06d30e?auto=format&fit=crop&w=800&q=80,1,active
luminatech-active-noise-cancelling-wireless-tws-earbuds-elite,LuminaTech Active Noise Cancelling Wireless TWS Earbuds (Elite),"<p>High-demand LuminaTech LuminaTech Active Noise Cancelling Wireless TWS Earbuds (Elite). Designed for superior performance, comfort and style. Sourced with USPS express air shipping (7-10 days).</p>",LuminaTech,electronics,electronics,"electronics, electronics, unisex, dropshipping, bestseller",true,Color,Matte Black,Size,Standard Fit,SY-SY-PROD-2327,500,shopify,6,deny,manual,44.66,73.22,true,true,https://images.unsplash.com/photo-1572569511254-d8f925fe2cbb?auto=format&fit=crop&w=800&q=80,1,active
sonicwave-audio-ultra-slim-amoled-bluetooth-calling-smartwatch-classic,SonicWave Audio Ultra-Slim AMOLED Bluetooth Calling Smartwatch (Classic),"<p>High-demand SonicWave Audio SonicWave Audio Ultra-Slim AMOLED Bluetooth Calling Smartwatch (Classic). Designed for superior performance, comfort and style. Sourced with USPS express air shipping (7-10 days).</p>",SonicWave Audio,electronics,electronics,"electronics, electronics, unisex, dropshipping, bestseller",true,Color,Titanium Silver,Size,44mm Dial,SY-SY-PROD-2328,500,shopify,7,deny,manual,76.03,121.85,true,true,https://images.unsplash.com/photo-1546868871-7041f2a55e12?auto=format&fit=crop&w=800&q=80,1,active
luminatech-100w-4-port-gan-fast-travel-wall-charger-series-2,LuminaTech 100W 4-Port GaN Fast Travel Wall Charger (Series 2),"<p>High-demand LuminaTech LuminaTech 100W 4-Port GaN Fast Travel Wall Charger (Series 2). Designed for superior performance, comfort and style. Sourced with USPS express air shipping (7-10 days).</p>",LuminaTech,electronics,electronics,"electronics, electronics, unisex, dropshipping, bestseller",true,Color,Graphite Black,Size,Universal US/UK,SY-SY-PROD-2329,500,shopify,8,deny,manual,50.40,82.12,true,true,https://images.unsplash.com/photo-1600003014755-ba31aa59c4b6?auto=format&fit=crop&w=800&q=80,1,active
sonicwave-audio-15w-magsafe-fast-magnetic-wireless-power-bank-10-000mah-air,"SonicWave Audio 15W MagSafe Fast Magnetic Wireless Power Bank (10,000mAh) (Air)","<p>High-demand SonicWave Audio SonicWave Audio 15W MagSafe Fast Magnetic Wireless Power Bank (10,000mAh) (Air). Designed for superior performance, comfort and style. Sourced with USPS express air shipping (7-10 days).</p>",SonicWave Audio,electronics,electronics,"electronics, electronics, unisex, dropshipping, bestseller",true,Color,Space Gray,Size,Pocket Slim,SY-SY-PROD-2330,500,shopify,9,deny,manual,53.77,87.34,true,true,https://images.unsplash.com/photo-1583394838336-acd977736f90?auto=format&fit=crop&w=800&q=80,1,active
luminatech-hi-fi-360-waterproof-bluetooth-outdoor-speaker-signature,LuminaTech Hi-Fi 360° Waterproof Bluetooth Outdoor Speaker (Signature),"<p>High-demand LuminaTech LuminaTech Hi-Fi 360° Waterproof Bluetooth Outdoor Speaker (Signature). Designed for superior performance, comfort and style. Sourced with USPS express air shipping (7-10 days).</p>",LuminaTech,electronics,electronics,"electronics, electronics, unisex, dropshipping, bestseller",true,Color,Rugged Camo,Size,Standard,SY-SY-PROD-2331,500,shopify,10,deny,manual,62.14,100.32,true,true,https://images.unsplash.com/photo-1527864550417-7fd91fc51a46?auto=format&fit=crop&w=800&q=80,1,active
sonicwave-audio-ergonomic-vertical-silent-wireless-mouse-rgb-v2,SonicWave Audio Ergonomic Vertical Silent Wireless Mouse (RGB) (V2),"<p>High-demand SonicWave Audio SonicWave Audio Ergonomic Vertical Silent Wireless Mouse (RGB) (V2). Designed for superior performance, comfort and style. Sourced with USPS express air shipping (7-10 days).</p>",SonicWave Audio,electronics,electronics,"electronics, electronics, unisex, dropshipping, bestseller",true,Color,Matte Black,Size,Right Hand Ergonomic,SY-SY-PROD-2332,500,shopify,11,deny,manual,36.51,60.59,true,true,https://images.unsplash.com/photo-1505740420928-5e560c06d30e?auto=format&fit=crop&w=800&q=80,1,active
luminatech-smart-sleep-eye-mask-with-bluetooth-built-in-speakers-luxe,LuminaTech Smart Sleep Eye Mask with Bluetooth Built-in Speakers (Luxe),"<p>High-demand LuminaTech LuminaTech Smart Sleep Eye Mask with Bluetooth Built-in Speakers (Luxe). Designed for superior performance, comfort and style. Sourced with USPS express air shipping (7-10 days).</p>",LuminaTech,electronics,electronics,"electronics, electronics, unisex, dropshipping, bestseller",true,Color,Night Black,Size,Adjustable Band,SY-SY-PROD-2333,500,shopify,12,deny,manual,35.88,59.61,true,true,https://images.unsplash.com/photo-1572569511254-d8f925fe2cbb?auto=format&fit=crop&w=800&q=80,1,active
sonicwave-audio-active-noise-cancelling-wireless-tws-earbuds-pure,SonicWave Audio Active Noise Cancelling Wireless TWS Earbuds (Pure),"<p>High-demand SonicWave Audio SonicWave Audio Active Noise Cancelling Wireless TWS Earbuds (Pure). Designed for superior performance, comfort and style. Sourced with USPS express air shipping (7-10 days).</p>",SonicWave Audio,electronics,electronics,"electronics, electronics, unisex, dropshipping, bestseller",true,Color,Matte Black,Size,Standard Fit,SY-SY-PROD-2334,500,shopify,13,deny,manual,54.25,88.09,true,true,https://images.unsplash.com/photo-1546868871-7041f2a55e12?auto=format&fit=crop&w=800&q=80,1,active
luminatech-ultra-slim-amoled-bluetooth-calling-smartwatch-essential,LuminaTech Ultra-Slim AMOLED Bluetooth Calling Smartwatch (Essential),"<p>High-demand LuminaTech LuminaTech Ultra-Slim AMOLED Bluetooth Calling Smartwatch (Essential). Designed for superior performance, comfort and style. Sourced with USPS express air shipping (7-10 days).</p>",LuminaTech,electronics,electronics,"electronics, electronics, unisex, dropshipping, bestseller",true,Color,Titanium Silver,Size,44mm Dial,SY-SY-PROD-2335,500,shopify,14,deny,manual,85.62,136.71,true,true,https://images.unsplash.com/photo-1600003014755-ba31aa59c4b6?auto=format&fit=crop&w=800&q=80,1,active
sonicwave-audio-100w-4-port-gan-fast-travel-wall-charger-pro,SonicWave Audio 100W 4-Port GaN Fast Travel Wall Charger (Pro),"<p>High-demand SonicWave Audio SonicWave Audio 100W 4-Port GaN Fast Travel Wall Charger (Pro). Designed for superior performance, comfort and style. Sourced with USPS express air shipping (7-10 days).</p>",SonicWave Audio,electronics,electronics,"electronics, electronics, unisex, dropshipping, bestseller",true,Color,Graphite Black,Size,Universal US/UK,SY-SY-PROD-2336,500,shopify,15,deny,manual,37.99,62.88,true,true,https://images.unsplash.com/photo-1583394838336-acd977736f90?auto=format&fit=crop&w=800&q=80,1,active
luminatech-15w-magsafe-fast-magnetic-wireless-power-bank-10-000mah-elite,"LuminaTech 15W MagSafe Fast Magnetic Wireless Power Bank (10,000mAh) (Elite)","<p>High-demand LuminaTech LuminaTech 15W MagSafe Fast Magnetic Wireless Power Bank (10,000mAh) (Elite). Designed for superior performance, comfort and style. Sourced with USPS express air shipping (7-10 days).</p>",LuminaTech,electronics,electronics,"electronics, electronics, unisex, dropshipping, bestseller",true,Color,Space Gray,Size,Pocket Slim,SY-SY-PROD-2337,500,shopify,16,deny,manual,63.36,102.21,true,true,https://images.unsplash.com/photo-1527864550417-7fd91fc51a46?auto=format&fit=crop&w=800&q=80,1,active
sonicwave-audio-hi-fi-360-waterproof-bluetooth-outdoor-speaker-classic,SonicWave Audio Hi-Fi 360° Waterproof Bluetooth Outdoor Speaker (Classic),"<p>High-demand SonicWave Audio SonicWave Audio Hi-Fi 360° Waterproof Bluetooth Outdoor Speaker (Classic). Designed for superior performance, comfort and style. Sourced with USPS express air shipping (7-10 days).</p>",SonicWave Audio,electronics,electronics,"electronics, electronics, unisex, dropshipping, bestseller",true,Color,Rugged Camo,Size,Standard,SY-SY-PROD-2338,500,shopify,17,deny,manual,71.73,115.18,true,true,https://images.unsplash.com/photo-1505740420928-5e560c06d30e?auto=format&fit=crop&w=800&q=80,1,active
luminatech-ergonomic-vertical-silent-wireless-mouse-rgb-series-2,LuminaTech Ergonomic Vertical Silent Wireless Mouse (RGB) (Series 2),"<p>High-demand LuminaTech LuminaTech Ergonomic Vertical Silent Wireless Mouse (RGB) (Series 2). Designed for superior performance, comfort and style. Sourced with USPS express air shipping (7-10 days).</p>",LuminaTech,electronics,electronics,"electronics, electronics, unisex, dropshipping, bestseller",true,Color,Matte Black,Size,Right Hand Ergonomic,SY-SY-PROD-2339,500,shopify,18,deny,manual,26.10,44.46,true,true,https://images.unsplash.com/photo-1572569511254-d8f925fe2cbb?auto=format&fit=crop&w=800&q=80,1,active
sonicwave-audio-smart-sleep-eye-mask-with-bluetooth-built-in-speakers-air,SonicWave Audio Smart Sleep Eye Mask with Bluetooth Built-in Speakers (Air),"<p>High-demand SonicWave Audio SonicWave Audio Smart Sleep Eye Mask with Bluetooth Built-in Speakers (Air). Designed for superior performance, comfort and style. Sourced with USPS express air shipping (7-10 days).</p>",SonicWave Audio,electronics,electronics,"electronics, electronics, unisex, dropshipping, bestseller",true,Color,Night Black,Size,Adjustable Band,SY-SY-PROD-2340,500,shopify,19,deny,manual,45.47,74.48,true,true,https://images.unsplash.com/photo-1546868871-7041f2a55e12?auto=format&fit=crop&w=800&q=80,1,active
luminatech-active-noise-cancelling-wireless-tws-earbuds-signature,LuminaTech Active Noise Cancelling Wireless TWS Earbuds (Signature),"<p>High-demand LuminaTech LuminaTech Active Noise Cancelling Wireless TWS Earbuds (Signature). Designed for superior performance, comfort and style. Sourced with USPS express air shipping (7-10 days).</p>",LuminaTech,electronics,electronics,"electronics, electronics, unisex, dropshipping, bestseller",true,Color,Matte Black,Size,Standard Fit,SY-SY-PROD-2341,500,shopify,5,deny,manual,63.84,102.95,true,true,https://images.unsplash.com/photo-1600003014755-ba31aa59c4b6?auto=format&fit=crop&w=800&q=80,1,active
sonicwave-audio-ultra-slim-amoled-bluetooth-calling-smartwatch-v2,SonicWave Audio Ultra-Slim AMOLED Bluetooth Calling Smartwatch (V2),"<p>High-demand SonicWave Audio SonicWave Audio Ultra-Slim AMOLED Bluetooth Calling Smartwatch (V2). Designed for superior performance, comfort and style. Sourced with USPS express air shipping (7-10 days).</p>",SonicWave Audio,electronics,electronics,"electronics, electronics, unisex, dropshipping, bestseller",true,Color,Titanium Silver,Size,44mm Dial,SY-SY-PROD-2342,500,shopify,6,deny,manual,95.21,151.58,true,true,https://images.unsplash.com/photo-1583394838336-acd977736f90?auto=format&fit=crop&w=800&q=80,1,active
luminatech-100w-4-port-gan-fast-travel-wall-charger-luxe,LuminaTech 100W 4-Port GaN Fast Travel Wall Charger (Luxe),"<p>High-demand LuminaTech LuminaTech 100W 4-Port GaN Fast Travel Wall Charger (Luxe). Designed for superior performance, comfort and style. Sourced with USPS express air shipping (7-10 days).</p>",LuminaTech,electronics,electronics,"electronics, electronics, unisex, dropshipping, bestseller",true,Color,Graphite Black,Size,Universal US/UK,SY-SY-PROD-2343,500,shopify,7,deny,manual,47.58,77.75,true,true,https://images.unsplash.com/photo-1527864550417-7fd91fc51a46?auto=format&fit=crop&w=800&q=80,1,active
sonicwave-audio-15w-magsafe-fast-magnetic-wireless-power-bank-10-000mah-pure,"SonicWave Audio 15W MagSafe Fast Magnetic Wireless Power Bank (10,000mAh) (Pure)","<p>High-demand SonicWave Audio SonicWave Audio 15W MagSafe Fast Magnetic Wireless Power Bank (10,000mAh) (Pure). Designed for superior performance, comfort and style. Sourced with USPS express air shipping (7-10 days).</p>",SonicWave Audio,electronics,electronics,"electronics, electronics, unisex, dropshipping, bestseller",true,Color,Space Gray,Size,Pocket Slim,SY-SY-PROD-2344,500,shopify,8,deny,manual,44.95,73.67,true,true,https://images.unsplash.com/photo-1505740420928-5e560c06d30e?auto=format&fit=crop&w=800&q=80,1,active
luminatech-hi-fi-360-waterproof-bluetooth-outdoor-speaker-essential,LuminaTech Hi-Fi 360° Waterproof Bluetooth Outdoor Speaker (Essential),"<p>High-demand LuminaTech LuminaTech Hi-Fi 360° Waterproof Bluetooth Outdoor Speaker (Essential). Designed for superior performance, comfort and style. Sourced with USPS express air shipping (7-10 days).</p>",LuminaTech,electronics,electronics,"electronics, electronics, unisex, dropshipping, bestseller",true,Color,Rugged Camo,Size,Standard,SY-SY-PROD-2345,500,shopify,9,deny,manual,44.32,72.70,true,true,https://images.unsplash.com/photo-1572569511254-d8f925fe2cbb?auto=format&fit=crop&w=800&q=80,1,active
sonicwave-audio-ergonomic-vertical-silent-wireless-mouse-rgb-pro,SonicWave Audio Ergonomic Vertical Silent Wireless Mouse (RGB) (Pro),"<p>High-demand SonicWave Audio SonicWave Audio Ergonomic Vertical Silent Wireless Mouse (RGB) (Pro). Designed for superior performance, comfort and style. Sourced with USPS express air shipping (7-10 days).</p>",SonicWave Audio,electronics,electronics,"electronics, electronics, unisex, dropshipping, bestseller",true,Color,Matte Black,Size,Right Hand Ergonomic,SY-SY-PROD-2346,500,shopify,10,deny,manual,35.69,59.32,true,true,https://images.unsplash.com/photo-1546868871-7041f2a55e12?auto=format&fit=crop&w=800&q=80,1,active
luminatech-smart-sleep-eye-mask-with-bluetooth-built-in-speakers-elite,LuminaTech Smart Sleep Eye Mask with Bluetooth Built-in Speakers (Elite),"<p>High-demand LuminaTech LuminaTech Smart Sleep Eye Mask with Bluetooth Built-in Speakers (Elite). Designed for superior performance, comfort and style. Sourced with USPS express air shipping (7-10 days).</p>",LuminaTech,electronics,electronics,"electronics, electronics, unisex, dropshipping, bestseller",true,Color,Night Black,Size,Adjustable Band,SY-SY-PROD-2347,500,shopify,11,deny,manual,34.06,56.79,true,true,https://images.unsplash.com/photo-1600003014755-ba31aa59c4b6?auto=format&fit=crop&w=800&q=80,1,active
sonicwave-audio-active-noise-cancelling-wireless-tws-earbuds-classic,SonicWave Audio Active Noise Cancelling Wireless TWS Earbuds (Classic),"<p>High-demand SonicWave Audio SonicWave Audio Active Noise Cancelling Wireless TWS Earbuds (Classic). Designed for superior performance, comfort and style. Sourced with USPS express air shipping (7-10 days).</p>",SonicWave Audio,electronics,electronics,"electronics, electronics, unisex, dropshipping, bestseller",true,Color,Matte Black,Size,Standard Fit,SY-SY-PROD-2348,500,shopify,12,deny,manual,73.43,117.82,true,true,https://images.unsplash.com/photo-1583394838336-acd977736f90?auto=format&fit=crop&w=800&q=80,1,active
luminatech-ultra-slim-amoled-bluetooth-calling-smartwatch-series-2,LuminaTech Ultra-Slim AMOLED Bluetooth Calling Smartwatch (Series 2),"<p>High-demand LuminaTech LuminaTech Ultra-Slim AMOLED Bluetooth Calling Smartwatch (Series 2). Designed for superior performance, comfort and style. Sourced with USPS express air shipping (7-10 days).</p>",LuminaTech,electronics,electronics,"electronics, electronics, unisex, dropshipping, bestseller",true,Color,Titanium Silver,Size,44mm Dial,SY-SY-PROD-2349,500,shopify,13,deny,manual,54.80,88.94,true,true,https://images.unsplash.com/photo-1527864550417-7fd91fc51a46?auto=format&fit=crop&w=800&q=80,1,active
sonicwave-audio-100w-4-port-gan-fast-travel-wall-charger-air,SonicWave Audio 100W 4-Port GaN Fast Travel Wall Charger (Air),"<p>High-demand SonicWave Audio SonicWave Audio 100W 4-Port GaN Fast Travel Wall Charger (Air). Designed for superior performance, comfort and style. Sourced with USPS express air shipping (7-10 days).</p>",SonicWave Audio,electronics,electronics,"electronics, electronics, unisex, dropshipping, bestseller",true,Color,Graphite Black,Size,Universal US/UK,SY-SY-PROD-2350,500,shopify,14,deny,manual,35.17,58.51,true,true,https://images.unsplash.com/photo-1505740420928-5e560c06d30e?auto=format&fit=crop&w=800&q=80,1,active
luminatech-15w-magsafe-fast-magnetic-wireless-power-bank-10-000mah-signature,"LuminaTech 15W MagSafe Fast Magnetic Wireless Power Bank (10,000mAh) (Signature)","<p>High-demand LuminaTech LuminaTech 15W MagSafe Fast Magnetic Wireless Power Bank (10,000mAh) (Signature). Designed for superior performance, comfort and style. Sourced with USPS express air shipping (7-10 days).</p>",LuminaTech,electronics,electronics,"electronics, electronics, unisex, dropshipping, bestseller",true,Color,Space Gray,Size,Pocket Slim,SY-SY-PROD-2351,500,shopify,15,deny,manual,54.54,88.54,true,true,https://images.unsplash.com/photo-1572569511254-d8f925fe2cbb?auto=format&fit=crop&w=800&q=80,1,active
sonicwave-audio-hi-fi-360-waterproof-bluetooth-outdoor-speaker-v2,SonicWave Audio Hi-Fi 360° Waterproof Bluetooth Outdoor Speaker (V2),"<p>High-demand SonicWave Audio SonicWave Audio Hi-Fi 360° Waterproof Bluetooth Outdoor Speaker (V2). Designed for superior performance, comfort and style. Sourced with USPS express air shipping (7-10 days).</p>",SonicWave Audio,electronics,electronics,"electronics, electronics, unisex, dropshipping, bestseller",true,Color,Rugged Camo,Size,Standard,SY-SY-PROD-2352,500,shopify,16,deny,manual,53.91,87.56,true,true,https://images.unsplash.com/photo-1546868871-7041f2a55e12?auto=format&fit=crop&w=800&q=80,1,active
luminatech-ergonomic-vertical-silent-wireless-mouse-rgb-luxe,LuminaTech Ergonomic Vertical Silent Wireless Mouse (RGB) (Luxe),"<p>High-demand LuminaTech LuminaTech Ergonomic Vertical Silent Wireless Mouse (RGB) (Luxe). Designed for superior performance, comfort and style. Sourced with USPS express air shipping (7-10 days).</p>",LuminaTech,electronics,electronics,"electronics, electronics, unisex, dropshipping, bestseller",true,Color,Matte Black,Size,Right Hand Ergonomic,SY-SY-PROD-2353,500,shopify,17,deny,manual,25.28,43.18,true,true,https://images.unsplash.com/photo-1600003014755-ba31aa59c4b6?auto=format&fit=crop&w=800&q=80,1,active
sonicwave-audio-smart-sleep-eye-mask-with-bluetooth-built-in-speakers-pure,SonicWave Audio Smart Sleep Eye Mask with Bluetooth Built-in Speakers (Pure),"<p>High-demand SonicWave Audio SonicWave Audio Smart Sleep Eye Mask with Bluetooth Built-in Speakers (Pure). Designed for superior performance, comfort and style. Sourced with USPS express air shipping (7-10 days).</p>",SonicWave Audio,electronics,electronics,"electronics, electronics, unisex, dropshipping, bestseller",true,Color,Night Black,Size,Adjustable Band,SY-SY-PROD-2354,500,shopify,18,deny,manual,43.65,71.66,true,true,https://images.unsplash.com/photo-1583394838336-acd977736f90?auto=format&fit=crop&w=800&q=80,1,active
luminatech-active-noise-cancelling-wireless-tws-earbuds-essential,LuminaTech Active Noise Cancelling Wireless TWS Earbuds (Essential),"<p>High-demand LuminaTech LuminaTech Active Noise Cancelling Wireless TWS Earbuds (Essential). Designed for superior performance, comfort and style. Sourced with USPS express air shipping (7-10 days).</p>",LuminaTech,electronics,electronics,"electronics, electronics, unisex, dropshipping, bestseller",true,Color,Matte Black,Size,Standard Fit,SY-SY-PROD-2355,500,shopify,19,deny,manual,43.02,70.68,true,true,https://images.unsplash.com/photo-1527864550417-7fd91fc51a46?auto=format&fit=crop&w=800&q=80,1,active
sonicwave-audio-ultra-slim-amoled-bluetooth-calling-smartwatch-pro,SonicWave Audio Ultra-Slim AMOLED Bluetooth Calling Smartwatch (Pro),"<p>High-demand SonicWave Audio SonicWave Audio Ultra-Slim AMOLED Bluetooth Calling Smartwatch (Pro). Designed for superior performance, comfort and style. Sourced with USPS express air shipping (7-10 days).</p>",SonicWave Audio,electronics,electronics,"electronics, electronics, unisex, dropshipping, bestseller",true,Color,Titanium Silver,Size,44mm Dial,SY-SY-PROD-2356,500,shopify,5,deny,manual,64.39,103.80,true,true,https://images.unsplash.com/photo-1505740420928-5e560c06d30e?auto=format&fit=crop&w=800&q=80,1,active
luminatech-100w-4-port-gan-fast-travel-wall-charger-elite,LuminaTech 100W 4-Port GaN Fast Travel Wall Charger (Elite),"<p>High-demand LuminaTech LuminaTech 100W 4-Port GaN Fast Travel Wall Charger (Elite). Designed for superior performance, comfort and style. Sourced with USPS express air shipping (7-10 days).</p>",LuminaTech,electronics,electronics,"electronics, electronics, unisex, dropshipping, bestseller",true,Color,Graphite Black,Size,Universal US/UK,SY-SY-PROD-2357,500,shopify,6,deny,manual,44.76,73.38,true,true,https://images.unsplash.com/photo-1572569511254-d8f925fe2cbb?auto=format&fit=crop&w=800&q=80,1,active
sonicwave-audio-15w-magsafe-fast-magnetic-wireless-power-bank-10-000mah-classic,"SonicWave Audio 15W MagSafe Fast Magnetic Wireless Power Bank (10,000mAh) (Classic)","<p>High-demand SonicWave Audio SonicWave Audio 15W MagSafe Fast Magnetic Wireless Power Bank (10,000mAh) (Classic). Designed for superior performance, comfort and style. Sourced with USPS express air shipping (7-10 days).</p>",SonicWave Audio,electronics,electronics,"electronics, electronics, unisex, dropshipping, bestseller",true,Color,Space Gray,Size,Pocket Slim,SY-SY-PROD-2358,500,shopify,7,deny,manual,64.13,103.40,true,true,https://images.unsplash.com/photo-1546868871-7041f2a55e12?auto=format&fit=crop&w=800&q=80,1,active
luminatech-hi-fi-360-waterproof-bluetooth-outdoor-speaker-series-2,LuminaTech Hi-Fi 360° Waterproof Bluetooth Outdoor Speaker (Series 2),"<p>High-demand LuminaTech LuminaTech Hi-Fi 360° Waterproof Bluetooth Outdoor Speaker (Series 2). Designed for superior performance, comfort and style. Sourced with USPS express air shipping (7-10 days).</p>",LuminaTech,electronics,electronics,"electronics, electronics, unisex, dropshipping, bestseller",true,Color,Rugged Camo,Size,Standard,SY-SY-PROD-2359,500,shopify,8,deny,manual,63.50,102.42,true,true,https://images.unsplash.com/photo-1600003014755-ba31aa59c4b6?auto=format&fit=crop&w=800&q=80,1,active
sonicwave-audio-ergonomic-vertical-silent-wireless-mouse-rgb-air,SonicWave Audio Ergonomic Vertical Silent Wireless Mouse (RGB) (Air),"<p>High-demand SonicWave Audio SonicWave Audio Ergonomic Vertical Silent Wireless Mouse (RGB) (Air). Designed for superior performance, comfort and style. Sourced with USPS express air shipping (7-10 days).</p>",SonicWave Audio,electronics,electronics,"electronics, electronics, unisex, dropshipping, bestseller",true,Color,Matte Black,Size,Right Hand Ergonomic,SY-SY-PROD-2360,500,shopify,9,deny,manual,34.87,58.05,true,true,https://images.unsplash.com/photo-1583394838336-acd977736f90?auto=format&fit=crop&w=800&q=80,1,active
luminatech-smart-sleep-eye-mask-with-bluetooth-built-in-speakers-signature,LuminaTech Smart Sleep Eye Mask with Bluetooth Built-in Speakers (Signature),"<p>High-demand LuminaTech LuminaTech Smart Sleep Eye Mask with Bluetooth Built-in Speakers (Signature). Designed for superior performance, comfort and style. Sourced with USPS express air shipping (7-10 days).</p>",LuminaTech,electronics,electronics,"electronics, electronics, unisex, dropshipping, bestseller",true,Color,Night Black,Size,Adjustable Band,SY-SY-PROD-2361,500,shopify,10,deny,manual,32.24,53.97,true,true,https://images.unsplash.com/photo-1527864550417-7fd91fc51a46?auto=format&fit=crop&w=800&q=80,1,active
sonicwave-audio-active-noise-cancelling-wireless-tws-earbuds-v2,SonicWave Audio Active Noise Cancelling Wireless TWS Earbuds (V2),"<p>High-demand SonicWave Audio SonicWave Audio Active Noise Cancelling Wireless TWS Earbuds (V2). Designed for superior performance, comfort and style. Sourced with USPS express air shipping (7-10 days).</p>",SonicWave Audio,electronics,electronics,"electronics, electronics, unisex, dropshipping, bestseller",true,Color,Matte Black,Size,Standard Fit,SY-SY-PROD-2362,500,shopify,11,deny,manual,52.61,85.55,true,true,https://images.unsplash.com/photo-1505740420928-5e560c06d30e?auto=format&fit=crop&w=800&q=80,1,active
luminatech-ultra-slim-amoled-bluetooth-calling-smartwatch-luxe,LuminaTech Ultra-Slim AMOLED Bluetooth Calling Smartwatch (Luxe),"<p>High-demand LuminaTech LuminaTech Ultra-Slim AMOLED Bluetooth Calling Smartwatch (Luxe). Designed for superior performance, comfort and style. Sourced with USPS express air shipping (7-10 days).</p>",LuminaTech,electronics,electronics,"electronics, electronics, unisex, dropshipping, bestseller",true,Color,Titanium Silver,Size,44mm Dial,SY-SY-PROD-2363,500,shopify,12,deny,manual,73.98,118.67,true,true,https://images.unsplash.com/photo-1572569511254-d8f925fe2cbb?auto=format&fit=crop&w=800&q=80,1,active
sonicwave-audio-100w-4-port-gan-fast-travel-wall-charger-pure,SonicWave Audio 100W 4-Port GaN Fast Travel Wall Charger (Pure),"<p>High-demand SonicWave Audio SonicWave Audio 100W 4-Port GaN Fast Travel Wall Charger (Pure). Designed for superior performance, comfort and style. Sourced with USPS express air shipping (7-10 days).</p>",SonicWave Audio,electronics,electronics,"electronics, electronics, unisex, dropshipping, bestseller",true,Color,Graphite Black,Size,Universal US/UK,SY-SY-PROD-2364,500,shopify,13,deny,manual,54.35,88.24,true,true,https://images.unsplash.com/photo-1546868871-7041f2a55e12?auto=format&fit=crop&w=800&q=80,1,active
luminatech-15w-magsafe-fast-magnetic-wireless-power-bank-10-000mah-essential,"LuminaTech 15W MagSafe Fast Magnetic Wireless Power Bank (10,000mAh) (Essential)","<p>High-demand LuminaTech LuminaTech 15W MagSafe Fast Magnetic Wireless Power Bank (10,000mAh) (Essential). Designed for superior performance, comfort and style. Sourced with USPS express air shipping (7-10 days).</p>",LuminaTech,electronics,electronics,"electronics, electronics, unisex, dropshipping, bestseller",true,Color,Space Gray,Size,Pocket Slim,SY-SY-PROD-2365,500,shopify,14,deny,manual,45.72,74.87,true,true,https://images.unsplash.com/photo-1600003014755-ba31aa59c4b6?auto=format&fit=crop&w=800&q=80,1,active
sonicwave-audio-hi-fi-360-waterproof-bluetooth-outdoor-speaker-pro,SonicWave Audio Hi-Fi 360° Waterproof Bluetooth Outdoor Speaker (Pro),"<p>High-demand SonicWave Audio SonicWave Audio Hi-Fi 360° Waterproof Bluetooth Outdoor Speaker (Pro). Designed for superior performance, comfort and style. Sourced with USPS express air shipping (7-10 days).</p>",SonicWave Audio,electronics,electronics,"electronics, electronics, unisex, dropshipping, bestseller",true,Color,Rugged Camo,Size,Standard,SY-SY-PROD-2366,500,shopify,15,deny,manual,73.09,117.29,true,true,https://images.unsplash.com/photo-1583394838336-acd977736f90?auto=format&fit=crop&w=800&q=80,1,active
luminatech-ergonomic-vertical-silent-wireless-mouse-rgb-elite,LuminaTech Ergonomic Vertical Silent Wireless Mouse (RGB) (Elite),"<p>High-demand LuminaTech LuminaTech Ergonomic Vertical Silent Wireless Mouse (RGB) (Elite). Designed for superior performance, comfort and style. Sourced with USPS express air shipping (7-10 days).</p>",LuminaTech,electronics,electronics,"electronics, electronics, unisex, dropshipping, bestseller",true,Color,Matte Black,Size,Right Hand Ergonomic,SY-SY-PROD-2367,500,shopify,16,deny,manual,44.46,72.91,true,true,https://images.unsplash.com/photo-1527864550417-7fd91fc51a46?auto=format&fit=crop&w=800&q=80,1,active
sonicwave-audio-smart-sleep-eye-mask-with-bluetooth-built-in-speakers-classic,SonicWave Audio Smart Sleep Eye Mask with Bluetooth Built-in Speakers (Classic),"<p>High-demand SonicWave Audio SonicWave Audio Smart Sleep Eye Mask with Bluetooth Built-in Speakers (Classic). Designed for superior performance, comfort and style. Sourced with USPS express air shipping (7-10 days).</p>",SonicWave Audio,electronics,electronics,"electronics, electronics, unisex, dropshipping, bestseller",true,Color,Night Black,Size,Adjustable Band,SY-SY-PROD-2368,500,shopify,17,deny,manual,41.83,68.84,true,true,https://images.unsplash.com/photo-1505740420928-5e560c06d30e?auto=format&fit=crop&w=800&q=80,1,active
luminatech-active-noise-cancelling-wireless-tws-earbuds-series-2,LuminaTech Active Noise Cancelling Wireless TWS Earbuds (Series 2),"<p>High-demand LuminaTech LuminaTech Active Noise Cancelling Wireless TWS Earbuds (Series 2). Designed for superior performance, comfort and style. Sourced with USPS express air shipping (7-10 days).</p>",LuminaTech,electronics,electronics,"electronics, electronics, unisex, dropshipping, bestseller",true,Color,Matte Black,Size,Standard Fit,SY-SY-PROD-2369,500,shopify,18,deny,manual,62.20,100.41,true,true,https://images.unsplash.com/photo-1572569511254-d8f925fe2cbb?auto=format&fit=crop&w=800&q=80,1,active
sonicwave-audio-ultra-slim-amoled-bluetooth-calling-smartwatch-air,SonicWave Audio Ultra-Slim AMOLED Bluetooth Calling Smartwatch (Air),"<p>High-demand SonicWave Audio SonicWave Audio Ultra-Slim AMOLED Bluetooth Calling Smartwatch (Air). Designed for superior performance, comfort and style. Sourced with USPS express air shipping (7-10 days).</p>",SonicWave Audio,electronics,electronics,"electronics, electronics, unisex, dropshipping, bestseller",true,Color,Titanium Silver,Size,44mm Dial,SY-SY-PROD-2370,500,shopify,19,deny,manual,83.57,133.53,true,true,https://images.unsplash.com/photo-1546868871-7041f2a55e12?auto=format&fit=crop&w=800&q=80,1,active
luminatech-100w-4-port-gan-fast-travel-wall-charger-signature,LuminaTech 100W 4-Port GaN Fast Travel Wall Charger (Signature),"<p>High-demand LuminaTech LuminaTech 100W 4-Port GaN Fast Travel Wall Charger (Signature). Designed for superior performance, comfort and style. Sourced with USPS express air shipping (7-10 days).</p>",LuminaTech,electronics,electronics,"electronics, electronics, unisex, dropshipping, bestseller",true,Color,Graphite Black,Size,Universal US/UK,SY-SY-PROD-2371,500,shopify,5,deny,manual,41.94,69.01,true,true,https://images.unsplash.com/photo-1600003014755-ba31aa59c4b6?auto=format&fit=crop&w=800&q=80,1,active
sonicwave-audio-15w-magsafe-fast-magnetic-wireless-power-bank-10-000mah-v2,"SonicWave Audio 15W MagSafe Fast Magnetic Wireless Power Bank (10,000mAh) (V2)","<p>High-demand SonicWave Audio SonicWave Audio 15W MagSafe Fast Magnetic Wireless Power Bank (10,000mAh) (V2). Designed for superior performance, comfort and style. Sourced with USPS express air shipping (7-10 days).</p>",SonicWave Audio,electronics,electronics,"electronics, electronics, unisex, dropshipping, bestseller",true,Color,Space Gray,Size,Pocket Slim,SY-SY-PROD-2372,500,shopify,6,deny,manual,55.31,89.73,true,true,https://images.unsplash.com/photo-1583394838336-acd977736f90?auto=format&fit=crop&w=800&q=80,1,active
luminatech-hi-fi-360-waterproof-bluetooth-outdoor-speaker-luxe,LuminaTech Hi-Fi 360° Waterproof Bluetooth Outdoor Speaker (Luxe),"<p>High-demand LuminaTech LuminaTech Hi-Fi 360° Waterproof Bluetooth Outdoor Speaker (Luxe). Designed for superior performance, comfort and style. Sourced with USPS express air shipping (7-10 days).</p>",LuminaTech,electronics,electronics,"electronics, electronics, unisex, dropshipping, bestseller",true,Color,Rugged Camo,Size,Standard,SY-SY-PROD-2373,500,shopify,7,deny,manual,45.68,74.80,true,true,https://images.unsplash.com/photo-1527864550417-7fd91fc51a46?auto=format&fit=crop&w=800&q=80,1,active
sonicwave-audio-ergonomic-vertical-silent-wireless-mouse-rgb-pure,SonicWave Audio Ergonomic Vertical Silent Wireless Mouse (RGB) (Pure),"<p>High-demand SonicWave Audio SonicWave Audio Ergonomic Vertical Silent Wireless Mouse (RGB) (Pure). Designed for superior performance, comfort and style. Sourced with USPS express air shipping (7-10 days).</p>",SonicWave Audio,electronics,electronics,"electronics, electronics, unisex, dropshipping, bestseller",true,Color,Matte Black,Size,Right Hand Ergonomic,SY-SY-PROD-2374,500,shopify,8,deny,manual,34.05,56.78,true,true,https://images.unsplash.com/photo-1505740420928-5e560c06d30e?auto=format&fit=crop&w=800&q=80,1,active
luminatech-smart-sleep-eye-mask-with-bluetooth-built-in-speakers-essential,LuminaTech Smart Sleep Eye Mask with Bluetooth Built-in Speakers (Essential),"<p>High-demand LuminaTech LuminaTech Smart Sleep Eye Mask with Bluetooth Built-in Speakers (Essential). Designed for superior performance, comfort and style. Sourced with USPS express air shipping (7-10 days).</p>",LuminaTech,electronics,electronics,"electronics, electronics, unisex, dropshipping, bestseller",true,Color,Night Black,Size,Adjustable Band,SY-SY-PROD-2375,500,shopify,9,deny,manual,30.42,51.15,true,true,https://images.unsplash.com/photo-1572569511254-d8f925fe2cbb?auto=format&fit=crop&w=800&q=80,1,active
sonicwave-audio-active-noise-cancelling-wireless-tws-earbuds-pro,SonicWave Audio Active Noise Cancelling Wireless TWS Earbuds (Pro),"<p>High-demand SonicWave Audio SonicWave Audio Active Noise Cancelling Wireless TWS Earbuds (Pro). Designed for superior performance, comfort and style. Sourced with USPS express air shipping (7-10 days).</p>",SonicWave Audio,electronics,electronics,"electronics, electronics, unisex, dropshipping, bestseller",true,Color,Matte Black,Size,Standard Fit,SY-SY-PROD-2376,500,shopify,10,deny,manual,71.79,115.27,true,true,https://images.unsplash.com/photo-1546868871-7041f2a55e12?auto=format&fit=crop&w=800&q=80,1,active
luminatech-ultra-slim-amoled-bluetooth-calling-smartwatch-elite,LuminaTech Ultra-Slim AMOLED Bluetooth Calling Smartwatch (Elite),"<p>High-demand LuminaTech LuminaTech Ultra-Slim AMOLED Bluetooth Calling Smartwatch (Elite). Designed for superior performance, comfort and style. Sourced with USPS express air shipping (7-10 days).</p>",LuminaTech,electronics,electronics,"electronics, electronics, unisex, dropshipping, bestseller",true,Color,Titanium Silver,Size,44mm Dial,SY-SY-PROD-2377,500,shopify,11,deny,manual,93.16,148.40,true,true,https://images.unsplash.com/photo-1600003014755-ba31aa59c4b6?auto=format&fit=crop&w=800&q=80,1,active
sonicwave-audio-100w-4-port-gan-fast-travel-wall-charger-classic,SonicWave Audio 100W 4-Port GaN Fast Travel Wall Charger (Classic),"<p>High-demand SonicWave Audio SonicWave Audio 100W 4-Port GaN Fast Travel Wall Charger (Classic). Designed for superior performance, comfort and style. Sourced with USPS express air shipping (7-10 days).</p>",SonicWave Audio,electronics,electronics,"electronics, electronics, unisex, dropshipping, bestseller",true,Color,Graphite Black,Size,Universal US/UK,SY-SY-PROD-2378,500,shopify,12,deny,manual,51.53,83.87,true,true,https://images.unsplash.com/photo-1583394838336-acd977736f90?auto=format&fit=crop&w=800&q=80,1,active
luminatech-15w-magsafe-fast-magnetic-wireless-power-bank-10-000mah-series-2,"LuminaTech 15W MagSafe Fast Magnetic Wireless Power Bank (10,000mAh) (Series 2)","<p>High-demand LuminaTech LuminaTech 15W MagSafe Fast Magnetic Wireless Power Bank (10,000mAh) (Series 2). Designed for superior performance, comfort and style. Sourced with USPS express air shipping (7-10 days).</p>",LuminaTech,electronics,electronics,"electronics, electronics, unisex, dropshipping, bestseller",true,Color,Space Gray,Size,Pocket Slim,SY-SY-PROD-2379,500,shopify,13,deny,manual,64.90,104.60,true,true,https://images.unsplash.com/photo-1527864550417-7fd91fc51a46?auto=format&fit=crop&w=800&q=80,1,active
sonicwave-audio-hi-fi-360-waterproof-bluetooth-outdoor-speaker-air,SonicWave Audio Hi-Fi 360° Waterproof Bluetooth Outdoor Speaker (Air),"<p>High-demand SonicWave Audio SonicWave Audio Hi-Fi 360° Waterproof Bluetooth Outdoor Speaker (Air). Designed for superior performance, comfort and style. Sourced with USPS express air shipping (7-10 days).</p>",SonicWave Audio,electronics,electronics,"electronics, electronics, unisex, dropshipping, bestseller",true,Color,Rugged Camo,Size,Standard,SY-SY-PROD-2380,500,shopify,14,deny,manual,55.27,89.67,true,true,https://images.unsplash.com/photo-1505740420928-5e560c06d30e?auto=format&fit=crop&w=800&q=80,1,active
luminatech-ergonomic-vertical-silent-wireless-mouse-rgb-signature,LuminaTech Ergonomic Vertical Silent Wireless Mouse (RGB) (Signature),"<p>High-demand LuminaTech LuminaTech Ergonomic Vertical Silent Wireless Mouse (RGB) (Signature). Designed for superior performance, comfort and style. Sourced with USPS express air shipping (7-10 days).</p>",LuminaTech,electronics,electronics,"electronics, electronics, unisex, dropshipping, bestseller",true,Color,Matte Black,Size,Right Hand Ergonomic,SY-SY-PROD-2381,500,shopify,15,deny,manual,43.64,71.64,true,true,https://images.unsplash.com/photo-1572569511254-d8f925fe2cbb?auto=format&fit=crop&w=800&q=80,1,active
sonicwave-audio-smart-sleep-eye-mask-with-bluetooth-built-in-speakers-v2,SonicWave Audio Smart Sleep Eye Mask with Bluetooth Built-in Speakers (V2),"<p>High-demand SonicWave Audio SonicWave Audio Smart Sleep Eye Mask with Bluetooth Built-in Speakers (V2). Designed for superior performance, comfort and style. Sourced with USPS express air shipping (7-10 days).</p>",SonicWave Audio,electronics,electronics,"electronics, electronics, unisex, dropshipping, bestseller",true,Color,Night Black,Size,Adjustable Band,SY-SY-PROD-2382,500,shopify,16,deny,manual,40.01,66.02,true,true,https://images.unsplash.com/photo-1546868871-7041f2a55e12?auto=format&fit=crop&w=800&q=80,1,active
luminatech-active-noise-cancelling-wireless-tws-earbuds-luxe,LuminaTech Active Noise Cancelling Wireless TWS Earbuds (Luxe),"<p>High-demand LuminaTech LuminaTech Active Noise Cancelling Wireless TWS Earbuds (Luxe). Designed for superior performance, comfort and style. Sourced with USPS express air shipping (7-10 days).</p>",LuminaTech,electronics,electronics,"electronics, electronics, unisex, dropshipping, bestseller",true,Color,Matte Black,Size,Standard Fit,SY-SY-PROD-2383,500,shopify,17,deny,manual,41.38,68.14,true,true,https://images.unsplash.com/photo-1600003014755-ba31aa59c4b6?auto=format&fit=crop&w=800&q=80,1,active
sonicwave-audio-ultra-slim-amoled-bluetooth-calling-smartwatch-pure,SonicWave Audio Ultra-Slim AMOLED Bluetooth Calling Smartwatch (Pure),"<p>High-demand SonicWave Audio SonicWave Audio Ultra-Slim AMOLED Bluetooth Calling Smartwatch (Pure). Designed for superior performance, comfort and style. Sourced with USPS express air shipping (7-10 days).</p>",SonicWave Audio,electronics,electronics,"electronics, electronics, unisex, dropshipping, bestseller",true,Color,Titanium Silver,Size,44mm Dial,SY-SY-PROD-2384,500,shopify,18,deny,manual,52.75,85.76,true,true,https://images.unsplash.com/photo-1583394838336-acd977736f90?auto=format&fit=crop&w=800&q=80,1,active
luminatech-100w-4-port-gan-fast-travel-wall-charger-essential,LuminaTech 100W 4-Port GaN Fast Travel Wall Charger (Essential),"<p>High-demand LuminaTech LuminaTech 100W 4-Port GaN Fast Travel Wall Charger (Essential). Designed for superior performance, comfort and style. Sourced with USPS express air shipping (7-10 days).</p>",LuminaTech,electronics,electronics,"electronics, electronics, unisex, dropshipping, bestseller",true,Color,Graphite Black,Size,Universal US/UK,SY-SY-PROD-2385,500,shopify,19,deny,manual,39.12,64.64,true,true,https://images.unsplash.com/photo-1527864550417-7fd91fc51a46?auto=format&fit=crop&w=800&q=80,1,active
sonicwave-audio-15w-magsafe-fast-magnetic-wireless-power-bank-10-000mah-pro,"SonicWave Audio 15W MagSafe Fast Magnetic Wireless Power Bank (10,000mAh) (Pro)","<p>High-demand SonicWave Audio SonicWave Audio 15W MagSafe Fast Magnetic Wireless Power Bank (10,000mAh) (Pro). Designed for superior performance, comfort and style. Sourced with USPS express air shipping (7-10 days).</p>",SonicWave Audio,electronics,electronics,"electronics, electronics, unisex, dropshipping, bestseller",true,Color,Space Gray,Size,Pocket Slim,SY-SY-PROD-2386,500,shopify,5,deny,manual,46.49,76.06,true,true,https://images.unsplash.com/photo-1505740420928-5e560c06d30e?auto=format&fit=crop&w=800&q=80,1,active
luminatech-hi-fi-360-waterproof-bluetooth-outdoor-speaker-elite,LuminaTech Hi-Fi 360° Waterproof Bluetooth Outdoor Speaker (Elite),"<p>High-demand LuminaTech LuminaTech Hi-Fi 360° Waterproof Bluetooth Outdoor Speaker (Elite). Designed for superior performance, comfort and style. Sourced with USPS express air shipping (7-10 days).</p>",LuminaTech,electronics,electronics,"electronics, electronics, unisex, dropshipping, bestseller",true,Color,Rugged Camo,Size,Standard,SY-SY-PROD-2387,500,shopify,6,deny,manual,64.86,104.53,true,true,https://images.unsplash.com/photo-1572569511254-d8f925fe2cbb?auto=format&fit=crop&w=800&q=80,1,active
sonicwave-audio-ergonomic-vertical-silent-wireless-mouse-rgb-classic,SonicWave Audio Ergonomic Vertical Silent Wireless Mouse (RGB) (Classic),"<p>High-demand SonicWave Audio SonicWave Audio Ergonomic Vertical Silent Wireless Mouse (RGB) (Classic). Designed for superior performance, comfort and style. Sourced with USPS express air shipping (7-10 days).</p>",SonicWave Audio,electronics,electronics,"electronics, electronics, unisex, dropshipping, bestseller",true,Color,Matte Black,Size,Right Hand Ergonomic,SY-SY-PROD-2388,500,shopify,7,deny,manual,33.23,55.51,true,true,https://images.unsplash.com/photo-1546868871-7041f2a55e12?auto=format&fit=crop&w=800&q=80,1,active
luminatech-smart-sleep-eye-mask-with-bluetooth-built-in-speakers-series-2,LuminaTech Smart Sleep Eye Mask with Bluetooth Built-in Speakers (Series 2),"<p>High-demand LuminaTech LuminaTech Smart Sleep Eye Mask with Bluetooth Built-in Speakers (Series 2). Designed for superior performance, comfort and style. Sourced with USPS express air shipping (7-10 days).</p>",LuminaTech,electronics,electronics,"electronics, electronics, unisex, dropshipping, bestseller",true,Color,Night Black,Size,Adjustable Band,SY-SY-PROD-2389,500,shopify,8,deny,manual,49.60,80.88,true,true,https://images.unsplash.com/photo-1600003014755-ba31aa59c4b6?auto=format&fit=crop&w=800&q=80,1,active
sonicwave-audio-active-noise-cancelling-wireless-tws-earbuds-air,SonicWave Audio Active Noise Cancelling Wireless TWS Earbuds (Air),"<p>High-demand SonicWave Audio SonicWave Audio Active Noise Cancelling Wireless TWS Earbuds (Air). Designed for superior performance, comfort and style. Sourced with USPS express air shipping (7-10 days).</p>",SonicWave Audio,electronics,electronics,"electronics, electronics, unisex, dropshipping, bestseller",true,Color,Matte Black,Size,Standard Fit,SY-SY-PROD-2390,500,shopify,9,deny,manual,50.97,83.00,true,true,https://images.unsplash.com/photo-1583394838336-acd977736f90?auto=format&fit=crop&w=800&q=80,1,active
luminatech-ultra-slim-amoled-bluetooth-calling-smartwatch-signature,LuminaTech Ultra-Slim AMOLED Bluetooth Calling Smartwatch (Signature),"<p>High-demand LuminaTech LuminaTech Ultra-Slim AMOLED Bluetooth Calling Smartwatch (Signature). Designed for superior performance, comfort and style. Sourced with USPS express air shipping (7-10 days).</p>",LuminaTech,electronics,electronics,"electronics, electronics, unisex, dropshipping, bestseller",true,Color,Titanium Silver,Size,44mm Dial,SY-SY-PROD-2391,500,shopify,10,deny,manual,62.34,100.63,true,true,https://images.unsplash.com/photo-1527864550417-7fd91fc51a46?auto=format&fit=crop&w=800&q=80,1,active
sonicwave-audio-100w-4-port-gan-fast-travel-wall-charger-v2,SonicWave Audio 100W 4-Port GaN Fast Travel Wall Charger (V2),"<p>High-demand SonicWave Audio SonicWave Audio 100W 4-Port GaN Fast Travel Wall Charger (V2). Designed for superior performance, comfort and style. Sourced with USPS express air shipping (7-10 days).</p>",SonicWave Audio,electronics,electronics,"electronics, electronics, unisex, dropshipping, bestseller",true,Color,Graphite Black,Size,Universal US/UK,SY-SY-PROD-2392,500,shopify,11,deny,manual,48.71,79.50,true,true,https://images.unsplash.com/photo-1505740420928-5e560c06d30e?auto=format&fit=crop&w=800&q=80,1,active
luminatech-15w-magsafe-fast-magnetic-wireless-power-bank-10-000mah-luxe,"LuminaTech 15W MagSafe Fast Magnetic Wireless Power Bank (10,000mAh) (Luxe)","<p>High-demand LuminaTech LuminaTech 15W MagSafe Fast Magnetic Wireless Power Bank (10,000mAh) (Luxe). Designed for superior performance, comfort and style. Sourced with USPS express air shipping (7-10 days).</p>",LuminaTech,electronics,electronics,"electronics, electronics, unisex, dropshipping, bestseller",true,Color,Space Gray,Size,Pocket Slim,SY-SY-PROD-2393,500,shopify,12,deny,manual,56.08,90.92,true,true,https://images.unsplash.com/photo-1572569511254-d8f925fe2cbb?auto=format&fit=crop&w=800&q=80,1,active
sonicwave-audio-hi-fi-360-waterproof-bluetooth-outdoor-speaker-pure,SonicWave Audio Hi-Fi 360° Waterproof Bluetooth Outdoor Speaker (Pure),"<p>High-demand SonicWave Audio SonicWave Audio Hi-Fi 360° Waterproof Bluetooth Outdoor Speaker (Pure). Designed for superior performance, comfort and style. Sourced with USPS express air shipping (7-10 days).</p>",SonicWave Audio,electronics,electronics,"electronics, electronics, unisex, dropshipping, bestseller",true,Color,Rugged Camo,Size,Standard,SY-SY-PROD-2394,500,shopify,13,deny,manual,74.45,119.40,true,true,https://images.unsplash.com/photo-1546868871-7041f2a55e12?auto=format&fit=crop&w=800&q=80,1,active
luminatech-ergonomic-vertical-silent-wireless-mouse-rgb-essential,LuminaTech Ergonomic Vertical Silent Wireless Mouse (RGB) (Essential),"<p>High-demand LuminaTech LuminaTech Ergonomic Vertical Silent Wireless Mouse (RGB) (Essential). Designed for superior performance, comfort and style. Sourced with USPS express air shipping (7-10 days).</p>",LuminaTech,electronics,electronics,"electronics, electronics, unisex, dropshipping, bestseller",true,Color,Matte Black,Size,Right Hand Ergonomic,SY-SY-PROD-2395,500,shopify,14,deny,manual,42.82,70.37,true,true,https://images.unsplash.com/photo-1600003014755-ba31aa59c4b6?auto=format&fit=crop&w=800&q=80,1,active
sonicwave-audio-smart-sleep-eye-mask-with-bluetooth-built-in-speakers-pro,SonicWave Audio Smart Sleep Eye Mask with Bluetooth Built-in Speakers (Pro),"<p>High-demand SonicWave Audio SonicWave Audio Smart Sleep Eye Mask with Bluetooth Built-in Speakers (Pro). Designed for superior performance, comfort and style. Sourced with USPS express air shipping (7-10 days).</p>",SonicWave Audio,electronics,electronics,"electronics, electronics, unisex, dropshipping, bestseller",true,Color,Night Black,Size,Adjustable Band,SY-SY-PROD-2396,500,shopify,15,deny,manual,38.19,63.19,true,true,https://images.unsplash.com/photo-1583394838336-acd977736f90?auto=format&fit=crop&w=800&q=80,1,active
luminatech-active-noise-cancelling-wireless-tws-earbuds-elite,LuminaTech Active Noise Cancelling Wireless TWS Earbuds (Elite),"<p>High-demand LuminaTech LuminaTech Active Noise Cancelling Wireless TWS Earbuds (Elite). Designed for superior performance, comfort and style. Sourced with USPS express air shipping (7-10 days).</p>",LuminaTech,electronics,electronics,"electronics, electronics, unisex, dropshipping, bestseller",true,Color,Matte Black,Size,Standard Fit,SY-SY-PROD-2397,500,shopify,16,deny,manual,60.56,97.87,true,true,https://images.unsplash.com/photo-1527864550417-7fd91fc51a46?auto=format&fit=crop&w=800&q=80,1,active
sonicwave-audio-ultra-slim-amoled-bluetooth-calling-smartwatch-classic,SonicWave Audio Ultra-Slim AMOLED Bluetooth Calling Smartwatch (Classic),"<p>High-demand SonicWave Audio SonicWave Audio Ultra-Slim AMOLED Bluetooth Calling Smartwatch (Classic). Designed for superior performance, comfort and style. Sourced with USPS express air shipping (7-10 days).</p>",SonicWave Audio,electronics,electronics,"electronics, electronics, unisex, dropshipping, bestseller",true,Color,Titanium Silver,Size,44mm Dial,SY-SY-PROD-2398,500,shopify,17,deny,manual,71.93,115.49,true,true,https://images.unsplash.com/photo-1505740420928-5e560c06d30e?auto=format&fit=crop&w=800&q=80,1,active
luminatech-100w-4-port-gan-fast-travel-wall-charger-series-2,LuminaTech 100W 4-Port GaN Fast Travel Wall Charger (Series 2),"<p>High-demand LuminaTech LuminaTech 100W 4-Port GaN Fast Travel Wall Charger (Series 2). Designed for superior performance, comfort and style. Sourced with USPS express air shipping (7-10 days).</p>",LuminaTech,electronics,electronics,"electronics, electronics, unisex, dropshipping, bestseller",true,Color,Graphite Black,Size,Universal US/UK,SY-SY-PROD-2399,500,shopify,18,deny,manual,36.30,60.27,true,true,https://images.unsplash.com/photo-1572569511254-d8f925fe2cbb?auto=format&fit=crop&w=800&q=80,1,active
sonicwave-audio-15w-magsafe-fast-magnetic-wireless-power-bank-10-000mah-air,"SonicWave Audio 15W MagSafe Fast Magnetic Wireless Power Bank (10,000mAh) (Air)","<p>High-demand SonicWave Audio SonicWave Audio 15W MagSafe Fast Magnetic Wireless Power Bank (10,000mAh) (Air). Designed for superior performance, comfort and style. Sourced with USPS express air shipping (7-10 days).</p>",SonicWave Audio,electronics,electronics,"electronics, electronics, unisex, dropshipping, bestseller",true,Color,Space Gray,Size,Pocket Slim,SY-SY-PROD-2400,500,shopify,19,deny,manual,37.67,62.39,true,true,https://images.unsplash.com/photo-1546868871-7041f2a55e12?auto=format&fit=crop&w=800&q=80,1,active
luminatech-hi-fi-360-waterproof-bluetooth-outdoor-speaker-signature,LuminaTech Hi-Fi 360° Waterproof Bluetooth Outdoor Speaker (Signature),"<p>High-demand LuminaTech LuminaTech Hi-Fi 360° Waterproof Bluetooth Outdoor Speaker (Signature). Designed for superior performance, comfort and style. Sourced with USPS express air shipping (7-10 days).</p>",LuminaTech,electronics,electronics,"electronics, electronics, unisex, dropshipping, bestseller",true,Color,Rugged Camo,Size,Standard,SY-SY-PROD-2401,500,shopify,5,deny,manual,47.04,76.91,true,true,https://images.unsplash.com/photo-1600003014755-ba31aa59c4b6?auto=format&fit=crop&w=800&q=80,1,active
sonicwave-audio-ergonomic-vertical-silent-wireless-mouse-rgb-v2,SonicWave Audio Ergonomic Vertical Silent Wireless Mouse (RGB) (V2),"<p>High-demand SonicWave Audio SonicWave Audio Ergonomic Vertical Silent Wireless Mouse (RGB) (V2). Designed for superior performance, comfort and style. Sourced with USPS express air shipping (7-10 days).</p>",SonicWave Audio,electronics,electronics,"electronics, electronics, unisex, dropshipping, bestseller",true,Color,Matte Black,Size,Right Hand Ergonomic,SY-SY-PROD-2402,500,shopify,6,deny,manual,32.41,54.24,true,true,https://images.unsplash.com/photo-1583394838336-acd977736f90?auto=format&fit=crop&w=800&q=80,1,active
luminatech-smart-sleep-eye-mask-with-bluetooth-built-in-speakers-luxe,LuminaTech Smart Sleep Eye Mask with Bluetooth Built-in Speakers (Luxe),"<p>High-demand LuminaTech LuminaTech Smart Sleep Eye Mask with Bluetooth Built-in Speakers (Luxe). Designed for superior performance, comfort and style. Sourced with USPS express air shipping (7-10 days).</p>",LuminaTech,electronics,electronics,"electronics, electronics, unisex, dropshipping, bestseller",true,Color,Night Black,Size,Adjustable Band,SY-SY-PROD-2403,500,shopify,7,deny,manual,47.78,78.06,true,true,https://images.unsplash.com/photo-1527864550417-7fd91fc51a46?auto=format&fit=crop&w=800&q=80,1,active
sonicwave-audio-active-noise-cancelling-wireless-tws-earbuds-pure,SonicWave Audio Active Noise Cancelling Wireless TWS Earbuds (Pure),"<p>High-demand SonicWave Audio SonicWave Audio Active Noise Cancelling Wireless TWS Earbuds (Pure). Designed for superior performance, comfort and style. Sourced with USPS express air shipping (7-10 days).</p>",SonicWave Audio,electronics,electronics,"electronics, electronics, unisex, dropshipping, bestseller",true,Color,Matte Black,Size,Standard Fit,SY-SY-PROD-2404,500,shopify,8,deny,manual,70.15,112.73,true,true,https://images.unsplash.com/photo-1505740420928-5e560c06d30e?auto=format&fit=crop&w=800&q=80,1,active
luminatech-ultra-slim-amoled-bluetooth-calling-smartwatch-essential,LuminaTech Ultra-Slim AMOLED Bluetooth Calling Smartwatch (Essential),"<p>High-demand LuminaTech LuminaTech Ultra-Slim AMOLED Bluetooth Calling Smartwatch (Essential). Designed for superior performance, comfort and style. Sourced with USPS express air shipping (7-10 days).</p>",LuminaTech,electronics,electronics,"electronics, electronics, unisex, dropshipping, bestseller",true,Color,Titanium Silver,Size,44mm Dial,SY-SY-PROD-2405,500,shopify,9,deny,manual,81.52,130.36,true,true,https://images.unsplash.com/photo-1572569511254-d8f925fe2cbb?auto=format&fit=crop&w=800&q=80,1,active
sonicwave-audio-100w-4-port-gan-fast-travel-wall-charger-pro,SonicWave Audio 100W 4-Port GaN Fast Travel Wall Charger (Pro),"<p>High-demand SonicWave Audio SonicWave Audio 100W 4-Port GaN Fast Travel Wall Charger (Pro). Designed for superior performance, comfort and style. Sourced with USPS express air shipping (7-10 days).</p>",SonicWave Audio,electronics,electronics,"electronics, electronics, unisex, dropshipping, bestseller",true,Color,Graphite Black,Size,Universal US/UK,SY-SY-PROD-2406,500,shopify,10,deny,manual,45.89,75.13,true,true,https://images.unsplash.com/photo-1546868871-7041f2a55e12?auto=format&fit=crop&w=800&q=80,1,active
luminatech-15w-magsafe-fast-magnetic-wireless-power-bank-10-000mah-elite,"LuminaTech 15W MagSafe Fast Magnetic Wireless Power Bank (10,000mAh) (Elite)","<p>High-demand LuminaTech LuminaTech 15W MagSafe Fast Magnetic Wireless Power Bank (10,000mAh) (Elite). Designed for superior performance, comfort and style. Sourced with USPS express air shipping (7-10 days).</p>",LuminaTech,electronics,electronics,"electronics, electronics, unisex, dropshipping, bestseller",true,Color,Space Gray,Size,Pocket Slim,SY-SY-PROD-2407,500,shopify,11,deny,manual,47.26,77.25,true,true,https://images.unsplash.com/photo-1600003014755-ba31aa59c4b6?auto=format&fit=crop&w=800&q=80,1,active
sonicwave-audio-hi-fi-360-waterproof-bluetooth-outdoor-speaker-classic,SonicWave Audio Hi-Fi 360° Waterproof Bluetooth Outdoor Speaker (Classic),"<p>High-demand SonicWave Audio SonicWave Audio Hi-Fi 360° Waterproof Bluetooth Outdoor Speaker (Classic). Designed for superior performance, comfort and style. Sourced with USPS express air shipping (7-10 days).</p>",SonicWave Audio,electronics,electronics,"electronics, electronics, unisex, dropshipping, bestseller",true,Color,Rugged Camo,Size,Standard,SY-SY-PROD-2408,500,shopify,12,deny,manual,56.63,91.78,true,true,https://images.unsplash.com/photo-1583394838336-acd977736f90?auto=format&fit=crop&w=800&q=80,1,active
luminatech-ergonomic-vertical-silent-wireless-mouse-rgb-series-2,LuminaTech Ergonomic Vertical Silent Wireless Mouse (RGB) (Series 2),"<p>High-demand LuminaTech LuminaTech Ergonomic Vertical Silent Wireless Mouse (RGB) (Series 2). Designed for superior performance, comfort and style. Sourced with USPS express air shipping (7-10 days).</p>",LuminaTech,electronics,electronics,"electronics, electronics, unisex, dropshipping, bestseller",true,Color,Matte Black,Size,Right Hand Ergonomic,SY-SY-PROD-2409,500,shopify,13,deny,manual,42.00,69.10,true,true,https://images.unsplash.com/photo-1527864550417-7fd91fc51a46?auto=format&fit=crop&w=800&q=80,1,active
sonicwave-audio-smart-sleep-eye-mask-with-bluetooth-built-in-speakers-air,SonicWave Audio Smart Sleep Eye Mask with Bluetooth Built-in Speakers (Air),"<p>High-demand SonicWave Audio SonicWave Audio Smart Sleep Eye Mask with Bluetooth Built-in Speakers (Air). Designed for superior performance, comfort and style. Sourced with USPS express air shipping (7-10 days).</p>",SonicWave Audio,electronics,electronics,"electronics, electronics, unisex, dropshipping, bestseller",true,Color,Night Black,Size,Adjustable Band,SY-SY-PROD-2410,500,shopify,14,deny,manual,36.37,60.37,true,true,https://images.unsplash.com/photo-1505740420928-5e560c06d30e?auto=format&fit=crop&w=800&q=80,1,active
luminatech-active-noise-cancelling-wireless-tws-earbuds-signature,LuminaTech Active Noise Cancelling Wireless TWS Earbuds (Signature),"<p>High-demand LuminaTech LuminaTech Active Noise Cancelling Wireless TWS Earbuds (Signature). Designed for superior performance, comfort and style. Sourced with USPS express air shipping (7-10 days).</p>",LuminaTech,electronics,electronics,"electronics, electronics, unisex, dropshipping, bestseller",true,Color,Matte Black,Size,Standard Fit,SY-SY-PROD-2411,500,shopify,15,deny,manual,79.74,127.60,true,true,https://images.unsplash.com/photo-1572569511254-d8f925fe2cbb?auto=format&fit=crop&w=800&q=80,1,active
sonicwave-audio-ultra-slim-amoled-bluetooth-calling-smartwatch-v2,SonicWave Audio Ultra-Slim AMOLED Bluetooth Calling Smartwatch (V2),"<p>High-demand SonicWave Audio SonicWave Audio Ultra-Slim AMOLED Bluetooth Calling Smartwatch (V2). Designed for superior performance, comfort and style. Sourced with USPS express air shipping (7-10 days).</p>",SonicWave Audio,electronics,electronics,"electronics, electronics, unisex, dropshipping, bestseller",true,Color,Titanium Silver,Size,44mm Dial,SY-SY-PROD-2412,500,shopify,16,deny,manual,91.11,145.22,true,true,https://images.unsplash.com/photo-1546868871-7041f2a55e12?auto=format&fit=crop&w=800&q=80,1,active
luminatech-100w-4-port-gan-fast-travel-wall-charger-luxe,LuminaTech 100W 4-Port GaN Fast Travel Wall Charger (Luxe),"<p>High-demand LuminaTech LuminaTech 100W 4-Port GaN Fast Travel Wall Charger (Luxe). Designed for superior performance, comfort and style. Sourced with USPS express air shipping (7-10 days).</p>",LuminaTech,electronics,electronics,"electronics, electronics, unisex, dropshipping, bestseller",true,Color,Graphite Black,Size,Universal US/UK,SY-SY-PROD-2413,500,shopify,17,deny,manual,33.48,55.89,true,true,https://images.unsplash.com/photo-1600003014755-ba31aa59c4b6?auto=format&fit=crop&w=800&q=80,1,active
sonicwave-audio-15w-magsafe-fast-magnetic-wireless-power-bank-10-000mah-pure,"SonicWave Audio 15W MagSafe Fast Magnetic Wireless Power Bank (10,000mAh) (Pure)","<p>High-demand SonicWave Audio SonicWave Audio 15W MagSafe Fast Magnetic Wireless Power Bank (10,000mAh) (Pure). Designed for superior performance, comfort and style. Sourced with USPS express air shipping (7-10 days).</p>",SonicWave Audio,electronics,electronics,"electronics, electronics, unisex, dropshipping, bestseller",true,Color,Space Gray,Size,Pocket Slim,SY-SY-PROD-2414,500,shopify,18,deny,manual,56.85,92.12,true,true,https://images.unsplash.com/photo-1583394838336-acd977736f90?auto=format&fit=crop&w=800&q=80,1,active
luminatech-hi-fi-360-waterproof-bluetooth-outdoor-speaker-essential,LuminaTech Hi-Fi 360° Waterproof Bluetooth Outdoor Speaker (Essential),"<p>High-demand LuminaTech LuminaTech Hi-Fi 360° Waterproof Bluetooth Outdoor Speaker (Essential). Designed for superior performance, comfort and style. Sourced with USPS express air shipping (7-10 days).</p>",LuminaTech,electronics,electronics,"electronics, electronics, unisex, dropshipping, bestseller",true,Color,Rugged Camo,Size,Standard,SY-SY-PROD-2415,500,shopify,19,deny,manual,66.22,106.64,true,true,https://images.unsplash.com/photo-1527864550417-7fd91fc51a46?auto=format&fit=crop&w=800&q=80,1,active
sonicwave-audio-ergonomic-vertical-silent-wireless-mouse-rgb-pro,SonicWave Audio Ergonomic Vertical Silent Wireless Mouse (RGB) (Pro),"<p>High-demand SonicWave Audio SonicWave Audio Ergonomic Vertical Silent Wireless Mouse (RGB) (Pro). Designed for superior performance, comfort and style. Sourced with USPS express air shipping (7-10 days).</p>",SonicWave Audio,electronics,electronics,"electronics, electronics, unisex, dropshipping, bestseller",true,Color,Matte Black,Size,Right Hand Ergonomic,SY-SY-PROD-2416,500,shopify,5,deny,manual,31.59,52.96,true,true,https://images.unsplash.com/photo-1505740420928-5e560c06d30e?auto=format&fit=crop&w=800&q=80,1,active
luminatech-smart-sleep-eye-mask-with-bluetooth-built-in-speakers-elite,LuminaTech Smart Sleep Eye Mask with Bluetooth Built-in Speakers (Elite),"<p>High-demand LuminaTech LuminaTech Smart Sleep Eye Mask with Bluetooth Built-in Speakers (Elite). Designed for superior performance, comfort and style. Sourced with USPS express air shipping (7-10 days).</p>",LuminaTech,electronics,electronics,"electronics, electronics, unisex, dropshipping, bestseller",true,Color,Night Black,Size,Adjustable Band,SY-SY-PROD-2417,500,shopify,6,deny,manual,45.96,75.24,true,true,https://images.unsplash.com/photo-1572569511254-d8f925fe2cbb?auto=format&fit=crop&w=800&q=80,1,active
sonicwave-audio-active-noise-cancelling-wireless-tws-earbuds-classic,SonicWave Audio Active Noise Cancelling Wireless TWS Earbuds (Classic),"<p>High-demand SonicWave Audio SonicWave Audio Active Noise Cancelling Wireless TWS Earbuds (Classic). Designed for superior performance, comfort and style. Sourced with USPS express air shipping (7-10 days).</p>",SonicWave Audio,electronics,electronics,"electronics, electronics, unisex, dropshipping, bestseller",true,Color,Matte Black,Size,Standard Fit,SY-SY-PROD-2418,500,shopify,7,deny,manual,49.33,80.46,true,true,https://images.unsplash.com/photo-1546868871-7041f2a55e12?auto=format&fit=crop&w=800&q=80,1,active
luminatech-ultra-slim-amoled-bluetooth-calling-smartwatch-series-2,LuminaTech Ultra-Slim AMOLED Bluetooth Calling Smartwatch (Series 2),"<p>High-demand LuminaTech LuminaTech Ultra-Slim AMOLED Bluetooth Calling Smartwatch (Series 2). Designed for superior performance, comfort and style. Sourced with USPS express air shipping (7-10 days).</p>",LuminaTech,electronics,electronics,"electronics, electronics, unisex, dropshipping, bestseller",true,Color,Titanium Silver,Size,44mm Dial,SY-SY-PROD-2419,500,shopify,8,deny,manual,50.70,82.59,true,true,https://images.unsplash.com/photo-1600003014755-ba31aa59c4b6?auto=format&fit=crop&w=800&q=80,1,active
sonicwave-audio-100w-4-port-gan-fast-travel-wall-charger-air,SonicWave Audio 100W 4-Port GaN Fast Travel Wall Charger (Air),"<p>High-demand SonicWave Audio SonicWave Audio 100W 4-Port GaN Fast Travel Wall Charger (Air). Designed for superior performance, comfort and style. Sourced with USPS express air shipping (7-10 days).</p>",SonicWave Audio,electronics,electronics,"electronics, electronics, unisex, dropshipping, bestseller",true,Color,Graphite Black,Size,Universal US/UK,SY-SY-PROD-2420,500,shopify,9,deny,manual,43.07,70.76,true,true,https://images.unsplash.com/photo-1583394838336-acd977736f90?auto=format&fit=crop&w=800&q=80,1,active
luminatech-15w-magsafe-fast-magnetic-wireless-power-bank-10-000mah-signature,"LuminaTech 15W MagSafe Fast Magnetic Wireless Power Bank (10,000mAh) (Signature)","<p>High-demand LuminaTech LuminaTech 15W MagSafe Fast Magnetic Wireless Power Bank (10,000mAh) (Signature). Designed for superior performance, comfort and style. Sourced with USPS express air shipping (7-10 days).</p>",LuminaTech,electronics,electronics,"electronics, electronics, unisex, dropshipping, bestseller",true,Color,Space Gray,Size,Pocket Slim,SY-SY-PROD-2421,500,shopify,10,deny,manual,38.44,63.58,true,true,https://images.unsplash.com/photo-1527864550417-7fd91fc51a46?auto=format&fit=crop&w=800&q=80,1,active
sonicwave-audio-hi-fi-360-waterproof-bluetooth-outdoor-speaker-v2,SonicWave Audio Hi-Fi 360° Waterproof Bluetooth Outdoor Speaker (V2),"<p>High-demand SonicWave Audio SonicWave Audio Hi-Fi 360° Waterproof Bluetooth Outdoor Speaker (V2). Designed for superior performance, comfort and style. Sourced with USPS express air shipping (7-10 days).</p>",SonicWave Audio,electronics,electronics,"electronics, electronics, unisex, dropshipping, bestseller",true,Color,Rugged Camo,Size,Standard,SY-SY-PROD-2422,500,shopify,11,deny,manual,75.81,121.51,true,true,https://images.unsplash.com/photo-1505740420928-5e560c06d30e?auto=format&fit=crop&w=800&q=80,1,active
luminatech-ergonomic-vertical-silent-wireless-mouse-rgb-luxe,LuminaTech Ergonomic Vertical Silent Wireless Mouse (RGB) (Luxe),"<p>High-demand LuminaTech LuminaTech Ergonomic Vertical Silent Wireless Mouse (RGB) (Luxe). Designed for superior performance, comfort and style. Sourced with USPS express air shipping (7-10 days).</p>",LuminaTech,electronics,electronics,"electronics, electronics, unisex, dropshipping, bestseller",true,Color,Matte Black,Size,Right Hand Ergonomic,SY-SY-PROD-2423,500,shopify,12,deny,manual,41.18,67.83,true,true,https://images.unsplash.com/photo-1572569511254-d8f925fe2cbb?auto=format&fit=crop&w=800&q=80,1,active
sonicwave-audio-smart-sleep-eye-mask-with-bluetooth-built-in-speakers-pure,SonicWave Audio Smart Sleep Eye Mask with Bluetooth Built-in Speakers (Pure),"<p>High-demand SonicWave Audio SonicWave Audio Smart Sleep Eye Mask with Bluetooth Built-in Speakers (Pure). Designed for superior performance, comfort and style. Sourced with USPS express air shipping (7-10 days).</p>",SonicWave Audio,electronics,electronics,"electronics, electronics, unisex, dropshipping, bestseller",true,Color,Night Black,Size,Adjustable Band,SY-SY-PROD-2424,500,shopify,13,deny,manual,34.55,57.55,true,true,https://images.unsplash.com/photo-1546868871-7041f2a55e12?auto=format&fit=crop&w=800&q=80,1,active
luminatech-active-noise-cancelling-wireless-tws-earbuds-essential,LuminaTech Active Noise Cancelling Wireless TWS Earbuds (Essential),"<p>High-demand LuminaTech LuminaTech Active Noise Cancelling Wireless TWS Earbuds (Essential). Designed for superior performance, comfort and style. Sourced with USPS express air shipping (7-10 days).</p>",LuminaTech,electronics,electronics,"electronics, electronics, unisex, dropshipping, bestseller",true,Color,Matte Black,Size,Standard Fit,SY-SY-PROD-2425,500,shopify,14,deny,manual,58.92,95.33,true,true,https://images.unsplash.com/photo-1600003014755-ba31aa59c4b6?auto=format&fit=crop&w=800&q=80,1,active
sonicwave-audio-ultra-slim-amoled-bluetooth-calling-smartwatch-pro,SonicWave Audio Ultra-Slim AMOLED Bluetooth Calling Smartwatch (Pro),"<p>High-demand SonicWave Audio SonicWave Audio Ultra-Slim AMOLED Bluetooth Calling Smartwatch (Pro). Designed for superior performance, comfort and style. Sourced with USPS express air shipping (7-10 days).</p>",SonicWave Audio,electronics,electronics,"electronics, electronics, unisex, dropshipping, bestseller",true,Color,Titanium Silver,Size,44mm Dial,SY-SY-PROD-2426,500,shopify,15,deny,manual,60.29,97.45,true,true,https://images.unsplash.com/photo-1583394838336-acd977736f90?auto=format&fit=crop&w=800&q=80,1,active
luminatech-100w-4-port-gan-fast-travel-wall-charger-elite,LuminaTech 100W 4-Port GaN Fast Travel Wall Charger (Elite),"<p>High-demand LuminaTech LuminaTech 100W 4-Port GaN Fast Travel Wall Charger (Elite). Designed for superior performance, comfort and style. Sourced with USPS express air shipping (7-10 days).</p>",LuminaTech,electronics,electronics,"electronics, electronics, unisex, dropshipping, bestseller",true,Color,Graphite Black,Size,Universal US/UK,SY-SY-PROD-2427,500,shopify,16,deny,manual,52.66,85.62,true,true,https://images.unsplash.com/photo-1527864550417-7fd91fc51a46?auto=format&fit=crop&w=800&q=80,1,active
sonicwave-audio-15w-magsafe-fast-magnetic-wireless-power-bank-10-000mah-classic,"SonicWave Audio 15W MagSafe Fast Magnetic Wireless Power Bank (10,000mAh) (Classic)","<p>High-demand SonicWave Audio SonicWave Audio 15W MagSafe Fast Magnetic Wireless Power Bank (10,000mAh) (Classic). Designed for superior performance, comfort and style. Sourced with USPS express air shipping (7-10 days).</p>",SonicWave Audio,electronics,electronics,"electronics, electronics, unisex, dropshipping, bestseller",true,Color,Space Gray,Size,Pocket Slim,SY-SY-PROD-2428,500,shopify,17,deny,manual,48.03,78.45,true,true,https://images.unsplash.com/photo-1505740420928-5e560c06d30e?auto=format&fit=crop&w=800&q=80,1,active
luminatech-hi-fi-360-waterproof-bluetooth-outdoor-speaker-series-2,LuminaTech Hi-Fi 360° Waterproof Bluetooth Outdoor Speaker (Series 2),"<p>High-demand LuminaTech LuminaTech Hi-Fi 360° Waterproof Bluetooth Outdoor Speaker (Series 2). Designed for superior performance, comfort and style. Sourced with USPS express air shipping (7-10 days).</p>",LuminaTech,electronics,electronics,"electronics, electronics, unisex, dropshipping, bestseller",true,Color,Rugged Camo,Size,Standard,SY-SY-PROD-2429,500,shopify,18,deny,manual,48.40,79.02,true,true,https://images.unsplash.com/photo-1572569511254-d8f925fe2cbb?auto=format&fit=crop&w=800&q=80,1,active
sonicwave-audio-ergonomic-vertical-silent-wireless-mouse-rgb-air,SonicWave Audio Ergonomic Vertical Silent Wireless Mouse (RGB) (Air),"<p>High-demand SonicWave Audio SonicWave Audio Ergonomic Vertical Silent Wireless Mouse (RGB) (Air). Designed for superior performance, comfort and style. Sourced with USPS express air shipping (7-10 days).</p>",SonicWave Audio,electronics,electronics,"electronics, electronics, unisex, dropshipping, bestseller",true,Color,Matte Black,Size,Right Hand Ergonomic,SY-SY-PROD-2430,500,shopify,19,deny,manual,30.77,51.69,true,true,https://images.unsplash.com/photo-1546868871-7041f2a55e12?auto=format&fit=crop&w=800&q=80,1,active
luminatech-smart-sleep-eye-mask-with-bluetooth-built-in-speakers-signature,LuminaTech Smart Sleep Eye Mask with Bluetooth Built-in Speakers (Signature),"<p>High-demand LuminaTech LuminaTech Smart Sleep Eye Mask with Bluetooth Built-in Speakers (Signature). Designed for superior performance, comfort and style. Sourced with USPS express air shipping (7-10 days).</p>",LuminaTech,electronics,electronics,"electronics, electronics, unisex, dropshipping, bestseller",true,Color,Night Black,Size,Adjustable Band,SY-SY-PROD-2431,500,shopify,5,deny,manual,44.14,72.42,true,true,https://images.unsplash.com/photo-1600003014755-ba31aa59c4b6?auto=format&fit=crop&w=800&q=80,1,active
sonicwave-audio-active-noise-cancelling-wireless-tws-earbuds-v2,SonicWave Audio Active Noise Cancelling Wireless TWS Earbuds (V2),"<p>High-demand SonicWave Audio SonicWave Audio Active Noise Cancelling Wireless TWS Earbuds (V2). Designed for superior performance, comfort and style. Sourced with USPS express air shipping (7-10 days).</p>",SonicWave Audio,electronics,electronics,"electronics, electronics, unisex, dropshipping, bestseller",true,Color,Matte Black,Size,Standard Fit,SY-SY-PROD-2432,500,shopify,6,deny,manual,68.51,110.19,true,true,https://images.unsplash.com/photo-1583394838336-acd977736f90?auto=format&fit=crop&w=800&q=80,1,active
luminatech-ultra-slim-amoled-bluetooth-calling-smartwatch-luxe,LuminaTech Ultra-Slim AMOLED Bluetooth Calling Smartwatch (Luxe),"<p>High-demand LuminaTech LuminaTech Ultra-Slim AMOLED Bluetooth Calling Smartwatch (Luxe). Designed for superior performance, comfort and style. Sourced with USPS express air shipping (7-10 days).</p>",LuminaTech,electronics,electronics,"electronics, electronics, unisex, dropshipping, bestseller",true,Color,Titanium Silver,Size,44mm Dial,SY-SY-PROD-2433,500,shopify,7,deny,manual,69.88,112.31,true,true,https://images.unsplash.com/photo-1527864550417-7fd91fc51a46?auto=format&fit=crop&w=800&q=80,1,active
sonicwave-audio-100w-4-port-gan-fast-travel-wall-charger-pure,SonicWave Audio 100W 4-Port GaN Fast Travel Wall Charger (Pure),"<p>High-demand SonicWave Audio SonicWave Audio 100W 4-Port GaN Fast Travel Wall Charger (Pure). Designed for superior performance, comfort and style. Sourced with USPS express air shipping (7-10 days).</p>",SonicWave Audio,electronics,electronics,"electronics, electronics, unisex, dropshipping, bestseller",true,Color,Graphite Black,Size,Universal US/UK,SY-SY-PROD-2434,500,shopify,8,deny,manual,40.25,66.39,true,true,https://images.unsplash.com/photo-1505740420928-5e560c06d30e?auto=format&fit=crop&w=800&q=80,1,active
luminatech-15w-magsafe-fast-magnetic-wireless-power-bank-10-000mah-essential,"LuminaTech 15W MagSafe Fast Magnetic Wireless Power Bank (10,000mAh) (Essential)","<p>High-demand LuminaTech LuminaTech 15W MagSafe Fast Magnetic Wireless Power Bank (10,000mAh) (Essential). Designed for superior performance, comfort and style. Sourced with USPS express air shipping (7-10 days).</p>",LuminaTech,electronics,electronics,"electronics, electronics, unisex, dropshipping, bestseller",true,Color,Space Gray,Size,Pocket Slim,SY-SY-PROD-2435,500,shopify,9,deny,manual,57.62,93.31,true,true,https://images.unsplash.com/photo-1572569511254-d8f925fe2cbb?auto=format&fit=crop&w=800&q=80,1,active
sonicwave-audio-hi-fi-360-waterproof-bluetooth-outdoor-speaker-pro,SonicWave Audio Hi-Fi 360° Waterproof Bluetooth Outdoor Speaker (Pro),"<p>High-demand SonicWave Audio SonicWave Audio Hi-Fi 360° Waterproof Bluetooth Outdoor Speaker (Pro). Designed for superior performance, comfort and style. Sourced with USPS express air shipping (7-10 days).</p>",SonicWave Audio,electronics,electronics,"electronics, electronics, unisex, dropshipping, bestseller",true,Color,Rugged Camo,Size,Standard,SY-SY-PROD-2436,500,shopify,10,deny,manual,57.99,93.88,true,true,https://images.unsplash.com/photo-1546868871-7041f2a55e12?auto=format&fit=crop&w=800&q=80,1,active
luminatech-ergonomic-vertical-silent-wireless-mouse-rgb-elite,LuminaTech Ergonomic Vertical Silent Wireless Mouse (RGB) (Elite),"<p>High-demand LuminaTech LuminaTech Ergonomic Vertical Silent Wireless Mouse (RGB) (Elite). Designed for superior performance, comfort and style. Sourced with USPS express air shipping (7-10 days).</p>",LuminaTech,electronics,electronics,"electronics, electronics, unisex, dropshipping, bestseller",true,Color,Matte Black,Size,Right Hand Ergonomic,SY-SY-PROD-2437,500,shopify,11,deny,manual,40.36,66.56,true,true,https://images.unsplash.com/photo-1600003014755-ba31aa59c4b6?auto=format&fit=crop&w=800&q=80,1,active
sonicwave-audio-smart-sleep-eye-mask-with-bluetooth-built-in-speakers-classic,SonicWave Audio Smart Sleep Eye Mask with Bluetooth Built-in Speakers (Classic),"<p>High-demand SonicWave Audio SonicWave Audio Smart Sleep Eye Mask with Bluetooth Built-in Speakers (Classic). Designed for superior performance, comfort and style. Sourced with USPS express air shipping (7-10 days).</p>",SonicWave Audio,electronics,electronics,"electronics, electronics, unisex, dropshipping, bestseller",true,Color,Night Black,Size,Adjustable Band,SY-SY-PROD-2438,500,shopify,12,deny,manual,32.73,54.73,true,true,https://images.unsplash.com/photo-1583394838336-acd977736f90?auto=format&fit=crop&w=800&q=80,1,active
luminatech-active-noise-cancelling-wireless-tws-earbuds-series-2,LuminaTech Active Noise Cancelling Wireless TWS Earbuds (Series 2),"<p>High-demand LuminaTech LuminaTech Active Noise Cancelling Wireless TWS Earbuds (Series 2). Designed for superior performance, comfort and style. Sourced with USPS express air shipping (7-10 days).</p>",LuminaTech,electronics,electronics,"electronics, electronics, unisex, dropshipping, bestseller",true,Color,Matte Black,Size,Standard Fit,SY-SY-PROD-2439,500,shopify,13,deny,manual,78.10,125.05,true,true,https://images.unsplash.com/photo-1527864550417-7fd91fc51a46?auto=format&fit=crop&w=800&q=80,1,active
sonicwave-audio-ultra-slim-amoled-bluetooth-calling-smartwatch-air,SonicWave Audio Ultra-Slim AMOLED Bluetooth Calling Smartwatch (Air),"<p>High-demand SonicWave Audio SonicWave Audio Ultra-Slim AMOLED Bluetooth Calling Smartwatch (Air). Designed for superior performance, comfort and style. Sourced with USPS express air shipping (7-10 days).</p>",SonicWave Audio,electronics,electronics,"electronics, electronics, unisex, dropshipping, bestseller",true,Color,Titanium Silver,Size,44mm Dial,SY-SY-PROD-2440,500,shopify,14,deny,manual,79.47,127.18,true,true,https://images.unsplash.com/photo-1505740420928-5e560c06d30e?auto=format&fit=crop&w=800&q=80,1,active
luminatech-100w-4-port-gan-fast-travel-wall-charger-signature,LuminaTech 100W 4-Port GaN Fast Travel Wall Charger (Signature),"<p>High-demand LuminaTech LuminaTech 100W 4-Port GaN Fast Travel Wall Charger (Signature). Designed for superior performance, comfort and style. Sourced with USPS express air shipping (7-10 days).</p>",LuminaTech,electronics,electronics,"electronics, electronics, unisex, dropshipping, bestseller",true,Color,Graphite Black,Size,Universal US/UK,SY-SY-PROD-2441,500,shopify,15,deny,manual,49.84,81.25,true,true,https://images.unsplash.com/photo-1572569511254-d8f925fe2cbb?auto=format&fit=crop&w=800&q=80,1,active
sonicwave-audio-15w-magsafe-fast-magnetic-wireless-power-bank-10-000mah-v2,"SonicWave Audio 15W MagSafe Fast Magnetic Wireless Power Bank (10,000mAh) (V2)","<p>High-demand SonicWave Audio SonicWave Audio 15W MagSafe Fast Magnetic Wireless Power Bank (10,000mAh) (V2). Designed for superior performance, comfort and style. Sourced with USPS express air shipping (7-10 days).</p>",SonicWave Audio,electronics,electronics,"electronics, electronics, unisex, dropshipping, bestseller",true,Color,Space Gray,Size,Pocket Slim,SY-SY-PROD-2442,500,shopify,16,deny,manual,39.21,64.78,true,true,https://images.unsplash.com/photo-1546868871-7041f2a55e12?auto=format&fit=crop&w=800&q=80,1,active
luminatech-hi-fi-360-waterproof-bluetooth-outdoor-speaker-luxe,LuminaTech Hi-Fi 360° Waterproof Bluetooth Outdoor Speaker (Luxe),"<p>High-demand LuminaTech LuminaTech Hi-Fi 360° Waterproof Bluetooth Outdoor Speaker (Luxe). Designed for superior performance, comfort and style. Sourced with USPS express air shipping (7-10 days).</p>",LuminaTech,electronics,electronics,"electronics, electronics, unisex, dropshipping, bestseller",true,Color,Rugged Camo,Size,Standard,SY-SY-PROD-2443,500,shopify,17,deny,manual,67.58,108.75,true,true,https://images.unsplash.com/photo-1600003014755-ba31aa59c4b6?auto=format&fit=crop&w=800&q=80,1,active
sonicwave-audio-ergonomic-vertical-silent-wireless-mouse-rgb-pure,SonicWave Audio Ergonomic Vertical Silent Wireless Mouse (RGB) (Pure),"<p>High-demand SonicWave Audio SonicWave Audio Ergonomic Vertical Silent Wireless Mouse (RGB) (Pure). Designed for superior performance, comfort and style. Sourced with USPS express air shipping (7-10 days).</p>",SonicWave Audio,electronics,electronics,"electronics, electronics, unisex, dropshipping, bestseller",true,Color,Matte Black,Size,Right Hand Ergonomic,SY-SY-PROD-2444,500,shopify,18,deny,manual,29.95,50.42,true,true,https://images.unsplash.com/photo-1583394838336-acd977736f90?auto=format&fit=crop&w=800&q=80,1,active
luminatech-smart-sleep-eye-mask-with-bluetooth-built-in-speakers-essential,LuminaTech Smart Sleep Eye Mask with Bluetooth Built-in Speakers (Essential),"<p>High-demand LuminaTech LuminaTech Smart Sleep Eye Mask with Bluetooth Built-in Speakers (Essential). Designed for superior performance, comfort and style. Sourced with USPS express air shipping (7-10 days).</p>",LuminaTech,electronics,electronics,"electronics, electronics, unisex, dropshipping, bestseller",true,Color,Night Black,Size,Adjustable Band,SY-SY-PROD-2445,500,shopify,19,deny,manual,42.32,69.60,true,true,https://images.unsplash.com/photo-1527864550417-7fd91fc51a46?auto=format&fit=crop&w=800&q=80,1,active
sonicwave-audio-active-noise-cancelling-wireless-tws-earbuds-pro,SonicWave Audio Active Noise Cancelling Wireless TWS Earbuds (Pro),"<p>High-demand SonicWave Audio SonicWave Audio Active Noise Cancelling Wireless TWS Earbuds (Pro). Designed for superior performance, comfort and style. Sourced with USPS express air shipping (7-10 days).</p>",SonicWave Audio,electronics,electronics,"electronics, electronics, unisex, dropshipping, bestseller",true,Color,Matte Black,Size,Standard Fit,SY-SY-PROD-2446,500,shopify,5,deny,manual,47.69,77.92,true,true,https://images.unsplash.com/photo-1505740420928-5e560c06d30e?auto=format&fit=crop&w=800&q=80,1,active
luminatech-ultra-slim-amoled-bluetooth-calling-smartwatch-elite,LuminaTech Ultra-Slim AMOLED Bluetooth Calling Smartwatch (Elite),"<p>High-demand LuminaTech LuminaTech Ultra-Slim AMOLED Bluetooth Calling Smartwatch (Elite). Designed for superior performance, comfort and style. Sourced with USPS express air shipping (7-10 days).</p>",LuminaTech,electronics,electronics,"electronics, electronics, unisex, dropshipping, bestseller",true,Color,Titanium Silver,Size,44mm Dial,SY-SY-PROD-2447,500,shopify,6,deny,manual,89.06,142.04,true,true,https://images.unsplash.com/photo-1572569511254-d8f925fe2cbb?auto=format&fit=crop&w=800&q=80,1,active
sonicwave-audio-100w-4-port-gan-fast-travel-wall-charger-classic,SonicWave Audio 100W 4-Port GaN Fast Travel Wall Charger (Classic),"<p>High-demand SonicWave Audio SonicWave Audio 100W 4-Port GaN Fast Travel Wall Charger (Classic). Designed for superior performance, comfort and style. Sourced with USPS express air shipping (7-10 days).</p>",SonicWave Audio,electronics,electronics,"electronics, electronics, unisex, dropshipping, bestseller",true,Color,Graphite Black,Size,Universal US/UK,SY-SY-PROD-2448,500,shopify,7,deny,manual,37.43,62.02,true,true,https://images.unsplash.com/photo-1546868871-7041f2a55e12?auto=format&fit=crop&w=800&q=80,1,active
luminatech-15w-magsafe-fast-magnetic-wireless-power-bank-10-000mah-series-2,"LuminaTech 15W MagSafe Fast Magnetic Wireless Power Bank (10,000mAh) (Series 2)","<p>High-demand LuminaTech LuminaTech 15W MagSafe Fast Magnetic Wireless Power Bank (10,000mAh) (Series 2). Designed for superior performance, comfort and style. Sourced with USPS express air shipping (7-10 days).</p>",LuminaTech,electronics,electronics,"electronics, electronics, unisex, dropshipping, bestseller",true,Color,Space Gray,Size,Pocket Slim,SY-SY-PROD-2449,500,shopify,8,deny,manual,48.80,79.64,true,true,https://images.unsplash.com/photo-1600003014755-ba31aa59c4b6?auto=format&fit=crop&w=800&q=80,1,active
sonicwave-audio-hi-fi-360-waterproof-bluetooth-outdoor-speaker-air,SonicWave Audio Hi-Fi 360° Waterproof Bluetooth Outdoor Speaker (Air),"<p>High-demand SonicWave Audio SonicWave Audio Hi-Fi 360° Waterproof Bluetooth Outdoor Speaker (Air). Designed for superior performance, comfort and style. Sourced with USPS express air shipping (7-10 days).</p>",SonicWave Audio,electronics,electronics,"electronics, electronics, unisex, dropshipping, bestseller",true,Color,Rugged Camo,Size,Standard,SY-SY-PROD-2450,500,shopify,9,deny,manual,77.17,123.61,true,true,https://images.unsplash.com/photo-1583394838336-acd977736f90?auto=format&fit=crop&w=800&q=80,1,active
luminatech-ergonomic-vertical-silent-wireless-mouse-rgb-signature,LuminaTech Ergonomic Vertical Silent Wireless Mouse (RGB) (Signature),"<p>High-demand LuminaTech LuminaTech Ergonomic Vertical Silent Wireless Mouse (RGB) (Signature). Designed for superior performance, comfort and style. Sourced with USPS express air shipping (7-10 days).</p>",LuminaTech,electronics,electronics,"electronics, electronics, unisex, dropshipping, bestseller",true,Color,Matte Black,Size,Right Hand Ergonomic,SY-SY-PROD-2451,500,shopify,10,deny,manual,39.54,65.29,true,true,https://images.unsplash.com/photo-1527864550417-7fd91fc51a46?auto=format&fit=crop&w=800&q=80,1,active
sonicwave-audio-smart-sleep-eye-mask-with-bluetooth-built-in-speakers-v2,SonicWave Audio Smart Sleep Eye Mask with Bluetooth Built-in Speakers (V2),"<p>High-demand SonicWave Audio SonicWave Audio Smart Sleep Eye Mask with Bluetooth Built-in Speakers (V2). Designed for superior performance, comfort and style. Sourced with USPS express air shipping (7-10 days).</p>",SonicWave Audio,electronics,electronics,"electronics, electronics, unisex, dropshipping, bestseller",true,Color,Night Black,Size,Adjustable Band,SY-SY-PROD-2452,500,shopify,11,deny,manual,30.91,51.91,true,true,https://images.unsplash.com/photo-1505740420928-5e560c06d30e?auto=format&fit=crop&w=800&q=80,1,active
luminatech-active-noise-cancelling-wireless-tws-earbuds-luxe,LuminaTech Active Noise Cancelling Wireless TWS Earbuds (Luxe),"<p>High-demand LuminaTech LuminaTech Active Noise Cancelling Wireless TWS Earbuds (Luxe). Designed for superior performance, comfort and style. Sourced with USPS express air shipping (7-10 days).</p>",LuminaTech,electronics,electronics,"electronics, electronics, unisex, dropshipping, bestseller",true,Color,Matte Black,Size,Standard Fit,SY-SY-PROD-2453,500,shopify,12,deny,manual,57.28,92.78,true,true,https://images.unsplash.com/photo-1572569511254-d8f925fe2cbb?auto=format&fit=crop&w=800&q=80,1,active
sonicwave-audio-ultra-slim-amoled-bluetooth-calling-smartwatch-pure,SonicWave Audio Ultra-Slim AMOLED Bluetooth Calling Smartwatch (Pure),"<p>High-demand SonicWave Audio SonicWave Audio Ultra-Slim AMOLED Bluetooth Calling Smartwatch (Pure). Designed for superior performance, comfort and style. Sourced with USPS express air shipping (7-10 days).</p>",SonicWave Audio,electronics,electronics,"electronics, electronics, unisex, dropshipping, bestseller",true,Color,Titanium Silver,Size,44mm Dial,SY-SY-PROD-2454,500,shopify,13,deny,manual,98.65,156.91,true,true,https://images.unsplash.com/photo-1546868871-7041f2a55e12?auto=format&fit=crop&w=800&q=80,1,active
luminatech-100w-4-port-gan-fast-travel-wall-charger-essential,LuminaTech 100W 4-Port GaN Fast Travel Wall Charger (Essential),"<p>High-demand LuminaTech LuminaTech 100W 4-Port GaN Fast Travel Wall Charger (Essential). Designed for superior performance, comfort and style. Sourced with USPS express air shipping (7-10 days).</p>",LuminaTech,electronics,electronics,"electronics, electronics, unisex, dropshipping, bestseller",true,Color,Graphite Black,Size,Universal US/UK,SY-SY-PROD-2455,500,shopify,14,deny,manual,47.02,76.88,true,true,https://images.unsplash.com/photo-1600003014755-ba31aa59c4b6?auto=format&fit=crop&w=800&q=80,1,active
sonicwave-audio-15w-magsafe-fast-magnetic-wireless-power-bank-10-000mah-pro,"SonicWave Audio 15W MagSafe Fast Magnetic Wireless Power Bank (10,000mAh) (Pro)","<p>High-demand SonicWave Audio SonicWave Audio 15W MagSafe Fast Magnetic Wireless Power Bank (10,000mAh) (Pro). Designed for superior performance, comfort and style. Sourced with USPS express air shipping (7-10 days).</p>",SonicWave Audio,electronics,electronics,"electronics, electronics, unisex, dropshipping, bestseller",true,Color,Space Gray,Size,Pocket Slim,SY-SY-PROD-2456,500,shopify,15,deny,manual,58.39,94.50,true,true,https://images.unsplash.com/photo-1583394838336-acd977736f90?auto=format&fit=crop&w=800&q=80,1,active
luminatech-hi-fi-360-waterproof-bluetooth-outdoor-speaker-elite,LuminaTech Hi-Fi 360° Waterproof Bluetooth Outdoor Speaker (Elite),"<p>High-demand LuminaTech LuminaTech Hi-Fi 360° Waterproof Bluetooth Outdoor Speaker (Elite). Designed for superior performance, comfort and style. Sourced with USPS express air shipping (7-10 days).</p>",LuminaTech,electronics,electronics,"electronics, electronics, unisex, dropshipping, bestseller",true,Color,Rugged Camo,Size,Standard,SY-SY-PROD-2457,500,shopify,16,deny,manual,49.76,81.13,true,true,https://images.unsplash.com/photo-1527864550417-7fd91fc51a46?auto=format&fit=crop&w=800&q=80,1,active
sonicwave-audio-ergonomic-vertical-silent-wireless-mouse-rgb-classic,SonicWave Audio Ergonomic Vertical Silent Wireless Mouse (RGB) (Classic),"<p>High-demand SonicWave Audio SonicWave Audio Ergonomic Vertical Silent Wireless Mouse (RGB) (Classic). Designed for superior performance, comfort and style. Sourced with USPS express air shipping (7-10 days).</p>",SonicWave Audio,electronics,electronics,"electronics, electronics, unisex, dropshipping, bestseller",true,Color,Matte Black,Size,Right Hand Ergonomic,SY-SY-PROD-2458,500,shopify,17,deny,manual,29.13,49.15,true,true,https://images.unsplash.com/photo-1505740420928-5e560c06d30e?auto=format&fit=crop&w=800&q=80,1,active
luminatech-smart-sleep-eye-mask-with-bluetooth-built-in-speakers-series-2,LuminaTech Smart Sleep Eye Mask with Bluetooth Built-in Speakers (Series 2),"<p>High-demand LuminaTech LuminaTech Smart Sleep Eye Mask with Bluetooth Built-in Speakers (Series 2). Designed for superior performance, comfort and style. Sourced with USPS express air shipping (7-10 days).</p>",LuminaTech,electronics,electronics,"electronics, electronics, unisex, dropshipping, bestseller",true,Color,Night Black,Size,Adjustable Band,SY-SY-PROD-2459,500,shopify,18,deny,manual,40.50,66.78,true,true,https://images.unsplash.com/photo-1572569511254-d8f925fe2cbb?auto=format&fit=crop&w=800&q=80,1,active
sonicwave-audio-active-noise-cancelling-wireless-tws-earbuds-air,SonicWave Audio Active Noise Cancelling Wireless TWS Earbuds (Air),"<p>High-demand SonicWave Audio SonicWave Audio Active Noise Cancelling Wireless TWS Earbuds (Air). Designed for superior performance, comfort and style. Sourced with USPS express air shipping (7-10 days).</p>",SonicWave Audio,electronics,electronics,"electronics, electronics, unisex, dropshipping, bestseller",true,Color,Matte Black,Size,Standard Fit,SY-SY-PROD-2460,500,shopify,19,deny,manual,66.87,107.65,true,true,https://images.unsplash.com/photo-1546868871-7041f2a55e12?auto=format&fit=crop&w=800&q=80,1,active
luminatech-ultra-slim-amoled-bluetooth-calling-smartwatch-signature,LuminaTech Ultra-Slim AMOLED Bluetooth Calling Smartwatch (Signature),"<p>High-demand LuminaTech LuminaTech Ultra-Slim AMOLED Bluetooth Calling Smartwatch (Signature). Designed for superior performance, comfort and style. Sourced with USPS express air shipping (7-10 days).</p>",LuminaTech,electronics,electronics,"electronics, electronics, unisex, dropshipping, bestseller",true,Color,Titanium Silver,Size,44mm Dial,SY-SY-PROD-2461,500,shopify,5,deny,manual,58.24,94.27,true,true,https://images.unsplash.com/photo-1600003014755-ba31aa59c4b6?auto=format&fit=crop&w=800&q=80,1,active
sonicwave-audio-100w-4-port-gan-fast-travel-wall-charger-v2,SonicWave Audio 100W 4-Port GaN Fast Travel Wall Charger (V2),"<p>High-demand SonicWave Audio SonicWave Audio 100W 4-Port GaN Fast Travel Wall Charger (V2). Designed for superior performance, comfort and style. Sourced with USPS express air shipping (7-10 days).</p>",SonicWave Audio,electronics,electronics,"electronics, electronics, unisex, dropshipping, bestseller",true,Color,Graphite Black,Size,Universal US/UK,SY-SY-PROD-2462,500,shopify,6,deny,manual,34.61,57.65,true,true,https://images.unsplash.com/photo-1583394838336-acd977736f90?auto=format&fit=crop&w=800&q=80,1,active
luminatech-15w-magsafe-fast-magnetic-wireless-power-bank-10-000mah-luxe,"LuminaTech 15W MagSafe Fast Magnetic Wireless Power Bank (10,000mAh) (Luxe)","<p>High-demand LuminaTech LuminaTech 15W MagSafe Fast Magnetic Wireless Power Bank (10,000mAh) (Luxe). Designed for superior performance, comfort and style. Sourced with USPS express air shipping (7-10 days).</p>",LuminaTech,electronics,electronics,"electronics, electronics, unisex, dropshipping, bestseller",true,Color,Space Gray,Size,Pocket Slim,SY-SY-PROD-2463,500,shopify,7,deny,manual,39.98,65.97,true,true,https://images.unsplash.com/photo-1527864550417-7fd91fc51a46?auto=format&fit=crop&w=800&q=80,1,active
sonicwave-audio-hi-fi-360-waterproof-bluetooth-outdoor-speaker-pure,SonicWave Audio Hi-Fi 360° Waterproof Bluetooth Outdoor Speaker (Pure),"<p>High-demand SonicWave Audio SonicWave Audio Hi-Fi 360° Waterproof Bluetooth Outdoor Speaker (Pure). Designed for superior performance, comfort and style. Sourced with USPS express air shipping (7-10 days).</p>",SonicWave Audio,electronics,electronics,"electronics, electronics, unisex, dropshipping, bestseller",true,Color,Rugged Camo,Size,Standard,SY-SY-PROD-2464,500,shopify,8,deny,manual,59.35,95.99,true,true,https://images.unsplash.com/photo-1505740420928-5e560c06d30e?auto=format&fit=crop&w=800&q=80,1,active
luminatech-ergonomic-vertical-silent-wireless-mouse-rgb-essential,LuminaTech Ergonomic Vertical Silent Wireless Mouse (RGB) (Essential),"<p>High-demand LuminaTech LuminaTech Ergonomic Vertical Silent Wireless Mouse (RGB) (Essential). Designed for superior performance, comfort and style. Sourced with USPS express air shipping (7-10 days).</p>",LuminaTech,electronics,electronics,"electronics, electronics, unisex, dropshipping, bestseller",true,Color,Matte Black,Size,Right Hand Ergonomic,SY-SY-PROD-2465,500,shopify,9,deny,manual,38.72,64.02,true,true,https://images.unsplash.com/photo-1572569511254-d8f925fe2cbb?auto=format&fit=crop&w=800&q=80,1,active
sonicwave-audio-smart-sleep-eye-mask-with-bluetooth-built-in-speakers-pro,SonicWave Audio Smart Sleep Eye Mask with Bluetooth Built-in Speakers (Pro),"<p>High-demand SonicWave Audio SonicWave Audio Smart Sleep Eye Mask with Bluetooth Built-in Speakers (Pro). Designed for superior performance, comfort and style. Sourced with USPS express air shipping (7-10 days).</p>",SonicWave Audio,electronics,electronics,"electronics, electronics, unisex, dropshipping, bestseller",true,Color,Night Black,Size,Adjustable Band,SY-SY-PROD-2466,500,shopify,10,deny,manual,29.09,49.09,true,true,https://images.unsplash.com/photo-1546868871-7041f2a55e12?auto=format&fit=crop&w=800&q=80,1,active
luminatech-active-noise-cancelling-wireless-tws-earbuds-elite,LuminaTech Active Noise Cancelling Wireless TWS Earbuds (Elite),"<p>High-demand LuminaTech LuminaTech Active Noise Cancelling Wireless TWS Earbuds (Elite). Designed for superior performance, comfort and style. Sourced with USPS express air shipping (7-10 days).</p>",LuminaTech,electronics,electronics,"electronics, electronics, unisex, dropshipping, bestseller",true,Color,Matte Black,Size,Standard Fit,SY-SY-PROD-2467,500,shopify,11,deny,manual,76.46,122.51,true,true,https://images.unsplash.com/photo-1600003014755-ba31aa59c4b6?auto=format&fit=crop&w=800&q=80,1,active
sonicwave-audio-ultra-slim-amoled-bluetooth-calling-smartwatch-classic,SonicWave Audio Ultra-Slim AMOLED Bluetooth Calling Smartwatch (Classic),"<p>High-demand SonicWave Audio SonicWave Audio Ultra-Slim AMOLED Bluetooth Calling Smartwatch (Classic). Designed for superior performance, comfort and style. Sourced with USPS express air shipping (7-10 days).</p>",SonicWave Audio,electronics,electronics,"electronics, electronics, unisex, dropshipping, bestseller",true,Color,Titanium Silver,Size,44mm Dial,SY-SY-PROD-2468,500,shopify,12,deny,manual,67.83,109.14,true,true,https://images.unsplash.com/photo-1583394838336-acd977736f90?auto=format&fit=crop&w=800&q=80,1,active
luminatech-100w-4-port-gan-fast-travel-wall-charger-series-2,LuminaTech 100W 4-Port GaN Fast Travel Wall Charger (Series 2),"<p>High-demand LuminaTech LuminaTech 100W 4-Port GaN Fast Travel Wall Charger (Series 2). Designed for superior performance, comfort and style. Sourced with USPS express air shipping (7-10 days).</p>",LuminaTech,electronics,electronics,"electronics, electronics, unisex, dropshipping, bestseller",true,Color,Graphite Black,Size,Universal US/UK,SY-SY-PROD-2469,500,shopify,13,deny,manual,44.20,72.51,true,true,https://images.unsplash.com/photo-1527864550417-7fd91fc51a46?auto=format&fit=crop&w=800&q=80,1,active
sonicwave-audio-15w-magsafe-fast-magnetic-wireless-power-bank-10-000mah-air,"SonicWave Audio 15W MagSafe Fast Magnetic Wireless Power Bank (10,000mAh) (Air)","<p>High-demand SonicWave Audio SonicWave Audio 15W MagSafe Fast Magnetic Wireless Power Bank (10,000mAh) (Air). Designed for superior performance, comfort and style. Sourced with USPS express air shipping (7-10 days).</p>",SonicWave Audio,electronics,electronics,"electronics, electronics, unisex, dropshipping, bestseller",true,Color,Space Gray,Size,Pocket Slim,SY-SY-PROD-2470,500,shopify,14,deny,manual,49.57,80.83,true,true,https://images.unsplash.com/photo-1505740420928-5e560c06d30e?auto=format&fit=crop&w=800&q=80,1,active
luminatech-hi-fi-360-waterproof-bluetooth-outdoor-speaker-signature,LuminaTech Hi-Fi 360° Waterproof Bluetooth Outdoor Speaker (Signature),"<p>High-demand LuminaTech LuminaTech Hi-Fi 360° Waterproof Bluetooth Outdoor Speaker (Signature). Designed for superior performance, comfort and style. Sourced with USPS express air shipping (7-10 days).</p>",LuminaTech,electronics,electronics,"electronics, electronics, unisex, dropshipping, bestseller",true,Color,Rugged Camo,Size,Standard,SY-SY-PROD-2471,500,shopify,15,deny,manual,68.94,110.86,true,true,https://images.unsplash.com/photo-1572569511254-d8f925fe2cbb?auto=format&fit=crop&w=800&q=80,1,active
sonicwave-audio-ergonomic-vertical-silent-wireless-mouse-rgb-v2,SonicWave Audio Ergonomic Vertical Silent Wireless Mouse (RGB) (V2),"<p>High-demand SonicWave Audio SonicWave Audio Ergonomic Vertical Silent Wireless Mouse (RGB) (V2). Designed for superior performance, comfort and style. Sourced with USPS express air shipping (7-10 days).</p>",SonicWave Audio,electronics,electronics,"electronics, electronics, unisex, dropshipping, bestseller",true,Color,Matte Black,Size,Right Hand Ergonomic,SY-SY-PROD-2472,500,shopify,16,deny,manual,28.31,47.88,true,true,https://images.unsplash.com/photo-1546868871-7041f2a55e12?auto=format&fit=crop&w=800&q=80,1,active
luminatech-smart-sleep-eye-mask-with-bluetooth-built-in-speakers-luxe,LuminaTech Smart Sleep Eye Mask with Bluetooth Built-in Speakers (Luxe),"<p>High-demand LuminaTech LuminaTech Smart Sleep Eye Mask with Bluetooth Built-in Speakers (Luxe). Designed for superior performance, comfort and style. Sourced with USPS express air shipping (7-10 days).</p>",LuminaTech,electronics,electronics,"electronics, electronics, unisex, dropshipping, bestseller",true,Color,Night Black,Size,Adjustable Band,SY-SY-PROD-2473,500,shopify,17,deny,manual,38.68,63.95,true,true,https://images.unsplash.com/photo-1600003014755-ba31aa59c4b6?auto=format&fit=crop&w=800&q=80,1,active
sonicwave-audio-active-noise-cancelling-wireless-tws-earbuds-pure,SonicWave Audio Active Noise Cancelling Wireless TWS Earbuds (Pure),"<p>High-demand SonicWave Audio SonicWave Audio Active Noise Cancelling Wireless TWS Earbuds (Pure). Designed for superior performance, comfort and style. Sourced with USPS express air shipping (7-10 days).</p>",SonicWave Audio,electronics,electronics,"electronics, electronics, unisex, dropshipping, bestseller",true,Color,Matte Black,Size,Standard Fit,SY-SY-PROD-2474,500,shopify,18,deny,manual,46.05,75.38,true,true,https://images.unsplash.com/photo-1583394838336-acd977736f90?auto=format&fit=crop&w=800&q=80,1,active
luminatech-ultra-slim-amoled-bluetooth-calling-smartwatch-essential,LuminaTech Ultra-Slim AMOLED Bluetooth Calling Smartwatch (Essential),"<p>High-demand LuminaTech LuminaTech Ultra-Slim AMOLED Bluetooth Calling Smartwatch (Essential). Designed for superior performance, comfort and style. Sourced with USPS express air shipping (7-10 days).</p>",LuminaTech,electronics,electronics,"electronics, electronics, unisex, dropshipping, bestseller",true,Color,Titanium Silver,Size,44mm Dial,SY-SY-PROD-2475,500,shopify,19,deny,manual,77.42,124.00,true,true,https://images.unsplash.com/photo-1527864550417-7fd91fc51a46?auto=format&fit=crop&w=800&q=80,1,active
sonicwave-audio-100w-4-port-gan-fast-travel-wall-charger-pro,SonicWave Audio 100W 4-Port GaN Fast Travel Wall Charger (Pro),"<p>High-demand SonicWave Audio SonicWave Audio 100W 4-Port GaN Fast Travel Wall Charger (Pro). Designed for superior performance, comfort and style. Sourced with USPS express air shipping (7-10 days).</p>",SonicWave Audio,electronics,electronics,"electronics, electronics, unisex, dropshipping, bestseller",true,Color,Graphite Black,Size,Universal US/UK,SY-SY-PROD-2476,500,shopify,5,deny,manual,53.79,87.37,true,true,https://images.unsplash.com/photo-1505740420928-5e560c06d30e?auto=format&fit=crop&w=800&q=80,1,active
luminatech-15w-magsafe-fast-magnetic-wireless-power-bank-10-000mah-elite,"LuminaTech 15W MagSafe Fast Magnetic Wireless Power Bank (10,000mAh) (Elite)","<p>High-demand LuminaTech LuminaTech 15W MagSafe Fast Magnetic Wireless Power Bank (10,000mAh) (Elite). Designed for superior performance, comfort and style. Sourced with USPS express air shipping (7-10 days).</p>",LuminaTech,electronics,electronics,"electronics, electronics, unisex, dropshipping, bestseller",true,Color,Space Gray,Size,Pocket Slim,SY-SY-PROD-2477,500,shopify,6,deny,manual,59.16,95.70,true,true,https://images.unsplash.com/photo-1572569511254-d8f925fe2cbb?auto=format&fit=crop&w=800&q=80,1,active
sonicwave-audio-hi-fi-360-waterproof-bluetooth-outdoor-speaker-classic,SonicWave Audio Hi-Fi 360° Waterproof Bluetooth Outdoor Speaker (Classic),"<p>High-demand SonicWave Audio SonicWave Audio Hi-Fi 360° Waterproof Bluetooth Outdoor Speaker (Classic). Designed for superior performance, comfort and style. Sourced with USPS express air shipping (7-10 days).</p>",SonicWave Audio,electronics,electronics,"electronics, electronics, unisex, dropshipping, bestseller",true,Color,Rugged Camo,Size,Standard,SY-SY-PROD-2478,500,shopify,7,deny,manual,78.53,125.72,true,true,https://images.unsplash.com/photo-1546868871-7041f2a55e12?auto=format&fit=crop&w=800&q=80,1,active
luminatech-ergonomic-vertical-silent-wireless-mouse-rgb-series-2,LuminaTech Ergonomic Vertical Silent Wireless Mouse (RGB) (Series 2),"<p>High-demand LuminaTech LuminaTech Ergonomic Vertical Silent Wireless Mouse (RGB) (Series 2). Designed for superior performance, comfort and style. Sourced with USPS express air shipping (7-10 days).</p>",LuminaTech,electronics,electronics,"electronics, electronics, unisex, dropshipping, bestseller",true,Color,Matte Black,Size,Right Hand Ergonomic,SY-SY-PROD-2479,500,shopify,8,deny,manual,37.90,62.74,true,true,https://images.unsplash.com/photo-1600003014755-ba31aa59c4b6?auto=format&fit=crop&w=800&q=80,1,active
sonicwave-audio-smart-sleep-eye-mask-with-bluetooth-built-in-speakers-air,SonicWave Audio Smart Sleep Eye Mask with Bluetooth Built-in Speakers (Air),"<p>High-demand SonicWave Audio SonicWave Audio Smart Sleep Eye Mask with Bluetooth Built-in Speakers (Air). Designed for superior performance, comfort and style. Sourced with USPS express air shipping (7-10 days).</p>",SonicWave Audio,electronics,electronics,"electronics, electronics, unisex, dropshipping, bestseller",true,Color,Night Black,Size,Adjustable Band,SY-SY-PROD-2480,500,shopify,9,deny,manual,48.27,78.82,true,true,https://images.unsplash.com/photo-1583394838336-acd977736f90?auto=format&fit=crop&w=800&q=80,1,active
luminatech-active-noise-cancelling-wireless-tws-earbuds-signature,LuminaTech Active Noise Cancelling Wireless TWS Earbuds (Signature),"<p>High-demand LuminaTech LuminaTech Active Noise Cancelling Wireless TWS Earbuds (Signature). Designed for superior performance, comfort and style. Sourced with USPS express air shipping (7-10 days).</p>",LuminaTech,electronics,electronics,"electronics, electronics, unisex, dropshipping, bestseller",true,Color,Matte Black,Size,Standard Fit,SY-SY-PROD-2481,500,shopify,10,deny,manual,55.64,90.24,true,true,https://images.unsplash.com/photo-1527864550417-7fd91fc51a46?auto=format&fit=crop&w=800&q=80,1,active
sonicwave-audio-ultra-slim-amoled-bluetooth-calling-smartwatch-v2,SonicWave Audio Ultra-Slim AMOLED Bluetooth Calling Smartwatch (V2),"<p>High-demand SonicWave Audio SonicWave Audio Ultra-Slim AMOLED Bluetooth Calling Smartwatch (V2). Designed for superior performance, comfort and style. Sourced with USPS express air shipping (7-10 days).</p>",SonicWave Audio,electronics,electronics,"electronics, electronics, unisex, dropshipping, bestseller",true,Color,Titanium Silver,Size,44mm Dial,SY-SY-PROD-2482,500,shopify,11,deny,manual,87.01,138.87,true,true,https://images.unsplash.com/photo-1505740420928-5e560c06d30e?auto=format&fit=crop&w=800&q=80,1,active
luminatech-100w-4-port-gan-fast-travel-wall-charger-luxe,LuminaTech 100W 4-Port GaN Fast Travel Wall Charger (Luxe),"<p>High-demand LuminaTech LuminaTech 100W 4-Port GaN Fast Travel Wall Charger (Luxe). Designed for superior performance, comfort and style. Sourced with USPS express air shipping (7-10 days).</p>",LuminaTech,electronics,electronics,"electronics, electronics, unisex, dropshipping, bestseller",true,Color,Graphite Black,Size,Universal US/UK,SY-SY-PROD-2483,500,shopify,12,deny,manual,41.38,68.14,true,true,https://images.unsplash.com/photo-1572569511254-d8f925fe2cbb?auto=format&fit=crop&w=800&q=80,1,active
sonicwave-audio-15w-magsafe-fast-magnetic-wireless-power-bank-10-000mah-pure,"SonicWave Audio 15W MagSafe Fast Magnetic Wireless Power Bank (10,000mAh) (Pure)","<p>High-demand SonicWave Audio SonicWave Audio 15W MagSafe Fast Magnetic Wireless Power Bank (10,000mAh) (Pure). Designed for superior performance, comfort and style. Sourced with USPS express air shipping (7-10 days).</p>",SonicWave Audio,electronics,electronics,"electronics, electronics, unisex, dropshipping, bestseller",true,Color,Space Gray,Size,Pocket Slim,SY-SY-PROD-2484,500,shopify,13,deny,manual,40.75,67.16,true,true,https://images.unsplash.com/photo-1546868871-7041f2a55e12?auto=format&fit=crop&w=800&q=80,1,active
luminatech-hi-fi-360-waterproof-bluetooth-outdoor-speaker-essential,LuminaTech Hi-Fi 360° Waterproof Bluetooth Outdoor Speaker (Essential),"<p>High-demand LuminaTech LuminaTech Hi-Fi 360° Waterproof Bluetooth Outdoor Speaker (Essential). Designed for superior performance, comfort and style. Sourced with USPS express air shipping (7-10 days).</p>",LuminaTech,electronics,electronics,"electronics, electronics, unisex, dropshipping, bestseller",true,Color,Rugged Camo,Size,Standard,SY-SY-PROD-2485,500,shopify,14,deny,manual,51.12,83.24,true,true,https://images.unsplash.com/photo-1600003014755-ba31aa59c4b6?auto=format&fit=crop&w=800&q=80,1,active
sonicwave-audio-ergonomic-vertical-silent-wireless-mouse-rgb-pro,SonicWave Audio Ergonomic Vertical Silent Wireless Mouse (RGB) (Pro),"<p>High-demand SonicWave Audio SonicWave Audio Ergonomic Vertical Silent Wireless Mouse (RGB) (Pro). Designed for superior performance, comfort and style. Sourced with USPS express air shipping (7-10 days).</p>",SonicWave Audio,electronics,electronics,"electronics, electronics, unisex, dropshipping, bestseller",true,Color,Matte Black,Size,Right Hand Ergonomic,SY-SY-PROD-2486,500,shopify,15,deny,manual,27.49,46.61,true,true,https://images.unsplash.com/photo-1583394838336-acd977736f90?auto=format&fit=crop&w=800&q=80,1,active
luminatech-smart-sleep-eye-mask-with-bluetooth-built-in-speakers-elite,LuminaTech Smart Sleep Eye Mask with Bluetooth Built-in Speakers (Elite),"<p>High-demand LuminaTech LuminaTech Smart Sleep Eye Mask with Bluetooth Built-in Speakers (Elite). Designed for superior performance, comfort and style. Sourced with USPS express air shipping (7-10 days).</p>",LuminaTech,electronics,electronics,"electronics, electronics, unisex, dropshipping, bestseller",true,Color,Night Black,Size,Adjustable Band,SY-SY-PROD-2487,500,shopify,16,deny,manual,36.86,61.13,true,true,https://images.unsplash.com/photo-1527864550417-7fd91fc51a46?auto=format&fit=crop&w=800&q=80,1,active
sonicwave-audio-active-noise-cancelling-wireless-tws-earbuds-classic,SonicWave Audio Active Noise Cancelling Wireless TWS Earbuds (Classic),"<p>High-demand SonicWave Audio SonicWave Audio Active Noise Cancelling Wireless TWS Earbuds (Classic). Designed for superior performance, comfort and style. Sourced with USPS express air shipping (7-10 days).</p>",SonicWave Audio,electronics,electronics,"electronics, electronics, unisex, dropshipping, bestseller",true,Color,Matte Black,Size,Standard Fit,SY-SY-PROD-2488,500,shopify,17,deny,manual,65.23,105.11,true,true,https://images.unsplash.com/photo-1505740420928-5e560c06d30e?auto=format&fit=crop&w=800&q=80,1,active
luminatech-ultra-slim-amoled-bluetooth-calling-smartwatch-series-2,LuminaTech Ultra-Slim AMOLED Bluetooth Calling Smartwatch (Series 2),"<p>High-demand LuminaTech LuminaTech Ultra-Slim AMOLED Bluetooth Calling Smartwatch (Series 2). Designed for superior performance, comfort and style. Sourced with USPS express air shipping (7-10 days).</p>",LuminaTech,electronics,electronics,"electronics, electronics, unisex, dropshipping, bestseller",true,Color,Titanium Silver,Size,44mm Dial,SY-SY-PROD-2489,500,shopify,18,deny,manual,96.60,153.73,true,true,https://images.unsplash.com/photo-1572569511254-d8f925fe2cbb?auto=format&fit=crop&w=800&q=80,1,active
sonicwave-audio-100w-4-port-gan-fast-travel-wall-charger-air,SonicWave Audio 100W 4-Port GaN Fast Travel Wall Charger (Air),"<p>High-demand SonicWave Audio SonicWave Audio 100W 4-Port GaN Fast Travel Wall Charger (Air). Designed for superior performance, comfort and style. Sourced with USPS express air shipping (7-10 days).</p>",SonicWave Audio,electronics,electronics,"electronics, electronics, unisex, dropshipping, bestseller",true,Color,Graphite Black,Size,Universal US/UK,SY-SY-PROD-2490,500,shopify,19,deny,manual,50.97,83.00,true,true,https://images.unsplash.com/photo-1546868871-7041f2a55e12?auto=format&fit=crop&w=800&q=80,1,active
luminatech-15w-magsafe-fast-magnetic-wireless-power-bank-10-000mah-signature,"LuminaTech 15W MagSafe Fast Magnetic Wireless Power Bank (10,000mAh) (Signature)","<p>High-demand LuminaTech LuminaTech 15W MagSafe Fast Magnetic Wireless Power Bank (10,000mAh) (Signature). Designed for superior performance, comfort and style. Sourced with USPS express air shipping (7-10 days).</p>",LuminaTech,electronics,electronics,"electronics, electronics, unisex, dropshipping, bestseller",true,Color,Space Gray,Size,Pocket Slim,SY-SY-PROD-2491,500,shopify,5,deny,manual,50.34,82.03,true,true,https://images.unsplash.com/photo-1600003014755-ba31aa59c4b6?auto=format&fit=crop&w=800&q=80,1,active
sonicwave-audio-hi-fi-360-waterproof-bluetooth-outdoor-speaker-v2,SonicWave Audio Hi-Fi 360° Waterproof Bluetooth Outdoor Speaker (V2),"<p>High-demand SonicWave Audio SonicWave Audio Hi-Fi 360° Waterproof Bluetooth Outdoor Speaker (V2). Designed for superior performance, comfort and style. Sourced with USPS express air shipping (7-10 days).</p>",SonicWave Audio,electronics,electronics,"electronics, electronics, unisex, dropshipping, bestseller",true,Color,Rugged Camo,Size,Standard,SY-SY-PROD-2492,500,shopify,6,deny,manual,60.71,98.10,true,true,https://images.unsplash.com/photo-1583394838336-acd977736f90?auto=format&fit=crop&w=800&q=80,1,active
luminatech-ergonomic-vertical-silent-wireless-mouse-rgb-luxe,LuminaTech Ergonomic Vertical Silent Wireless Mouse (RGB) (Luxe),"<p>High-demand LuminaTech LuminaTech Ergonomic Vertical Silent Wireless Mouse (RGB) (Luxe). Designed for superior performance, comfort and style. Sourced with USPS express air shipping (7-10 days).</p>",LuminaTech,electronics,electronics,"electronics, electronics, unisex, dropshipping, bestseller",true,Color,Matte Black,Size,Right Hand Ergonomic,SY-SY-PROD-2493,500,shopify,7,deny,manual,37.08,61.47,true,true,https://images.unsplash.com/photo-1527864550417-7fd91fc51a46?auto=format&fit=crop&w=800&q=80,1,active
sonicwave-audio-smart-sleep-eye-mask-with-bluetooth-built-in-speakers-pure,SonicWave Audio Smart Sleep Eye Mask with Bluetooth Built-in Speakers (Pure),"<p>High-demand SonicWave Audio SonicWave Audio Smart Sleep Eye Mask with Bluetooth Built-in Speakers (Pure). Designed for superior performance, comfort and style. Sourced with USPS express air shipping (7-10 days).</p>",SonicWave Audio,electronics,electronics,"electronics, electronics, unisex, dropshipping, bestseller",true,Color,Night Black,Size,Adjustable Band,SY-SY-PROD-2494,500,shopify,8,deny,manual,46.45,76.00,true,true,https://images.unsplash.com/photo-1505740420928-5e560c06d30e?auto=format&fit=crop&w=800&q=80,1,active
luminatech-active-noise-cancelling-wireless-tws-earbuds-essential,LuminaTech Active Noise Cancelling Wireless TWS Earbuds (Essential),"<p>High-demand LuminaTech LuminaTech Active Noise Cancelling Wireless TWS Earbuds (Essential). Designed for superior performance, comfort and style. Sourced with USPS express air shipping (7-10 days).</p>",LuminaTech,electronics,electronics,"electronics, electronics, unisex, dropshipping, bestseller",true,Color,Matte Black,Size,Standard Fit,SY-SY-PROD-2495,500,shopify,9,deny,manual,74.82,119.97,true,true,https://images.unsplash.com/photo-1572569511254-d8f925fe2cbb?auto=format&fit=crop&w=800&q=80,1,active
sonicwave-audio-ultra-slim-amoled-bluetooth-calling-smartwatch-pro,SonicWave Audio Ultra-Slim AMOLED Bluetooth Calling Smartwatch (Pro),"<p>High-demand SonicWave Audio SonicWave Audio Ultra-Slim AMOLED Bluetooth Calling Smartwatch (Pro). Designed for superior performance, comfort and style. Sourced with USPS express air shipping (7-10 days).</p>",SonicWave Audio,electronics,electronics,"electronics, electronics, unisex, dropshipping, bestseller",true,Color,Titanium Silver,Size,44mm Dial,SY-SY-PROD-2496,500,shopify,10,deny,manual,56.19,91.09,true,true,https://images.unsplash.com/photo-1546868871-7041f2a55e12?auto=format&fit=crop&w=800&q=80,1,active
luminatech-100w-4-port-gan-fast-travel-wall-charger-elite,LuminaTech 100W 4-Port GaN Fast Travel Wall Charger (Elite),"<p>High-demand LuminaTech LuminaTech 100W 4-Port GaN Fast Travel Wall Charger (Elite). Designed for superior performance, comfort and style. Sourced with USPS express air shipping (7-10 days).</p>",LuminaTech,electronics,electronics,"electronics, electronics, unisex, dropshipping, bestseller",true,Color,Graphite Black,Size,Universal US/UK,SY-SY-PROD-2497,500,shopify,11,deny,manual,38.56,63.77,true,true,https://images.unsplash.com/photo-1600003014755-ba31aa59c4b6?auto=format&fit=crop&w=800&q=80,1,active
sonicwave-audio-15w-magsafe-fast-magnetic-wireless-power-bank-10-000mah-classic,"SonicWave Audio 15W MagSafe Fast Magnetic Wireless Power Bank (10,000mAh) (Classic)","<p>High-demand SonicWave Audio SonicWave Audio 15W MagSafe Fast Magnetic Wireless Power Bank (10,000mAh) (Classic). Designed for superior performance, comfort and style. Sourced with USPS express air shipping (7-10 days).</p>",SonicWave Audio,electronics,electronics,"electronics, electronics, unisex, dropshipping, bestseller",true,Color,Space Gray,Size,Pocket Slim,SY-SY-PROD-2498,500,shopify,12,deny,manual,59.93,96.89,true,true,https://images.unsplash.com/photo-1583394838336-acd977736f90?auto=format&fit=crop&w=800&q=80,1,active
luminatech-hi-fi-360-waterproof-bluetooth-outdoor-speaker-series-2,LuminaTech Hi-Fi 360° Waterproof Bluetooth Outdoor Speaker (Series 2),"<p>High-demand LuminaTech LuminaTech Hi-Fi 360° Waterproof Bluetooth Outdoor Speaker (Series 2). Designed for superior performance, comfort and style. Sourced with USPS express air shipping (7-10 days).</p>",LuminaTech,electronics,electronics,"electronics, electronics, unisex, dropshipping, bestseller",true,Color,Rugged Camo,Size,Standard,SY-SY-PROD-2499,500,shopify,13,deny,manual,70.30,112.97,true,true,https://images.unsplash.com/photo-1527864550417-7fd91fc51a46?auto=format&fit=crop&w=800&q=80,1,active
sonicwave-audio-ergonomic-vertical-silent-wireless-mouse-rgb-air,SonicWave Audio Ergonomic Vertical Silent Wireless Mouse (RGB) (Air),"<p>High-demand SonicWave Audio SonicWave Audio Ergonomic Vertical Silent Wireless Mouse (RGB) (Air). Designed for superior performance, comfort and style. Sourced with USPS express air shipping (7-10 days).</p>",SonicWave Audio,electronics,electronics,"electronics, electronics, unisex, dropshipping, bestseller",true,Color,Matte Black,Size,Right Hand Ergonomic,SY-SY-PROD-2500,500,shopify,14,deny,manual,26.67,45.34,true,true,https://images.unsplash.com/photo-1505740420928-5e560c06d30e?auto=format&fit=crop&w=800&q=80,1,active
luminatech-smart-sleep-eye-mask-with-bluetooth-built-in-speakers-signature,LuminaTech Smart Sleep Eye Mask with Bluetooth Built-in Speakers (Signature),"<p>High-demand LuminaTech LuminaTech Smart Sleep Eye Mask with Bluetooth Built-in Speakers (Signature). Designed for superior performance, comfort and style. Sourced with USPS express air shipping (7-10 days).</p>",LuminaTech,electronics,electronics,"electronics, electronics, unisex, dropshipping, bestseller",true,Color,Night Black,Size,Adjustable Band,SY-SY-PROD-2501,500,shopify,15,deny,manual,35.04,58.31,true,true,https://images.unsplash.com/photo-1572569511254-d8f925fe2cbb?auto=format&fit=crop&w=800&q=80,1,active
sonicwave-audio-active-noise-cancelling-wireless-tws-earbuds-v2,SonicWave Audio Active Noise Cancelling Wireless TWS Earbuds (V2),"<p>High-demand SonicWave Audio SonicWave Audio Active Noise Cancelling Wireless TWS Earbuds (V2). Designed for superior performance, comfort and style. Sourced with USPS express air shipping (7-10 days).</p>",SonicWave Audio,electronics,electronics,"electronics, electronics, unisex, dropshipping, bestseller",true,Color,Matte Black,Size,Standard Fit,SY-SY-PROD-2502,500,shopify,16,deny,manual,44.41,72.84,true,true,https://images.unsplash.com/photo-1546868871-7041f2a55e12?auto=format&fit=crop&w=800&q=80,1,active
luminatech-ultra-slim-amoled-bluetooth-calling-smartwatch-luxe,LuminaTech Ultra-Slim AMOLED Bluetooth Calling Smartwatch (Luxe),"<p>High-demand LuminaTech LuminaTech Ultra-Slim AMOLED Bluetooth Calling Smartwatch (Luxe). Designed for superior performance, comfort and style. Sourced with USPS express air shipping (7-10 days).</p>",LuminaTech,electronics,electronics,"electronics, electronics, unisex, dropshipping, bestseller",true,Color,Titanium Silver,Size,44mm Dial,SY-SY-PROD-2503,500,shopify,17,deny,manual,65.78,105.96,true,true,https://images.unsplash.com/photo-1600003014755-ba31aa59c4b6?auto=format&fit=crop&w=800&q=80,1,active
sonicwave-audio-100w-4-port-gan-fast-travel-wall-charger-pure,SonicWave Audio 100W 4-Port GaN Fast Travel Wall Charger (Pure),"<p>High-demand SonicWave Audio SonicWave Audio 100W 4-Port GaN Fast Travel Wall Charger (Pure). Designed for superior performance, comfort and style. Sourced with USPS express air shipping (7-10 days).</p>",SonicWave Audio,electronics,electronics,"electronics, electronics, unisex, dropshipping, bestseller",true,Color,Graphite Black,Size,Universal US/UK,SY-SY-PROD-2504,500,shopify,18,deny,manual,48.15,78.63,true,true,https://images.unsplash.com/photo-1583394838336-acd977736f90?auto=format&fit=crop&w=800&q=80,1,active
luminatech-15w-magsafe-fast-magnetic-wireless-power-bank-10-000mah-essential,"LuminaTech 15W MagSafe Fast Magnetic Wireless Power Bank (10,000mAh) (Essential)","<p>High-demand LuminaTech LuminaTech 15W MagSafe Fast Magnetic Wireless Power Bank (10,000mAh) (Essential). Designed for superior performance, comfort and style. Sourced with USPS express air shipping (7-10 days).</p>",LuminaTech,electronics,electronics,"electronics, electronics, unisex, dropshipping, bestseller",true,Color,Space Gray,Size,Pocket Slim,SY-SY-PROD-2505,500,shopify,19,deny,manual,41.52,68.36,true,true,https://images.unsplash.com/photo-1527864550417-7fd91fc51a46?auto=format&fit=crop&w=800&q=80,1,active
sonicwave-audio-hi-fi-360-waterproof-bluetooth-outdoor-speaker-pro,SonicWave Audio Hi-Fi 360° Waterproof Bluetooth Outdoor Speaker (Pro),"<p>High-demand SonicWave Audio SonicWave Audio Hi-Fi 360° Waterproof Bluetooth Outdoor Speaker (Pro). Designed for superior performance, comfort and style. Sourced with USPS express air shipping (7-10 days).</p>",SonicWave Audio,electronics,electronics,"electronics, electronics, unisex, dropshipping, bestseller",true,Color,Rugged Camo,Size,Standard,SY-SY-PROD-2506,500,shopify,5,deny,manual,79.89,127.83,true,true,https://images.unsplash.com/photo-1505740420928-5e560c06d30e?auto=format&fit=crop&w=800&q=80,1,active
luminatech-ergonomic-vertical-silent-wireless-mouse-rgb-elite,LuminaTech Ergonomic Vertical Silent Wireless Mouse (RGB) (Elite),"<p>High-demand LuminaTech LuminaTech Ergonomic Vertical Silent Wireless Mouse (RGB) (Elite). Designed for superior performance, comfort and style. Sourced with USPS express air shipping (7-10 days).</p>",LuminaTech,electronics,electronics,"electronics, electronics, unisex, dropshipping, bestseller",true,Color,Matte Black,Size,Right Hand Ergonomic,SY-SY-PROD-2507,500,shopify,6,deny,manual,36.26,60.20,true,true,https://images.unsplash.com/photo-1572569511254-d8f925fe2cbb?auto=format&fit=crop&w=800&q=80,1,active
sonicwave-audio-smart-sleep-eye-mask-with-bluetooth-built-in-speakers-classic,SonicWave Audio Smart Sleep Eye Mask with Bluetooth Built-in Speakers (Classic),"<p>High-demand SonicWave Audio SonicWave Audio Smart Sleep Eye Mask with Bluetooth Built-in Speakers (Classic). Designed for superior performance, comfort and style. Sourced with USPS express air shipping (7-10 days).</p>",SonicWave Audio,electronics,electronics,"electronics, electronics, unisex, dropshipping, bestseller",true,Color,Night Black,Size,Adjustable Band,SY-SY-PROD-2508,500,shopify,7,deny,manual,44.63,73.18,true,true,https://images.unsplash.com/photo-1546868871-7041f2a55e12?auto=format&fit=crop&w=800&q=80,1,active
luminatech-active-noise-cancelling-wireless-tws-earbuds-series-2,LuminaTech Active Noise Cancelling Wireless TWS Earbuds (Series 2),"<p>High-demand LuminaTech LuminaTech Active Noise Cancelling Wireless TWS Earbuds (Series 2). Designed for superior performance, comfort and style. Sourced with USPS express air shipping (7-10 days).</p>",LuminaTech,electronics,electronics,"electronics, electronics, unisex, dropshipping, bestseller",true,Color,Matte Black,Size,Standard Fit,SY-SY-PROD-2509,500,shopify,8,deny,manual,54.00,87.70,true,true,https://images.unsplash.com/photo-1600003014755-ba31aa59c4b6?auto=format&fit=crop&w=800&q=80,1,active
sonicwave-audio-ultra-slim-amoled-bluetooth-calling-smartwatch-air,SonicWave Audio Ultra-Slim AMOLED Bluetooth Calling Smartwatch (Air),"<p>High-demand SonicWave Audio SonicWave Audio Ultra-Slim AMOLED Bluetooth Calling Smartwatch (Air). Designed for superior performance, comfort and style. Sourced with USPS express air shipping (7-10 days).</p>",SonicWave Audio,electronics,electronics,"electronics, electronics, unisex, dropshipping, bestseller",true,Color,Titanium Silver,Size,44mm Dial,SY-SY-PROD-2510,500,shopify,9,deny,manual,75.37,120.82,true,true,https://images.unsplash.com/photo-1583394838336-acd977736f90?auto=format&fit=crop&w=800&q=80,1,active
luminatech-100w-4-port-gan-fast-travel-wall-charger-signature,LuminaTech 100W 4-Port GaN Fast Travel Wall Charger (Signature),"<p>High-demand LuminaTech LuminaTech 100W 4-Port GaN Fast Travel Wall Charger (Signature). Designed for superior performance, comfort and style. Sourced with USPS express air shipping (7-10 days).</p>",LuminaTech,electronics,electronics,"electronics, electronics, unisex, dropshipping, bestseller",true,Color,Graphite Black,Size,Universal US/UK,SY-SY-PROD-2511,500,shopify,10,deny,manual,35.74,59.40,true,true,https://images.unsplash.com/photo-1527864550417-7fd91fc51a46?auto=format&fit=crop&w=800&q=80,1,active
sonicwave-audio-15w-magsafe-fast-magnetic-wireless-power-bank-10-000mah-v2,"SonicWave Audio 15W MagSafe Fast Magnetic Wireless Power Bank (10,000mAh) (V2)","<p>High-demand SonicWave Audio SonicWave Audio 15W MagSafe Fast Magnetic Wireless Power Bank (10,000mAh) (V2). Designed for superior performance, comfort and style. Sourced with USPS express air shipping (7-10 days).</p>",SonicWave Audio,electronics,electronics,"electronics, electronics, unisex, dropshipping, bestseller",true,Color,Space Gray,Size,Pocket Slim,SY-SY-PROD-2512,500,shopify,11,deny,manual,51.11,83.22,true,true,https://images.unsplash.com/photo-1505740420928-5e560c06d30e?auto=format&fit=crop&w=800&q=80,1,active
luminatech-hi-fi-360-waterproof-bluetooth-outdoor-speaker-luxe,LuminaTech Hi-Fi 360° Waterproof Bluetooth Outdoor Speaker (Luxe),"<p>High-demand LuminaTech LuminaTech Hi-Fi 360° Waterproof Bluetooth Outdoor Speaker (Luxe). Designed for superior performance, comfort and style. Sourced with USPS express air shipping (7-10 days).</p>",LuminaTech,electronics,electronics,"electronics, electronics, unisex, dropshipping, bestseller",true,Color,Rugged Camo,Size,Standard,SY-SY-PROD-2513,500,shopify,12,deny,manual,52.48,85.34,true,true,https://images.unsplash.com/photo-1572569511254-d8f925fe2cbb?auto=format&fit=crop&w=800&q=80,1,active
sonicwave-audio-ergonomic-vertical-silent-wireless-mouse-rgb-pure,SonicWave Audio Ergonomic Vertical Silent Wireless Mouse (RGB) (Pure),"<p>High-demand SonicWave Audio SonicWave Audio Ergonomic Vertical Silent Wireless Mouse (RGB) (Pure). Designed for superior performance, comfort and style. Sourced with USPS express air shipping (7-10 days).</p>",SonicWave Audio,electronics,electronics,"electronics, electronics, unisex, dropshipping, bestseller",true,Color,Matte Black,Size,Right Hand Ergonomic,SY-SY-PROD-2514,500,shopify,13,deny,manual,25.85,44.07,true,true,https://images.unsplash.com/photo-1546868871-7041f2a55e12?auto=format&fit=crop&w=800&q=80,1,active
luminatech-smart-sleep-eye-mask-with-bluetooth-built-in-speakers-essential,LuminaTech Smart Sleep Eye Mask with Bluetooth Built-in Speakers (Essential),"<p>High-demand LuminaTech LuminaTech Smart Sleep Eye Mask with Bluetooth Built-in Speakers (Essential). Designed for superior performance, comfort and style. Sourced with USPS express air shipping (7-10 days).</p>",LuminaTech,electronics,electronics,"electronics, electronics, unisex, dropshipping, bestseller",true,Color,Night Black,Size,Adjustable Band,SY-SY-PROD-2515,500,shopify,14,deny,manual,33.22,55.49,true,true,https://images.unsplash.com/photo-1600003014755-ba31aa59c4b6?auto=format&fit=crop&w=800&q=80,1,active
sonicwave-audio-active-noise-cancelling-wireless-tws-earbuds-pro,SonicWave Audio Active Noise Cancelling Wireless TWS Earbuds (Pro),"<p>High-demand SonicWave Audio SonicWave Audio Active Noise Cancelling Wireless TWS Earbuds (Pro). Designed for superior performance, comfort and style. Sourced with USPS express air shipping (7-10 days).</p>",SonicWave Audio,electronics,electronics,"electronics, electronics, unisex, dropshipping, bestseller",true,Color,Matte Black,Size,Standard Fit,SY-SY-PROD-2516,500,shopify,15,deny,manual,63.59,102.56,true,true,https://images.unsplash.com/photo-1583394838336-acd977736f90?auto=format&fit=crop&w=800&q=80,1,active
luminatech-ultra-slim-amoled-bluetooth-calling-smartwatch-elite,LuminaTech Ultra-Slim AMOLED Bluetooth Calling Smartwatch (Elite),"<p>High-demand LuminaTech LuminaTech Ultra-Slim AMOLED Bluetooth Calling Smartwatch (Elite). Designed for superior performance, comfort and style. Sourced with USPS express air shipping (7-10 days).</p>",LuminaTech,electronics,electronics,"electronics, electronics, unisex, dropshipping, bestseller",true,Color,Titanium Silver,Size,44mm Dial,SY-SY-PROD-2517,500,shopify,16,deny,manual,84.96,135.69,true,true,https://images.unsplash.com/photo-1527864550417-7fd91fc51a46?auto=format&fit=crop&w=800&q=80,1,active
sonicwave-audio-100w-4-port-gan-fast-travel-wall-charger-classic,SonicWave Audio 100W 4-Port GaN Fast Travel Wall Charger (Classic),"<p>High-demand SonicWave Audio SonicWave Audio 100W 4-Port GaN Fast Travel Wall Charger (Classic). Designed for superior performance, comfort and style. Sourced with USPS express air shipping (7-10 days).</p>",SonicWave Audio,electronics,electronics,"electronics, electronics, unisex, dropshipping, bestseller",true,Color,Graphite Black,Size,Universal US/UK,SY-SY-PROD-2518,500,shopify,17,deny,manual,45.33,74.26,true,true,https://images.unsplash.com/photo-1505740420928-5e560c06d30e?auto=format&fit=crop&w=800&q=80,1,active
luminatech-15w-magsafe-fast-magnetic-wireless-power-bank-10-000mah-series-2,"LuminaTech 15W MagSafe Fast Magnetic Wireless Power Bank (10,000mAh) (Series 2)","<p>High-demand LuminaTech LuminaTech 15W MagSafe Fast Magnetic Wireless Power Bank (10,000mAh) (Series 2). Designed for superior performance, comfort and style. Sourced with USPS express air shipping (7-10 days).</p>",LuminaTech,electronics,electronics,"electronics, electronics, unisex, dropshipping, bestseller",true,Color,Space Gray,Size,Pocket Slim,SY-SY-PROD-2519,500,shopify,18,deny,manual,60.70,98.09,true,true,https://images.unsplash.com/photo-1572569511254-d8f925fe2cbb?auto=format&fit=crop&w=800&q=80,1,active
sonicwave-audio-hi-fi-360-waterproof-bluetooth-outdoor-speaker-air,SonicWave Audio Hi-Fi 360° Waterproof Bluetooth Outdoor Speaker (Air),"<p>High-demand SonicWave Audio SonicWave Audio Hi-Fi 360° Waterproof Bluetooth Outdoor Speaker (Air). Designed for superior performance, comfort and style. Sourced with USPS express air shipping (7-10 days).</p>",SonicWave Audio,electronics,electronics,"electronics, electronics, unisex, dropshipping, bestseller",true,Color,Rugged Camo,Size,Standard,SY-SY-PROD-2520,500,shopify,19,deny,manual,62.07,100.21,true,true,https://images.unsplash.com/photo-1546868871-7041f2a55e12?auto=format&fit=crop&w=800&q=80,1,active
luminatech-ergonomic-vertical-silent-wireless-mouse-rgb-signature,LuminaTech Ergonomic Vertical Silent Wireless Mouse (RGB) (Signature),"<p>High-demand LuminaTech LuminaTech Ergonomic Vertical Silent Wireless Mouse (RGB) (Signature). Designed for superior performance, comfort and style. Sourced with USPS express air shipping (7-10 days).</p>",LuminaTech,electronics,electronics,"electronics, electronics, unisex, dropshipping, bestseller",true,Color,Matte Black,Size,Right Hand Ergonomic,SY-SY-PROD-2521,500,shopify,5,deny,manual,35.44,58.93,true,true,https://images.unsplash.com/photo-1600003014755-ba31aa59c4b6?auto=format&fit=crop&w=800&q=80,1,active
sonicwave-audio-smart-sleep-eye-mask-with-bluetooth-built-in-speakers-v2,SonicWave Audio Smart Sleep Eye Mask with Bluetooth Built-in Speakers (V2),"<p>High-demand SonicWave Audio SonicWave Audio Smart Sleep Eye Mask with Bluetooth Built-in Speakers (V2). Designed for superior performance, comfort and style. Sourced with USPS express air shipping (7-10 days).</p>",SonicWave Audio,electronics,electronics,"electronics, electronics, unisex, dropshipping, bestseller",true,Color,Night Black,Size,Adjustable Band,SY-SY-PROD-2522,500,shopify,6,deny,manual,42.81,70.36,true,true,https://images.unsplash.com/photo-1583394838336-acd977736f90?auto=format&fit=crop&w=800&q=80,1,active
luminatech-active-noise-cancelling-wireless-tws-earbuds-luxe,LuminaTech Active Noise Cancelling Wireless TWS Earbuds (Luxe),"<p>High-demand LuminaTech LuminaTech Active Noise Cancelling Wireless TWS Earbuds (Luxe). Designed for superior performance, comfort and style. Sourced with USPS express air shipping (7-10 days).</p>",LuminaTech,electronics,electronics,"electronics, electronics, unisex, dropshipping, bestseller",true,Color,Matte Black,Size,Standard Fit,SY-SY-PROD-2523,500,shopify,7,deny,manual,73.18,117.43,true,true,https://images.unsplash.com/photo-1527864550417-7fd91fc51a46?auto=format&fit=crop&w=800&q=80,1,active
sonicwave-audio-ultra-slim-amoled-bluetooth-calling-smartwatch-pure,SonicWave Audio Ultra-Slim AMOLED Bluetooth Calling Smartwatch (Pure),"<p>High-demand SonicWave Audio SonicWave Audio Ultra-Slim AMOLED Bluetooth Calling Smartwatch (Pure). Designed for superior performance, comfort and style. Sourced with USPS express air shipping (7-10 days).</p>",SonicWave Audio,electronics,electronics,"electronics, electronics, unisex, dropshipping, bestseller",true,Color,Titanium Silver,Size,44mm Dial,SY-SY-PROD-2524,500,shopify,8,deny,manual,94.55,150.55,true,true,https://images.unsplash.com/photo-1505740420928-5e560c06d30e?auto=format&fit=crop&w=800&q=80,1,active
luminatech-100w-4-port-gan-fast-travel-wall-charger-essential,LuminaTech 100W 4-Port GaN Fast Travel Wall Charger (Essential),"<p>High-demand LuminaTech LuminaTech 100W 4-Port GaN Fast Travel Wall Charger (Essential). Designed for superior performance, comfort and style. Sourced with USPS express air shipping (7-10 days).</p>",LuminaTech,electronics,electronics,"electronics, electronics, unisex, dropshipping, bestseller",true,Color,Graphite Black,Size,Universal US/UK,SY-SY-PROD-2525,500,shopify,9,deny,manual,54.92,89.13,true,true,https://images.unsplash.com/photo-1572569511254-d8f925fe2cbb?auto=format&fit=crop&w=800&q=80,1,active
sonicwave-audio-15w-magsafe-fast-magnetic-wireless-power-bank-10-000mah-pro,"SonicWave Audio 15W MagSafe Fast Magnetic Wireless Power Bank (10,000mAh) (Pro)","<p>High-demand SonicWave Audio SonicWave Audio 15W MagSafe Fast Magnetic Wireless Power Bank (10,000mAh) (Pro). Designed for superior performance, comfort and style. Sourced with USPS express air shipping (7-10 days).</p>",SonicWave Audio,electronics,electronics,"electronics, electronics, unisex, dropshipping, bestseller",true,Color,Space Gray,Size,Pocket Slim,SY-SY-PROD-2526,500,shopify,10,deny,manual,42.29,69.55,true,true,https://images.unsplash.com/photo-1546868871-7041f2a55e12?auto=format&fit=crop&w=800&q=80,1,active
luminatech-hi-fi-360-waterproof-bluetooth-outdoor-speaker-elite,LuminaTech Hi-Fi 360° Waterproof Bluetooth Outdoor Speaker (Elite),"<p>High-demand LuminaTech LuminaTech Hi-Fi 360° Waterproof Bluetooth Outdoor Speaker (Elite). Designed for superior performance, comfort and style. Sourced with USPS express air shipping (7-10 days).</p>",LuminaTech,electronics,electronics,"electronics, electronics, unisex, dropshipping, bestseller",true,Color,Rugged Camo,Size,Standard,SY-SY-PROD-2527,500,shopify,11,deny,manual,71.66,115.07,true,true,https://images.unsplash.com/photo-1600003014755-ba31aa59c4b6?auto=format&fit=crop&w=800&q=80,1,active
sonicwave-audio-ergonomic-vertical-silent-wireless-mouse-rgb-classic,SonicWave Audio Ergonomic Vertical Silent Wireless Mouse (RGB) (Classic),"<p>High-demand SonicWave Audio SonicWave Audio Ergonomic Vertical Silent Wireless Mouse (RGB) (Classic). Designed for superior performance, comfort and style. Sourced with USPS express air shipping (7-10 days).</p>",SonicWave Audio,electronics,electronics,"electronics, electronics, unisex, dropshipping, bestseller",true,Color,Matte Black,Size,Right Hand Ergonomic,SY-SY-PROD-2528,500,shopify,12,deny,manual,25.03,42.80,true,true,https://images.unsplash.com/photo-1583394838336-acd977736f90?auto=format&fit=crop&w=800&q=80,1,active
luminatech-smart-sleep-eye-mask-with-bluetooth-built-in-speakers-series-2,LuminaTech Smart Sleep Eye Mask with Bluetooth Built-in Speakers (Series 2),"<p>High-demand LuminaTech LuminaTech Smart Sleep Eye Mask with Bluetooth Built-in Speakers (Series 2). Designed for superior performance, comfort and style. Sourced with USPS express air shipping (7-10 days).</p>",LuminaTech,electronics,electronics,"electronics, electronics, unisex, dropshipping, bestseller",true,Color,Night Black,Size,Adjustable Band,SY-SY-PROD-2529,500,shopify,13,deny,manual,31.40,52.67,true,true,https://images.unsplash.com/photo-1527864550417-7fd91fc51a46?auto=format&fit=crop&w=800&q=80,1,active
sonicwave-audio-active-noise-cancelling-wireless-tws-earbuds-air,SonicWave Audio Active Noise Cancelling Wireless TWS Earbuds (Air),"<p>High-demand SonicWave Audio SonicWave Audio Active Noise Cancelling Wireless TWS Earbuds (Air). Designed for superior performance, comfort and style. Sourced with USPS express air shipping (7-10 days).</p>",SonicWave Audio,electronics,electronics,"electronics, electronics, unisex, dropshipping, bestseller",true,Color,Matte Black,Size,Standard Fit,SY-SY-PROD-2530,500,shopify,14,deny,manual,42.77,70.29,true,true,https://images.unsplash.com/photo-1505740420928-5e560c06d30e?auto=format&fit=crop&w=800&q=80,1,active
luminatech-ultra-slim-amoled-bluetooth-calling-smartwatch-signature,LuminaTech Ultra-Slim AMOLED Bluetooth Calling Smartwatch (Signature),"<p>High-demand LuminaTech LuminaTech Ultra-Slim AMOLED Bluetooth Calling Smartwatch (Signature). Designed for superior performance, comfort and style. Sourced with USPS express air shipping (7-10 days).</p>",LuminaTech,electronics,electronics,"electronics, electronics, unisex, dropshipping, bestseller",true,Color,Titanium Silver,Size,44mm Dial,SY-SY-PROD-2531,500,shopify,15,deny,manual,54.14,87.92,true,true,https://images.unsplash.com/photo-1572569511254-d8f925fe2cbb?auto=format&fit=crop&w=800&q=80,1,active
sonicwave-audio-100w-4-port-gan-fast-travel-wall-charger-v2,SonicWave Audio 100W 4-Port GaN Fast Travel Wall Charger (V2),"<p>High-demand SonicWave Audio SonicWave Audio 100W 4-Port GaN Fast Travel Wall Charger (V2). Designed for superior performance, comfort and style. Sourced with USPS express air shipping (7-10 days).</p>",SonicWave Audio,electronics,electronics,"electronics, electronics, unisex, dropshipping, bestseller",true,Color,Graphite Black,Size,Universal US/UK,SY-SY-PROD-2532,500,shopify,16,deny,manual,42.51,69.89,true,true,https://images.unsplash.com/photo-1546868871-7041f2a55e12?auto=format&fit=crop&w=800&q=80,1,active
luminatech-15w-magsafe-fast-magnetic-wireless-power-bank-10-000mah-luxe,"LuminaTech 15W MagSafe Fast Magnetic Wireless Power Bank (10,000mAh) (Luxe)","<p>High-demand LuminaTech LuminaTech 15W MagSafe Fast Magnetic Wireless Power Bank (10,000mAh) (Luxe). Designed for superior performance, comfort and style. Sourced with USPS express air shipping (7-10 days).</p>",LuminaTech,electronics,electronics,"electronics, electronics, unisex, dropshipping, bestseller",true,Color,Space Gray,Size,Pocket Slim,SY-SY-PROD-2533,500,shopify,17,deny,manual,51.88,84.41,true,true,https://images.unsplash.com/photo-1600003014755-ba31aa59c4b6?auto=format&fit=crop&w=800&q=80,1,active
sonicwave-audio-hi-fi-360-waterproof-bluetooth-outdoor-speaker-pure,SonicWave Audio Hi-Fi 360° Waterproof Bluetooth Outdoor Speaker (Pure),"<p>High-demand SonicWave Audio SonicWave Audio Hi-Fi 360° Waterproof Bluetooth Outdoor Speaker (Pure). Designed for superior performance, comfort and style. Sourced with USPS express air shipping (7-10 days).</p>",SonicWave Audio,electronics,electronics,"electronics, electronics, unisex, dropshipping, bestseller",true,Color,Rugged Camo,Size,Standard,SY-SY-PROD-2534,500,shopify,18,deny,manual,44.25,72.59,true,true,https://images.unsplash.com/photo-1583394838336-acd977736f90?auto=format&fit=crop&w=800&q=80,1,active
luminatech-ergonomic-vertical-silent-wireless-mouse-rgb-essential,LuminaTech Ergonomic Vertical Silent Wireless Mouse (RGB) (Essential),"<p>High-demand LuminaTech LuminaTech Ergonomic Vertical Silent Wireless Mouse (RGB) (Essential). Designed for superior performance, comfort and style. Sourced with USPS express air shipping (7-10 days).</p>",LuminaTech,electronics,electronics,"electronics, electronics, unisex, dropshipping, bestseller",true,Color,Matte Black,Size,Right Hand Ergonomic,SY-SY-PROD-2535,500,shopify,19,deny,manual,34.62,57.66,true,true,https://images.unsplash.com/photo-1527864550417-7fd91fc51a46?auto=format&fit=crop&w=800&q=80,1,active
sonicwave-audio-smart-sleep-eye-mask-with-bluetooth-built-in-speakers-pro,SonicWave Audio Smart Sleep Eye Mask with Bluetooth Built-in Speakers (Pro),"<p>High-demand SonicWave Audio SonicWave Audio Smart Sleep Eye Mask with Bluetooth Built-in Speakers (Pro). Designed for superior performance, comfort and style. Sourced with USPS express air shipping (7-10 days).</p>",SonicWave Audio,electronics,electronics,"electronics, electronics, unisex, dropshipping, bestseller",true,Color,Night Black,Size,Adjustable Band,SY-SY-PROD-2536,500,shopify,5,deny,manual,40.99,67.53,true,true,https://images.unsplash.com/photo-1505740420928-5e560c06d30e?auto=format&fit=crop&w=800&q=80,1,active
luminatech-active-noise-cancelling-wireless-tws-earbuds-elite,LuminaTech Active Noise Cancelling Wireless TWS Earbuds (Elite),"<p>High-demand LuminaTech LuminaTech Active Noise Cancelling Wireless TWS Earbuds (Elite). Designed for superior performance, comfort and style. Sourced with USPS express air shipping (7-10 days).</p>",LuminaTech,electronics,electronics,"electronics, electronics, unisex, dropshipping, bestseller",true,Color,Matte Black,Size,Standard Fit,SY-SY-PROD-2537,500,shopify,6,deny,manual,52.36,85.16,true,true,https://images.unsplash.com/photo-1572569511254-d8f925fe2cbb?auto=format&fit=crop&w=800&q=80,1,active
sonicwave-audio-ultra-slim-amoled-bluetooth-calling-smartwatch-classic,SonicWave Audio Ultra-Slim AMOLED Bluetooth Calling Smartwatch (Classic),"<p>High-demand SonicWave Audio SonicWave Audio Ultra-Slim AMOLED Bluetooth Calling Smartwatch (Classic). Designed for superior performance, comfort and style. Sourced with USPS express air shipping (7-10 days).</p>",SonicWave Audio,electronics,electronics,"electronics, electronics, unisex, dropshipping, bestseller",true,Color,Titanium Silver,Size,44mm Dial,SY-SY-PROD-2538,500,shopify,7,deny,manual,63.73,102.78,true,true,https://images.unsplash.com/photo-1546868871-7041f2a55e12?auto=format&fit=crop&w=800&q=80,1,active
luminatech-100w-4-port-gan-fast-travel-wall-charger-series-2,LuminaTech 100W 4-Port GaN Fast Travel Wall Charger (Series 2),"<p>High-demand LuminaTech LuminaTech 100W 4-Port GaN Fast Travel Wall Charger (Series 2). Designed for superior performance, comfort and style. Sourced with USPS express air shipping (7-10 days).</p>",LuminaTech,electronics,electronics,"electronics, electronics, unisex, dropshipping, bestseller",true,Color,Graphite Black,Size,Universal US/UK,SY-SY-PROD-2539,500,shopify,8,deny,manual,52.10,84.76,true,true,https://images.unsplash.com/photo-1600003014755-ba31aa59c4b6?auto=format&fit=crop&w=800&q=80,1,active
sonicwave-audio-15w-magsafe-fast-magnetic-wireless-power-bank-10-000mah-air,"SonicWave Audio 15W MagSafe Fast Magnetic Wireless Power Bank (10,000mAh) (Air)","<p>High-demand SonicWave Audio SonicWave Audio 15W MagSafe Fast Magnetic Wireless Power Bank (10,000mAh) (Air). Designed for superior performance, comfort and style. Sourced with USPS express air shipping (7-10 days).</p>",SonicWave Audio,electronics,electronics,"electronics, electronics, unisex, dropshipping, bestseller",true,Color,Space Gray,Size,Pocket Slim,SY-SY-PROD-2540,500,shopify,9,deny,manual,61.47,99.28,true,true,https://images.unsplash.com/photo-1583394838336-acd977736f90?auto=format&fit=crop&w=800&q=80,1,active
luminatech-hi-fi-360-waterproof-bluetooth-outdoor-speaker-signature,LuminaTech Hi-Fi 360° Waterproof Bluetooth Outdoor Speaker (Signature),"<p>High-demand LuminaTech LuminaTech Hi-Fi 360° Waterproof Bluetooth Outdoor Speaker (Signature). Designed for superior performance, comfort and style. Sourced with USPS express air shipping (7-10 days).</p>",LuminaTech,electronics,electronics,"electronics, electronics, unisex, dropshipping, bestseller",true,Color,Rugged Camo,Size,Standard,SY-SY-PROD-2541,500,shopify,10,deny,manual,53.84,87.45,true,true,https://images.unsplash.com/photo-1527864550417-7fd91fc51a46?auto=format&fit=crop&w=800&q=80,1,active
sonicwave-audio-ergonomic-vertical-silent-wireless-mouse-rgb-v2,SonicWave Audio Ergonomic Vertical Silent Wireless Mouse (RGB) (V2),"<p>High-demand SonicWave Audio SonicWave Audio Ergonomic Vertical Silent Wireless Mouse (RGB) (V2). Designed for superior performance, comfort and style. Sourced with USPS express air shipping (7-10 days).</p>",SonicWave Audio,electronics,electronics,"electronics, electronics, unisex, dropshipping, bestseller",true,Color,Matte Black,Size,Right Hand Ergonomic,SY-SY-PROD-2542,500,shopify,11,deny,manual,44.21,72.53,true,true,https://images.unsplash.com/photo-1505740420928-5e560c06d30e?auto=format&fit=crop&w=800&q=80,1,active
luminatech-smart-sleep-eye-mask-with-bluetooth-built-in-speakers-luxe,LuminaTech Smart Sleep Eye Mask with Bluetooth Built-in Speakers (Luxe),"<p>High-demand LuminaTech LuminaTech Smart Sleep Eye Mask with Bluetooth Built-in Speakers (Luxe). Designed for superior performance, comfort and style. Sourced with USPS express air shipping (7-10 days).</p>",LuminaTech,electronics,electronics,"electronics, electronics, unisex, dropshipping, bestseller",true,Color,Night Black,Size,Adjustable Band,SY-SY-PROD-2543,500,shopify,12,deny,manual,29.58,49.85,true,true,https://images.unsplash.com/photo-1572569511254-d8f925fe2cbb?auto=format&fit=crop&w=800&q=80,1,active
sonicwave-audio-active-noise-cancelling-wireless-tws-earbuds-pure,SonicWave Audio Active Noise Cancelling Wireless TWS Earbuds (Pure),"<p>High-demand SonicWave Audio SonicWave Audio Active Noise Cancelling Wireless TWS Earbuds (Pure). Designed for superior performance, comfort and style. Sourced with USPS express air shipping (7-10 days).</p>",SonicWave Audio,electronics,electronics,"electronics, electronics, unisex, dropshipping, bestseller",true,Color,Matte Black,Size,Standard Fit,SY-SY-PROD-2544,500,shopify,13,deny,manual,61.95,100.02,true,true,https://images.unsplash.com/photo-1546868871-7041f2a55e12?auto=format&fit=crop&w=800&q=80,1,active
luminatech-ultra-slim-amoled-bluetooth-calling-smartwatch-essential,LuminaTech Ultra-Slim AMOLED Bluetooth Calling Smartwatch (Essential),"<p>High-demand LuminaTech LuminaTech Ultra-Slim AMOLED Bluetooth Calling Smartwatch (Essential). Designed for superior performance, comfort and style. Sourced with USPS express air shipping (7-10 days).</p>",LuminaTech,electronics,electronics,"electronics, electronics, unisex, dropshipping, bestseller",true,Color,Titanium Silver,Size,44mm Dial,SY-SY-PROD-2545,500,shopify,14,deny,manual,73.32,117.65,true,true,https://images.unsplash.com/photo-1600003014755-ba31aa59c4b6?auto=format&fit=crop&w=800&q=80,1,active