Handle,Title,Body (HTML),Vendor,Product Category,Type,Tags,Published,Option1 Name,Option1 Value,Option2 Name,Option2 Value,Variant SKU,Variant Grams,Variant Inventory Tracker,Variant Inventory Qty,Variant Inventory Policy,Variant Fulfillment Service,Variant Price,Variant Compare At Price,Variant Requires Shipping,Variant Taxable,Image Src,Image Position,Status
little-sparks-boys-graphic-dinosaur-cotton-hoodie-pro,Little Sparks Boys Graphic Dinosaur Cotton Hoodie (Pro),"<p>High-demand Little Sparks Little Sparks Boys Graphic Dinosaur Cotton Hoodie (Pro). Designed for superior performance, comfort and style. Sourced with USPS express air shipping (7-10 days).</p>",Little Sparks,clothing,clothing,"kids, clothing, kids, dropshipping, bestseller",true,Color,Jurassic Green,Size,3-4Y,SY-SY-PROD-1621,500,shopify,5,deny,manual,22.99,39.63,true,true,https://images.unsplash.com/photo-1519457431-44ccd64a579b?auto=format&fit=crop&w=800&q=80,1,active
uspa-kids-girls-sparkle-tulle-birthday-party-dress-elite,USPA Kids Girls Sparkle Tulle Birthday Party Dress (Elite),"<p>High-demand USPA Kids USPA Kids Girls Sparkle Tulle Birthday Party Dress (Elite). Designed for superior performance, comfort and style. Sourced with USPS express air shipping (7-10 days).</p>",USPA Kids,clothing,clothing,"kids, clothing, kids, dropshipping, bestseller",true,Color,Fairy Pink,Size,2-3Y,SY-SY-PROD-1622,500,shopify,6,deny,manual,30.36,51.06,true,true,https://images.unsplash.com/photo-1622290291468-a28f7a7dc6a8?auto=format&fit=crop&w=800&q=80,1,active
little-sparks-kids-stretch-denim-playtime-overalls-classic,Little Sparks Kids Stretch Denim Playtime Overalls (Classic),"<p>High-demand Little Sparks Little Sparks Kids Stretch Denim Playtime Overalls (Classic). Designed for superior performance, comfort and style. Sourced with USPS express air shipping (7-10 days).</p>",Little Sparks,clothing,clothing,"kids, clothing, kids, dropshipping, bestseller",true,Color,Classic Denim Wash,Size,3-4Y,SY-SY-PROD-1623,500,shopify,7,deny,manual,29.73,50.08,true,true,https://images.unsplash.com/photo-1508214751196-bcfd4ca60f91?auto=format&fit=crop&w=800&q=80,1,active
uspa-kids-ultra-soft-organic-cotton-2-piece-pajama-set-series-2,USPA Kids Ultra-Soft Organic Cotton 2-Piece Pajama Set (Series 2),"<p>High-demand USPA Kids USPA Kids Ultra-Soft Organic Cotton 2-Piece Pajama Set (Series 2). Designed for superior performance, comfort and style. Sourced with USPS express air shipping (7-10 days).</p>",USPA Kids,clothing,clothing,"kids, clothing, kids, dropshipping, bestseller",true,Color,Space Galaxy,Size,2-3Y,SY-SY-PROD-1624,500,shopify,8,deny,manual,24.10,41.36,true,true,https://images.unsplash.com/photo-1596870230751-ebdfce98ec42?auto=format&fit=crop&w=800&q=80,1,active
little-sparks-children-waterproof-hooded-puffer-jacket-air,Little Sparks Children Waterproof Hooded Puffer Jacket (Air),"<p>High-demand Little Sparks Little Sparks Children Waterproof Hooded Puffer Jacket (Air). Designed for superior performance, comfort and style. Sourced with USPS express air shipping (7-10 days).</p>",Little Sparks,clothing,clothing,"kids, clothing, kids, dropshipping, bestseller",true,Color,Neon Coral,Size,4-5Y,SY-SY-PROD-1625,500,shopify,9,deny,manual,42.47,69.83,true,true,https://images.unsplash.com/photo-1514090458221-65bb69cf63e6?auto=format&fit=crop&w=800&q=80,1,active
uspa-kids-unisex-kids-fleece-tracksuit-set-signature,USPA Kids Unisex Kids Fleece Tracksuit Set (Signature),"<p>High-demand USPA Kids USPA Kids Unisex Kids Fleece Tracksuit Set (Signature). Designed for superior performance, comfort and style. Sourced with USPS express air shipping (7-10 days).</p>",USPA Kids,clothing,clothing,"kids, clothing, kids, dropshipping, bestseller",true,Color,Heather Gray,Size,3-4Y,SY-SY-PROD-1626,500,shopify,10,deny,manual,31.84,53.35,true,true,https://images.unsplash.com/photo-1516627145497-ae6968895b74?auto=format&fit=crop&w=800&q=80,1,active
little-sparks-boys-graphic-dinosaur-cotton-hoodie-v2,Little Sparks Boys Graphic Dinosaur Cotton Hoodie (V2),"<p>High-demand Little Sparks Little Sparks Boys Graphic Dinosaur Cotton Hoodie (V2). Designed for superior performance, comfort and style. Sourced with USPS express air shipping (7-10 days).</p>",Little Sparks,clothing,clothing,"kids, clothing, kids, dropshipping, bestseller",true,Color,Jurassic Green,Size,3-4Y,SY-SY-PROD-1627,500,shopify,11,deny,manual,31.21,52.38,true,true,https://images.unsplash.com/photo-1519457431-44ccd64a579b?auto=format&fit=crop&w=800&q=80,1,active
uspa-kids-girls-sparkle-tulle-birthday-party-dress-luxe,USPA Kids Girls Sparkle Tulle Birthday Party Dress (Luxe),"<p>High-demand USPA Kids USPA Kids Girls Sparkle Tulle Birthday Party Dress (Luxe). Designed for superior performance, comfort and style. Sourced with USPS express air shipping (7-10 days).</p>",USPA Kids,clothing,clothing,"kids, clothing, kids, dropshipping, bestseller",true,Color,Fairy Pink,Size,2-3Y,SY-SY-PROD-1628,500,shopify,12,deny,manual,38.58,63.80,true,true,https://images.unsplash.com/photo-1622290291468-a28f7a7dc6a8?auto=format&fit=crop&w=800&q=80,1,active
little-sparks-kids-stretch-denim-playtime-overalls-pure,Little Sparks Kids Stretch Denim Playtime Overalls (Pure),"<p>High-demand Little Sparks Little Sparks Kids Stretch Denim Playtime Overalls (Pure). Designed for superior performance, comfort and style. Sourced with USPS express air shipping (7-10 days).</p>",Little Sparks,clothing,clothing,"kids, clothing, kids, dropshipping, bestseller",true,Color,Classic Denim Wash,Size,3-4Y,SY-SY-PROD-1629,500,shopify,13,deny,manual,37.95,62.82,true,true,https://images.unsplash.com/photo-1508214751196-bcfd4ca60f91?auto=format&fit=crop&w=800&q=80,1,active
uspa-kids-ultra-soft-organic-cotton-2-piece-pajama-set-essential,USPA Kids Ultra-Soft Organic Cotton 2-Piece Pajama Set (Essential),"<p>High-demand USPA Kids USPA Kids Ultra-Soft Organic Cotton 2-Piece Pajama Set (Essential). Designed for superior performance, comfort and style. Sourced with USPS express air shipping (7-10 days).</p>",USPA Kids,clothing,clothing,"kids, clothing, kids, dropshipping, bestseller",true,Color,Space Galaxy,Size,2-3Y,SY-SY-PROD-1630,500,shopify,14,deny,manual,32.32,54.10,true,true,https://images.unsplash.com/photo-1596870230751-ebdfce98ec42?auto=format&fit=crop&w=800&q=80,1,active
little-sparks-children-waterproof-hooded-puffer-jacket-pro,Little Sparks Children Waterproof Hooded Puffer Jacket (Pro),"<p>High-demand Little Sparks Little Sparks Children Waterproof Hooded Puffer Jacket (Pro). Designed for superior performance, comfort and style. Sourced with USPS express air shipping (7-10 days).</p>",Little Sparks,clothing,clothing,"kids, clothing, kids, dropshipping, bestseller",true,Color,Neon Coral,Size,4-5Y,SY-SY-PROD-1631,500,shopify,15,deny,manual,50.69,82.57,true,true,https://images.unsplash.com/photo-1514090458221-65bb69cf63e6?auto=format&fit=crop&w=800&q=80,1,active
uspa-kids-unisex-kids-fleece-tracksuit-set-elite,USPA Kids Unisex Kids Fleece Tracksuit Set (Elite),"<p>High-demand USPA Kids USPA Kids Unisex Kids Fleece Tracksuit Set (Elite). Designed for superior performance, comfort and style. Sourced with USPS express air shipping (7-10 days).</p>",USPA Kids,clothing,clothing,"kids, clothing, kids, dropshipping, bestseller",true,Color,Heather Gray,Size,3-4Y,SY-SY-PROD-1632,500,shopify,16,deny,manual,40.06,66.09,true,true,https://images.unsplash.com/photo-1516627145497-ae6968895b74?auto=format&fit=crop&w=800&q=80,1,active
little-sparks-boys-graphic-dinosaur-cotton-hoodie-classic,Little Sparks Boys Graphic Dinosaur Cotton Hoodie (Classic),"<p>High-demand Little Sparks Little Sparks Boys Graphic Dinosaur Cotton Hoodie (Classic). Designed for superior performance, comfort and style. Sourced with USPS express air shipping (7-10 days).</p>",Little Sparks,clothing,clothing,"kids, clothing, kids, dropshipping, bestseller",true,Color,Jurassic Green,Size,3-4Y,SY-SY-PROD-1633,500,shopify,17,deny,manual,39.43,65.12,true,true,https://images.unsplash.com/photo-1519457431-44ccd64a579b?auto=format&fit=crop&w=800&q=80,1,active
uspa-kids-girls-sparkle-tulle-birthday-party-dress-series-2,USPA Kids Girls Sparkle Tulle Birthday Party Dress (Series 2),"<p>High-demand USPA Kids USPA Kids Girls Sparkle Tulle Birthday Party Dress (Series 2). Designed for superior performance, comfort and style. Sourced with USPS express air shipping (7-10 days).</p>",USPA Kids,clothing,clothing,"kids, clothing, kids, dropshipping, bestseller",true,Color,Fairy Pink,Size,2-3Y,SY-SY-PROD-1634,500,shopify,18,deny,manual,46.80,76.54,true,true,https://images.unsplash.com/photo-1622290291468-a28f7a7dc6a8?auto=format&fit=crop&w=800&q=80,1,active
little-sparks-kids-stretch-denim-playtime-overalls-air,Little Sparks Kids Stretch Denim Playtime Overalls (Air),"<p>High-demand Little Sparks Little Sparks Kids Stretch Denim Playtime Overalls (Air). Designed for superior performance, comfort and style. Sourced with USPS express air shipping (7-10 days).</p>",Little Sparks,clothing,clothing,"kids, clothing, kids, dropshipping, bestseller",true,Color,Classic Denim Wash,Size,3-4Y,SY-SY-PROD-1635,500,shopify,19,deny,manual,28.17,47.66,true,true,https://images.unsplash.com/photo-1508214751196-bcfd4ca60f91?auto=format&fit=crop&w=800&q=80,1,active
uspa-kids-ultra-soft-organic-cotton-2-piece-pajama-set-signature,USPA Kids Ultra-Soft Organic Cotton 2-Piece Pajama Set (Signature),"<p>High-demand USPA Kids USPA Kids Ultra-Soft Organic Cotton 2-Piece Pajama Set (Signature). Designed for superior performance, comfort and style. Sourced with USPS express air shipping (7-10 days).</p>",USPA Kids,clothing,clothing,"kids, clothing, kids, dropshipping, bestseller",true,Color,Space Galaxy,Size,2-3Y,SY-SY-PROD-1636,500,shopify,5,deny,manual,27.54,46.69,true,true,https://images.unsplash.com/photo-1596870230751-ebdfce98ec42?auto=format&fit=crop&w=800&q=80,1,active
little-sparks-children-waterproof-hooded-puffer-jacket-v2,Little Sparks Children Waterproof Hooded Puffer Jacket (V2),"<p>High-demand Little Sparks Little Sparks Children Waterproof Hooded Puffer Jacket (V2). Designed for superior performance, comfort and style. Sourced with USPS express air shipping (7-10 days).</p>",Little Sparks,clothing,clothing,"kids, clothing, kids, dropshipping, bestseller",true,Color,Neon Coral,Size,4-5Y,SY-SY-PROD-1637,500,shopify,6,deny,manual,58.91,95.31,true,true,https://images.unsplash.com/photo-1514090458221-65bb69cf63e6?auto=format&fit=crop&w=800&q=80,1,active
uspa-kids-unisex-kids-fleece-tracksuit-set-luxe,USPA Kids Unisex Kids Fleece Tracksuit Set (Luxe),"<p>High-demand USPA Kids USPA Kids Unisex Kids Fleece Tracksuit Set (Luxe). Designed for superior performance, comfort and style. Sourced with USPS express air shipping (7-10 days).</p>",USPA Kids,clothing,clothing,"kids, clothing, kids, dropshipping, bestseller",true,Color,Heather Gray,Size,3-4Y,SY-SY-PROD-1638,500,shopify,7,deny,manual,30.28,50.93,true,true,https://images.unsplash.com/photo-1516627145497-ae6968895b74?auto=format&fit=crop&w=800&q=80,1,active
little-sparks-boys-graphic-dinosaur-cotton-hoodie-pure,Little Sparks Boys Graphic Dinosaur Cotton Hoodie (Pure),"<p>High-demand Little Sparks Little Sparks Boys Graphic Dinosaur Cotton Hoodie (Pure). Designed for superior performance, comfort and style. Sourced with USPS express air shipping (7-10 days).</p>",Little Sparks,clothing,clothing,"kids, clothing, kids, dropshipping, bestseller",true,Color,Jurassic Green,Size,3-4Y,SY-SY-PROD-1639,500,shopify,8,deny,manual,30.65,51.51,true,true,https://images.unsplash.com/photo-1519457431-44ccd64a579b?auto=format&fit=crop&w=800&q=80,1,active
uspa-kids-girls-sparkle-tulle-birthday-party-dress-essential,USPA Kids Girls Sparkle Tulle Birthday Party Dress (Essential),"<p>High-demand USPA Kids USPA Kids Girls Sparkle Tulle Birthday Party Dress (Essential). Designed for superior performance, comfort and style. Sourced with USPS express air shipping (7-10 days).</p>",USPA Kids,clothing,clothing,"kids, clothing, kids, dropshipping, bestseller",true,Color,Fairy Pink,Size,2-3Y,SY-SY-PROD-1640,500,shopify,9,deny,manual,34.02,56.73,true,true,https://images.unsplash.com/photo-1622290291468-a28f7a7dc6a8?auto=format&fit=crop&w=800&q=80,1,active
little-sparks-kids-stretch-denim-playtime-overalls-pro,Little Sparks Kids Stretch Denim Playtime Overalls (Pro),"<p>High-demand Little Sparks Little Sparks Kids Stretch Denim Playtime Overalls (Pro). Designed for superior performance, comfort and style. Sourced with USPS express air shipping (7-10 days).</p>",Little Sparks,clothing,clothing,"kids, clothing, kids, dropshipping, bestseller",true,Color,Classic Denim Wash,Size,3-4Y,SY-SY-PROD-1641,500,shopify,10,deny,manual,36.39,60.40,true,true,https://images.unsplash.com/photo-1508214751196-bcfd4ca60f91?auto=format&fit=crop&w=800&q=80,1,active
uspa-kids-ultra-soft-organic-cotton-2-piece-pajama-set-elite,USPA Kids Ultra-Soft Organic Cotton 2-Piece Pajama Set (Elite),"<p>High-demand USPA Kids USPA Kids Ultra-Soft Organic Cotton 2-Piece Pajama Set (Elite). Designed for superior performance, comfort and style. Sourced with USPS express air shipping (7-10 days).</p>",USPA Kids,clothing,clothing,"kids, clothing, kids, dropshipping, bestseller",true,Color,Space Galaxy,Size,2-3Y,SY-SY-PROD-1642,500,shopify,11,deny,manual,22.76,39.28,true,true,https://images.unsplash.com/photo-1596870230751-ebdfce98ec42?auto=format&fit=crop&w=800&q=80,1,active
little-sparks-children-waterproof-hooded-puffer-jacket-classic,Little Sparks Children Waterproof Hooded Puffer Jacket (Classic),"<p>High-demand Little Sparks Little Sparks Children Waterproof Hooded Puffer Jacket (Classic). Designed for superior performance, comfort and style. Sourced with USPS express air shipping (7-10 days).</p>",Little Sparks,clothing,clothing,"kids, clothing, kids, dropshipping, bestseller",true,Color,Neon Coral,Size,4-5Y,SY-SY-PROD-1643,500,shopify,12,deny,manual,39.13,64.65,true,true,https://images.unsplash.com/photo-1514090458221-65bb69cf63e6?auto=format&fit=crop&w=800&q=80,1,active
uspa-kids-unisex-kids-fleece-tracksuit-set-series-2,USPA Kids Unisex Kids Fleece Tracksuit Set (Series 2),"<p>High-demand USPA Kids USPA Kids Unisex Kids Fleece Tracksuit Set (Series 2). Designed for superior performance, comfort and style. Sourced with USPS express air shipping (7-10 days).</p>",USPA Kids,clothing,clothing,"kids, clothing, kids, dropshipping, bestseller",true,Color,Heather Gray,Size,3-4Y,SY-SY-PROD-1644,500,shopify,13,deny,manual,38.50,63.68,true,true,https://images.unsplash.com/photo-1516627145497-ae6968895b74?auto=format&fit=crop&w=800&q=80,1,active
little-sparks-boys-graphic-dinosaur-cotton-hoodie-air,Little Sparks Boys Graphic Dinosaur Cotton Hoodie (Air),"<p>High-demand Little Sparks Little Sparks Boys Graphic Dinosaur Cotton Hoodie (Air). Designed for superior performance, comfort and style. Sourced with USPS express air shipping (7-10 days).</p>",Little Sparks,clothing,clothing,"kids, clothing, kids, dropshipping, bestseller",true,Color,Jurassic Green,Size,3-4Y,SY-SY-PROD-1645,500,shopify,14,deny,manual,38.87,64.25,true,true,https://images.unsplash.com/photo-1519457431-44ccd64a579b?auto=format&fit=crop&w=800&q=80,1,active
uspa-kids-girls-sparkle-tulle-birthday-party-dress-signature,USPA Kids Girls Sparkle Tulle Birthday Party Dress (Signature),"<p>High-demand USPA Kids USPA Kids Girls Sparkle Tulle Birthday Party Dress (Signature). Designed for superior performance, comfort and style. Sourced with USPS express air shipping (7-10 days).</p>",USPA Kids,clothing,clothing,"kids, clothing, kids, dropshipping, bestseller",true,Color,Fairy Pink,Size,2-3Y,SY-SY-PROD-1646,500,shopify,15,deny,manual,42.24,69.47,true,true,https://images.unsplash.com/photo-1622290291468-a28f7a7dc6a8?auto=format&fit=crop&w=800&q=80,1,active
little-sparks-kids-stretch-denim-playtime-overalls-v2,Little Sparks Kids Stretch Denim Playtime Overalls (V2),"<p>High-demand Little Sparks Little Sparks Kids Stretch Denim Playtime Overalls (V2). Designed for superior performance, comfort and style. Sourced with USPS express air shipping (7-10 days).</p>",Little Sparks,clothing,clothing,"kids, clothing, kids, dropshipping, bestseller",true,Color,Classic Denim Wash,Size,3-4Y,SY-SY-PROD-1647,500,shopify,16,deny,manual,44.61,73.15,true,true,https://images.unsplash.com/photo-1508214751196-bcfd4ca60f91?auto=format&fit=crop&w=800&q=80,1,active
uspa-kids-ultra-soft-organic-cotton-2-piece-pajama-set-luxe,USPA Kids Ultra-Soft Organic Cotton 2-Piece Pajama Set (Luxe),"<p>High-demand USPA Kids USPA Kids Ultra-Soft Organic Cotton 2-Piece Pajama Set (Luxe). Designed for superior performance, comfort and style. Sourced with USPS express air shipping (7-10 days).</p>",USPA Kids,clothing,clothing,"kids, clothing, kids, dropshipping, bestseller",true,Color,Space Galaxy,Size,2-3Y,SY-SY-PROD-1648,500,shopify,17,deny,manual,30.98,52.02,true,true,https://images.unsplash.com/photo-1596870230751-ebdfce98ec42?auto=format&fit=crop&w=800&q=80,1,active
little-sparks-children-waterproof-hooded-puffer-jacket-pure,Little Sparks Children Waterproof Hooded Puffer Jacket (Pure),"<p>High-demand Little Sparks Little Sparks Children Waterproof Hooded Puffer Jacket (Pure). Designed for superior performance, comfort and style. Sourced with USPS express air shipping (7-10 days).</p>",Little Sparks,clothing,clothing,"kids, clothing, kids, dropshipping, bestseller",true,Color,Neon Coral,Size,4-5Y,SY-SY-PROD-1649,500,shopify,18,deny,manual,47.35,77.39,true,true,https://images.unsplash.com/photo-1514090458221-65bb69cf63e6?auto=format&fit=crop&w=800&q=80,1,active
uspa-kids-unisex-kids-fleece-tracksuit-set-essential,USPA Kids Unisex Kids Fleece Tracksuit Set (Essential),"<p>High-demand USPA Kids USPA Kids Unisex Kids Fleece Tracksuit Set (Essential). Designed for superior performance, comfort and style. Sourced with USPS express air shipping (7-10 days).</p>",USPA Kids,clothing,clothing,"kids, clothing, kids, dropshipping, bestseller",true,Color,Heather Gray,Size,3-4Y,SY-SY-PROD-1650,500,shopify,19,deny,manual,28.72,48.52,true,true,https://images.unsplash.com/photo-1516627145497-ae6968895b74?auto=format&fit=crop&w=800&q=80,1,active
little-sparks-boys-graphic-dinosaur-cotton-hoodie-pro,Little Sparks Boys Graphic Dinosaur Cotton Hoodie (Pro),"<p>High-demand Little Sparks Little Sparks Boys Graphic Dinosaur Cotton Hoodie (Pro). Designed for superior performance, comfort and style. Sourced with USPS express air shipping (7-10 days).</p>",Little Sparks,clothing,clothing,"kids, clothing, kids, dropshipping, bestseller",true,Color,Jurassic Green,Size,3-4Y,SY-SY-PROD-1651,500,shopify,5,deny,manual,30.09,50.64,true,true,https://images.unsplash.com/photo-1519457431-44ccd64a579b?auto=format&fit=crop&w=800&q=80,1,active
uspa-kids-girls-sparkle-tulle-birthday-party-dress-elite,USPA Kids Girls Sparkle Tulle Birthday Party Dress (Elite),"<p>High-demand USPA Kids USPA Kids Girls Sparkle Tulle Birthday Party Dress (Elite). Designed for superior performance, comfort and style. Sourced with USPS express air shipping (7-10 days).</p>",USPA Kids,clothing,clothing,"kids, clothing, kids, dropshipping, bestseller",true,Color,Fairy Pink,Size,2-3Y,SY-SY-PROD-1652,500,shopify,6,deny,manual,29.46,49.66,true,true,https://images.unsplash.com/photo-1622290291468-a28f7a7dc6a8?auto=format&fit=crop&w=800&q=80,1,active
little-sparks-kids-stretch-denim-playtime-overalls-classic,Little Sparks Kids Stretch Denim Playtime Overalls (Classic),"<p>High-demand Little Sparks Little Sparks Kids Stretch Denim Playtime Overalls (Classic). Designed for superior performance, comfort and style. Sourced with USPS express air shipping (7-10 days).</p>",Little Sparks,clothing,clothing,"kids, clothing, kids, dropshipping, bestseller",true,Color,Classic Denim Wash,Size,3-4Y,SY-SY-PROD-1653,500,shopify,7,deny,manual,34.83,57.99,true,true,https://images.unsplash.com/photo-1508214751196-bcfd4ca60f91?auto=format&fit=crop&w=800&q=80,1,active
uspa-kids-ultra-soft-organic-cotton-2-piece-pajama-set-series-2,USPA Kids Ultra-Soft Organic Cotton 2-Piece Pajama Set (Series 2),"<p>High-demand USPA Kids USPA Kids Ultra-Soft Organic Cotton 2-Piece Pajama Set (Series 2). Designed for superior performance, comfort and style. Sourced with USPS express air shipping (7-10 days).</p>",USPA Kids,clothing,clothing,"kids, clothing, kids, dropshipping, bestseller",true,Color,Space Galaxy,Size,2-3Y,SY-SY-PROD-1654,500,shopify,8,deny,manual,26.20,44.61,true,true,https://images.unsplash.com/photo-1596870230751-ebdfce98ec42?auto=format&fit=crop&w=800&q=80,1,active
little-sparks-children-waterproof-hooded-puffer-jacket-air,Little Sparks Children Waterproof Hooded Puffer Jacket (Air),"<p>High-demand Little Sparks Little Sparks Children Waterproof Hooded Puffer Jacket (Air). Designed for superior performance, comfort and style. Sourced with USPS express air shipping (7-10 days).</p>",Little Sparks,clothing,clothing,"kids, clothing, kids, dropshipping, bestseller",true,Color,Neon Coral,Size,4-5Y,SY-SY-PROD-1655,500,shopify,9,deny,manual,55.57,90.13,true,true,https://images.unsplash.com/photo-1514090458221-65bb69cf63e6?auto=format&fit=crop&w=800&q=80,1,active
uspa-kids-unisex-kids-fleece-tracksuit-set-signature,USPA Kids Unisex Kids Fleece Tracksuit Set (Signature),"<p>High-demand USPA Kids USPA Kids Unisex Kids Fleece Tracksuit Set (Signature). Designed for superior performance, comfort and style. Sourced with USPS express air shipping (7-10 days).</p>",USPA Kids,clothing,clothing,"kids, clothing, kids, dropshipping, bestseller",true,Color,Heather Gray,Size,3-4Y,SY-SY-PROD-1656,500,shopify,10,deny,manual,36.94,61.26,true,true,https://images.unsplash.com/photo-1516627145497-ae6968895b74?auto=format&fit=crop&w=800&q=80,1,active
little-sparks-boys-graphic-dinosaur-cotton-hoodie-v2,Little Sparks Boys Graphic Dinosaur Cotton Hoodie (V2),"<p>High-demand Little Sparks Little Sparks Boys Graphic Dinosaur Cotton Hoodie (V2). Designed for superior performance, comfort and style. Sourced with USPS express air shipping (7-10 days).</p>",Little Sparks,clothing,clothing,"kids, clothing, kids, dropshipping, bestseller",true,Color,Jurassic Green,Size,3-4Y,SY-SY-PROD-1657,500,shopify,11,deny,manual,38.31,63.38,true,true,https://images.unsplash.com/photo-1519457431-44ccd64a579b?auto=format&fit=crop&w=800&q=80,1,active
uspa-kids-girls-sparkle-tulle-birthday-party-dress-luxe,USPA Kids Girls Sparkle Tulle Birthday Party Dress (Luxe),"<p>High-demand USPA Kids USPA Kids Girls Sparkle Tulle Birthday Party Dress (Luxe). Designed for superior performance, comfort and style. Sourced with USPS express air shipping (7-10 days).</p>",USPA Kids,clothing,clothing,"kids, clothing, kids, dropshipping, bestseller",true,Color,Fairy Pink,Size,2-3Y,SY-SY-PROD-1658,500,shopify,12,deny,manual,37.68,62.40,true,true,https://images.unsplash.com/photo-1622290291468-a28f7a7dc6a8?auto=format&fit=crop&w=800&q=80,1,active
little-sparks-kids-stretch-denim-playtime-overalls-pure,Little Sparks Kids Stretch Denim Playtime Overalls (Pure),"<p>High-demand Little Sparks Little Sparks Kids Stretch Denim Playtime Overalls (Pure). Designed for superior performance, comfort and style. Sourced with USPS express air shipping (7-10 days).</p>",Little Sparks,clothing,clothing,"kids, clothing, kids, dropshipping, bestseller",true,Color,Classic Denim Wash,Size,3-4Y,SY-SY-PROD-1659,500,shopify,13,deny,manual,43.05,70.73,true,true,https://images.unsplash.com/photo-1508214751196-bcfd4ca60f91?auto=format&fit=crop&w=800&q=80,1,active
uspa-kids-ultra-soft-organic-cotton-2-piece-pajama-set-essential,USPA Kids Ultra-Soft Organic Cotton 2-Piece Pajama Set (Essential),"<p>High-demand USPA Kids USPA Kids Ultra-Soft Organic Cotton 2-Piece Pajama Set (Essential). Designed for superior performance, comfort and style. Sourced with USPS express air shipping (7-10 days).</p>",USPA Kids,clothing,clothing,"kids, clothing, kids, dropshipping, bestseller",true,Color,Space Galaxy,Size,2-3Y,SY-SY-PROD-1660,500,shopify,14,deny,manual,21.42,37.20,true,true,https://images.unsplash.com/photo-1596870230751-ebdfce98ec42?auto=format&fit=crop&w=800&q=80,1,active
little-sparks-children-waterproof-hooded-puffer-jacket-pro,Little Sparks Children Waterproof Hooded Puffer Jacket (Pro),"<p>High-demand Little Sparks Little Sparks Children Waterproof Hooded Puffer Jacket (Pro). Designed for superior performance, comfort and style. Sourced with USPS express air shipping (7-10 days).</p>",Little Sparks,clothing,clothing,"kids, clothing, kids, dropshipping, bestseller",true,Color,Neon Coral,Size,4-5Y,SY-SY-PROD-1661,500,shopify,15,deny,manual,63.79,102.87,true,true,https://images.unsplash.com/photo-1514090458221-65bb69cf63e6?auto=format&fit=crop&w=800&q=80,1,active
uspa-kids-unisex-kids-fleece-tracksuit-set-elite,USPA Kids Unisex Kids Fleece Tracksuit Set (Elite),"<p>High-demand USPA Kids USPA Kids Unisex Kids Fleece Tracksuit Set (Elite). Designed for superior performance, comfort and style. Sourced with USPS express air shipping (7-10 days).</p>",USPA Kids,clothing,clothing,"kids, clothing, kids, dropshipping, bestseller",true,Color,Heather Gray,Size,3-4Y,SY-SY-PROD-1662,500,shopify,16,deny,manual,27.16,46.10,true,true,https://images.unsplash.com/photo-1516627145497-ae6968895b74?auto=format&fit=crop&w=800&q=80,1,active
little-sparks-boys-graphic-dinosaur-cotton-hoodie-classic,Little Sparks Boys Graphic Dinosaur Cotton Hoodie (Classic),"<p>High-demand Little Sparks Little Sparks Boys Graphic Dinosaur Cotton Hoodie (Classic). Designed for superior performance, comfort and style. Sourced with USPS express air shipping (7-10 days).</p>",Little Sparks,clothing,clothing,"kids, clothing, kids, dropshipping, bestseller",true,Color,Jurassic Green,Size,3-4Y,SY-SY-PROD-1663,500,shopify,17,deny,manual,29.53,49.77,true,true,https://images.unsplash.com/photo-1519457431-44ccd64a579b?auto=format&fit=crop&w=800&q=80,1,active
uspa-kids-girls-sparkle-tulle-birthday-party-dress-series-2,USPA Kids Girls Sparkle Tulle Birthday Party Dress (Series 2),"<p>High-demand USPA Kids USPA Kids Girls Sparkle Tulle Birthday Party Dress (Series 2). Designed for superior performance, comfort and style. Sourced with USPS express air shipping (7-10 days).</p>",USPA Kids,clothing,clothing,"kids, clothing, kids, dropshipping, bestseller",true,Color,Fairy Pink,Size,2-3Y,SY-SY-PROD-1664,500,shopify,18,deny,manual,45.90,75.14,true,true,https://images.unsplash.com/photo-1622290291468-a28f7a7dc6a8?auto=format&fit=crop&w=800&q=80,1,active
little-sparks-kids-stretch-denim-playtime-overalls-air,Little Sparks Kids Stretch Denim Playtime Overalls (Air),"<p>High-demand Little Sparks Little Sparks Kids Stretch Denim Playtime Overalls (Air). Designed for superior performance, comfort and style. Sourced with USPS express air shipping (7-10 days).</p>",Little Sparks,clothing,clothing,"kids, clothing, kids, dropshipping, bestseller",true,Color,Classic Denim Wash,Size,3-4Y,SY-SY-PROD-1665,500,shopify,19,deny,manual,33.27,55.57,true,true,https://images.unsplash.com/photo-1508214751196-bcfd4ca60f91?auto=format&fit=crop&w=800&q=80,1,active
uspa-kids-ultra-soft-organic-cotton-2-piece-pajama-set-signature,USPA Kids Ultra-Soft Organic Cotton 2-Piece Pajama Set (Signature),"<p>High-demand USPA Kids USPA Kids Ultra-Soft Organic Cotton 2-Piece Pajama Set (Signature). Designed for superior performance, comfort and style. Sourced with USPS express air shipping (7-10 days).</p>",USPA Kids,clothing,clothing,"kids, clothing, kids, dropshipping, bestseller",true,Color,Space Galaxy,Size,2-3Y,SY-SY-PROD-1666,500,shopify,5,deny,manual,29.64,49.94,true,true,https://images.unsplash.com/photo-1596870230751-ebdfce98ec42?auto=format&fit=crop&w=800&q=80,1,active
little-sparks-children-waterproof-hooded-puffer-jacket-v2,Little Sparks Children Waterproof Hooded Puffer Jacket (V2),"<p>High-demand Little Sparks Little Sparks Children Waterproof Hooded Puffer Jacket (V2). Designed for superior performance, comfort and style. Sourced with USPS express air shipping (7-10 days).</p>",Little Sparks,clothing,clothing,"kids, clothing, kids, dropshipping, bestseller",true,Color,Neon Coral,Size,4-5Y,SY-SY-PROD-1667,500,shopify,6,deny,manual,44.01,72.22,true,true,https://images.unsplash.com/photo-1514090458221-65bb69cf63e6?auto=format&fit=crop&w=800&q=80,1,active
uspa-kids-unisex-kids-fleece-tracksuit-set-luxe,USPA Kids Unisex Kids Fleece Tracksuit Set (Luxe),"<p>High-demand USPA Kids USPA Kids Unisex Kids Fleece Tracksuit Set (Luxe). Designed for superior performance, comfort and style. Sourced with USPS express air shipping (7-10 days).</p>",USPA Kids,clothing,clothing,"kids, clothing, kids, dropshipping, bestseller",true,Color,Heather Gray,Size,3-4Y,SY-SY-PROD-1668,500,shopify,7,deny,manual,35.38,58.84,true,true,https://images.unsplash.com/photo-1516627145497-ae6968895b74?auto=format&fit=crop&w=800&q=80,1,active
little-sparks-boys-graphic-dinosaur-cotton-hoodie-pure,Little Sparks Boys Graphic Dinosaur Cotton Hoodie (Pure),"<p>High-demand Little Sparks Little Sparks Boys Graphic Dinosaur Cotton Hoodie (Pure). Designed for superior performance, comfort and style. Sourced with USPS express air shipping (7-10 days).</p>",Little Sparks,clothing,clothing,"kids, clothing, kids, dropshipping, bestseller",true,Color,Jurassic Green,Size,3-4Y,SY-SY-PROD-1669,500,shopify,8,deny,manual,37.75,62.51,true,true,https://images.unsplash.com/photo-1519457431-44ccd64a579b?auto=format&fit=crop&w=800&q=80,1,active
uspa-kids-girls-sparkle-tulle-birthday-party-dress-essential,USPA Kids Girls Sparkle Tulle Birthday Party Dress (Essential),"<p>High-demand USPA Kids USPA Kids Girls Sparkle Tulle Birthday Party Dress (Essential). Designed for superior performance, comfort and style. Sourced with USPS express air shipping (7-10 days).</p>",USPA Kids,clothing,clothing,"kids, clothing, kids, dropshipping, bestseller",true,Color,Fairy Pink,Size,2-3Y,SY-SY-PROD-1670,500,shopify,9,deny,manual,33.12,55.34,true,true,https://images.unsplash.com/photo-1622290291468-a28f7a7dc6a8?auto=format&fit=crop&w=800&q=80,1,active
little-sparks-kids-stretch-denim-playtime-overalls-pro,Little Sparks Kids Stretch Denim Playtime Overalls (Pro),"<p>High-demand Little Sparks Little Sparks Kids Stretch Denim Playtime Overalls (Pro). Designed for superior performance, comfort and style. Sourced with USPS express air shipping (7-10 days).</p>",Little Sparks,clothing,clothing,"kids, clothing, kids, dropshipping, bestseller",true,Color,Classic Denim Wash,Size,3-4Y,SY-SY-PROD-1671,500,shopify,10,deny,manual,41.49,68.31,true,true,https://images.unsplash.com/photo-1508214751196-bcfd4ca60f91?auto=format&fit=crop&w=800&q=80,1,active
uspa-kids-ultra-soft-organic-cotton-2-piece-pajama-set-elite,USPA Kids Ultra-Soft Organic Cotton 2-Piece Pajama Set (Elite),"<p>High-demand USPA Kids USPA Kids Ultra-Soft Organic Cotton 2-Piece Pajama Set (Elite). Designed for superior performance, comfort and style. Sourced with USPS express air shipping (7-10 days).</p>",USPA Kids,clothing,clothing,"kids, clothing, kids, dropshipping, bestseller",true,Color,Space Galaxy,Size,2-3Y,SY-SY-PROD-1672,500,shopify,11,deny,manual,24.86,42.53,true,true,https://images.unsplash.com/photo-1596870230751-ebdfce98ec42?auto=format&fit=crop&w=800&q=80,1,active
little-sparks-children-waterproof-hooded-puffer-jacket-classic,Little Sparks Children Waterproof Hooded Puffer Jacket (Classic),"<p>High-demand Little Sparks Little Sparks Children Waterproof Hooded Puffer Jacket (Classic). Designed for superior performance, comfort and style. Sourced with USPS express air shipping (7-10 days).</p>",Little Sparks,clothing,clothing,"kids, clothing, kids, dropshipping, bestseller",true,Color,Neon Coral,Size,4-5Y,SY-SY-PROD-1673,500,shopify,12,deny,manual,52.23,84.96,true,true,https://images.unsplash.com/photo-1514090458221-65bb69cf63e6?auto=format&fit=crop&w=800&q=80,1,active
uspa-kids-unisex-kids-fleece-tracksuit-set-series-2,USPA Kids Unisex Kids Fleece Tracksuit Set (Series 2),"<p>High-demand USPA Kids USPA Kids Unisex Kids Fleece Tracksuit Set (Series 2). Designed for superior performance, comfort and style. Sourced with USPS express air shipping (7-10 days).</p>",USPA Kids,clothing,clothing,"kids, clothing, kids, dropshipping, bestseller",true,Color,Heather Gray,Size,3-4Y,SY-SY-PROD-1674,500,shopify,13,deny,manual,25.60,43.68,true,true,https://images.unsplash.com/photo-1516627145497-ae6968895b74?auto=format&fit=crop&w=800&q=80,1,active
little-sparks-boys-graphic-dinosaur-cotton-hoodie-air,Little Sparks Boys Graphic Dinosaur Cotton Hoodie (Air),"<p>High-demand Little Sparks Little Sparks Boys Graphic Dinosaur Cotton Hoodie (Air). Designed for superior performance, comfort and style. Sourced with USPS express air shipping (7-10 days).</p>",Little Sparks,clothing,clothing,"kids, clothing, kids, dropshipping, bestseller",true,Color,Jurassic Green,Size,3-4Y,SY-SY-PROD-1675,500,shopify,14,deny,manual,28.97,48.90,true,true,https://images.unsplash.com/photo-1519457431-44ccd64a579b?auto=format&fit=crop&w=800&q=80,1,active
uspa-kids-girls-sparkle-tulle-birthday-party-dress-signature,USPA Kids Girls Sparkle Tulle Birthday Party Dress (Signature),"<p>High-demand USPA Kids USPA Kids Girls Sparkle Tulle Birthday Party Dress (Signature). Designed for superior performance, comfort and style. Sourced with USPS express air shipping (7-10 days).</p>",USPA Kids,clothing,clothing,"kids, clothing, kids, dropshipping, bestseller",true,Color,Fairy Pink,Size,2-3Y,SY-SY-PROD-1676,500,shopify,15,deny,manual,41.34,68.08,true,true,https://images.unsplash.com/photo-1622290291468-a28f7a7dc6a8?auto=format&fit=crop&w=800&q=80,1,active
little-sparks-kids-stretch-denim-playtime-overalls-v2,Little Sparks Kids Stretch Denim Playtime Overalls (V2),"<p>High-demand Little Sparks Little Sparks Kids Stretch Denim Playtime Overalls (V2). Designed for superior performance, comfort and style. Sourced with USPS express air shipping (7-10 days).</p>",Little Sparks,clothing,clothing,"kids, clothing, kids, dropshipping, bestseller",true,Color,Classic Denim Wash,Size,3-4Y,SY-SY-PROD-1677,500,shopify,16,deny,manual,31.71,53.15,true,true,https://images.unsplash.com/photo-1508214751196-bcfd4ca60f91?auto=format&fit=crop&w=800&q=80,1,active
uspa-kids-ultra-soft-organic-cotton-2-piece-pajama-set-luxe,USPA Kids Ultra-Soft Organic Cotton 2-Piece Pajama Set (Luxe),"<p>High-demand USPA Kids USPA Kids Ultra-Soft Organic Cotton 2-Piece Pajama Set (Luxe). Designed for superior performance, comfort and style. Sourced with USPS express air shipping (7-10 days).</p>",USPA Kids,clothing,clothing,"kids, clothing, kids, dropshipping, bestseller",true,Color,Space Galaxy,Size,2-3Y,SY-SY-PROD-1678,500,shopify,17,deny,manual,20.08,35.12,true,true,https://images.unsplash.com/photo-1596870230751-ebdfce98ec42?auto=format&fit=crop&w=800&q=80,1,active
little-sparks-children-waterproof-hooded-puffer-jacket-pure,Little Sparks Children Waterproof Hooded Puffer Jacket (Pure),"<p>High-demand Little Sparks Little Sparks Children Waterproof Hooded Puffer Jacket (Pure). Designed for superior performance, comfort and style. Sourced with USPS express air shipping (7-10 days).</p>",Little Sparks,clothing,clothing,"kids, clothing, kids, dropshipping, bestseller",true,Color,Neon Coral,Size,4-5Y,SY-SY-PROD-1679,500,shopify,18,deny,manual,60.45,97.70,true,true,https://images.unsplash.com/photo-1514090458221-65bb69cf63e6?auto=format&fit=crop&w=800&q=80,1,active
uspa-kids-unisex-kids-fleece-tracksuit-set-essential,USPA Kids Unisex Kids Fleece Tracksuit Set (Essential),"<p>High-demand USPA Kids USPA Kids Unisex Kids Fleece Tracksuit Set (Essential). Designed for superior performance, comfort and style. Sourced with USPS express air shipping (7-10 days).</p>",USPA Kids,clothing,clothing,"kids, clothing, kids, dropshipping, bestseller",true,Color,Heather Gray,Size,3-4Y,SY-SY-PROD-1680,500,shopify,19,deny,manual,33.82,56.42,true,true,https://images.unsplash.com/photo-1516627145497-ae6968895b74?auto=format&fit=crop&w=800&q=80,1,active
little-sparks-boys-graphic-dinosaur-cotton-hoodie-pro,Little Sparks Boys Graphic Dinosaur Cotton Hoodie (Pro),"<p>High-demand Little Sparks Little Sparks Boys Graphic Dinosaur Cotton Hoodie (Pro). Designed for superior performance, comfort and style. Sourced with USPS express air shipping (7-10 days).</p>",Little Sparks,clothing,clothing,"kids, clothing, kids, dropshipping, bestseller",true,Color,Jurassic Green,Size,3-4Y,SY-SY-PROD-1681,500,shopify,5,deny,manual,37.19,61.64,true,true,https://images.unsplash.com/photo-1519457431-44ccd64a579b?auto=format&fit=crop&w=800&q=80,1,active
uspa-kids-girls-sparkle-tulle-birthday-party-dress-elite,USPA Kids Girls Sparkle Tulle Birthday Party Dress (Elite),"<p>High-demand USPA Kids USPA Kids Girls Sparkle Tulle Birthday Party Dress (Elite). Designed for superior performance, comfort and style. Sourced with USPS express air shipping (7-10 days).</p>",USPA Kids,clothing,clothing,"kids, clothing, kids, dropshipping, bestseller",true,Color,Fairy Pink,Size,2-3Y,SY-SY-PROD-1682,500,shopify,6,deny,manual,49.56,80.82,true,true,https://images.unsplash.com/photo-1622290291468-a28f7a7dc6a8?auto=format&fit=crop&w=800&q=80,1,active
little-sparks-kids-stretch-denim-playtime-overalls-classic,Little Sparks Kids Stretch Denim Playtime Overalls (Classic),"<p>High-demand Little Sparks Little Sparks Kids Stretch Denim Playtime Overalls (Classic). Designed for superior performance, comfort and style. Sourced with USPS express air shipping (7-10 days).</p>",Little Sparks,clothing,clothing,"kids, clothing, kids, dropshipping, bestseller",true,Color,Classic Denim Wash,Size,3-4Y,SY-SY-PROD-1683,500,shopify,7,deny,manual,39.93,65.89,true,true,https://images.unsplash.com/photo-1508214751196-bcfd4ca60f91?auto=format&fit=crop&w=800&q=80,1,active
uspa-kids-ultra-soft-organic-cotton-2-piece-pajama-set-series-2,USPA Kids Ultra-Soft Organic Cotton 2-Piece Pajama Set (Series 2),"<p>High-demand USPA Kids USPA Kids Ultra-Soft Organic Cotton 2-Piece Pajama Set (Series 2). Designed for superior performance, comfort and style. Sourced with USPS express air shipping (7-10 days).</p>",USPA Kids,clothing,clothing,"kids, clothing, kids, dropshipping, bestseller",true,Color,Space Galaxy,Size,2-3Y,SY-SY-PROD-1684,500,shopify,8,deny,manual,28.30,47.87,true,true,https://images.unsplash.com/photo-1596870230751-ebdfce98ec42?auto=format&fit=crop&w=800&q=80,1,active
little-sparks-children-waterproof-hooded-puffer-jacket-air,Little Sparks Children Waterproof Hooded Puffer Jacket (Air),"<p>High-demand Little Sparks Little Sparks Children Waterproof Hooded Puffer Jacket (Air). Designed for superior performance, comfort and style. Sourced with USPS express air shipping (7-10 days).</p>",Little Sparks,clothing,clothing,"kids, clothing, kids, dropshipping, bestseller",true,Color,Neon Coral,Size,4-5Y,SY-SY-PROD-1685,500,shopify,9,deny,manual,40.67,67.04,true,true,https://images.unsplash.com/photo-1514090458221-65bb69cf63e6?auto=format&fit=crop&w=800&q=80,1,active
uspa-kids-unisex-kids-fleece-tracksuit-set-signature,USPA Kids Unisex Kids Fleece Tracksuit Set (Signature),"<p>High-demand USPA Kids USPA Kids Unisex Kids Fleece Tracksuit Set (Signature). Designed for superior performance, comfort and style. Sourced with USPS express air shipping (7-10 days).</p>",USPA Kids,clothing,clothing,"kids, clothing, kids, dropshipping, bestseller",true,Color,Heather Gray,Size,3-4Y,SY-SY-PROD-1686,500,shopify,10,deny,manual,42.04,69.16,true,true,https://images.unsplash.com/photo-1516627145497-ae6968895b74?auto=format&fit=crop&w=800&q=80,1,active
little-sparks-boys-graphic-dinosaur-cotton-hoodie-v2,Little Sparks Boys Graphic Dinosaur Cotton Hoodie (V2),"<p>High-demand Little Sparks Little Sparks Boys Graphic Dinosaur Cotton Hoodie (V2). Designed for superior performance, comfort and style. Sourced with USPS express air shipping (7-10 days).</p>",Little Sparks,clothing,clothing,"kids, clothing, kids, dropshipping, bestseller",true,Color,Jurassic Green,Size,3-4Y,SY-SY-PROD-1687,500,shopify,11,deny,manual,28.41,48.04,true,true,https://images.unsplash.com/photo-1519457431-44ccd64a579b?auto=format&fit=crop&w=800&q=80,1,active
uspa-kids-girls-sparkle-tulle-birthday-party-dress-luxe,USPA Kids Girls Sparkle Tulle Birthday Party Dress (Luxe),"<p>High-demand USPA Kids USPA Kids Girls Sparkle Tulle Birthday Party Dress (Luxe). Designed for superior performance, comfort and style. Sourced with USPS express air shipping (7-10 days).</p>",USPA Kids,clothing,clothing,"kids, clothing, kids, dropshipping, bestseller",true,Color,Fairy Pink,Size,2-3Y,SY-SY-PROD-1688,500,shopify,12,deny,manual,36.78,61.01,true,true,https://images.unsplash.com/photo-1622290291468-a28f7a7dc6a8?auto=format&fit=crop&w=800&q=80,1,active
little-sparks-kids-stretch-denim-playtime-overalls-pure,Little Sparks Kids Stretch Denim Playtime Overalls (Pure),"<p>High-demand Little Sparks Little Sparks Kids Stretch Denim Playtime Overalls (Pure). Designed for superior performance, comfort and style. Sourced with USPS express air shipping (7-10 days).</p>",Little Sparks,clothing,clothing,"kids, clothing, kids, dropshipping, bestseller",true,Color,Classic Denim Wash,Size,3-4Y,SY-SY-PROD-1689,500,shopify,13,deny,manual,30.15,50.73,true,true,https://images.unsplash.com/photo-1508214751196-bcfd4ca60f91?auto=format&fit=crop&w=800&q=80,1,active
uspa-kids-ultra-soft-organic-cotton-2-piece-pajama-set-essential,USPA Kids Ultra-Soft Organic Cotton 2-Piece Pajama Set (Essential),"<p>High-demand USPA Kids USPA Kids Ultra-Soft Organic Cotton 2-Piece Pajama Set (Essential). Designed for superior performance, comfort and style. Sourced with USPS express air shipping (7-10 days).</p>",USPA Kids,clothing,clothing,"kids, clothing, kids, dropshipping, bestseller",true,Color,Space Galaxy,Size,2-3Y,SY-SY-PROD-1690,500,shopify,14,deny,manual,23.52,40.46,true,true,https://images.unsplash.com/photo-1596870230751-ebdfce98ec42?auto=format&fit=crop&w=800&q=80,1,active
little-sparks-children-waterproof-hooded-puffer-jacket-pro,Little Sparks Children Waterproof Hooded Puffer Jacket (Pro),"<p>High-demand Little Sparks Little Sparks Children Waterproof Hooded Puffer Jacket (Pro). Designed for superior performance, comfort and style. Sourced with USPS express air shipping (7-10 days).</p>",Little Sparks,clothing,clothing,"kids, clothing, kids, dropshipping, bestseller",true,Color,Neon Coral,Size,4-5Y,SY-SY-PROD-1691,500,shopify,15,deny,manual,48.89,79.78,true,true,https://images.unsplash.com/photo-1514090458221-65bb69cf63e6?auto=format&fit=crop&w=800&q=80,1,active
uspa-kids-unisex-kids-fleece-tracksuit-set-elite,USPA Kids Unisex Kids Fleece Tracksuit Set (Elite),"<p>High-demand USPA Kids USPA Kids Unisex Kids Fleece Tracksuit Set (Elite). Designed for superior performance, comfort and style. Sourced with USPS express air shipping (7-10 days).</p>",USPA Kids,clothing,clothing,"kids, clothing, kids, dropshipping, bestseller",true,Color,Heather Gray,Size,3-4Y,SY-SY-PROD-1692,500,shopify,16,deny,manual,32.26,54.00,true,true,https://images.unsplash.com/photo-1516627145497-ae6968895b74?auto=format&fit=crop&w=800&q=80,1,active
little-sparks-boys-graphic-dinosaur-cotton-hoodie-classic,Little Sparks Boys Graphic Dinosaur Cotton Hoodie (Classic),"<p>High-demand Little Sparks Little Sparks Boys Graphic Dinosaur Cotton Hoodie (Classic). Designed for superior performance, comfort and style. Sourced with USPS express air shipping (7-10 days).</p>",Little Sparks,clothing,clothing,"kids, clothing, kids, dropshipping, bestseller",true,Color,Jurassic Green,Size,3-4Y,SY-SY-PROD-1693,500,shopify,17,deny,manual,36.63,60.78,true,true,https://images.unsplash.com/photo-1519457431-44ccd64a579b?auto=format&fit=crop&w=800&q=80,1,active
uspa-kids-girls-sparkle-tulle-birthday-party-dress-series-2,USPA Kids Girls Sparkle Tulle Birthday Party Dress (Series 2),"<p>High-demand USPA Kids USPA Kids Girls Sparkle Tulle Birthday Party Dress (Series 2). Designed for superior performance, comfort and style. Sourced with USPS express air shipping (7-10 days).</p>",USPA Kids,clothing,clothing,"kids, clothing, kids, dropshipping, bestseller",true,Color,Fairy Pink,Size,2-3Y,SY-SY-PROD-1694,500,shopify,18,deny,manual,45.00,73.75,true,true,https://images.unsplash.com/photo-1622290291468-a28f7a7dc6a8?auto=format&fit=crop&w=800&q=80,1,active
little-sparks-kids-stretch-denim-playtime-overalls-air,Little Sparks Kids Stretch Denim Playtime Overalls (Air),"<p>High-demand Little Sparks Little Sparks Kids Stretch Denim Playtime Overalls (Air). Designed for superior performance, comfort and style. Sourced with USPS express air shipping (7-10 days).</p>",Little Sparks,clothing,clothing,"kids, clothing, kids, dropshipping, bestseller",true,Color,Classic Denim Wash,Size,3-4Y,SY-SY-PROD-1695,500,shopify,19,deny,manual,38.37,63.47,true,true,https://images.unsplash.com/photo-1508214751196-bcfd4ca60f91?auto=format&fit=crop&w=800&q=80,1,active
uspa-kids-ultra-soft-organic-cotton-2-piece-pajama-set-signature,USPA Kids Ultra-Soft Organic Cotton 2-Piece Pajama Set (Signature),"<p>High-demand USPA Kids USPA Kids Ultra-Soft Organic Cotton 2-Piece Pajama Set (Signature). Designed for superior performance, comfort and style. Sourced with USPS express air shipping (7-10 days).</p>",USPA Kids,clothing,clothing,"kids, clothing, kids, dropshipping, bestseller",true,Color,Space Galaxy,Size,2-3Y,SY-SY-PROD-1696,500,shopify,5,deny,manual,31.74,53.20,true,true,https://images.unsplash.com/photo-1596870230751-ebdfce98ec42?auto=format&fit=crop&w=800&q=80,1,active
little-sparks-children-waterproof-hooded-puffer-jacket-v2,Little Sparks Children Waterproof Hooded Puffer Jacket (V2),"<p>High-demand Little Sparks Little Sparks Children Waterproof Hooded Puffer Jacket (V2). Designed for superior performance, comfort and style. Sourced with USPS express air shipping (7-10 days).</p>",Little Sparks,clothing,clothing,"kids, clothing, kids, dropshipping, bestseller",true,Color,Neon Coral,Size,4-5Y,SY-SY-PROD-1697,500,shopify,6,deny,manual,57.11,92.52,true,true,https://images.unsplash.com/photo-1514090458221-65bb69cf63e6?auto=format&fit=crop&w=800&q=80,1,active
uspa-kids-unisex-kids-fleece-tracksuit-set-luxe,USPA Kids Unisex Kids Fleece Tracksuit Set (Luxe),"<p>High-demand USPA Kids USPA Kids Unisex Kids Fleece Tracksuit Set (Luxe). Designed for superior performance, comfort and style. Sourced with USPS express air shipping (7-10 days).</p>",USPA Kids,clothing,clothing,"kids, clothing, kids, dropshipping, bestseller",true,Color,Heather Gray,Size,3-4Y,SY-SY-PROD-1698,500,shopify,7,deny,manual,40.48,66.74,true,true,https://images.unsplash.com/photo-1516627145497-ae6968895b74?auto=format&fit=crop&w=800&q=80,1,active
little-sparks-boys-graphic-dinosaur-cotton-hoodie-pure,Little Sparks Boys Graphic Dinosaur Cotton Hoodie (Pure),"<p>High-demand Little Sparks Little Sparks Boys Graphic Dinosaur Cotton Hoodie (Pure). Designed for superior performance, comfort and style. Sourced with USPS express air shipping (7-10 days).</p>",Little Sparks,clothing,clothing,"kids, clothing, kids, dropshipping, bestseller",true,Color,Jurassic Green,Size,3-4Y,SY-SY-PROD-1699,500,shopify,8,deny,manual,27.85,47.17,true,true,https://images.unsplash.com/photo-1519457431-44ccd64a579b?auto=format&fit=crop&w=800&q=80,1,active
uspa-kids-girls-sparkle-tulle-birthday-party-dress-essential,USPA Kids Girls Sparkle Tulle Birthday Party Dress (Essential),"<p>High-demand USPA Kids USPA Kids Girls Sparkle Tulle Birthday Party Dress (Essential). Designed for superior performance, comfort and style. Sourced with USPS express air shipping (7-10 days).</p>",USPA Kids,clothing,clothing,"kids, clothing, kids, dropshipping, bestseller",true,Color,Fairy Pink,Size,2-3Y,SY-SY-PROD-1700,500,shopify,9,deny,manual,32.22,53.94,true,true,https://images.unsplash.com/photo-1622290291468-a28f7a7dc6a8?auto=format&fit=crop&w=800&q=80,1,active
little-sparks-kids-stretch-denim-playtime-overalls-pro,Little Sparks Kids Stretch Denim Playtime Overalls (Pro),"<p>High-demand Little Sparks Little Sparks Kids Stretch Denim Playtime Overalls (Pro). Designed for superior performance, comfort and style. Sourced with USPS express air shipping (7-10 days).</p>",Little Sparks,clothing,clothing,"kids, clothing, kids, dropshipping, bestseller",true,Color,Classic Denim Wash,Size,3-4Y,SY-SY-PROD-1701,500,shopify,10,deny,manual,28.59,48.31,true,true,https://images.unsplash.com/photo-1508214751196-bcfd4ca60f91?auto=format&fit=crop&w=800&q=80,1,active
uspa-kids-ultra-soft-organic-cotton-2-piece-pajama-set-elite,USPA Kids Ultra-Soft Organic Cotton 2-Piece Pajama Set (Elite),"<p>High-demand USPA Kids USPA Kids Ultra-Soft Organic Cotton 2-Piece Pajama Set (Elite). Designed for superior performance, comfort and style. Sourced with USPS express air shipping (7-10 days).</p>",USPA Kids,clothing,clothing,"kids, clothing, kids, dropshipping, bestseller",true,Color,Space Galaxy,Size,2-3Y,SY-SY-PROD-1702,500,shopify,11,deny,manual,26.96,45.79,true,true,https://images.unsplash.com/photo-1596870230751-ebdfce98ec42?auto=format&fit=crop&w=800&q=80,1,active
little-sparks-children-waterproof-hooded-puffer-jacket-classic,Little Sparks Children Waterproof Hooded Puffer Jacket (Classic),"<p>High-demand Little Sparks Little Sparks Children Waterproof Hooded Puffer Jacket (Classic). Designed for superior performance, comfort and style. Sourced with USPS express air shipping (7-10 days).</p>",Little Sparks,clothing,clothing,"kids, clothing, kids, dropshipping, bestseller",true,Color,Neon Coral,Size,4-5Y,SY-SY-PROD-1703,500,shopify,12,deny,manual,37.33,61.86,true,true,https://images.unsplash.com/photo-1514090458221-65bb69cf63e6?auto=format&fit=crop&w=800&q=80,1,active
uspa-kids-unisex-kids-fleece-tracksuit-set-series-2,USPA Kids Unisex Kids Fleece Tracksuit Set (Series 2),"<p>High-demand USPA Kids USPA Kids Unisex Kids Fleece Tracksuit Set (Series 2). Designed for superior performance, comfort and style. Sourced with USPS express air shipping (7-10 days).</p>",USPA Kids,clothing,clothing,"kids, clothing, kids, dropshipping, bestseller",true,Color,Heather Gray,Size,3-4Y,SY-SY-PROD-1704,500,shopify,13,deny,manual,30.70,51.59,true,true,https://images.unsplash.com/photo-1516627145497-ae6968895b74?auto=format&fit=crop&w=800&q=80,1,active
little-sparks-boys-graphic-dinosaur-cotton-hoodie-air,Little Sparks Boys Graphic Dinosaur Cotton Hoodie (Air),"<p>High-demand Little Sparks Little Sparks Boys Graphic Dinosaur Cotton Hoodie (Air). Designed for superior performance, comfort and style. Sourced with USPS express air shipping (7-10 days).</p>",Little Sparks,clothing,clothing,"kids, clothing, kids, dropshipping, bestseller",true,Color,Jurassic Green,Size,3-4Y,SY-SY-PROD-1705,500,shopify,14,deny,manual,36.07,59.91,true,true,https://images.unsplash.com/photo-1519457431-44ccd64a579b?auto=format&fit=crop&w=800&q=80,1,active
uspa-kids-girls-sparkle-tulle-birthday-party-dress-signature,USPA Kids Girls Sparkle Tulle Birthday Party Dress (Signature),"<p>High-demand USPA Kids USPA Kids Girls Sparkle Tulle Birthday Party Dress (Signature). Designed for superior performance, comfort and style. Sourced with USPS express air shipping (7-10 days).</p>",USPA Kids,clothing,clothing,"kids, clothing, kids, dropshipping, bestseller",true,Color,Fairy Pink,Size,2-3Y,SY-SY-PROD-1706,500,shopify,15,deny,manual,40.44,66.68,true,true,https://images.unsplash.com/photo-1622290291468-a28f7a7dc6a8?auto=format&fit=crop&w=800&q=80,1,active
little-sparks-kids-stretch-denim-playtime-overalls-v2,Little Sparks Kids Stretch Denim Playtime Overalls (V2),"<p>High-demand Little Sparks Little Sparks Kids Stretch Denim Playtime Overalls (V2). Designed for superior performance, comfort and style. Sourced with USPS express air shipping (7-10 days).</p>",Little Sparks,clothing,clothing,"kids, clothing, kids, dropshipping, bestseller",true,Color,Classic Denim Wash,Size,3-4Y,SY-SY-PROD-1707,500,shopify,16,deny,manual,36.81,61.06,true,true,https://images.unsplash.com/photo-1508214751196-bcfd4ca60f91?auto=format&fit=crop&w=800&q=80,1,active
uspa-kids-ultra-soft-organic-cotton-2-piece-pajama-set-luxe,USPA Kids Ultra-Soft Organic Cotton 2-Piece Pajama Set (Luxe),"<p>High-demand USPA Kids USPA Kids Ultra-Soft Organic Cotton 2-Piece Pajama Set (Luxe). Designed for superior performance, comfort and style. Sourced with USPS express air shipping (7-10 days).</p>",USPA Kids,clothing,clothing,"kids, clothing, kids, dropshipping, bestseller",true,Color,Space Galaxy,Size,2-3Y,SY-SY-PROD-1708,500,shopify,17,deny,manual,22.18,38.38,true,true,https://images.unsplash.com/photo-1596870230751-ebdfce98ec42?auto=format&fit=crop&w=800&q=80,1,active
little-sparks-children-waterproof-hooded-puffer-jacket-pure,Little Sparks Children Waterproof Hooded Puffer Jacket (Pure),"<p>High-demand Little Sparks Little Sparks Children Waterproof Hooded Puffer Jacket (Pure). Designed for superior performance, comfort and style. Sourced with USPS express air shipping (7-10 days).</p>",Little Sparks,clothing,clothing,"kids, clothing, kids, dropshipping, bestseller",true,Color,Neon Coral,Size,4-5Y,SY-SY-PROD-1709,500,shopify,18,deny,manual,45.55,74.60,true,true,https://images.unsplash.com/photo-1514090458221-65bb69cf63e6?auto=format&fit=crop&w=800&q=80,1,active
uspa-kids-unisex-kids-fleece-tracksuit-set-essential,USPA Kids Unisex Kids Fleece Tracksuit Set (Essential),"<p>High-demand USPA Kids USPA Kids Unisex Kids Fleece Tracksuit Set (Essential). Designed for superior performance, comfort and style. Sourced with USPS express air shipping (7-10 days).</p>",USPA Kids,clothing,clothing,"kids, clothing, kids, dropshipping, bestseller",true,Color,Heather Gray,Size,3-4Y,SY-SY-PROD-1710,500,shopify,19,deny,manual,38.92,64.33,true,true,https://images.unsplash.com/photo-1516627145497-ae6968895b74?auto=format&fit=crop&w=800&q=80,1,active
little-sparks-boys-graphic-dinosaur-cotton-hoodie-pro,Little Sparks Boys Graphic Dinosaur Cotton Hoodie (Pro),"<p>High-demand Little Sparks Little Sparks Boys Graphic Dinosaur Cotton Hoodie (Pro). Designed for superior performance, comfort and style. Sourced with USPS express air shipping (7-10 days).</p>",Little Sparks,clothing,clothing,"kids, clothing, kids, dropshipping, bestseller",true,Color,Jurassic Green,Size,3-4Y,SY-SY-PROD-1711,500,shopify,5,deny,manual,27.29,46.30,true,true,https://images.unsplash.com/photo-1519457431-44ccd64a579b?auto=format&fit=crop&w=800&q=80,1,active
uspa-kids-girls-sparkle-tulle-birthday-party-dress-elite,USPA Kids Girls Sparkle Tulle Birthday Party Dress (Elite),"<p>High-demand USPA Kids USPA Kids Girls Sparkle Tulle Birthday Party Dress (Elite). Designed for superior performance, comfort and style. Sourced with USPS express air shipping (7-10 days).</p>",USPA Kids,clothing,clothing,"kids, clothing, kids, dropshipping, bestseller",true,Color,Fairy Pink,Size,2-3Y,SY-SY-PROD-1712,500,shopify,6,deny,manual,48.66,79.42,true,true,https://images.unsplash.com/photo-1622290291468-a28f7a7dc6a8?auto=format&fit=crop&w=800&q=80,1,active
little-sparks-kids-stretch-denim-playtime-overalls-classic,Little Sparks Kids Stretch Denim Playtime Overalls (Classic),"<p>High-demand Little Sparks Little Sparks Kids Stretch Denim Playtime Overalls (Classic). Designed for superior performance, comfort and style. Sourced with USPS express air shipping (7-10 days).</p>",Little Sparks,clothing,clothing,"kids, clothing, kids, dropshipping, bestseller",true,Color,Classic Denim Wash,Size,3-4Y,SY-SY-PROD-1713,500,shopify,7,deny,manual,27.03,45.90,true,true,https://images.unsplash.com/photo-1508214751196-bcfd4ca60f91?auto=format&fit=crop&w=800&q=80,1,active
uspa-kids-ultra-soft-organic-cotton-2-piece-pajama-set-series-2,USPA Kids Ultra-Soft Organic Cotton 2-Piece Pajama Set (Series 2),"<p>High-demand USPA Kids USPA Kids Ultra-Soft Organic Cotton 2-Piece Pajama Set (Series 2). Designed for superior performance, comfort and style. Sourced with USPS express air shipping (7-10 days).</p>",USPA Kids,clothing,clothing,"kids, clothing, kids, dropshipping, bestseller",true,Color,Space Galaxy,Size,2-3Y,SY-SY-PROD-1714,500,shopify,8,deny,manual,30.40,51.12,true,true,https://images.unsplash.com/photo-1596870230751-ebdfce98ec42?auto=format&fit=crop&w=800&q=80,1,active
little-sparks-children-waterproof-hooded-puffer-jacket-air,Little Sparks Children Waterproof Hooded Puffer Jacket (Air),"<p>High-demand Little Sparks Little Sparks Children Waterproof Hooded Puffer Jacket (Air). Designed for superior performance, comfort and style. Sourced with USPS express air shipping (7-10 days).</p>",Little Sparks,clothing,clothing,"kids, clothing, kids, dropshipping, bestseller",true,Color,Neon Coral,Size,4-5Y,SY-SY-PROD-1715,500,shopify,9,deny,manual,53.77,87.34,true,true,https://images.unsplash.com/photo-1514090458221-65bb69cf63e6?auto=format&fit=crop&w=800&q=80,1,active
uspa-kids-unisex-kids-fleece-tracksuit-set-signature,USPA Kids Unisex Kids Fleece Tracksuit Set (Signature),"<p>High-demand USPA Kids USPA Kids Unisex Kids Fleece Tracksuit Set (Signature). Designed for superior performance, comfort and style. Sourced with USPS express air shipping (7-10 days).</p>",USPA Kids,clothing,clothing,"kids, clothing, kids, dropshipping, bestseller",true,Color,Heather Gray,Size,3-4Y,SY-SY-PROD-1716,500,shopify,10,deny,manual,29.14,49.17,true,true,https://images.unsplash.com/photo-1516627145497-ae6968895b74?auto=format&fit=crop&w=800&q=80,1,active
little-sparks-boys-graphic-dinosaur-cotton-hoodie-v2,Little Sparks Boys Graphic Dinosaur Cotton Hoodie (V2),"<p>High-demand Little Sparks Little Sparks Boys Graphic Dinosaur Cotton Hoodie (V2). Designed for superior performance, comfort and style. Sourced with USPS express air shipping (7-10 days).</p>",Little Sparks,clothing,clothing,"kids, clothing, kids, dropshipping, bestseller",true,Color,Jurassic Green,Size,3-4Y,SY-SY-PROD-1717,500,shopify,11,deny,manual,35.51,59.04,true,true,https://images.unsplash.com/photo-1519457431-44ccd64a579b?auto=format&fit=crop&w=800&q=80,1,active
uspa-kids-girls-sparkle-tulle-birthday-party-dress-luxe,USPA Kids Girls Sparkle Tulle Birthday Party Dress (Luxe),"<p>High-demand USPA Kids USPA Kids Girls Sparkle Tulle Birthday Party Dress (Luxe). Designed for superior performance, comfort and style. Sourced with USPS express air shipping (7-10 days).</p>",USPA Kids,clothing,clothing,"kids, clothing, kids, dropshipping, bestseller",true,Color,Fairy Pink,Size,2-3Y,SY-SY-PROD-1718,500,shopify,12,deny,manual,35.88,59.61,true,true,https://images.unsplash.com/photo-1622290291468-a28f7a7dc6a8?auto=format&fit=crop&w=800&q=80,1,active
little-sparks-kids-stretch-denim-playtime-overalls-pure,Little Sparks Kids Stretch Denim Playtime Overalls (Pure),"<p>High-demand Little Sparks Little Sparks Kids Stretch Denim Playtime Overalls (Pure). Designed for superior performance, comfort and style. Sourced with USPS express air shipping (7-10 days).</p>",Little Sparks,clothing,clothing,"kids, clothing, kids, dropshipping, bestseller",true,Color,Classic Denim Wash,Size,3-4Y,SY-SY-PROD-1719,500,shopify,13,deny,manual,35.25,58.64,true,true,https://images.unsplash.com/photo-1508214751196-bcfd4ca60f91?auto=format&fit=crop&w=800&q=80,1,active
uspa-kids-ultra-soft-organic-cotton-2-piece-pajama-set-essential,USPA Kids Ultra-Soft Organic Cotton 2-Piece Pajama Set (Essential),"<p>High-demand USPA Kids USPA Kids Ultra-Soft Organic Cotton 2-Piece Pajama Set (Essential). Designed for superior performance, comfort and style. Sourced with USPS express air shipping (7-10 days).</p>",USPA Kids,clothing,clothing,"kids, clothing, kids, dropshipping, bestseller",true,Color,Space Galaxy,Size,2-3Y,SY-SY-PROD-1720,500,shopify,14,deny,manual,25.62,43.71,true,true,https://images.unsplash.com/photo-1596870230751-ebdfce98ec42?auto=format&fit=crop&w=800&q=80,1,active
little-sparks-children-waterproof-hooded-puffer-jacket-pro,Little Sparks Children Waterproof Hooded Puffer Jacket (Pro),"<p>High-demand Little Sparks Little Sparks Children Waterproof Hooded Puffer Jacket (Pro). Designed for superior performance, comfort and style. Sourced with USPS express air shipping (7-10 days).</p>",Little Sparks,clothing,clothing,"kids, clothing, kids, dropshipping, bestseller",true,Color,Neon Coral,Size,4-5Y,SY-SY-PROD-1721,500,shopify,15,deny,manual,61.99,100.08,true,true,https://images.unsplash.com/photo-1514090458221-65bb69cf63e6?auto=format&fit=crop&w=800&q=80,1,active
uspa-kids-unisex-kids-fleece-tracksuit-set-elite,USPA Kids Unisex Kids Fleece Tracksuit Set (Elite),"<p>High-demand USPA Kids USPA Kids Unisex Kids Fleece Tracksuit Set (Elite). Designed for superior performance, comfort and style. Sourced with USPS express air shipping (7-10 days).</p>",USPA Kids,clothing,clothing,"kids, clothing, kids, dropshipping, bestseller",true,Color,Heather Gray,Size,3-4Y,SY-SY-PROD-1722,500,shopify,16,deny,manual,37.36,61.91,true,true,https://images.unsplash.com/photo-1516627145497-ae6968895b74?auto=format&fit=crop&w=800&q=80,1,active
little-sparks-boys-graphic-dinosaur-cotton-hoodie-classic,Little Sparks Boys Graphic Dinosaur Cotton Hoodie (Classic),"<p>High-demand Little Sparks Little Sparks Boys Graphic Dinosaur Cotton Hoodie (Classic). Designed for superior performance, comfort and style. Sourced with USPS express air shipping (7-10 days).</p>",Little Sparks,clothing,clothing,"kids, clothing, kids, dropshipping, bestseller",true,Color,Jurassic Green,Size,3-4Y,SY-SY-PROD-1723,500,shopify,17,deny,manual,26.73,45.43,true,true,https://images.unsplash.com/photo-1519457431-44ccd64a579b?auto=format&fit=crop&w=800&q=80,1,active
uspa-kids-girls-sparkle-tulle-birthday-party-dress-series-2,USPA Kids Girls Sparkle Tulle Birthday Party Dress (Series 2),"<p>High-demand USPA Kids USPA Kids Girls Sparkle Tulle Birthday Party Dress (Series 2). Designed for superior performance, comfort and style. Sourced with USPS express air shipping (7-10 days).</p>",USPA Kids,clothing,clothing,"kids, clothing, kids, dropshipping, bestseller",true,Color,Fairy Pink,Size,2-3Y,SY-SY-PROD-1724,500,shopify,18,deny,manual,44.10,72.36,true,true,https://images.unsplash.com/photo-1622290291468-a28f7a7dc6a8?auto=format&fit=crop&w=800&q=80,1,active
little-sparks-kids-stretch-denim-playtime-overalls-air,Little Sparks Kids Stretch Denim Playtime Overalls (Air),"<p>High-demand Little Sparks Little Sparks Kids Stretch Denim Playtime Overalls (Air). Designed for superior performance, comfort and style. Sourced with USPS express air shipping (7-10 days).</p>",Little Sparks,clothing,clothing,"kids, clothing, kids, dropshipping, bestseller",true,Color,Classic Denim Wash,Size,3-4Y,SY-SY-PROD-1725,500,shopify,19,deny,manual,43.47,71.38,true,true,https://images.unsplash.com/photo-1508214751196-bcfd4ca60f91?auto=format&fit=crop&w=800&q=80,1,active
uspa-kids-ultra-soft-organic-cotton-2-piece-pajama-set-signature,USPA Kids Ultra-Soft Organic Cotton 2-Piece Pajama Set (Signature),"<p>High-demand USPA Kids USPA Kids Ultra-Soft Organic Cotton 2-Piece Pajama Set (Signature). Designed for superior performance, comfort and style. Sourced with USPS express air shipping (7-10 days).</p>",USPA Kids,clothing,clothing,"kids, clothing, kids, dropshipping, bestseller",true,Color,Space Galaxy,Size,2-3Y,SY-SY-PROD-1726,500,shopify,5,deny,manual,20.84,36.30,true,true,https://images.unsplash.com/photo-1596870230751-ebdfce98ec42?auto=format&fit=crop&w=800&q=80,1,active
little-sparks-children-waterproof-hooded-puffer-jacket-v2,Little Sparks Children Waterproof Hooded Puffer Jacket (V2),"<p>High-demand Little Sparks Little Sparks Children Waterproof Hooded Puffer Jacket (V2). Designed for superior performance, comfort and style. Sourced with USPS express air shipping (7-10 days).</p>",Little Sparks,clothing,clothing,"kids, clothing, kids, dropshipping, bestseller",true,Color,Neon Coral,Size,4-5Y,SY-SY-PROD-1727,500,shopify,6,deny,manual,42.21,69.43,true,true,https://images.unsplash.com/photo-1514090458221-65bb69cf63e6?auto=format&fit=crop&w=800&q=80,1,active
uspa-kids-unisex-kids-fleece-tracksuit-set-luxe,USPA Kids Unisex Kids Fleece Tracksuit Set (Luxe),"<p>High-demand USPA Kids USPA Kids Unisex Kids Fleece Tracksuit Set (Luxe). Designed for superior performance, comfort and style. Sourced with USPS express air shipping (7-10 days).</p>",USPA Kids,clothing,clothing,"kids, clothing, kids, dropshipping, bestseller",true,Color,Heather Gray,Size,3-4Y,SY-SY-PROD-1728,500,shopify,7,deny,manual,27.58,46.75,true,true,https://images.unsplash.com/photo-1516627145497-ae6968895b74?auto=format&fit=crop&w=800&q=80,1,active
little-sparks-boys-graphic-dinosaur-cotton-hoodie-pure,Little Sparks Boys Graphic Dinosaur Cotton Hoodie (Pure),"<p>High-demand Little Sparks Little Sparks Boys Graphic Dinosaur Cotton Hoodie (Pure). Designed for superior performance, comfort and style. Sourced with USPS express air shipping (7-10 days).</p>",Little Sparks,clothing,clothing,"kids, clothing, kids, dropshipping, bestseller",true,Color,Jurassic Green,Size,3-4Y,SY-SY-PROD-1729,500,shopify,8,deny,manual,34.95,58.17,true,true,https://images.unsplash.com/photo-1519457431-44ccd64a579b?auto=format&fit=crop&w=800&q=80,1,active
uspa-kids-girls-sparkle-tulle-birthday-party-dress-essential,USPA Kids Girls Sparkle Tulle Birthday Party Dress (Essential),"<p>High-demand USPA Kids USPA Kids Girls Sparkle Tulle Birthday Party Dress (Essential). Designed for superior performance, comfort and style. Sourced with USPS express air shipping (7-10 days).</p>",USPA Kids,clothing,clothing,"kids, clothing, kids, dropshipping, bestseller",true,Color,Fairy Pink,Size,2-3Y,SY-SY-PROD-1730,500,shopify,9,deny,manual,31.32,52.55,true,true,https://images.unsplash.com/photo-1622290291468-a28f7a7dc6a8?auto=format&fit=crop&w=800&q=80,1,active
little-sparks-kids-stretch-denim-playtime-overalls-pro,Little Sparks Kids Stretch Denim Playtime Overalls (Pro),"<p>High-demand Little Sparks Little Sparks Kids Stretch Denim Playtime Overalls (Pro). Designed for superior performance, comfort and style. Sourced with USPS express air shipping (7-10 days).</p>",Little Sparks,clothing,clothing,"kids, clothing, kids, dropshipping, bestseller",true,Color,Classic Denim Wash,Size,3-4Y,SY-SY-PROD-1731,500,shopify,10,deny,manual,33.69,56.22,true,true,https://images.unsplash.com/photo-1508214751196-bcfd4ca60f91?auto=format&fit=crop&w=800&q=80,1,active
uspa-kids-ultra-soft-organic-cotton-2-piece-pajama-set-elite,USPA Kids Ultra-Soft Organic Cotton 2-Piece Pajama Set (Elite),"<p>High-demand USPA Kids USPA Kids Ultra-Soft Organic Cotton 2-Piece Pajama Set (Elite). Designed for superior performance, comfort and style. Sourced with USPS express air shipping (7-10 days).</p>",USPA Kids,clothing,clothing,"kids, clothing, kids, dropshipping, bestseller",true,Color,Space Galaxy,Size,2-3Y,SY-SY-PROD-1732,500,shopify,11,deny,manual,29.06,49.04,true,true,https://images.unsplash.com/photo-1596870230751-ebdfce98ec42?auto=format&fit=crop&w=800&q=80,1,active
little-sparks-children-waterproof-hooded-puffer-jacket-classic,Little Sparks Children Waterproof Hooded Puffer Jacket (Classic),"<p>High-demand Little Sparks Little Sparks Children Waterproof Hooded Puffer Jacket (Classic). Designed for superior performance, comfort and style. Sourced with USPS express air shipping (7-10 days).</p>",Little Sparks,clothing,clothing,"kids, clothing, kids, dropshipping, bestseller",true,Color,Neon Coral,Size,4-5Y,SY-SY-PROD-1733,500,shopify,12,deny,manual,50.43,82.17,true,true,https://images.unsplash.com/photo-1514090458221-65bb69cf63e6?auto=format&fit=crop&w=800&q=80,1,active
uspa-kids-unisex-kids-fleece-tracksuit-set-series-2,USPA Kids Unisex Kids Fleece Tracksuit Set (Series 2),"<p>High-demand USPA Kids USPA Kids Unisex Kids Fleece Tracksuit Set (Series 2). Designed for superior performance, comfort and style. Sourced with USPS express air shipping (7-10 days).</p>",USPA Kids,clothing,clothing,"kids, clothing, kids, dropshipping, bestseller",true,Color,Heather Gray,Size,3-4Y,SY-SY-PROD-1734,500,shopify,13,deny,manual,35.80,59.49,true,true,https://images.unsplash.com/photo-1516627145497-ae6968895b74?auto=format&fit=crop&w=800&q=80,1,active
little-sparks-boys-graphic-dinosaur-cotton-hoodie-air,Little Sparks Boys Graphic Dinosaur Cotton Hoodie (Air),"<p>High-demand Little Sparks Little Sparks Boys Graphic Dinosaur Cotton Hoodie (Air). Designed for superior performance, comfort and style. Sourced with USPS express air shipping (7-10 days).</p>",Little Sparks,clothing,clothing,"kids, clothing, kids, dropshipping, bestseller",true,Color,Jurassic Green,Size,3-4Y,SY-SY-PROD-1735,500,shopify,14,deny,manual,26.17,44.56,true,true,https://images.unsplash.com/photo-1519457431-44ccd64a579b?auto=format&fit=crop&w=800&q=80,1,active
uspa-kids-girls-sparkle-tulle-birthday-party-dress-signature,USPA Kids Girls Sparkle Tulle Birthday Party Dress (Signature),"<p>High-demand USPA Kids USPA Kids Girls Sparkle Tulle Birthday Party Dress (Signature). Designed for superior performance, comfort and style. Sourced with USPS express air shipping (7-10 days).</p>",USPA Kids,clothing,clothing,"kids, clothing, kids, dropshipping, bestseller",true,Color,Fairy Pink,Size,2-3Y,SY-SY-PROD-1736,500,shopify,15,deny,manual,39.54,65.29,true,true,https://images.unsplash.com/photo-1622290291468-a28f7a7dc6a8?auto=format&fit=crop&w=800&q=80,1,active
little-sparks-kids-stretch-denim-playtime-overalls-v2,Little Sparks Kids Stretch Denim Playtime Overalls (V2),"<p>High-demand Little Sparks Little Sparks Kids Stretch Denim Playtime Overalls (V2). Designed for superior performance, comfort and style. Sourced with USPS express air shipping (7-10 days).</p>",Little Sparks,clothing,clothing,"kids, clothing, kids, dropshipping, bestseller",true,Color,Classic Denim Wash,Size,3-4Y,SY-SY-PROD-1737,500,shopify,16,deny,manual,41.91,68.96,true,true,https://images.unsplash.com/photo-1508214751196-bcfd4ca60f91?auto=format&fit=crop&w=800&q=80,1,active
uspa-kids-ultra-soft-organic-cotton-2-piece-pajama-set-luxe,USPA Kids Ultra-Soft Organic Cotton 2-Piece Pajama Set (Luxe),"<p>High-demand USPA Kids USPA Kids Ultra-Soft Organic Cotton 2-Piece Pajama Set (Luxe). Designed for superior performance, comfort and style. Sourced with USPS express air shipping (7-10 days).</p>",USPA Kids,clothing,clothing,"kids, clothing, kids, dropshipping, bestseller",true,Color,Space Galaxy,Size,2-3Y,SY-SY-PROD-1738,500,shopify,17,deny,manual,24.28,41.63,true,true,https://images.unsplash.com/photo-1596870230751-ebdfce98ec42?auto=format&fit=crop&w=800&q=80,1,active
little-sparks-children-waterproof-hooded-puffer-jacket-pure,Little Sparks Children Waterproof Hooded Puffer Jacket (Pure),"<p>High-demand Little Sparks Little Sparks Children Waterproof Hooded Puffer Jacket (Pure). Designed for superior performance, comfort and style. Sourced with USPS express air shipping (7-10 days).</p>",Little Sparks,clothing,clothing,"kids, clothing, kids, dropshipping, bestseller",true,Color,Neon Coral,Size,4-5Y,SY-SY-PROD-1739,500,shopify,18,deny,manual,58.65,94.91,true,true,https://images.unsplash.com/photo-1514090458221-65bb69cf63e6?auto=format&fit=crop&w=800&q=80,1,active
uspa-kids-unisex-kids-fleece-tracksuit-set-essential,USPA Kids Unisex Kids Fleece Tracksuit Set (Essential),"<p>High-demand USPA Kids USPA Kids Unisex Kids Fleece Tracksuit Set (Essential). Designed for superior performance, comfort and style. Sourced with USPS express air shipping (7-10 days).</p>",USPA Kids,clothing,clothing,"kids, clothing, kids, dropshipping, bestseller",true,Color,Heather Gray,Size,3-4Y,SY-SY-PROD-1740,500,shopify,19,deny,manual,26.02,44.33,true,true,https://images.unsplash.com/photo-1516627145497-ae6968895b74?auto=format&fit=crop&w=800&q=80,1,active
little-sparks-boys-graphic-dinosaur-cotton-hoodie-pro,Little Sparks Boys Graphic Dinosaur Cotton Hoodie (Pro),"<p>High-demand Little Sparks Little Sparks Boys Graphic Dinosaur Cotton Hoodie (Pro). Designed for superior performance, comfort and style. Sourced with USPS express air shipping (7-10 days).</p>",Little Sparks,clothing,clothing,"kids, clothing, kids, dropshipping, bestseller",true,Color,Jurassic Green,Size,3-4Y,SY-SY-PROD-1741,500,shopify,5,deny,manual,34.39,57.30,true,true,https://images.unsplash.com/photo-1519457431-44ccd64a579b?auto=format&fit=crop&w=800&q=80,1,active
uspa-kids-girls-sparkle-tulle-birthday-party-dress-elite,USPA Kids Girls Sparkle Tulle Birthday Party Dress (Elite),"<p>High-demand USPA Kids USPA Kids Girls Sparkle Tulle Birthday Party Dress (Elite). Designed for superior performance, comfort and style. Sourced with USPS express air shipping (7-10 days).</p>",USPA Kids,clothing,clothing,"kids, clothing, kids, dropshipping, bestseller",true,Color,Fairy Pink,Size,2-3Y,SY-SY-PROD-1742,500,shopify,6,deny,manual,47.76,78.03,true,true,https://images.unsplash.com/photo-1622290291468-a28f7a7dc6a8?auto=format&fit=crop&w=800&q=80,1,active
little-sparks-kids-stretch-denim-playtime-overalls-classic,Little Sparks Kids Stretch Denim Playtime Overalls (Classic),"<p>High-demand Little Sparks Little Sparks Kids Stretch Denim Playtime Overalls (Classic). Designed for superior performance, comfort and style. Sourced with USPS express air shipping (7-10 days).</p>",Little Sparks,clothing,clothing,"kids, clothing, kids, dropshipping, bestseller",true,Color,Classic Denim Wash,Size,3-4Y,SY-SY-PROD-1743,500,shopify,7,deny,manual,32.13,53.80,true,true,https://images.unsplash.com/photo-1508214751196-bcfd4ca60f91?auto=format&fit=crop&w=800&q=80,1,active
uspa-kids-ultra-soft-organic-cotton-2-piece-pajama-set-series-2,USPA Kids Ultra-Soft Organic Cotton 2-Piece Pajama Set (Series 2),"<p>High-demand USPA Kids USPA Kids Ultra-Soft Organic Cotton 2-Piece Pajama Set (Series 2). Designed for superior performance, comfort and style. Sourced with USPS express air shipping (7-10 days).</p>",USPA Kids,clothing,clothing,"kids, clothing, kids, dropshipping, bestseller",true,Color,Space Galaxy,Size,2-3Y,SY-SY-PROD-1744,500,shopify,8,deny,manual,32.50,54.38,true,true,https://images.unsplash.com/photo-1596870230751-ebdfce98ec42?auto=format&fit=crop&w=800&q=80,1,active
little-sparks-children-waterproof-hooded-puffer-jacket-air,Little Sparks Children Waterproof Hooded Puffer Jacket (Air),"<p>High-demand Little Sparks Little Sparks Children Waterproof Hooded Puffer Jacket (Air). Designed for superior performance, comfort and style. Sourced with USPS express air shipping (7-10 days).</p>",Little Sparks,clothing,clothing,"kids, clothing, kids, dropshipping, bestseller",true,Color,Neon Coral,Size,4-5Y,SY-SY-PROD-1745,500,shopify,9,deny,manual,38.87,64.25,true,true,https://images.unsplash.com/photo-1514090458221-65bb69cf63e6?auto=format&fit=crop&w=800&q=80,1,active
uspa-kids-unisex-kids-fleece-tracksuit-set-signature,USPA Kids Unisex Kids Fleece Tracksuit Set (Signature),"<p>High-demand USPA Kids USPA Kids Unisex Kids Fleece Tracksuit Set (Signature). Designed for superior performance, comfort and style. Sourced with USPS express air shipping (7-10 days).</p>",USPA Kids,clothing,clothing,"kids, clothing, kids, dropshipping, bestseller",true,Color,Heather Gray,Size,3-4Y,SY-SY-PROD-1746,500,shopify,10,deny,manual,34.24,57.07,true,true,https://images.unsplash.com/photo-1516627145497-ae6968895b74?auto=format&fit=crop&w=800&q=80,1,active
little-sparks-boys-graphic-dinosaur-cotton-hoodie-v2,Little Sparks Boys Graphic Dinosaur Cotton Hoodie (V2),"<p>High-demand Little Sparks Little Sparks Boys Graphic Dinosaur Cotton Hoodie (V2). Designed for superior performance, comfort and style. Sourced with USPS express air shipping (7-10 days).</p>",Little Sparks,clothing,clothing,"kids, clothing, kids, dropshipping, bestseller",true,Color,Jurassic Green,Size,3-4Y,SY-SY-PROD-1747,500,shopify,11,deny,manual,25.61,43.70,true,true,https://images.unsplash.com/photo-1519457431-44ccd64a579b?auto=format&fit=crop&w=800&q=80,1,active
uspa-kids-girls-sparkle-tulle-birthday-party-dress-luxe,USPA Kids Girls Sparkle Tulle Birthday Party Dress (Luxe),"<p>High-demand USPA Kids USPA Kids Girls Sparkle Tulle Birthday Party Dress (Luxe). Designed for superior performance, comfort and style. Sourced with USPS express air shipping (7-10 days).</p>",USPA Kids,clothing,clothing,"kids, clothing, kids, dropshipping, bestseller",true,Color,Fairy Pink,Size,2-3Y,SY-SY-PROD-1748,500,shopify,12,deny,manual,34.98,58.22,true,true,https://images.unsplash.com/photo-1622290291468-a28f7a7dc6a8?auto=format&fit=crop&w=800&q=80,1,active
little-sparks-kids-stretch-denim-playtime-overalls-pure,Little Sparks Kids Stretch Denim Playtime Overalls (Pure),"<p>High-demand Little Sparks Little Sparks Kids Stretch Denim Playtime Overalls (Pure). Designed for superior performance, comfort and style. Sourced with USPS express air shipping (7-10 days).</p>",Little Sparks,clothing,clothing,"kids, clothing, kids, dropshipping, bestseller",true,Color,Classic Denim Wash,Size,3-4Y,SY-SY-PROD-1749,500,shopify,13,deny,manual,40.35,66.54,true,true,https://images.unsplash.com/photo-1508214751196-bcfd4ca60f91?auto=format&fit=crop&w=800&q=80,1,active
uspa-kids-ultra-soft-organic-cotton-2-piece-pajama-set-essential,USPA Kids Ultra-Soft Organic Cotton 2-Piece Pajama Set (Essential),"<p>High-demand USPA Kids USPA Kids Ultra-Soft Organic Cotton 2-Piece Pajama Set (Essential). Designed for superior performance, comfort and style. Sourced with USPS express air shipping (7-10 days).</p>",USPA Kids,clothing,clothing,"kids, clothing, kids, dropshipping, bestseller",true,Color,Space Galaxy,Size,2-3Y,SY-SY-PROD-1750,500,shopify,14,deny,manual,27.72,46.97,true,true,https://images.unsplash.com/photo-1596870230751-ebdfce98ec42?auto=format&fit=crop&w=800&q=80,1,active
little-sparks-children-waterproof-hooded-puffer-jacket-pro,Little Sparks Children Waterproof Hooded Puffer Jacket (Pro),"<p>High-demand Little Sparks Little Sparks Children Waterproof Hooded Puffer Jacket (Pro). Designed for superior performance, comfort and style. Sourced with USPS express air shipping (7-10 days).</p>",Little Sparks,clothing,clothing,"kids, clothing, kids, dropshipping, bestseller",true,Color,Neon Coral,Size,4-5Y,SY-SY-PROD-1751,500,shopify,15,deny,manual,47.09,76.99,true,true,https://images.unsplash.com/photo-1514090458221-65bb69cf63e6?auto=format&fit=crop&w=800&q=80,1,active
uspa-kids-unisex-kids-fleece-tracksuit-set-elite,USPA Kids Unisex Kids Fleece Tracksuit Set (Elite),"<p>High-demand USPA Kids USPA Kids Unisex Kids Fleece Tracksuit Set (Elite). Designed for superior performance, comfort and style. Sourced with USPS express air shipping (7-10 days).</p>",USPA Kids,clothing,clothing,"kids, clothing, kids, dropshipping, bestseller",true,Color,Heather Gray,Size,3-4Y,SY-SY-PROD-1752,500,shopify,16,deny,manual,42.46,69.81,true,true,https://images.unsplash.com/photo-1516627145497-ae6968895b74?auto=format&fit=crop&w=800&q=80,1,active
little-sparks-boys-graphic-dinosaur-cotton-hoodie-classic,Little Sparks Boys Graphic Dinosaur Cotton Hoodie (Classic),"<p>High-demand Little Sparks Little Sparks Boys Graphic Dinosaur Cotton Hoodie (Classic). Designed for superior performance, comfort and style. Sourced with USPS express air shipping (7-10 days).</p>",Little Sparks,clothing,clothing,"kids, clothing, kids, dropshipping, bestseller",true,Color,Jurassic Green,Size,3-4Y,SY-SY-PROD-1753,500,shopify,17,deny,manual,33.83,56.44,true,true,https://images.unsplash.com/photo-1519457431-44ccd64a579b?auto=format&fit=crop&w=800&q=80,1,active
uspa-kids-girls-sparkle-tulle-birthday-party-dress-series-2,USPA Kids Girls Sparkle Tulle Birthday Party Dress (Series 2),"<p>High-demand USPA Kids USPA Kids Girls Sparkle Tulle Birthday Party Dress (Series 2). Designed for superior performance, comfort and style. Sourced with USPS express air shipping (7-10 days).</p>",USPA Kids,clothing,clothing,"kids, clothing, kids, dropshipping, bestseller",true,Color,Fairy Pink,Size,2-3Y,SY-SY-PROD-1754,500,shopify,18,deny,manual,43.20,70.96,true,true,https://images.unsplash.com/photo-1622290291468-a28f7a7dc6a8?auto=format&fit=crop&w=800&q=80,1,active
little-sparks-kids-stretch-denim-playtime-overalls-air,Little Sparks Kids Stretch Denim Playtime Overalls (Air),"<p>High-demand Little Sparks Little Sparks Kids Stretch Denim Playtime Overalls (Air). Designed for superior performance, comfort and style. Sourced with USPS express air shipping (7-10 days).</p>",Little Sparks,clothing,clothing,"kids, clothing, kids, dropshipping, bestseller",true,Color,Classic Denim Wash,Size,3-4Y,SY-SY-PROD-1755,500,shopify,19,deny,manual,30.57,51.38,true,true,https://images.unsplash.com/photo-1508214751196-bcfd4ca60f91?auto=format&fit=crop&w=800&q=80,1,active
uspa-kids-ultra-soft-organic-cotton-2-piece-pajama-set-signature,USPA Kids Ultra-Soft Organic Cotton 2-Piece Pajama Set (Signature),"<p>High-demand USPA Kids USPA Kids Ultra-Soft Organic Cotton 2-Piece Pajama Set (Signature). Designed for superior performance, comfort and style. Sourced with USPS express air shipping (7-10 days).</p>",USPA Kids,clothing,clothing,"kids, clothing, kids, dropshipping, bestseller",true,Color,Space Galaxy,Size,2-3Y,SY-SY-PROD-1756,500,shopify,5,deny,manual,22.94,39.56,true,true,https://images.unsplash.com/photo-1596870230751-ebdfce98ec42?auto=format&fit=crop&w=800&q=80,1,active
little-sparks-children-waterproof-hooded-puffer-jacket-v2,Little Sparks Children Waterproof Hooded Puffer Jacket (V2),"<p>High-demand Little Sparks Little Sparks Children Waterproof Hooded Puffer Jacket (V2). Designed for superior performance, comfort and style. Sourced with USPS express air shipping (7-10 days).</p>",Little Sparks,clothing,clothing,"kids, clothing, kids, dropshipping, bestseller",true,Color,Neon Coral,Size,4-5Y,SY-SY-PROD-1757,500,shopify,6,deny,manual,55.31,89.73,true,true,https://images.unsplash.com/photo-1514090458221-65bb69cf63e6?auto=format&fit=crop&w=800&q=80,1,active
uspa-kids-unisex-kids-fleece-tracksuit-set-luxe,USPA Kids Unisex Kids Fleece Tracksuit Set (Luxe),"<p>High-demand USPA Kids USPA Kids Unisex Kids Fleece Tracksuit Set (Luxe). Designed for superior performance, comfort and style. Sourced with USPS express air shipping (7-10 days).</p>",USPA Kids,clothing,clothing,"kids, clothing, kids, dropshipping, bestseller",true,Color,Heather Gray,Size,3-4Y,SY-SY-PROD-1758,500,shopify,7,deny,manual,32.68,54.65,true,true,https://images.unsplash.com/photo-1516627145497-ae6968895b74?auto=format&fit=crop&w=800&q=80,1,active
little-sparks-boys-graphic-dinosaur-cotton-hoodie-pure,Little Sparks Boys Graphic Dinosaur Cotton Hoodie (Pure),"<p>High-demand Little Sparks Little Sparks Boys Graphic Dinosaur Cotton Hoodie (Pure). Designed for superior performance, comfort and style. Sourced with USPS express air shipping (7-10 days).</p>",Little Sparks,clothing,clothing,"kids, clothing, kids, dropshipping, bestseller",true,Color,Jurassic Green,Size,3-4Y,SY-SY-PROD-1759,500,shopify,8,deny,manual,25.05,42.83,true,true,https://images.unsplash.com/photo-1519457431-44ccd64a579b?auto=format&fit=crop&w=800&q=80,1,active
uspa-kids-girls-sparkle-tulle-birthday-party-dress-essential,USPA Kids Girls Sparkle Tulle Birthday Party Dress (Essential),"<p>High-demand USPA Kids USPA Kids Girls Sparkle Tulle Birthday Party Dress (Essential). Designed for superior performance, comfort and style. Sourced with USPS express air shipping (7-10 days).</p>",USPA Kids,clothing,clothing,"kids, clothing, kids, dropshipping, bestseller",true,Color,Fairy Pink,Size,2-3Y,SY-SY-PROD-1760,500,shopify,9,deny,manual,30.42,51.15,true,true,https://images.unsplash.com/photo-1622290291468-a28f7a7dc6a8?auto=format&fit=crop&w=800&q=80,1,active
little-sparks-kids-stretch-denim-playtime-overalls-pro,Little Sparks Kids Stretch Denim Playtime Overalls (Pro),"<p>High-demand Little Sparks Little Sparks Kids Stretch Denim Playtime Overalls (Pro). Designed for superior performance, comfort and style. Sourced with USPS express air shipping (7-10 days).</p>",Little Sparks,clothing,clothing,"kids, clothing, kids, dropshipping, bestseller",true,Color,Classic Denim Wash,Size,3-4Y,SY-SY-PROD-1761,500,shopify,10,deny,manual,38.79,64.12,true,true,https://images.unsplash.com/photo-1508214751196-bcfd4ca60f91?auto=format&fit=crop&w=800&q=80,1,active
uspa-kids-ultra-soft-organic-cotton-2-piece-pajama-set-elite,USPA Kids Ultra-Soft Organic Cotton 2-Piece Pajama Set (Elite),"<p>High-demand USPA Kids USPA Kids Ultra-Soft Organic Cotton 2-Piece Pajama Set (Elite). Designed for superior performance, comfort and style. Sourced with USPS express air shipping (7-10 days).</p>",USPA Kids,clothing,clothing,"kids, clothing, kids, dropshipping, bestseller",true,Color,Space Galaxy,Size,2-3Y,SY-SY-PROD-1762,500,shopify,11,deny,manual,31.16,52.30,true,true,https://images.unsplash.com/photo-1596870230751-ebdfce98ec42?auto=format&fit=crop&w=800&q=80,1,active
little-sparks-children-waterproof-hooded-puffer-jacket-classic,Little Sparks Children Waterproof Hooded Puffer Jacket (Classic),"<p>High-demand Little Sparks Little Sparks Children Waterproof Hooded Puffer Jacket (Classic). Designed for superior performance, comfort and style. Sourced with USPS express air shipping (7-10 days).</p>",Little Sparks,clothing,clothing,"kids, clothing, kids, dropshipping, bestseller",true,Color,Neon Coral,Size,4-5Y,SY-SY-PROD-1763,500,shopify,12,deny,manual,63.53,102.47,true,true,https://images.unsplash.com/photo-1514090458221-65bb69cf63e6?auto=format&fit=crop&w=800&q=80,1,active
uspa-kids-unisex-kids-fleece-tracksuit-set-series-2,USPA Kids Unisex Kids Fleece Tracksuit Set (Series 2),"<p>High-demand USPA Kids USPA Kids Unisex Kids Fleece Tracksuit Set (Series 2). Designed for superior performance, comfort and style. Sourced with USPS express air shipping (7-10 days).</p>",USPA Kids,clothing,clothing,"kids, clothing, kids, dropshipping, bestseller",true,Color,Heather Gray,Size,3-4Y,SY-SY-PROD-1764,500,shopify,13,deny,manual,40.90,67.40,true,true,https://images.unsplash.com/photo-1516627145497-ae6968895b74?auto=format&fit=crop&w=800&q=80,1,active
little-sparks-boys-graphic-dinosaur-cotton-hoodie-air,Little Sparks Boys Graphic Dinosaur Cotton Hoodie (Air),"<p>High-demand Little Sparks Little Sparks Boys Graphic Dinosaur Cotton Hoodie (Air). Designed for superior performance, comfort and style. Sourced with USPS express air shipping (7-10 days).</p>",Little Sparks,clothing,clothing,"kids, clothing, kids, dropshipping, bestseller",true,Color,Jurassic Green,Size,3-4Y,SY-SY-PROD-1765,500,shopify,14,deny,manual,33.27,55.57,true,true,https://images.unsplash.com/photo-1519457431-44ccd64a579b?auto=format&fit=crop&w=800&q=80,1,active
uspa-kids-girls-sparkle-tulle-birthday-party-dress-signature,USPA Kids Girls Sparkle Tulle Birthday Party Dress (Signature),"<p>High-demand USPA Kids USPA Kids Girls Sparkle Tulle Birthday Party Dress (Signature). Designed for superior performance, comfort and style. Sourced with USPS express air shipping (7-10 days).</p>",USPA Kids,clothing,clothing,"kids, clothing, kids, dropshipping, bestseller",true,Color,Fairy Pink,Size,2-3Y,SY-SY-PROD-1766,500,shopify,15,deny,manual,38.64,63.89,true,true,https://images.unsplash.com/photo-1622290291468-a28f7a7dc6a8?auto=format&fit=crop&w=800&q=80,1,active
little-sparks-kids-stretch-denim-playtime-overalls-v2,Little Sparks Kids Stretch Denim Playtime Overalls (V2),"<p>High-demand Little Sparks Little Sparks Kids Stretch Denim Playtime Overalls (V2). Designed for superior performance, comfort and style. Sourced with USPS express air shipping (7-10 days).</p>",Little Sparks,clothing,clothing,"kids, clothing, kids, dropshipping, bestseller",true,Color,Classic Denim Wash,Size,3-4Y,SY-SY-PROD-1767,500,shopify,16,deny,manual,29.01,48.97,true,true,https://images.unsplash.com/photo-1508214751196-bcfd4ca60f91?auto=format&fit=crop&w=800&q=80,1,active
uspa-kids-ultra-soft-organic-cotton-2-piece-pajama-set-luxe,USPA Kids Ultra-Soft Organic Cotton 2-Piece Pajama Set (Luxe),"<p>High-demand USPA Kids USPA Kids Ultra-Soft Organic Cotton 2-Piece Pajama Set (Luxe). Designed for superior performance, comfort and style. Sourced with USPS express air shipping (7-10 days).</p>",USPA Kids,clothing,clothing,"kids, clothing, kids, dropshipping, bestseller",true,Color,Space Galaxy,Size,2-3Y,SY-SY-PROD-1768,500,shopify,17,deny,manual,26.38,44.89,true,true,https://images.unsplash.com/photo-1596870230751-ebdfce98ec42?auto=format&fit=crop&w=800&q=80,1,active
little-sparks-children-waterproof-hooded-puffer-jacket-pure,Little Sparks Children Waterproof Hooded Puffer Jacket (Pure),"<p>High-demand Little Sparks Little Sparks Children Waterproof Hooded Puffer Jacket (Pure). Designed for superior performance, comfort and style. Sourced with USPS express air shipping (7-10 days).</p>",Little Sparks,clothing,clothing,"kids, clothing, kids, dropshipping, bestseller",true,Color,Neon Coral,Size,4-5Y,SY-SY-PROD-1769,500,shopify,18,deny,manual,43.75,71.81,true,true,https://images.unsplash.com/photo-1514090458221-65bb69cf63e6?auto=format&fit=crop&w=800&q=80,1,active
uspa-kids-unisex-kids-fleece-tracksuit-set-essential,USPA Kids Unisex Kids Fleece Tracksuit Set (Essential),"<p>High-demand USPA Kids USPA Kids Unisex Kids Fleece Tracksuit Set (Essential). Designed for superior performance, comfort and style. Sourced with USPS express air shipping (7-10 days).</p>",USPA Kids,clothing,clothing,"kids, clothing, kids, dropshipping, bestseller",true,Color,Heather Gray,Size,3-4Y,SY-SY-PROD-1770,500,shopify,19,deny,manual,31.12,52.24,true,true,https://images.unsplash.com/photo-1516627145497-ae6968895b74?auto=format&fit=crop&w=800&q=80,1,active
little-sparks-boys-graphic-dinosaur-cotton-hoodie-pro,Little Sparks Boys Graphic Dinosaur Cotton Hoodie (Pro),"<p>High-demand Little Sparks Little Sparks Boys Graphic Dinosaur Cotton Hoodie (Pro). Designed for superior performance, comfort and style. Sourced with USPS express air shipping (7-10 days).</p>",Little Sparks,clothing,clothing,"kids, clothing, kids, dropshipping, bestseller",true,Color,Jurassic Green,Size,3-4Y,SY-SY-PROD-1771,500,shopify,5,deny,manual,24.49,41.96,true,true,https://images.unsplash.com/photo-1519457431-44ccd64a579b?auto=format&fit=crop&w=800&q=80,1,active
uspa-kids-girls-sparkle-tulle-birthday-party-dress-elite,USPA Kids Girls Sparkle Tulle Birthday Party Dress (Elite),"<p>High-demand USPA Kids USPA Kids Girls Sparkle Tulle Birthday Party Dress (Elite). Designed for superior performance, comfort and style. Sourced with USPS express air shipping (7-10 days).</p>",USPA Kids,clothing,clothing,"kids, clothing, kids, dropshipping, bestseller",true,Color,Fairy Pink,Size,2-3Y,SY-SY-PROD-1772,500,shopify,6,deny,manual,46.86,76.63,true,true,https://images.unsplash.com/photo-1622290291468-a28f7a7dc6a8?auto=format&fit=crop&w=800&q=80,1,active
little-sparks-kids-stretch-denim-playtime-overalls-classic,Little Sparks Kids Stretch Denim Playtime Overalls (Classic),"<p>High-demand Little Sparks Little Sparks Kids Stretch Denim Playtime Overalls (Classic). Designed for superior performance, comfort and style. Sourced with USPS express air shipping (7-10 days).</p>",Little Sparks,clothing,clothing,"kids, clothing, kids, dropshipping, bestseller",true,Color,Classic Denim Wash,Size,3-4Y,SY-SY-PROD-1773,500,shopify,7,deny,manual,37.23,61.71,true,true,https://images.unsplash.com/photo-1508214751196-bcfd4ca60f91?auto=format&fit=crop&w=800&q=80,1,active
uspa-kids-ultra-soft-organic-cotton-2-piece-pajama-set-series-2,USPA Kids Ultra-Soft Organic Cotton 2-Piece Pajama Set (Series 2),"<p>High-demand USPA Kids USPA Kids Ultra-Soft Organic Cotton 2-Piece Pajama Set (Series 2). Designed for superior performance, comfort and style. Sourced with USPS express air shipping (7-10 days).</p>",USPA Kids,clothing,clothing,"kids, clothing, kids, dropshipping, bestseller",true,Color,Space Galaxy,Size,2-3Y,SY-SY-PROD-1774,500,shopify,8,deny,manual,21.60,37.48,true,true,https://images.unsplash.com/photo-1596870230751-ebdfce98ec42?auto=format&fit=crop&w=800&q=80,1,active
little-sparks-children-waterproof-hooded-puffer-jacket-air,Little Sparks Children Waterproof Hooded Puffer Jacket (Air),"<p>High-demand Little Sparks Little Sparks Children Waterproof Hooded Puffer Jacket (Air). Designed for superior performance, comfort and style. Sourced with USPS express air shipping (7-10 days).</p>",Little Sparks,clothing,clothing,"kids, clothing, kids, dropshipping, bestseller",true,Color,Neon Coral,Size,4-5Y,SY-SY-PROD-1775,500,shopify,9,deny,manual,51.97,84.55,true,true,https://images.unsplash.com/photo-1514090458221-65bb69cf63e6?auto=format&fit=crop&w=800&q=80,1,active
uspa-kids-unisex-kids-fleece-tracksuit-set-signature,USPA Kids Unisex Kids Fleece Tracksuit Set (Signature),"<p>High-demand USPA Kids USPA Kids Unisex Kids Fleece Tracksuit Set (Signature). Designed for superior performance, comfort and style. Sourced with USPS express air shipping (7-10 days).</p>",USPA Kids,clothing,clothing,"kids, clothing, kids, dropshipping, bestseller",true,Color,Heather Gray,Size,3-4Y,SY-SY-PROD-1776,500,shopify,10,deny,manual,39.34,64.98,true,true,https://images.unsplash.com/photo-1516627145497-ae6968895b74?auto=format&fit=crop&w=800&q=80,1,active
little-sparks-boys-graphic-dinosaur-cotton-hoodie-v2,Little Sparks Boys Graphic Dinosaur Cotton Hoodie (V2),"<p>High-demand Little Sparks Little Sparks Boys Graphic Dinosaur Cotton Hoodie (V2). Designed for superior performance, comfort and style. Sourced with USPS express air shipping (7-10 days).</p>",Little Sparks,clothing,clothing,"kids, clothing, kids, dropshipping, bestseller",true,Color,Jurassic Green,Size,3-4Y,SY-SY-PROD-1777,500,shopify,11,deny,manual,32.71,54.70,true,true,https://images.unsplash.com/photo-1519457431-44ccd64a579b?auto=format&fit=crop&w=800&q=80,1,active
uspa-kids-girls-sparkle-tulle-birthday-party-dress-luxe,USPA Kids Girls Sparkle Tulle Birthday Party Dress (Luxe),"<p>High-demand USPA Kids USPA Kids Girls Sparkle Tulle Birthday Party Dress (Luxe). Designed for superior performance, comfort and style. Sourced with USPS express air shipping (7-10 days).</p>",USPA Kids,clothing,clothing,"kids, clothing, kids, dropshipping, bestseller",true,Color,Fairy Pink,Size,2-3Y,SY-SY-PROD-1778,500,shopify,12,deny,manual,34.08,56.82,true,true,https://images.unsplash.com/photo-1622290291468-a28f7a7dc6a8?auto=format&fit=crop&w=800&q=80,1,active
little-sparks-kids-stretch-denim-playtime-overalls-pure,Little Sparks Kids Stretch Denim Playtime Overalls (Pure),"<p>High-demand Little Sparks Little Sparks Kids Stretch Denim Playtime Overalls (Pure). Designed for superior performance, comfort and style. Sourced with USPS express air shipping (7-10 days).</p>",Little Sparks,clothing,clothing,"kids, clothing, kids, dropshipping, bestseller",true,Color,Classic Denim Wash,Size,3-4Y,SY-SY-PROD-1779,500,shopify,13,deny,manual,27.45,46.55,true,true,https://images.unsplash.com/photo-1508214751196-bcfd4ca60f91?auto=format&fit=crop&w=800&q=80,1,active
uspa-kids-ultra-soft-organic-cotton-2-piece-pajama-set-essential,USPA Kids Ultra-Soft Organic Cotton 2-Piece Pajama Set (Essential),"<p>High-demand USPA Kids USPA Kids Ultra-Soft Organic Cotton 2-Piece Pajama Set (Essential). Designed for superior performance, comfort and style. Sourced with USPS express air shipping (7-10 days).</p>",USPA Kids,clothing,clothing,"kids, clothing, kids, dropshipping, bestseller",true,Color,Space Galaxy,Size,2-3Y,SY-SY-PROD-1780,500,shopify,14,deny,manual,29.82,50.22,true,true,https://images.unsplash.com/photo-1596870230751-ebdfce98ec42?auto=format&fit=crop&w=800&q=80,1,active
little-sparks-children-waterproof-hooded-puffer-jacket-pro,Little Sparks Children Waterproof Hooded Puffer Jacket (Pro),"<p>High-demand Little Sparks Little Sparks Children Waterproof Hooded Puffer Jacket (Pro). Designed for superior performance, comfort and style. Sourced with USPS express air shipping (7-10 days).</p>",Little Sparks,clothing,clothing,"kids, clothing, kids, dropshipping, bestseller",true,Color,Neon Coral,Size,4-5Y,SY-SY-PROD-1781,500,shopify,15,deny,manual,60.19,97.29,true,true,https://images.unsplash.com/photo-1514090458221-65bb69cf63e6?auto=format&fit=crop&w=800&q=80,1,active
uspa-kids-unisex-kids-fleece-tracksuit-set-elite,USPA Kids Unisex Kids Fleece Tracksuit Set (Elite),"<p>High-demand USPA Kids USPA Kids Unisex Kids Fleece Tracksuit Set (Elite). Designed for superior performance, comfort and style. Sourced with USPS express air shipping (7-10 days).</p>",USPA Kids,clothing,clothing,"kids, clothing, kids, dropshipping, bestseller",true,Color,Heather Gray,Size,3-4Y,SY-SY-PROD-1782,500,shopify,16,deny,manual,29.56,49.82,true,true,https://images.unsplash.com/photo-1516627145497-ae6968895b74?auto=format&fit=crop&w=800&q=80,1,active
little-sparks-boys-graphic-dinosaur-cotton-hoodie-classic,Little Sparks Boys Graphic Dinosaur Cotton Hoodie (Classic),"<p>High-demand Little Sparks Little Sparks Boys Graphic Dinosaur Cotton Hoodie (Classic). Designed for superior performance, comfort and style. Sourced with USPS express air shipping (7-10 days).</p>",Little Sparks,clothing,clothing,"kids, clothing, kids, dropshipping, bestseller",true,Color,Jurassic Green,Size,3-4Y,SY-SY-PROD-1783,500,shopify,17,deny,manual,23.93,41.09,true,true,https://images.unsplash.com/photo-1519457431-44ccd64a579b?auto=format&fit=crop&w=800&q=80,1,active
uspa-kids-girls-sparkle-tulle-birthday-party-dress-series-2,USPA Kids Girls Sparkle Tulle Birthday Party Dress (Series 2),"<p>High-demand USPA Kids USPA Kids Girls Sparkle Tulle Birthday Party Dress (Series 2). Designed for superior performance, comfort and style. Sourced with USPS express air shipping (7-10 days).</p>",USPA Kids,clothing,clothing,"kids, clothing, kids, dropshipping, bestseller",true,Color,Fairy Pink,Size,2-3Y,SY-SY-PROD-1784,500,shopify,18,deny,manual,42.30,69.56,true,true,https://images.unsplash.com/photo-1622290291468-a28f7a7dc6a8?auto=format&fit=crop&w=800&q=80,1,active
little-sparks-kids-stretch-denim-playtime-overalls-air,Little Sparks Kids Stretch Denim Playtime Overalls (Air),"<p>High-demand Little Sparks Little Sparks Kids Stretch Denim Playtime Overalls (Air). Designed for superior performance, comfort and style. Sourced with USPS express air shipping (7-10 days).</p>",Little Sparks,clothing,clothing,"kids, clothing, kids, dropshipping, bestseller",true,Color,Classic Denim Wash,Size,3-4Y,SY-SY-PROD-1785,500,shopify,19,deny,manual,35.67,59.29,true,true,https://images.unsplash.com/photo-1508214751196-bcfd4ca60f91?auto=format&fit=crop&w=800&q=80,1,active
uspa-kids-ultra-soft-organic-cotton-2-piece-pajama-set-signature,USPA Kids Ultra-Soft Organic Cotton 2-Piece Pajama Set (Signature),"<p>High-demand USPA Kids USPA Kids Ultra-Soft Organic Cotton 2-Piece Pajama Set (Signature). Designed for superior performance, comfort and style. Sourced with USPS express air shipping (7-10 days).</p>",USPA Kids,clothing,clothing,"kids, clothing, kids, dropshipping, bestseller",true,Color,Space Galaxy,Size,2-3Y,SY-SY-PROD-1786,500,shopify,5,deny,manual,25.04,42.81,true,true,https://images.unsplash.com/photo-1596870230751-ebdfce98ec42?auto=format&fit=crop&w=800&q=80,1,active
little-sparks-children-waterproof-hooded-puffer-jacket-v2,Little Sparks Children Waterproof Hooded Puffer Jacket (V2),"<p>High-demand Little Sparks Little Sparks Children Waterproof Hooded Puffer Jacket (V2). Designed for superior performance, comfort and style. Sourced with USPS express air shipping (7-10 days).</p>",Little Sparks,clothing,clothing,"kids, clothing, kids, dropshipping, bestseller",true,Color,Neon Coral,Size,4-5Y,SY-SY-PROD-1787,500,shopify,6,deny,manual,40.41,66.64,true,true,https://images.unsplash.com/photo-1514090458221-65bb69cf63e6?auto=format&fit=crop&w=800&q=80,1,active
uspa-kids-unisex-kids-fleece-tracksuit-set-luxe,USPA Kids Unisex Kids Fleece Tracksuit Set (Luxe),"<p>High-demand USPA Kids USPA Kids Unisex Kids Fleece Tracksuit Set (Luxe). Designed for superior performance, comfort and style. Sourced with USPS express air shipping (7-10 days).</p>",USPA Kids,clothing,clothing,"kids, clothing, kids, dropshipping, bestseller",true,Color,Heather Gray,Size,3-4Y,SY-SY-PROD-1788,500,shopify,7,deny,manual,37.78,62.56,true,true,https://images.unsplash.com/photo-1516627145497-ae6968895b74?auto=format&fit=crop&w=800&q=80,1,active
little-sparks-boys-graphic-dinosaur-cotton-hoodie-pure,Little Sparks Boys Graphic Dinosaur Cotton Hoodie (Pure),"<p>High-demand Little Sparks Little Sparks Boys Graphic Dinosaur Cotton Hoodie (Pure). Designed for superior performance, comfort and style. Sourced with USPS express air shipping (7-10 days).</p>",Little Sparks,clothing,clothing,"kids, clothing, kids, dropshipping, bestseller",true,Color,Jurassic Green,Size,3-4Y,SY-SY-PROD-1789,500,shopify,8,deny,manual,32.15,53.83,true,true,https://images.unsplash.com/photo-1519457431-44ccd64a579b?auto=format&fit=crop&w=800&q=80,1,active
uspa-kids-girls-sparkle-tulle-birthday-party-dress-essential,USPA Kids Girls Sparkle Tulle Birthday Party Dress (Essential),"<p>High-demand USPA Kids USPA Kids Girls Sparkle Tulle Birthday Party Dress (Essential). Designed for superior performance, comfort and style. Sourced with USPS express air shipping (7-10 days).</p>",USPA Kids,clothing,clothing,"kids, clothing, kids, dropshipping, bestseller",true,Color,Fairy Pink,Size,2-3Y,SY-SY-PROD-1790,500,shopify,9,deny,manual,29.52,49.76,true,true,https://images.unsplash.com/photo-1622290291468-a28f7a7dc6a8?auto=format&fit=crop&w=800&q=80,1,active
little-sparks-kids-stretch-denim-playtime-overalls-pro,Little Sparks Kids Stretch Denim Playtime Overalls (Pro),"<p>High-demand Little Sparks Little Sparks Kids Stretch Denim Playtime Overalls (Pro). Designed for superior performance, comfort and style. Sourced with USPS express air shipping (7-10 days).</p>",Little Sparks,clothing,clothing,"kids, clothing, kids, dropshipping, bestseller",true,Color,Classic Denim Wash,Size,3-4Y,SY-SY-PROD-1791,500,shopify,10,deny,manual,43.89,72.03,true,true,https://images.unsplash.com/photo-1508214751196-bcfd4ca60f91?auto=format&fit=crop&w=800&q=80,1,active
uspa-kids-ultra-soft-organic-cotton-2-piece-pajama-set-elite,USPA Kids Ultra-Soft Organic Cotton 2-Piece Pajama Set (Elite),"<p>High-demand USPA Kids USPA Kids Ultra-Soft Organic Cotton 2-Piece Pajama Set (Elite). Designed for superior performance, comfort and style. Sourced with USPS express air shipping (7-10 days).</p>",USPA Kids,clothing,clothing,"kids, clothing, kids, dropshipping, bestseller",true,Color,Space Galaxy,Size,2-3Y,SY-SY-PROD-1792,500,shopify,11,deny,manual,20.26,35.40,true,true,https://images.unsplash.com/photo-1596870230751-ebdfce98ec42?auto=format&fit=crop&w=800&q=80,1,active
little-sparks-children-waterproof-hooded-puffer-jacket-classic,Little Sparks Children Waterproof Hooded Puffer Jacket (Classic),"<p>High-demand Little Sparks Little Sparks Children Waterproof Hooded Puffer Jacket (Classic). Designed for superior performance, comfort and style. Sourced with USPS express air shipping (7-10 days).</p>",Little Sparks,clothing,clothing,"kids, clothing, kids, dropshipping, bestseller",true,Color,Neon Coral,Size,4-5Y,SY-SY-PROD-1793,500,shopify,12,deny,manual,48.63,79.38,true,true,https://images.unsplash.com/photo-1514090458221-65bb69cf63e6?auto=format&fit=crop&w=800&q=80,1,active
uspa-kids-unisex-kids-fleece-tracksuit-set-series-2,USPA Kids Unisex Kids Fleece Tracksuit Set (Series 2),"<p>High-demand USPA Kids USPA Kids Unisex Kids Fleece Tracksuit Set (Series 2). Designed for superior performance, comfort and style. Sourced with USPS express air shipping (7-10 days).</p>",USPA Kids,clothing,clothing,"kids, clothing, kids, dropshipping, bestseller",true,Color,Heather Gray,Size,3-4Y,SY-SY-PROD-1794,500,shopify,13,deny,manual,28.00,47.40,true,true,https://images.unsplash.com/photo-1516627145497-ae6968895b74?auto=format&fit=crop&w=800&q=80,1,active
little-sparks-boys-graphic-dinosaur-cotton-hoodie-air,Little Sparks Boys Graphic Dinosaur Cotton Hoodie (Air),"<p>High-demand Little Sparks Little Sparks Boys Graphic Dinosaur Cotton Hoodie (Air). Designed for superior performance, comfort and style. Sourced with USPS express air shipping (7-10 days).</p>",Little Sparks,clothing,clothing,"kids, clothing, kids, dropshipping, bestseller",true,Color,Jurassic Green,Size,3-4Y,SY-SY-PROD-1795,500,shopify,14,deny,manual,23.37,40.22,true,true,https://images.unsplash.com/photo-1519457431-44ccd64a579b?auto=format&fit=crop&w=800&q=80,1,active
uspa-kids-girls-sparkle-tulle-birthday-party-dress-signature,USPA Kids Girls Sparkle Tulle Birthday Party Dress (Signature),"<p>High-demand USPA Kids USPA Kids Girls Sparkle Tulle Birthday Party Dress (Signature). Designed for superior performance, comfort and style. Sourced with USPS express air shipping (7-10 days).</p>",USPA Kids,clothing,clothing,"kids, clothing, kids, dropshipping, bestseller",true,Color,Fairy Pink,Size,2-3Y,SY-SY-PROD-1796,500,shopify,15,deny,manual,37.74,62.50,true,true,https://images.unsplash.com/photo-1622290291468-a28f7a7dc6a8?auto=format&fit=crop&w=800&q=80,1,active
little-sparks-kids-stretch-denim-playtime-overalls-v2,Little Sparks Kids Stretch Denim Playtime Overalls (V2),"<p>High-demand Little Sparks Little Sparks Kids Stretch Denim Playtime Overalls (V2). Designed for superior performance, comfort and style. Sourced with USPS express air shipping (7-10 days).</p>",Little Sparks,clothing,clothing,"kids, clothing, kids, dropshipping, bestseller",true,Color,Classic Denim Wash,Size,3-4Y,SY-SY-PROD-1797,500,shopify,16,deny,manual,34.11,56.87,true,true,https://images.unsplash.com/photo-1508214751196-bcfd4ca60f91?auto=format&fit=crop&w=800&q=80,1,active
uspa-kids-ultra-soft-organic-cotton-2-piece-pajama-set-luxe,USPA Kids Ultra-Soft Organic Cotton 2-Piece Pajama Set (Luxe),"<p>High-demand USPA Kids USPA Kids Ultra-Soft Organic Cotton 2-Piece Pajama Set (Luxe). Designed for superior performance, comfort and style. Sourced with USPS express air shipping (7-10 days).</p>",USPA Kids,clothing,clothing,"kids, clothing, kids, dropshipping, bestseller",true,Color,Space Galaxy,Size,2-3Y,SY-SY-PROD-1798,500,shopify,17,deny,manual,28.48,48.14,true,true,https://images.unsplash.com/photo-1596870230751-ebdfce98ec42?auto=format&fit=crop&w=800&q=80,1,active
little-sparks-children-waterproof-hooded-puffer-jacket-pure,Little Sparks Children Waterproof Hooded Puffer Jacket (Pure),"<p>High-demand Little Sparks Little Sparks Children Waterproof Hooded Puffer Jacket (Pure). Designed for superior performance, comfort and style. Sourced with USPS express air shipping (7-10 days).</p>",Little Sparks,clothing,clothing,"kids, clothing, kids, dropshipping, bestseller",true,Color,Neon Coral,Size,4-5Y,SY-SY-PROD-1799,500,shopify,18,deny,manual,56.85,92.12,true,true,https://images.unsplash.com/photo-1514090458221-65bb69cf63e6?auto=format&fit=crop&w=800&q=80,1,active
uspa-kids-unisex-kids-fleece-tracksuit-set-essential,USPA Kids Unisex Kids Fleece Tracksuit Set (Essential),"<p>High-demand USPA Kids USPA Kids Unisex Kids Fleece Tracksuit Set (Essential). Designed for superior performance, comfort and style. Sourced with USPS express air shipping (7-10 days).</p>",USPA Kids,clothing,clothing,"kids, clothing, kids, dropshipping, bestseller",true,Color,Heather Gray,Size,3-4Y,SY-SY-PROD-1800,500,shopify,19,deny,manual,36.22,60.14,true,true,https://images.unsplash.com/photo-1516627145497-ae6968895b74?auto=format&fit=crop&w=800&q=80,1,active
little-sparks-boys-graphic-dinosaur-cotton-hoodie-pro,Little Sparks Boys Graphic Dinosaur Cotton Hoodie (Pro),"<p>High-demand Little Sparks Little Sparks Boys Graphic Dinosaur Cotton Hoodie (Pro). Designed for superior performance, comfort and style. Sourced with USPS express air shipping (7-10 days).</p>",Little Sparks,clothing,clothing,"kids, clothing, kids, dropshipping, bestseller",true,Color,Jurassic Green,Size,3-4Y,SY-SY-PROD-1801,500,shopify,5,deny,manual,31.59,52.96,true,true,https://images.unsplash.com/photo-1519457431-44ccd64a579b?auto=format&fit=crop&w=800&q=80,1,active
uspa-kids-girls-sparkle-tulle-birthday-party-dress-elite,USPA Kids Girls Sparkle Tulle Birthday Party Dress (Elite),"<p>High-demand USPA Kids USPA Kids Girls Sparkle Tulle Birthday Party Dress (Elite). Designed for superior performance, comfort and style. Sourced with USPS express air shipping (7-10 days).</p>",USPA Kids,clothing,clothing,"kids, clothing, kids, dropshipping, bestseller",true,Color,Fairy Pink,Size,2-3Y,SY-SY-PROD-1802,500,shopify,6,deny,manual,45.96,75.24,true,true,https://images.unsplash.com/photo-1622290291468-a28f7a7dc6a8?auto=format&fit=crop&w=800&q=80,1,active
little-sparks-kids-stretch-denim-playtime-overalls-classic,Little Sparks Kids Stretch Denim Playtime Overalls (Classic),"<p>High-demand Little Sparks Little Sparks Kids Stretch Denim Playtime Overalls (Classic). Designed for superior performance, comfort and style. Sourced with USPS express air shipping (7-10 days).</p>",Little Sparks,clothing,clothing,"kids, clothing, kids, dropshipping, bestseller",true,Color,Classic Denim Wash,Size,3-4Y,SY-SY-PROD-1803,500,shopify,7,deny,manual,42.33,69.61,true,true,https://images.unsplash.com/photo-1508214751196-bcfd4ca60f91?auto=format&fit=crop&w=800&q=80,1,active
uspa-kids-ultra-soft-organic-cotton-2-piece-pajama-set-series-2,USPA Kids Ultra-Soft Organic Cotton 2-Piece Pajama Set (Series 2),"<p>High-demand USPA Kids USPA Kids Ultra-Soft Organic Cotton 2-Piece Pajama Set (Series 2). Designed for superior performance, comfort and style. Sourced with USPS express air shipping (7-10 days).</p>",USPA Kids,clothing,clothing,"kids, clothing, kids, dropshipping, bestseller",true,Color,Space Galaxy,Size,2-3Y,SY-SY-PROD-1804,500,shopify,8,deny,manual,23.70,40.73,true,true,https://images.unsplash.com/photo-1596870230751-ebdfce98ec42?auto=format&fit=crop&w=800&q=80,1,active
little-sparks-children-waterproof-hooded-puffer-jacket-air,Little Sparks Children Waterproof Hooded Puffer Jacket (Air),"<p>High-demand Little Sparks Little Sparks Children Waterproof Hooded Puffer Jacket (Air). Designed for superior performance, comfort and style. Sourced with USPS express air shipping (7-10 days).</p>",Little Sparks,clothing,clothing,"kids, clothing, kids, dropshipping, bestseller",true,Color,Neon Coral,Size,4-5Y,SY-SY-PROD-1805,500,shopify,9,deny,manual,37.07,61.46,true,true,https://images.unsplash.com/photo-1514090458221-65bb69cf63e6?auto=format&fit=crop&w=800&q=80,1,active
uspa-kids-unisex-kids-fleece-tracksuit-set-signature,USPA Kids Unisex Kids Fleece Tracksuit Set (Signature),"<p>High-demand USPA Kids USPA Kids Unisex Kids Fleece Tracksuit Set (Signature). Designed for superior performance, comfort and style. Sourced with USPS express air shipping (7-10 days).</p>",USPA Kids,clothing,clothing,"kids, clothing, kids, dropshipping, bestseller",true,Color,Heather Gray,Size,3-4Y,SY-SY-PROD-1806,500,shopify,10,deny,manual,26.44,44.98,true,true,https://images.unsplash.com/photo-1516627145497-ae6968895b74?auto=format&fit=crop&w=800&q=80,1,active
little-sparks-boys-graphic-dinosaur-cotton-hoodie-v2,Little Sparks Boys Graphic Dinosaur Cotton Hoodie (V2),"<p>High-demand Little Sparks Little Sparks Boys Graphic Dinosaur Cotton Hoodie (V2). Designed for superior performance, comfort and style. Sourced with USPS express air shipping (7-10 days).</p>",Little Sparks,clothing,clothing,"kids, clothing, kids, dropshipping, bestseller",true,Color,Jurassic Green,Size,3-4Y,SY-SY-PROD-1807,500,shopify,11,deny,manual,39.81,65.71,true,true,https://images.unsplash.com/photo-1519457431-44ccd64a579b?auto=format&fit=crop&w=800&q=80,1,active
uspa-kids-girls-sparkle-tulle-birthday-party-dress-luxe,USPA Kids Girls Sparkle Tulle Birthday Party Dress (Luxe),"<p>High-demand USPA Kids USPA Kids Girls Sparkle Tulle Birthday Party Dress (Luxe). Designed for superior performance, comfort and style. Sourced with USPS express air shipping (7-10 days).</p>",USPA Kids,clothing,clothing,"kids, clothing, kids, dropshipping, bestseller",true,Color,Fairy Pink,Size,2-3Y,SY-SY-PROD-1808,500,shopify,12,deny,manual,33.18,55.43,true,true,https://images.unsplash.com/photo-1622290291468-a28f7a7dc6a8?auto=format&fit=crop&w=800&q=80,1,active
little-sparks-kids-stretch-denim-playtime-overalls-pure,Little Sparks Kids Stretch Denim Playtime Overalls (Pure),"<p>High-demand Little Sparks Little Sparks Kids Stretch Denim Playtime Overalls (Pure). Designed for superior performance, comfort and style. Sourced with USPS express air shipping (7-10 days).</p>",Little Sparks,clothing,clothing,"kids, clothing, kids, dropshipping, bestseller",true,Color,Classic Denim Wash,Size,3-4Y,SY-SY-PROD-1809,500,shopify,13,deny,manual,32.55,54.45,true,true,https://images.unsplash.com/photo-1508214751196-bcfd4ca60f91?auto=format&fit=crop&w=800&q=80,1,active
uspa-kids-ultra-soft-organic-cotton-2-piece-pajama-set-essential,USPA Kids Ultra-Soft Organic Cotton 2-Piece Pajama Set (Essential),"<p>High-demand USPA Kids USPA Kids Ultra-Soft Organic Cotton 2-Piece Pajama Set (Essential). Designed for superior performance, comfort and style. Sourced with USPS express air shipping (7-10 days).</p>",USPA Kids,clothing,clothing,"kids, clothing, kids, dropshipping, bestseller",true,Color,Space Galaxy,Size,2-3Y,SY-SY-PROD-1810,500,shopify,14,deny,manual,31.92,53.48,true,true,https://images.unsplash.com/photo-1596870230751-ebdfce98ec42?auto=format&fit=crop&w=800&q=80,1,active
little-sparks-children-waterproof-hooded-puffer-jacket-pro,Little Sparks Children Waterproof Hooded Puffer Jacket (Pro),"<p>High-demand Little Sparks Little Sparks Children Waterproof Hooded Puffer Jacket (Pro). Designed for superior performance, comfort and style. Sourced with USPS express air shipping (7-10 days).</p>",Little Sparks,clothing,clothing,"kids, clothing, kids, dropshipping, bestseller",true,Color,Neon Coral,Size,4-5Y,SY-SY-PROD-1811,500,shopify,15,deny,manual,45.29,74.20,true,true,https://images.unsplash.com/photo-1514090458221-65bb69cf63e6?auto=format&fit=crop&w=800&q=80,1,active
uspa-kids-unisex-kids-fleece-tracksuit-set-elite,USPA Kids Unisex Kids Fleece Tracksuit Set (Elite),"<p>High-demand USPA Kids USPA Kids Unisex Kids Fleece Tracksuit Set (Elite). Designed for superior performance, comfort and style. Sourced with USPS express air shipping (7-10 days).</p>",USPA Kids,clothing,clothing,"kids, clothing, kids, dropshipping, bestseller",true,Color,Heather Gray,Size,3-4Y,SY-SY-PROD-1812,500,shopify,16,deny,manual,34.66,57.72,true,true,https://images.unsplash.com/photo-1516627145497-ae6968895b74?auto=format&fit=crop&w=800&q=80,1,active
little-sparks-boys-graphic-dinosaur-cotton-hoodie-classic,Little Sparks Boys Graphic Dinosaur Cotton Hoodie (Classic),"<p>High-demand Little Sparks Little Sparks Boys Graphic Dinosaur Cotton Hoodie (Classic). Designed for superior performance, comfort and style. Sourced with USPS express air shipping (7-10 days).</p>",Little Sparks,clothing,clothing,"kids, clothing, kids, dropshipping, bestseller",true,Color,Jurassic Green,Size,3-4Y,SY-SY-PROD-1813,500,shopify,17,deny,manual,31.03,52.10,true,true,https://images.unsplash.com/photo-1519457431-44ccd64a579b?auto=format&fit=crop&w=800&q=80,1,active
uspa-kids-girls-sparkle-tulle-birthday-party-dress-series-2,USPA Kids Girls Sparkle Tulle Birthday Party Dress (Series 2),"<p>High-demand USPA Kids USPA Kids Girls Sparkle Tulle Birthday Party Dress (Series 2). Designed for superior performance, comfort and style. Sourced with USPS express air shipping (7-10 days).</p>",USPA Kids,clothing,clothing,"kids, clothing, kids, dropshipping, bestseller",true,Color,Fairy Pink,Size,2-3Y,SY-SY-PROD-1814,500,shopify,18,deny,manual,41.40,68.17,true,true,https://images.unsplash.com/photo-1622290291468-a28f7a7dc6a8?auto=format&fit=crop&w=800&q=80,1,active
little-sparks-kids-stretch-denim-playtime-overalls-air,Little Sparks Kids Stretch Denim Playtime Overalls (Air),"<p>High-demand Little Sparks Little Sparks Kids Stretch Denim Playtime Overalls (Air). Designed for superior performance, comfort and style. Sourced with USPS express air shipping (7-10 days).</p>",Little Sparks,clothing,clothing,"kids, clothing, kids, dropshipping, bestseller",true,Color,Classic Denim Wash,Size,3-4Y,SY-SY-PROD-1815,500,shopify,19,deny,manual,40.77,67.19,true,true,https://images.unsplash.com/photo-1508214751196-bcfd4ca60f91?auto=format&fit=crop&w=800&q=80,1,active
uspa-kids-ultra-soft-organic-cotton-2-piece-pajama-set-signature,USPA Kids Ultra-Soft Organic Cotton 2-Piece Pajama Set (Signature),"<p>High-demand USPA Kids USPA Kids Ultra-Soft Organic Cotton 2-Piece Pajama Set (Signature). Designed for superior performance, comfort and style. Sourced with USPS express air shipping (7-10 days).</p>",USPA Kids,clothing,clothing,"kids, clothing, kids, dropshipping, bestseller",true,Color,Space Galaxy,Size,2-3Y,SY-SY-PROD-1816,500,shopify,5,deny,manual,27.14,46.07,true,true,https://images.unsplash.com/photo-1596870230751-ebdfce98ec42?auto=format&fit=crop&w=800&q=80,1,active
little-sparks-children-waterproof-hooded-puffer-jacket-v2,Little Sparks Children Waterproof Hooded Puffer Jacket (V2),"<p>High-demand Little Sparks Little Sparks Children Waterproof Hooded Puffer Jacket (V2). Designed for superior performance, comfort and style. Sourced with USPS express air shipping (7-10 days).</p>",Little Sparks,clothing,clothing,"kids, clothing, kids, dropshipping, bestseller",true,Color,Neon Coral,Size,4-5Y,SY-SY-PROD-1817,500,shopify,6,deny,manual,53.51,86.94,true,true,https://images.unsplash.com/photo-1514090458221-65bb69cf63e6?auto=format&fit=crop&w=800&q=80,1,active
uspa-kids-unisex-kids-fleece-tracksuit-set-luxe,USPA Kids Unisex Kids Fleece Tracksuit Set (Luxe),"<p>High-demand USPA Kids USPA Kids Unisex Kids Fleece Tracksuit Set (Luxe). Designed for superior performance, comfort and style. Sourced with USPS express air shipping (7-10 days).</p>",USPA Kids,clothing,clothing,"kids, clothing, kids, dropshipping, bestseller",true,Color,Heather Gray,Size,3-4Y,SY-SY-PROD-1818,500,shopify,7,deny,manual,42.88,70.46,true,true,https://images.unsplash.com/photo-1516627145497-ae6968895b74?auto=format&fit=crop&w=800&q=80,1,active
little-sparks-boys-graphic-dinosaur-cotton-hoodie-pure,Little Sparks Boys Graphic Dinosaur Cotton Hoodie (Pure),"<p>High-demand Little Sparks Little Sparks Boys Graphic Dinosaur Cotton Hoodie (Pure). Designed for superior performance, comfort and style. Sourced with USPS express air shipping (7-10 days).</p>",Little Sparks,clothing,clothing,"kids, clothing, kids, dropshipping, bestseller",true,Color,Jurassic Green,Size,3-4Y,SY-SY-PROD-1819,500,shopify,8,deny,manual,39.25,64.84,true,true,https://images.unsplash.com/photo-1519457431-44ccd64a579b?auto=format&fit=crop&w=800&q=80,1,active
uspa-kids-girls-sparkle-tulle-birthday-party-dress-essential,USPA Kids Girls Sparkle Tulle Birthday Party Dress (Essential),"<p>High-demand USPA Kids USPA Kids Girls Sparkle Tulle Birthday Party Dress (Essential). Designed for superior performance, comfort and style. Sourced with USPS express air shipping (7-10 days).</p>",USPA Kids,clothing,clothing,"kids, clothing, kids, dropshipping, bestseller",true,Color,Fairy Pink,Size,2-3Y,SY-SY-PROD-1820,500,shopify,9,deny,manual,49.62,80.91,true,true,https://images.unsplash.com/photo-1622290291468-a28f7a7dc6a8?auto=format&fit=crop&w=800&q=80,1,active
little-sparks-kids-stretch-denim-playtime-overalls-pro,Little Sparks Kids Stretch Denim Playtime Overalls (Pro),"<p>High-demand Little Sparks Little Sparks Kids Stretch Denim Playtime Overalls (Pro). Designed for superior performance, comfort and style. Sourced with USPS express air shipping (7-10 days).</p>",Little Sparks,clothing,clothing,"kids, clothing, kids, dropshipping, bestseller",true,Color,Classic Denim Wash,Size,3-4Y,SY-SY-PROD-1821,500,shopify,10,deny,manual,30.99,52.03,true,true,https://images.unsplash.com/photo-1508214751196-bcfd4ca60f91?auto=format&fit=crop&w=800&q=80,1,active
uspa-kids-ultra-soft-organic-cotton-2-piece-pajama-set-elite,USPA Kids Ultra-Soft Organic Cotton 2-Piece Pajama Set (Elite),"<p>High-demand USPA Kids USPA Kids Ultra-Soft Organic Cotton 2-Piece Pajama Set (Elite). Designed for superior performance, comfort and style. Sourced with USPS express air shipping (7-10 days).</p>",USPA Kids,clothing,clothing,"kids, clothing, kids, dropshipping, bestseller",true,Color,Space Galaxy,Size,2-3Y,SY-SY-PROD-1822,500,shopify,11,deny,manual,22.36,38.66,true,true,https://images.unsplash.com/photo-1596870230751-ebdfce98ec42?auto=format&fit=crop&w=800&q=80,1,active
little-sparks-children-waterproof-hooded-puffer-jacket-classic,Little Sparks Children Waterproof Hooded Puffer Jacket (Classic),"<p>High-demand Little Sparks Little Sparks Children Waterproof Hooded Puffer Jacket (Classic). Designed for superior performance, comfort and style. Sourced with USPS express air shipping (7-10 days).</p>",Little Sparks,clothing,clothing,"kids, clothing, kids, dropshipping, bestseller",true,Color,Neon Coral,Size,4-5Y,SY-SY-PROD-1823,500,shopify,12,deny,manual,61.73,99.68,true,true,https://images.unsplash.com/photo-1514090458221-65bb69cf63e6?auto=format&fit=crop&w=800&q=80,1,active
uspa-kids-unisex-kids-fleece-tracksuit-set-series-2,USPA Kids Unisex Kids Fleece Tracksuit Set (Series 2),"<p>High-demand USPA Kids USPA Kids Unisex Kids Fleece Tracksuit Set (Series 2). Designed for superior performance, comfort and style. Sourced with USPS express air shipping (7-10 days).</p>",USPA Kids,clothing,clothing,"kids, clothing, kids, dropshipping, bestseller",true,Color,Heather Gray,Size,3-4Y,SY-SY-PROD-1824,500,shopify,13,deny,manual,33.10,55.31,true,true,https://images.unsplash.com/photo-1516627145497-ae6968895b74?auto=format&fit=crop&w=800&q=80,1,active
little-sparks-boys-graphic-dinosaur-cotton-hoodie-air,Little Sparks Boys Graphic Dinosaur Cotton Hoodie (Air),"<p>High-demand Little Sparks Little Sparks Boys Graphic Dinosaur Cotton Hoodie (Air). Designed for superior performance, comfort and style. Sourced with USPS express air shipping (7-10 days).</p>",Little Sparks,clothing,clothing,"kids, clothing, kids, dropshipping, bestseller",true,Color,Jurassic Green,Size,3-4Y,SY-SY-PROD-1825,500,shopify,14,deny,manual,30.47,51.23,true,true,https://images.unsplash.com/photo-1519457431-44ccd64a579b?auto=format&fit=crop&w=800&q=80,1,active
uspa-kids-girls-sparkle-tulle-birthday-party-dress-signature,USPA Kids Girls Sparkle Tulle Birthday Party Dress (Signature),"<p>High-demand USPA Kids USPA Kids Girls Sparkle Tulle Birthday Party Dress (Signature). Designed for superior performance, comfort and style. Sourced with USPS express air shipping (7-10 days).</p>",USPA Kids,clothing,clothing,"kids, clothing, kids, dropshipping, bestseller",true,Color,Fairy Pink,Size,2-3Y,SY-SY-PROD-1826,500,shopify,15,deny,manual,36.84,61.10,true,true,https://images.unsplash.com/photo-1622290291468-a28f7a7dc6a8?auto=format&fit=crop&w=800&q=80,1,active
little-sparks-kids-stretch-denim-playtime-overalls-v2,Little Sparks Kids Stretch Denim Playtime Overalls (V2),"<p>High-demand Little Sparks Little Sparks Kids Stretch Denim Playtime Overalls (V2). Designed for superior performance, comfort and style. Sourced with USPS express air shipping (7-10 days).</p>",Little Sparks,clothing,clothing,"kids, clothing, kids, dropshipping, bestseller",true,Color,Classic Denim Wash,Size,3-4Y,SY-SY-PROD-1827,500,shopify,16,deny,manual,39.21,64.78,true,true,https://images.unsplash.com/photo-1508214751196-bcfd4ca60f91?auto=format&fit=crop&w=800&q=80,1,active
uspa-kids-ultra-soft-organic-cotton-2-piece-pajama-set-luxe,USPA Kids Ultra-Soft Organic Cotton 2-Piece Pajama Set (Luxe),"<p>High-demand USPA Kids USPA Kids Ultra-Soft Organic Cotton 2-Piece Pajama Set (Luxe). Designed for superior performance, comfort and style. Sourced with USPS express air shipping (7-10 days).</p>",USPA Kids,clothing,clothing,"kids, clothing, kids, dropshipping, bestseller",true,Color,Space Galaxy,Size,2-3Y,SY-SY-PROD-1828,500,shopify,17,deny,manual,30.58,51.40,true,true,https://images.unsplash.com/photo-1596870230751-ebdfce98ec42?auto=format&fit=crop&w=800&q=80,1,active
little-sparks-children-waterproof-hooded-puffer-jacket-pure,Little Sparks Children Waterproof Hooded Puffer Jacket (Pure),"<p>High-demand Little Sparks Little Sparks Children Waterproof Hooded Puffer Jacket (Pure). Designed for superior performance, comfort and style. Sourced with USPS express air shipping (7-10 days).</p>",Little Sparks,clothing,clothing,"kids, clothing, kids, dropshipping, bestseller",true,Color,Neon Coral,Size,4-5Y,SY-SY-PROD-1829,500,shopify,18,deny,manual,41.95,69.02,true,true,https://images.unsplash.com/photo-1514090458221-65bb69cf63e6?auto=format&fit=crop&w=800&q=80,1,active
uspa-kids-unisex-kids-fleece-tracksuit-set-essential,USPA Kids Unisex Kids Fleece Tracksuit Set (Essential),"<p>High-demand USPA Kids USPA Kids Unisex Kids Fleece Tracksuit Set (Essential). Designed for superior performance, comfort and style. Sourced with USPS express air shipping (7-10 days).</p>",USPA Kids,clothing,clothing,"kids, clothing, kids, dropshipping, bestseller",true,Color,Heather Gray,Size,3-4Y,SY-SY-PROD-1830,500,shopify,19,deny,manual,41.32,68.05,true,true,https://images.unsplash.com/photo-1516627145497-ae6968895b74?auto=format&fit=crop&w=800&q=80,1,active
little-sparks-boys-graphic-dinosaur-cotton-hoodie-pro,Little Sparks Boys Graphic Dinosaur Cotton Hoodie (Pro),"<p>High-demand Little Sparks Little Sparks Boys Graphic Dinosaur Cotton Hoodie (Pro). Designed for superior performance, comfort and style. Sourced with USPS express air shipping (7-10 days).</p>",Little Sparks,clothing,clothing,"kids, clothing, kids, dropshipping, bestseller",true,Color,Jurassic Green,Size,3-4Y,SY-SY-PROD-1831,500,shopify,5,deny,manual,38.69,63.97,true,true,https://images.unsplash.com/photo-1519457431-44ccd64a579b?auto=format&fit=crop&w=800&q=80,1,active
uspa-kids-girls-sparkle-tulle-birthday-party-dress-elite,USPA Kids Girls Sparkle Tulle Birthday Party Dress (Elite),"<p>High-demand USPA Kids USPA Kids Girls Sparkle Tulle Birthday Party Dress (Elite). Designed for superior performance, comfort and style. Sourced with USPS express air shipping (7-10 days).</p>",USPA Kids,clothing,clothing,"kids, clothing, kids, dropshipping, bestseller",true,Color,Fairy Pink,Size,2-3Y,SY-SY-PROD-1832,500,shopify,6,deny,manual,45.06,73.84,true,true,https://images.unsplash.com/photo-1622290291468-a28f7a7dc6a8?auto=format&fit=crop&w=800&q=80,1,active
little-sparks-kids-stretch-denim-playtime-overalls-classic,Little Sparks Kids Stretch Denim Playtime Overalls (Classic),"<p>High-demand Little Sparks Little Sparks Kids Stretch Denim Playtime Overalls (Classic). Designed for superior performance, comfort and style. Sourced with USPS express air shipping (7-10 days).</p>",Little Sparks,clothing,clothing,"kids, clothing, kids, dropshipping, bestseller",true,Color,Classic Denim Wash,Size,3-4Y,SY-SY-PROD-1833,500,shopify,7,deny,manual,29.43,49.62,true,true,https://images.unsplash.com/photo-1508214751196-bcfd4ca60f91?auto=format&fit=crop&w=800&q=80,1,active
uspa-kids-ultra-soft-organic-cotton-2-piece-pajama-set-series-2,USPA Kids Ultra-Soft Organic Cotton 2-Piece Pajama Set (Series 2),"<p>High-demand USPA Kids USPA Kids Ultra-Soft Organic Cotton 2-Piece Pajama Set (Series 2). Designed for superior performance, comfort and style. Sourced with USPS express air shipping (7-10 days).</p>",USPA Kids,clothing,clothing,"kids, clothing, kids, dropshipping, bestseller",true,Color,Space Galaxy,Size,2-3Y,SY-SY-PROD-1834,500,shopify,8,deny,manual,25.80,43.99,true,true,https://images.unsplash.com/photo-1596870230751-ebdfce98ec42?auto=format&fit=crop&w=800&q=80,1,active
little-sparks-children-waterproof-hooded-puffer-jacket-air,Little Sparks Children Waterproof Hooded Puffer Jacket (Air),"<p>High-demand Little Sparks Little Sparks Children Waterproof Hooded Puffer Jacket (Air). Designed for superior performance, comfort and style. Sourced with USPS express air shipping (7-10 days).</p>",Little Sparks,clothing,clothing,"kids, clothing, kids, dropshipping, bestseller",true,Color,Neon Coral,Size,4-5Y,SY-SY-PROD-1835,500,shopify,9,deny,manual,50.17,81.76,true,true,https://images.unsplash.com/photo-1514090458221-65bb69cf63e6?auto=format&fit=crop&w=800&q=80,1,active
uspa-kids-unisex-kids-fleece-tracksuit-set-signature,USPA Kids Unisex Kids Fleece Tracksuit Set (Signature),"<p>High-demand USPA Kids USPA Kids Unisex Kids Fleece Tracksuit Set (Signature). Designed for superior performance, comfort and style. Sourced with USPS express air shipping (7-10 days).</p>",USPA Kids,clothing,clothing,"kids, clothing, kids, dropshipping, bestseller",true,Color,Heather Gray,Size,3-4Y,SY-SY-PROD-1836,500,shopify,10,deny,manual,31.54,52.89,true,true,https://images.unsplash.com/photo-1516627145497-ae6968895b74?auto=format&fit=crop&w=800&q=80,1,active
little-sparks-boys-graphic-dinosaur-cotton-hoodie-v2,Little Sparks Boys Graphic Dinosaur Cotton Hoodie (V2),"<p>High-demand Little Sparks Little Sparks Boys Graphic Dinosaur Cotton Hoodie (V2). Designed for superior performance, comfort and style. Sourced with USPS express air shipping (7-10 days).</p>",Little Sparks,clothing,clothing,"kids, clothing, kids, dropshipping, bestseller",true,Color,Jurassic Green,Size,3-4Y,SY-SY-PROD-1837,500,shopify,11,deny,manual,29.91,50.36,true,true,https://images.unsplash.com/photo-1519457431-44ccd64a579b?auto=format&fit=crop&w=800&q=80,1,active
uspa-kids-girls-sparkle-tulle-birthday-party-dress-luxe,USPA Kids Girls Sparkle Tulle Birthday Party Dress (Luxe),"<p>High-demand USPA Kids USPA Kids Girls Sparkle Tulle Birthday Party Dress (Luxe). Designed for superior performance, comfort and style. Sourced with USPS express air shipping (7-10 days).</p>",USPA Kids,clothing,clothing,"kids, clothing, kids, dropshipping, bestseller",true,Color,Fairy Pink,Size,2-3Y,SY-SY-PROD-1838,500,shopify,12,deny,manual,32.28,54.03,true,true,https://images.unsplash.com/photo-1622290291468-a28f7a7dc6a8?auto=format&fit=crop&w=800&q=80,1,active
little-sparks-kids-stretch-denim-playtime-overalls-pure,Little Sparks Kids Stretch Denim Playtime Overalls (Pure),"<p>High-demand Little Sparks Little Sparks Kids Stretch Denim Playtime Overalls (Pure). Designed for superior performance, comfort and style. Sourced with USPS express air shipping (7-10 days).</p>",Little Sparks,clothing,clothing,"kids, clothing, kids, dropshipping, bestseller",true,Color,Classic Denim Wash,Size,3-4Y,SY-SY-PROD-1839,500,shopify,13,deny,manual,37.65,62.36,true,true,https://images.unsplash.com/photo-1508214751196-bcfd4ca60f91?auto=format&fit=crop&w=800&q=80,1,active
uspa-kids-ultra-soft-organic-cotton-2-piece-pajama-set-essential,USPA Kids Ultra-Soft Organic Cotton 2-Piece Pajama Set (Essential),"<p>High-demand USPA Kids USPA Kids Ultra-Soft Organic Cotton 2-Piece Pajama Set (Essential). Designed for superior performance, comfort and style. Sourced with USPS express air shipping (7-10 days).</p>",USPA Kids,clothing,clothing,"kids, clothing, kids, dropshipping, bestseller",true,Color,Space Galaxy,Size,2-3Y,SY-SY-PROD-1840,500,shopify,14,deny,manual,21.02,36.58,true,true,https://images.unsplash.com/photo-1596870230751-ebdfce98ec42?auto=format&fit=crop&w=800&q=80,1,active
little-sparks-children-waterproof-hooded-puffer-jacket-pro,Little Sparks Children Waterproof Hooded Puffer Jacket (Pro),"<p>High-demand Little Sparks Little Sparks Children Waterproof Hooded Puffer Jacket (Pro). Designed for superior performance, comfort and style. Sourced with USPS express air shipping (7-10 days).</p>",Little Sparks,clothing,clothing,"kids, clothing, kids, dropshipping, bestseller",true,Color,Neon Coral,Size,4-5Y,SY-SY-PROD-1841,500,shopify,15,deny,manual,58.39,94.50,true,true,https://images.unsplash.com/photo-1514090458221-65bb69cf63e6?auto=format&fit=crop&w=800&q=80,1,active
uspa-kids-unisex-kids-fleece-tracksuit-set-elite,USPA Kids Unisex Kids Fleece Tracksuit Set (Elite),"<p>High-demand USPA Kids USPA Kids Unisex Kids Fleece Tracksuit Set (Elite). Designed for superior performance, comfort and style. Sourced with USPS express air shipping (7-10 days).</p>",USPA Kids,clothing,clothing,"kids, clothing, kids, dropshipping, bestseller",true,Color,Heather Gray,Size,3-4Y,SY-SY-PROD-1842,500,shopify,16,deny,manual,39.76,65.63,true,true,https://images.unsplash.com/photo-1516627145497-ae6968895b74?auto=format&fit=crop&w=800&q=80,1,active
little-sparks-boys-graphic-dinosaur-cotton-hoodie-classic,Little Sparks Boys Graphic Dinosaur Cotton Hoodie (Classic),"<p>High-demand Little Sparks Little Sparks Boys Graphic Dinosaur Cotton Hoodie (Classic). Designed for superior performance, comfort and style. Sourced with USPS express air shipping (7-10 days).</p>",Little Sparks,clothing,clothing,"kids, clothing, kids, dropshipping, bestseller",true,Color,Jurassic Green,Size,3-4Y,SY-SY-PROD-1843,500,shopify,17,deny,manual,38.13,63.10,true,true,https://images.unsplash.com/photo-1519457431-44ccd64a579b?auto=format&fit=crop&w=800&q=80,1,active
uspa-kids-girls-sparkle-tulle-birthday-party-dress-series-2,USPA Kids Girls Sparkle Tulle Birthday Party Dress (Series 2),"<p>High-demand USPA Kids USPA Kids Girls Sparkle Tulle Birthday Party Dress (Series 2). Designed for superior performance, comfort and style. Sourced with USPS express air shipping (7-10 days).</p>",USPA Kids,clothing,clothing,"kids, clothing, kids, dropshipping, bestseller",true,Color,Fairy Pink,Size,2-3Y,SY-SY-PROD-1844,500,shopify,18,deny,manual,40.50,66.78,true,true,https://images.unsplash.com/photo-1622290291468-a28f7a7dc6a8?auto=format&fit=crop&w=800&q=80,1,active
little-sparks-kids-stretch-denim-playtime-overalls-air,Little Sparks Kids Stretch Denim Playtime Overalls (Air),"<p>High-demand Little Sparks Little Sparks Kids Stretch Denim Playtime Overalls (Air). Designed for superior performance, comfort and style. Sourced with USPS express air shipping (7-10 days).</p>",Little Sparks,clothing,clothing,"kids, clothing, kids, dropshipping, bestseller",true,Color,Classic Denim Wash,Size,3-4Y,SY-SY-PROD-1845,500,shopify,19,deny,manual,27.87,47.20,true,true,https://images.unsplash.com/photo-1508214751196-bcfd4ca60f91?auto=format&fit=crop&w=800&q=80,1,active
uspa-kids-ultra-soft-organic-cotton-2-piece-pajama-set-signature,USPA Kids Ultra-Soft Organic Cotton 2-Piece Pajama Set (Signature),"<p>High-demand USPA Kids USPA Kids Ultra-Soft Organic Cotton 2-Piece Pajama Set (Signature). Designed for superior performance, comfort and style. Sourced with USPS express air shipping (7-10 days).</p>",USPA Kids,clothing,clothing,"kids, clothing, kids, dropshipping, bestseller",true,Color,Space Galaxy,Size,2-3Y,SY-SY-PROD-1846,500,shopify,5,deny,manual,29.24,49.32,true,true,https://images.unsplash.com/photo-1596870230751-ebdfce98ec42?auto=format&fit=crop&w=800&q=80,1,active
little-sparks-children-waterproof-hooded-puffer-jacket-v2,Little Sparks Children Waterproof Hooded Puffer Jacket (V2),"<p>High-demand Little Sparks Little Sparks Children Waterproof Hooded Puffer Jacket (V2). Designed for superior performance, comfort and style. Sourced with USPS express air shipping (7-10 days).</p>",Little Sparks,clothing,clothing,"kids, clothing, kids, dropshipping, bestseller",true,Color,Neon Coral,Size,4-5Y,SY-SY-PROD-1847,500,shopify,6,deny,manual,38.61,63.85,true,true,https://images.unsplash.com/photo-1514090458221-65bb69cf63e6?auto=format&fit=crop&w=800&q=80,1,active
uspa-kids-unisex-kids-fleece-tracksuit-set-luxe,USPA Kids Unisex Kids Fleece Tracksuit Set (Luxe),"<p>High-demand USPA Kids USPA Kids Unisex Kids Fleece Tracksuit Set (Luxe). Designed for superior performance, comfort and style. Sourced with USPS express air shipping (7-10 days).</p>",USPA Kids,clothing,clothing,"kids, clothing, kids, dropshipping, bestseller",true,Color,Heather Gray,Size,3-4Y,SY-SY-PROD-1848,500,shopify,7,deny,manual,29.98,50.47,true,true,https://images.unsplash.com/photo-1516627145497-ae6968895b74?auto=format&fit=crop&w=800&q=80,1,active
little-sparks-boys-graphic-dinosaur-cotton-hoodie-pure,Little Sparks Boys Graphic Dinosaur Cotton Hoodie (Pure),"<p>High-demand Little Sparks Little Sparks Boys Graphic Dinosaur Cotton Hoodie (Pure). Designed for superior performance, comfort and style. Sourced with USPS express air shipping (7-10 days).</p>",Little Sparks,clothing,clothing,"kids, clothing, kids, dropshipping, bestseller",true,Color,Jurassic Green,Size,3-4Y,SY-SY-PROD-1849,500,shopify,8,deny,manual,29.35,49.49,true,true,https://images.unsplash.com/photo-1519457431-44ccd64a579b?auto=format&fit=crop&w=800&q=80,1,active
uspa-kids-girls-sparkle-tulle-birthday-party-dress-essential,USPA Kids Girls Sparkle Tulle Birthday Party Dress (Essential),"<p>High-demand USPA Kids USPA Kids Girls Sparkle Tulle Birthday Party Dress (Essential). Designed for superior performance, comfort and style. Sourced with USPS express air shipping (7-10 days).</p>",USPA Kids,clothing,clothing,"kids, clothing, kids, dropshipping, bestseller",true,Color,Fairy Pink,Size,2-3Y,SY-SY-PROD-1850,500,shopify,9,deny,manual,48.72,79.52,true,true,https://images.unsplash.com/photo-1622290291468-a28f7a7dc6a8?auto=format&fit=crop&w=800&q=80,1,active
little-sparks-kids-stretch-denim-playtime-overalls-pro,Little Sparks Kids Stretch Denim Playtime Overalls (Pro),"<p>High-demand Little Sparks Little Sparks Kids Stretch Denim Playtime Overalls (Pro). Designed for superior performance, comfort and style. Sourced with USPS express air shipping (7-10 days).</p>",Little Sparks,clothing,clothing,"kids, clothing, kids, dropshipping, bestseller",true,Color,Classic Denim Wash,Size,3-4Y,SY-SY-PROD-1851,500,shopify,10,deny,manual,36.09,59.94,true,true,https://images.unsplash.com/photo-1508214751196-bcfd4ca60f91?auto=format&fit=crop&w=800&q=80,1,active
uspa-kids-ultra-soft-organic-cotton-2-piece-pajama-set-elite,USPA Kids Ultra-Soft Organic Cotton 2-Piece Pajama Set (Elite),"<p>High-demand USPA Kids USPA Kids Ultra-Soft Organic Cotton 2-Piece Pajama Set (Elite). Designed for superior performance, comfort and style. Sourced with USPS express air shipping (7-10 days).</p>",USPA Kids,clothing,clothing,"kids, clothing, kids, dropshipping, bestseller",true,Color,Space Galaxy,Size,2-3Y,SY-SY-PROD-1852,500,shopify,11,deny,manual,24.46,41.91,true,true,https://images.unsplash.com/photo-1596870230751-ebdfce98ec42?auto=format&fit=crop&w=800&q=80,1,active
little-sparks-children-waterproof-hooded-puffer-jacket-classic,Little Sparks Children Waterproof Hooded Puffer Jacket (Classic),"<p>High-demand Little Sparks Little Sparks Children Waterproof Hooded Puffer Jacket (Classic). Designed for superior performance, comfort and style. Sourced with USPS express air shipping (7-10 days).</p>",Little Sparks,clothing,clothing,"kids, clothing, kids, dropshipping, bestseller",true,Color,Neon Coral,Size,4-5Y,SY-SY-PROD-1853,500,shopify,12,deny,manual,46.83,76.59,true,true,https://images.unsplash.com/photo-1514090458221-65bb69cf63e6?auto=format&fit=crop&w=800&q=80,1,active
uspa-kids-unisex-kids-fleece-tracksuit-set-series-2,USPA Kids Unisex Kids Fleece Tracksuit Set (Series 2),"<p>High-demand USPA Kids USPA Kids Unisex Kids Fleece Tracksuit Set (Series 2). Designed for superior performance, comfort and style. Sourced with USPS express air shipping (7-10 days).</p>",USPA Kids,clothing,clothing,"kids, clothing, kids, dropshipping, bestseller",true,Color,Heather Gray,Size,3-4Y,SY-SY-PROD-1854,500,shopify,13,deny,manual,38.20,63.21,true,true,https://images.unsplash.com/photo-1516627145497-ae6968895b74?auto=format&fit=crop&w=800&q=80,1,active
little-sparks-boys-graphic-dinosaur-cotton-hoodie-air,Little Sparks Boys Graphic Dinosaur Cotton Hoodie (Air),"<p>High-demand Little Sparks Little Sparks Boys Graphic Dinosaur Cotton Hoodie (Air). Designed for superior performance, comfort and style. Sourced with USPS express air shipping (7-10 days).</p>",Little Sparks,clothing,clothing,"kids, clothing, kids, dropshipping, bestseller",true,Color,Jurassic Green,Size,3-4Y,SY-SY-PROD-1855,500,shopify,14,deny,manual,37.57,62.23,true,true,https://images.unsplash.com/photo-1519457431-44ccd64a579b?auto=format&fit=crop&w=800&q=80,1,active
uspa-kids-girls-sparkle-tulle-birthday-party-dress-signature,USPA Kids Girls Sparkle Tulle Birthday Party Dress (Signature),"<p>High-demand USPA Kids USPA Kids Girls Sparkle Tulle Birthday Party Dress (Signature). Designed for superior performance, comfort and style. Sourced with USPS express air shipping (7-10 days).</p>",USPA Kids,clothing,clothing,"kids, clothing, kids, dropshipping, bestseller",true,Color,Fairy Pink,Size,2-3Y,SY-SY-PROD-1856,500,shopify,15,deny,manual,35.94,59.71,true,true,https://images.unsplash.com/photo-1622290291468-a28f7a7dc6a8?auto=format&fit=crop&w=800&q=80,1,active
little-sparks-kids-stretch-denim-playtime-overalls-v2,Little Sparks Kids Stretch Denim Playtime Overalls (V2),"<p>High-demand Little Sparks Little Sparks Kids Stretch Denim Playtime Overalls (V2). Designed for superior performance, comfort and style. Sourced with USPS express air shipping (7-10 days).</p>",Little Sparks,clothing,clothing,"kids, clothing, kids, dropshipping, bestseller",true,Color,Classic Denim Wash,Size,3-4Y,SY-SY-PROD-1857,500,shopify,16,deny,manual,44.31,72.68,true,true,https://images.unsplash.com/photo-1508214751196-bcfd4ca60f91?auto=format&fit=crop&w=800&q=80,1,active
uspa-kids-ultra-soft-organic-cotton-2-piece-pajama-set-luxe,USPA Kids Ultra-Soft Organic Cotton 2-Piece Pajama Set (Luxe),"<p>High-demand USPA Kids USPA Kids Ultra-Soft Organic Cotton 2-Piece Pajama Set (Luxe). Designed for superior performance, comfort and style. Sourced with USPS express air shipping (7-10 days).</p>",USPA Kids,clothing,clothing,"kids, clothing, kids, dropshipping, bestseller",true,Color,Space Galaxy,Size,2-3Y,SY-SY-PROD-1858,500,shopify,17,deny,manual,32.68,54.65,true,true,https://images.unsplash.com/photo-1596870230751-ebdfce98ec42?auto=format&fit=crop&w=800&q=80,1,active
little-sparks-children-waterproof-hooded-puffer-jacket-pure,Little Sparks Children Waterproof Hooded Puffer Jacket (Pure),"<p>High-demand Little Sparks Little Sparks Children Waterproof Hooded Puffer Jacket (Pure). Designed for superior performance, comfort and style. Sourced with USPS express air shipping (7-10 days).</p>",Little Sparks,clothing,clothing,"kids, clothing, kids, dropshipping, bestseller",true,Color,Neon Coral,Size,4-5Y,SY-SY-PROD-1859,500,shopify,18,deny,manual,55.05,89.33,true,true,https://images.unsplash.com/photo-1514090458221-65bb69cf63e6?auto=format&fit=crop&w=800&q=80,1,active
uspa-kids-unisex-kids-fleece-tracksuit-set-essential,USPA Kids Unisex Kids Fleece Tracksuit Set (Essential),"<p>High-demand USPA Kids USPA Kids Unisex Kids Fleece Tracksuit Set (Essential). Designed for superior performance, comfort and style. Sourced with USPS express air shipping (7-10 days).</p>",USPA Kids,clothing,clothing,"kids, clothing, kids, dropshipping, bestseller",true,Color,Heather Gray,Size,3-4Y,SY-SY-PROD-1860,500,shopify,19,deny,manual,28.42,48.05,true,true,https://images.unsplash.com/photo-1516627145497-ae6968895b74?auto=format&fit=crop&w=800&q=80,1,active
little-sparks-boys-graphic-dinosaur-cotton-hoodie-pro,Little Sparks Boys Graphic Dinosaur Cotton Hoodie (Pro),"<p>High-demand Little Sparks Little Sparks Boys Graphic Dinosaur Cotton Hoodie (Pro). Designed for superior performance, comfort and style. Sourced with USPS express air shipping (7-10 days).</p>",Little Sparks,clothing,clothing,"kids, clothing, kids, dropshipping, bestseller",true,Color,Jurassic Green,Size,3-4Y,SY-SY-PROD-1861,500,shopify,5,deny,manual,28.79,48.62,true,true,https://images.unsplash.com/photo-1519457431-44ccd64a579b?auto=format&fit=crop&w=800&q=80,1,active
uspa-kids-girls-sparkle-tulle-birthday-party-dress-elite,USPA Kids Girls Sparkle Tulle Birthday Party Dress (Elite),"<p>High-demand USPA Kids USPA Kids Girls Sparkle Tulle Birthday Party Dress (Elite). Designed for superior performance, comfort and style. Sourced with USPS express air shipping (7-10 days).</p>",USPA Kids,clothing,clothing,"kids, clothing, kids, dropshipping, bestseller",true,Color,Fairy Pink,Size,2-3Y,SY-SY-PROD-1862,500,shopify,6,deny,manual,44.16,72.45,true,true,https://images.unsplash.com/photo-1622290291468-a28f7a7dc6a8?auto=format&fit=crop&w=800&q=80,1,active
little-sparks-kids-stretch-denim-playtime-overalls-classic,Little Sparks Kids Stretch Denim Playtime Overalls (Classic),"<p>High-demand Little Sparks Little Sparks Kids Stretch Denim Playtime Overalls (Classic). Designed for superior performance, comfort and style. Sourced with USPS express air shipping (7-10 days).</p>",Little Sparks,clothing,clothing,"kids, clothing, kids, dropshipping, bestseller",true,Color,Classic Denim Wash,Size,3-4Y,SY-SY-PROD-1863,500,shopify,7,deny,manual,34.53,57.52,true,true,https://images.unsplash.com/photo-1508214751196-bcfd4ca60f91?auto=format&fit=crop&w=800&q=80,1,active
uspa-kids-ultra-soft-organic-cotton-2-piece-pajama-set-series-2,USPA Kids Ultra-Soft Organic Cotton 2-Piece Pajama Set (Series 2),"<p>High-demand USPA Kids USPA Kids Ultra-Soft Organic Cotton 2-Piece Pajama Set (Series 2). Designed for superior performance, comfort and style. Sourced with USPS express air shipping (7-10 days).</p>",USPA Kids,clothing,clothing,"kids, clothing, kids, dropshipping, bestseller",true,Color,Space Galaxy,Size,2-3Y,SY-SY-PROD-1864,500,shopify,8,deny,manual,27.90,47.24,true,true,https://images.unsplash.com/photo-1596870230751-ebdfce98ec42?auto=format&fit=crop&w=800&q=80,1,active
little-sparks-children-waterproof-hooded-puffer-jacket-air,Little Sparks Children Waterproof Hooded Puffer Jacket (Air),"<p>High-demand Little Sparks Little Sparks Children Waterproof Hooded Puffer Jacket (Air). Designed for superior performance, comfort and style. Sourced with USPS express air shipping (7-10 days).</p>",Little Sparks,clothing,clothing,"kids, clothing, kids, dropshipping, bestseller",true,Color,Neon Coral,Size,4-5Y,SY-SY-PROD-1865,500,shopify,9,deny,manual,63.27,102.07,true,true,https://images.unsplash.com/photo-1514090458221-65bb69cf63e6?auto=format&fit=crop&w=800&q=80,1,active
uspa-kids-unisex-kids-fleece-tracksuit-set-signature,USPA Kids Unisex Kids Fleece Tracksuit Set (Signature),"<p>High-demand USPA Kids USPA Kids Unisex Kids Fleece Tracksuit Set (Signature). Designed for superior performance, comfort and style. Sourced with USPS express air shipping (7-10 days).</p>",USPA Kids,clothing,clothing,"kids, clothing, kids, dropshipping, bestseller",true,Color,Heather Gray,Size,3-4Y,SY-SY-PROD-1866,500,shopify,10,deny,manual,36.64,60.79,true,true,https://images.unsplash.com/photo-1516627145497-ae6968895b74?auto=format&fit=crop&w=800&q=80,1,active
little-sparks-boys-graphic-dinosaur-cotton-hoodie-v2,Little Sparks Boys Graphic Dinosaur Cotton Hoodie (V2),"<p>High-demand Little Sparks Little Sparks Boys Graphic Dinosaur Cotton Hoodie (V2). Designed for superior performance, comfort and style. Sourced with USPS express air shipping (7-10 days).</p>",Little Sparks,clothing,clothing,"kids, clothing, kids, dropshipping, bestseller",true,Color,Jurassic Green,Size,3-4Y,SY-SY-PROD-1867,500,shopify,11,deny,manual,37.01,61.37,true,true,https://images.unsplash.com/photo-1519457431-44ccd64a579b?auto=format&fit=crop&w=800&q=80,1,active
uspa-kids-girls-sparkle-tulle-birthday-party-dress-luxe,USPA Kids Girls Sparkle Tulle Birthday Party Dress (Luxe),"<p>High-demand USPA Kids USPA Kids Girls Sparkle Tulle Birthday Party Dress (Luxe). Designed for superior performance, comfort and style. Sourced with USPS express air shipping (7-10 days).</p>",USPA Kids,clothing,clothing,"kids, clothing, kids, dropshipping, bestseller",true,Color,Fairy Pink,Size,2-3Y,SY-SY-PROD-1868,500,shopify,12,deny,manual,31.38,52.64,true,true,https://images.unsplash.com/photo-1622290291468-a28f7a7dc6a8?auto=format&fit=crop&w=800&q=80,1,active
little-sparks-kids-stretch-denim-playtime-overalls-pure,Little Sparks Kids Stretch Denim Playtime Overalls (Pure),"<p>High-demand Little Sparks Little Sparks Kids Stretch Denim Playtime Overalls (Pure). Designed for superior performance, comfort and style. Sourced with USPS express air shipping (7-10 days).</p>",Little Sparks,clothing,clothing,"kids, clothing, kids, dropshipping, bestseller",true,Color,Classic Denim Wash,Size,3-4Y,SY-SY-PROD-1869,500,shopify,13,deny,manual,42.75,70.26,true,true,https://images.unsplash.com/photo-1508214751196-bcfd4ca60f91?auto=format&fit=crop&w=800&q=80,1,active
uspa-kids-ultra-soft-organic-cotton-2-piece-pajama-set-essential,USPA Kids Ultra-Soft Organic Cotton 2-Piece Pajama Set (Essential),"<p>High-demand USPA Kids USPA Kids Ultra-Soft Organic Cotton 2-Piece Pajama Set (Essential). Designed for superior performance, comfort and style. Sourced with USPS express air shipping (7-10 days).</p>",USPA Kids,clothing,clothing,"kids, clothing, kids, dropshipping, bestseller",true,Color,Space Galaxy,Size,2-3Y,SY-SY-PROD-1870,500,shopify,14,deny,manual,23.12,39.84,true,true,https://images.unsplash.com/photo-1596870230751-ebdfce98ec42?auto=format&fit=crop&w=800&q=80,1,active
little-sparks-children-waterproof-hooded-puffer-jacket-pro,Little Sparks Children Waterproof Hooded Puffer Jacket (Pro),"<p>High-demand Little Sparks Little Sparks Children Waterproof Hooded Puffer Jacket (Pro). Designed for superior performance, comfort and style. Sourced with USPS express air shipping (7-10 days).</p>",Little Sparks,clothing,clothing,"kids, clothing, kids, dropshipping, bestseller",true,Color,Neon Coral,Size,4-5Y,SY-SY-PROD-1871,500,shopify,15,deny,manual,43.49,71.41,true,true,https://images.unsplash.com/photo-1514090458221-65bb69cf63e6?auto=format&fit=crop&w=800&q=80,1,active
uspa-kids-unisex-kids-fleece-tracksuit-set-elite,USPA Kids Unisex Kids Fleece Tracksuit Set (Elite),"<p>High-demand USPA Kids USPA Kids Unisex Kids Fleece Tracksuit Set (Elite). Designed for superior performance, comfort and style. Sourced with USPS express air shipping (7-10 days).</p>",USPA Kids,clothing,clothing,"kids, clothing, kids, dropshipping, bestseller",true,Color,Heather Gray,Size,3-4Y,SY-SY-PROD-1872,500,shopify,16,deny,manual,26.86,45.63,true,true,https://images.unsplash.com/photo-1516627145497-ae6968895b74?auto=format&fit=crop&w=800&q=80,1,active
little-sparks-boys-graphic-dinosaur-cotton-hoodie-classic,Little Sparks Boys Graphic Dinosaur Cotton Hoodie (Classic),"<p>High-demand Little Sparks Little Sparks Boys Graphic Dinosaur Cotton Hoodie (Classic). Designed for superior performance, comfort and style. Sourced with USPS express air shipping (7-10 days).</p>",Little Sparks,clothing,clothing,"kids, clothing, kids, dropshipping, bestseller",true,Color,Jurassic Green,Size,3-4Y,SY-SY-PROD-1873,500,shopify,17,deny,manual,28.23,47.76,true,true,https://images.unsplash.com/photo-1519457431-44ccd64a579b?auto=format&fit=crop&w=800&q=80,1,active
uspa-kids-girls-sparkle-tulle-birthday-party-dress-series-2,USPA Kids Girls Sparkle Tulle Birthday Party Dress (Series 2),"<p>High-demand USPA Kids USPA Kids Girls Sparkle Tulle Birthday Party Dress (Series 2). Designed for superior performance, comfort and style. Sourced with USPS express air shipping (7-10 days).</p>",USPA Kids,clothing,clothing,"kids, clothing, kids, dropshipping, bestseller",true,Color,Fairy Pink,Size,2-3Y,SY-SY-PROD-1874,500,shopify,18,deny,manual,39.60,65.38,true,true,https://images.unsplash.com/photo-1622290291468-a28f7a7dc6a8?auto=format&fit=crop&w=800&q=80,1,active
little-sparks-kids-stretch-denim-playtime-overalls-air,Little Sparks Kids Stretch Denim Playtime Overalls (Air),"<p>High-demand Little Sparks Little Sparks Kids Stretch Denim Playtime Overalls (Air). Designed for superior performance, comfort and style. Sourced with USPS express air shipping (7-10 days).</p>",Little Sparks,clothing,clothing,"kids, clothing, kids, dropshipping, bestseller",true,Color,Classic Denim Wash,Size,3-4Y,SY-SY-PROD-1875,500,shopify,19,deny,manual,32.97,55.10,true,true,https://images.unsplash.com/photo-1508214751196-bcfd4ca60f91?auto=format&fit=crop&w=800&q=80,1,active
uspa-kids-ultra-soft-organic-cotton-2-piece-pajama-set-signature,USPA Kids Ultra-Soft Organic Cotton 2-Piece Pajama Set (Signature),"<p>High-demand USPA Kids USPA Kids Ultra-Soft Organic Cotton 2-Piece Pajama Set (Signature). Designed for superior performance, comfort and style. Sourced with USPS express air shipping (7-10 days).</p>",USPA Kids,clothing,clothing,"kids, clothing, kids, dropshipping, bestseller",true,Color,Space Galaxy,Size,2-3Y,SY-SY-PROD-1876,500,shopify,5,deny,manual,31.34,52.58,true,true,https://images.unsplash.com/photo-1596870230751-ebdfce98ec42?auto=format&fit=crop&w=800&q=80,1,active
little-sparks-children-waterproof-hooded-puffer-jacket-v2,Little Sparks Children Waterproof Hooded Puffer Jacket (V2),"<p>High-demand Little Sparks Little Sparks Children Waterproof Hooded Puffer Jacket (V2). Designed for superior performance, comfort and style. Sourced with USPS express air shipping (7-10 days).</p>",Little Sparks,clothing,clothing,"kids, clothing, kids, dropshipping, bestseller",true,Color,Neon Coral,Size,4-5Y,SY-SY-PROD-1877,500,shopify,6,deny,manual,51.71,84.15,true,true,https://images.unsplash.com/photo-1514090458221-65bb69cf63e6?auto=format&fit=crop&w=800&q=80,1,active
uspa-kids-unisex-kids-fleece-tracksuit-set-luxe,USPA Kids Unisex Kids Fleece Tracksuit Set (Luxe),"<p>High-demand USPA Kids USPA Kids Unisex Kids Fleece Tracksuit Set (Luxe). Designed for superior performance, comfort and style. Sourced with USPS express air shipping (7-10 days).</p>",USPA Kids,clothing,clothing,"kids, clothing, kids, dropshipping, bestseller",true,Color,Heather Gray,Size,3-4Y,SY-SY-PROD-1878,500,shopify,7,deny,manual,35.08,58.37,true,true,https://images.unsplash.com/photo-1516627145497-ae6968895b74?auto=format&fit=crop&w=800&q=80,1,active
little-sparks-boys-graphic-dinosaur-cotton-hoodie-pure,Little Sparks Boys Graphic Dinosaur Cotton Hoodie (Pure),"<p>High-demand Little Sparks Little Sparks Boys Graphic Dinosaur Cotton Hoodie (Pure). Designed for superior performance, comfort and style. Sourced with USPS express air shipping (7-10 days).</p>",Little Sparks,clothing,clothing,"kids, clothing, kids, dropshipping, bestseller",true,Color,Jurassic Green,Size,3-4Y,SY-SY-PROD-1879,500,shopify,8,deny,manual,36.45,60.50,true,true,https://images.unsplash.com/photo-1519457431-44ccd64a579b?auto=format&fit=crop&w=800&q=80,1,active
uspa-kids-girls-sparkle-tulle-birthday-party-dress-essential,USPA Kids Girls Sparkle Tulle Birthday Party Dress (Essential),"<p>High-demand USPA Kids USPA Kids Girls Sparkle Tulle Birthday Party Dress (Essential). Designed for superior performance, comfort and style. Sourced with USPS express air shipping (7-10 days).</p>",USPA Kids,clothing,clothing,"kids, clothing, kids, dropshipping, bestseller",true,Color,Fairy Pink,Size,2-3Y,SY-SY-PROD-1880,500,shopify,9,deny,manual,47.82,78.12,true,true,https://images.unsplash.com/photo-1622290291468-a28f7a7dc6a8?auto=format&fit=crop&w=800&q=80,1,active
little-sparks-kids-stretch-denim-playtime-overalls-pro,Little Sparks Kids Stretch Denim Playtime Overalls (Pro),"<p>High-demand Little Sparks Little Sparks Kids Stretch Denim Playtime Overalls (Pro). Designed for superior performance, comfort and style. Sourced with USPS express air shipping (7-10 days).</p>",Little Sparks,clothing,clothing,"kids, clothing, kids, dropshipping, bestseller",true,Color,Classic Denim Wash,Size,3-4Y,SY-SY-PROD-1881,500,shopify,10,deny,manual,41.19,67.84,true,true,https://images.unsplash.com/photo-1508214751196-bcfd4ca60f91?auto=format&fit=crop&w=800&q=80,1,active
uspa-kids-ultra-soft-organic-cotton-2-piece-pajama-set-elite,USPA Kids Ultra-Soft Organic Cotton 2-Piece Pajama Set (Elite),"<p>High-demand USPA Kids USPA Kids Ultra-Soft Organic Cotton 2-Piece Pajama Set (Elite). Designed for superior performance, comfort and style. Sourced with USPS express air shipping (7-10 days).</p>",USPA Kids,clothing,clothing,"kids, clothing, kids, dropshipping, bestseller",true,Color,Space Galaxy,Size,2-3Y,SY-SY-PROD-1882,500,shopify,11,deny,manual,26.56,45.17,true,true,https://images.unsplash.com/photo-1596870230751-ebdfce98ec42?auto=format&fit=crop&w=800&q=80,1,active
little-sparks-children-waterproof-hooded-puffer-jacket-classic,Little Sparks Children Waterproof Hooded Puffer Jacket (Classic),"<p>High-demand Little Sparks Little Sparks Children Waterproof Hooded Puffer Jacket (Classic). Designed for superior performance, comfort and style. Sourced with USPS express air shipping (7-10 days).</p>",Little Sparks,clothing,clothing,"kids, clothing, kids, dropshipping, bestseller",true,Color,Neon Coral,Size,4-5Y,SY-SY-PROD-1883,500,shopify,12,deny,manual,59.93,96.89,true,true,https://images.unsplash.com/photo-1514090458221-65bb69cf63e6?auto=format&fit=crop&w=800&q=80,1,active
uspa-kids-unisex-kids-fleece-tracksuit-set-series-2,USPA Kids Unisex Kids Fleece Tracksuit Set (Series 2),"<p>High-demand USPA Kids USPA Kids Unisex Kids Fleece Tracksuit Set (Series 2). Designed for superior performance, comfort and style. Sourced with USPS express air shipping (7-10 days).</p>",USPA Kids,clothing,clothing,"kids, clothing, kids, dropshipping, bestseller",true,Color,Heather Gray,Size,3-4Y,SY-SY-PROD-1884,500,shopify,13,deny,manual,25.30,43.22,true,true,https://images.unsplash.com/photo-1516627145497-ae6968895b74?auto=format&fit=crop&w=800&q=80,1,active
little-sparks-boys-graphic-dinosaur-cotton-hoodie-air,Little Sparks Boys Graphic Dinosaur Cotton Hoodie (Air),"<p>High-demand Little Sparks Little Sparks Boys Graphic Dinosaur Cotton Hoodie (Air). Designed for superior performance, comfort and style. Sourced with USPS express air shipping (7-10 days).</p>",Little Sparks,clothing,clothing,"kids, clothing, kids, dropshipping, bestseller",true,Color,Jurassic Green,Size,3-4Y,SY-SY-PROD-1885,500,shopify,14,deny,manual,27.67,46.89,true,true,https://images.unsplash.com/photo-1519457431-44ccd64a579b?auto=format&fit=crop&w=800&q=80,1,active
uspa-kids-girls-sparkle-tulle-birthday-party-dress-signature,USPA Kids Girls Sparkle Tulle Birthday Party Dress (Signature),"<p>High-demand USPA Kids USPA Kids Girls Sparkle Tulle Birthday Party Dress (Signature). Designed for superior performance, comfort and style. Sourced with USPS express air shipping (7-10 days).</p>",USPA Kids,clothing,clothing,"kids, clothing, kids, dropshipping, bestseller",true,Color,Fairy Pink,Size,2-3Y,SY-SY-PROD-1886,500,shopify,15,deny,manual,35.04,58.31,true,true,https://images.unsplash.com/photo-1622290291468-a28f7a7dc6a8?auto=format&fit=crop&w=800&q=80,1,active
little-sparks-kids-stretch-denim-playtime-overalls-v2,Little Sparks Kids Stretch Denim Playtime Overalls (V2),"<p>High-demand Little Sparks Little Sparks Kids Stretch Denim Playtime Overalls (V2). Designed for superior performance, comfort and style. Sourced with USPS express air shipping (7-10 days).</p>",Little Sparks,clothing,clothing,"kids, clothing, kids, dropshipping, bestseller",true,Color,Classic Denim Wash,Size,3-4Y,SY-SY-PROD-1887,500,shopify,16,deny,manual,31.41,52.69,true,true,https://images.unsplash.com/photo-1508214751196-bcfd4ca60f91?auto=format&fit=crop&w=800&q=80,1,active
uspa-kids-ultra-soft-organic-cotton-2-piece-pajama-set-luxe,USPA Kids Ultra-Soft Organic Cotton 2-Piece Pajama Set (Luxe),"<p>High-demand USPA Kids USPA Kids Ultra-Soft Organic Cotton 2-Piece Pajama Set (Luxe). Designed for superior performance, comfort and style. Sourced with USPS express air shipping (7-10 days).</p>",USPA Kids,clothing,clothing,"kids, clothing, kids, dropshipping, bestseller",true,Color,Space Galaxy,Size,2-3Y,SY-SY-PROD-1888,500,shopify,17,deny,manual,21.78,37.76,true,true,https://images.unsplash.com/photo-1596870230751-ebdfce98ec42?auto=format&fit=crop&w=800&q=80,1,active
little-sparks-children-waterproof-hooded-puffer-jacket-pure,Little Sparks Children Waterproof Hooded Puffer Jacket (Pure),"<p>High-demand Little Sparks Little Sparks Children Waterproof Hooded Puffer Jacket (Pure). Designed for superior performance, comfort and style. Sourced with USPS express air shipping (7-10 days).</p>",Little Sparks,clothing,clothing,"kids, clothing, kids, dropshipping, bestseller",true,Color,Neon Coral,Size,4-5Y,SY-SY-PROD-1889,500,shopify,18,deny,manual,40.15,66.23,true,true,https://images.unsplash.com/photo-1514090458221-65bb69cf63e6?auto=format&fit=crop&w=800&q=80,1,active
uspa-kids-unisex-kids-fleece-tracksuit-set-essential,USPA Kids Unisex Kids Fleece Tracksuit Set (Essential),"<p>High-demand USPA Kids USPA Kids Unisex Kids Fleece Tracksuit Set (Essential). Designed for superior performance, comfort and style. Sourced with USPS express air shipping (7-10 days).</p>",USPA Kids,clothing,clothing,"kids, clothing, kids, dropshipping, bestseller",true,Color,Heather Gray,Size,3-4Y,SY-SY-PROD-1890,500,shopify,19,deny,manual,33.52,55.96,true,true,https://images.unsplash.com/photo-1516627145497-ae6968895b74?auto=format&fit=crop&w=800&q=80,1,active
little-sparks-boys-graphic-dinosaur-cotton-hoodie-pro,Little Sparks Boys Graphic Dinosaur Cotton Hoodie (Pro),"<p>High-demand Little Sparks Little Sparks Boys Graphic Dinosaur Cotton Hoodie (Pro). Designed for superior performance, comfort and style. Sourced with USPS express air shipping (7-10 days).</p>",Little Sparks,clothing,clothing,"kids, clothing, kids, dropshipping, bestseller",true,Color,Jurassic Green,Size,3-4Y,SY-SY-PROD-1891,500,shopify,5,deny,manual,35.89,59.63,true,true,https://images.unsplash.com/photo-1519457431-44ccd64a579b?auto=format&fit=crop&w=800&q=80,1,active
uspa-kids-girls-sparkle-tulle-birthday-party-dress-elite,USPA Kids Girls Sparkle Tulle Birthday Party Dress (Elite),"<p>High-demand USPA Kids USPA Kids Girls Sparkle Tulle Birthday Party Dress (Elite). Designed for superior performance, comfort and style. Sourced with USPS express air shipping (7-10 days).</p>",USPA Kids,clothing,clothing,"kids, clothing, kids, dropshipping, bestseller",true,Color,Fairy Pink,Size,2-3Y,SY-SY-PROD-1892,500,shopify,6,deny,manual,43.26,71.05,true,true,https://images.unsplash.com/photo-1622290291468-a28f7a7dc6a8?auto=format&fit=crop&w=800&q=80,1,active
little-sparks-kids-stretch-denim-playtime-overalls-classic,Little Sparks Kids Stretch Denim Playtime Overalls (Classic),"<p>High-demand Little Sparks Little Sparks Kids Stretch Denim Playtime Overalls (Classic). Designed for superior performance, comfort and style. Sourced with USPS express air shipping (7-10 days).</p>",Little Sparks,clothing,clothing,"kids, clothing, kids, dropshipping, bestseller",true,Color,Classic Denim Wash,Size,3-4Y,SY-SY-PROD-1893,500,shopify,7,deny,manual,39.63,65.43,true,true,https://images.unsplash.com/photo-1508214751196-bcfd4ca60f91?auto=format&fit=crop&w=800&q=80,1,active
uspa-kids-ultra-soft-organic-cotton-2-piece-pajama-set-series-2,USPA Kids Ultra-Soft Organic Cotton 2-Piece Pajama Set (Series 2),"<p>High-demand USPA Kids USPA Kids Ultra-Soft Organic Cotton 2-Piece Pajama Set (Series 2). Designed for superior performance, comfort and style. Sourced with USPS express air shipping (7-10 days).</p>",USPA Kids,clothing,clothing,"kids, clothing, kids, dropshipping, bestseller",true,Color,Space Galaxy,Size,2-3Y,SY-SY-PROD-1894,500,shopify,8,deny,manual,30.00,50.50,true,true,https://images.unsplash.com/photo-1596870230751-ebdfce98ec42?auto=format&fit=crop&w=800&q=80,1,active
little-sparks-children-waterproof-hooded-puffer-jacket-air,Little Sparks Children Waterproof Hooded Puffer Jacket (Air),"<p>High-demand Little Sparks Little Sparks Children Waterproof Hooded Puffer Jacket (Air). Designed for superior performance, comfort and style. Sourced with USPS express air shipping (7-10 days).</p>",Little Sparks,clothing,clothing,"kids, clothing, kids, dropshipping, bestseller",true,Color,Neon Coral,Size,4-5Y,SY-SY-PROD-1895,500,shopify,9,deny,manual,48.37,78.97,true,true,https://images.unsplash.com/photo-1514090458221-65bb69cf63e6?auto=format&fit=crop&w=800&q=80,1,active
uspa-kids-unisex-kids-fleece-tracksuit-set-signature,USPA Kids Unisex Kids Fleece Tracksuit Set (Signature),"<p>High-demand USPA Kids USPA Kids Unisex Kids Fleece Tracksuit Set (Signature). Designed for superior performance, comfort and style. Sourced with USPS express air shipping (7-10 days).</p>",USPA Kids,clothing,clothing,"kids, clothing, kids, dropshipping, bestseller",true,Color,Heather Gray,Size,3-4Y,SY-SY-PROD-1896,500,shopify,10,deny,manual,41.74,68.70,true,true,https://images.unsplash.com/photo-1516627145497-ae6968895b74?auto=format&fit=crop&w=800&q=80,1,active
little-sparks-boys-graphic-dinosaur-cotton-hoodie-v2,Little Sparks Boys Graphic Dinosaur Cotton Hoodie (V2),"<p>High-demand Little Sparks Little Sparks Boys Graphic Dinosaur Cotton Hoodie (V2). Designed for superior performance, comfort and style. Sourced with USPS express air shipping (7-10 days).</p>",Little Sparks,clothing,clothing,"kids, clothing, kids, dropshipping, bestseller",true,Color,Jurassic Green,Size,3-4Y,SY-SY-PROD-1897,500,shopify,11,deny,manual,27.11,46.02,true,true,https://images.unsplash.com/photo-1519457431-44ccd64a579b?auto=format&fit=crop&w=800&q=80,1,active
uspa-kids-girls-sparkle-tulle-birthday-party-dress-luxe,USPA Kids Girls Sparkle Tulle Birthday Party Dress (Luxe),"<p>High-demand USPA Kids USPA Kids Girls Sparkle Tulle Birthday Party Dress (Luxe). Designed for superior performance, comfort and style. Sourced with USPS express air shipping (7-10 days).</p>",USPA Kids,clothing,clothing,"kids, clothing, kids, dropshipping, bestseller",true,Color,Fairy Pink,Size,2-3Y,SY-SY-PROD-1898,500,shopify,12,deny,manual,30.48,51.24,true,true,https://images.unsplash.com/photo-1622290291468-a28f7a7dc6a8?auto=format&fit=crop&w=800&q=80,1,active
little-sparks-kids-stretch-denim-playtime-overalls-pure,Little Sparks Kids Stretch Denim Playtime Overalls (Pure),"<p>High-demand Little Sparks Little Sparks Kids Stretch Denim Playtime Overalls (Pure). Designed for superior performance, comfort and style. Sourced with USPS express air shipping (7-10 days).</p>",Little Sparks,clothing,clothing,"kids, clothing, kids, dropshipping, bestseller",true,Color,Classic Denim Wash,Size,3-4Y,SY-SY-PROD-1899,500,shopify,13,deny,manual,29.85,50.27,true,true,https://images.unsplash.com/photo-1508214751196-bcfd4ca60f91?auto=format&fit=crop&w=800&q=80,1,active
uspa-kids-ultra-soft-organic-cotton-2-piece-pajama-set-essential,USPA Kids Ultra-Soft Organic Cotton 2-Piece Pajama Set (Essential),"<p>High-demand USPA Kids USPA Kids Ultra-Soft Organic Cotton 2-Piece Pajama Set (Essential). Designed for superior performance, comfort and style. Sourced with USPS express air shipping (7-10 days).</p>",USPA Kids,clothing,clothing,"kids, clothing, kids, dropshipping, bestseller",true,Color,Space Galaxy,Size,2-3Y,SY-SY-PROD-1900,500,shopify,14,deny,manual,25.22,43.09,true,true,https://images.unsplash.com/photo-1596870230751-ebdfce98ec42?auto=format&fit=crop&w=800&q=80,1,active
little-sparks-children-waterproof-hooded-puffer-jacket-pro,Little Sparks Children Waterproof Hooded Puffer Jacket (Pro),"<p>High-demand Little Sparks Little Sparks Children Waterproof Hooded Puffer Jacket (Pro). Designed for superior performance, comfort and style. Sourced with USPS express air shipping (7-10 days).</p>",Little Sparks,clothing,clothing,"kids, clothing, kids, dropshipping, bestseller",true,Color,Neon Coral,Size,4-5Y,SY-SY-PROD-1901,500,shopify,15,deny,manual,56.59,91.71,true,true,https://images.unsplash.com/photo-1514090458221-65bb69cf63e6?auto=format&fit=crop&w=800&q=80,1,active
uspa-kids-unisex-kids-fleece-tracksuit-set-elite,USPA Kids Unisex Kids Fleece Tracksuit Set (Elite),"<p>High-demand USPA Kids USPA Kids Unisex Kids Fleece Tracksuit Set (Elite). Designed for superior performance, comfort and style. Sourced with USPS express air shipping (7-10 days).</p>",USPA Kids,clothing,clothing,"kids, clothing, kids, dropshipping, bestseller",true,Color,Heather Gray,Size,3-4Y,SY-SY-PROD-1902,500,shopify,16,deny,manual,31.96,53.54,true,true,https://images.unsplash.com/photo-1516627145497-ae6968895b74?auto=format&fit=crop&w=800&q=80,1,active
little-sparks-boys-graphic-dinosaur-cotton-hoodie-classic,Little Sparks Boys Graphic Dinosaur Cotton Hoodie (Classic),"<p>High-demand Little Sparks Little Sparks Boys Graphic Dinosaur Cotton Hoodie (Classic). Designed for superior performance, comfort and style. Sourced with USPS express air shipping (7-10 days).</p>",Little Sparks,clothing,clothing,"kids, clothing, kids, dropshipping, bestseller",true,Color,Jurassic Green,Size,3-4Y,SY-SY-PROD-1903,500,shopify,17,deny,manual,35.33,58.76,true,true,https://images.unsplash.com/photo-1519457431-44ccd64a579b?auto=format&fit=crop&w=800&q=80,1,active
uspa-kids-girls-sparkle-tulle-birthday-party-dress-series-2,USPA Kids Girls Sparkle Tulle Birthday Party Dress (Series 2),"<p>High-demand USPA Kids USPA Kids Girls Sparkle Tulle Birthday Party Dress (Series 2). Designed for superior performance, comfort and style. Sourced with USPS express air shipping (7-10 days).</p>",USPA Kids,clothing,clothing,"kids, clothing, kids, dropshipping, bestseller",true,Color,Fairy Pink,Size,2-3Y,SY-SY-PROD-1904,500,shopify,18,deny,manual,38.70,63.99,true,true,https://images.unsplash.com/photo-1622290291468-a28f7a7dc6a8?auto=format&fit=crop&w=800&q=80,1,active
little-sparks-kids-stretch-denim-playtime-overalls-air,Little Sparks Kids Stretch Denim Playtime Overalls (Air),"<p>High-demand Little Sparks Little Sparks Kids Stretch Denim Playtime Overalls (Air). Designed for superior performance, comfort and style. Sourced with USPS express air shipping (7-10 days).</p>",Little Sparks,clothing,clothing,"kids, clothing, kids, dropshipping, bestseller",true,Color,Classic Denim Wash,Size,3-4Y,SY-SY-PROD-1905,500,shopify,19,deny,manual,38.07,63.01,true,true,https://images.unsplash.com/photo-1508214751196-bcfd4ca60f91?auto=format&fit=crop&w=800&q=80,1,active
uspa-kids-ultra-soft-organic-cotton-2-piece-pajama-set-signature,USPA Kids Ultra-Soft Organic Cotton 2-Piece Pajama Set (Signature),"<p>High-demand USPA Kids USPA Kids Ultra-Soft Organic Cotton 2-Piece Pajama Set (Signature). Designed for superior performance, comfort and style. Sourced with USPS express air shipping (7-10 days).</p>",USPA Kids,clothing,clothing,"kids, clothing, kids, dropshipping, bestseller",true,Color,Space Galaxy,Size,2-3Y,SY-SY-PROD-1906,500,shopify,5,deny,manual,20.44,35.68,true,true,https://images.unsplash.com/photo-1596870230751-ebdfce98ec42?auto=format&fit=crop&w=800&q=80,1,active
little-sparks-children-waterproof-hooded-puffer-jacket-v2,Little Sparks Children Waterproof Hooded Puffer Jacket (V2),"<p>High-demand Little Sparks Little Sparks Children Waterproof Hooded Puffer Jacket (V2). Designed for superior performance, comfort and style. Sourced with USPS express air shipping (7-10 days).</p>",Little Sparks,clothing,clothing,"kids, clothing, kids, dropshipping, bestseller",true,Color,Neon Coral,Size,4-5Y,SY-SY-PROD-1907,500,shopify,6,deny,manual,64.81,104.46,true,true,https://images.unsplash.com/photo-1514090458221-65bb69cf63e6?auto=format&fit=crop&w=800&q=80,1,active
uspa-kids-unisex-kids-fleece-tracksuit-set-luxe,USPA Kids Unisex Kids Fleece Tracksuit Set (Luxe),"<p>High-demand USPA Kids USPA Kids Unisex Kids Fleece Tracksuit Set (Luxe). Designed for superior performance, comfort and style. Sourced with USPS express air shipping (7-10 days).</p>",USPA Kids,clothing,clothing,"kids, clothing, kids, dropshipping, bestseller",true,Color,Heather Gray,Size,3-4Y,SY-SY-PROD-1908,500,shopify,7,deny,manual,40.18,66.28,true,true,https://images.unsplash.com/photo-1516627145497-ae6968895b74?auto=format&fit=crop&w=800&q=80,1,active
little-sparks-boys-graphic-dinosaur-cotton-hoodie-pure,Little Sparks Boys Graphic Dinosaur Cotton Hoodie (Pure),"<p>High-demand Little Sparks Little Sparks Boys Graphic Dinosaur Cotton Hoodie (Pure). Designed for superior performance, comfort and style. Sourced with USPS express air shipping (7-10 days).</p>",Little Sparks,clothing,clothing,"kids, clothing, kids, dropshipping, bestseller",true,Color,Jurassic Green,Size,3-4Y,SY-SY-PROD-1909,500,shopify,8,deny,manual,26.55,45.15,true,true,https://images.unsplash.com/photo-1519457431-44ccd64a579b?auto=format&fit=crop&w=800&q=80,1,active
uspa-kids-girls-sparkle-tulle-birthday-party-dress-essential,USPA Kids Girls Sparkle Tulle Birthday Party Dress (Essential),"<p>High-demand USPA Kids USPA Kids Girls Sparkle Tulle Birthday Party Dress (Essential). Designed for superior performance, comfort and style. Sourced with USPS express air shipping (7-10 days).</p>",USPA Kids,clothing,clothing,"kids, clothing, kids, dropshipping, bestseller",true,Color,Fairy Pink,Size,2-3Y,SY-SY-PROD-1910,500,shopify,9,deny,manual,46.92,76.73,true,true,https://images.unsplash.com/photo-1622290291468-a28f7a7dc6a8?auto=format&fit=crop&w=800&q=80,1,active
little-sparks-kids-stretch-denim-playtime-overalls-pro,Little Sparks Kids Stretch Denim Playtime Overalls (Pro),"<p>High-demand Little Sparks Little Sparks Kids Stretch Denim Playtime Overalls (Pro). Designed for superior performance, comfort and style. Sourced with USPS express air shipping (7-10 days).</p>",Little Sparks,clothing,clothing,"kids, clothing, kids, dropshipping, bestseller",true,Color,Classic Denim Wash,Size,3-4Y,SY-SY-PROD-1911,500,shopify,10,deny,manual,28.29,47.85,true,true,https://images.unsplash.com/photo-1508214751196-bcfd4ca60f91?auto=format&fit=crop&w=800&q=80,1,active
uspa-kids-ultra-soft-organic-cotton-2-piece-pajama-set-elite,USPA Kids Ultra-Soft Organic Cotton 2-Piece Pajama Set (Elite),"<p>High-demand USPA Kids USPA Kids Ultra-Soft Organic Cotton 2-Piece Pajama Set (Elite). Designed for superior performance, comfort and style. Sourced with USPS express air shipping (7-10 days).</p>",USPA Kids,clothing,clothing,"kids, clothing, kids, dropshipping, bestseller",true,Color,Space Galaxy,Size,2-3Y,SY-SY-PROD-1912,500,shopify,11,deny,manual,28.66,48.42,true,true,https://images.unsplash.com/photo-1596870230751-ebdfce98ec42?auto=format&fit=crop&w=800&q=80,1,active
little-sparks-children-waterproof-hooded-puffer-jacket-classic,Little Sparks Children Waterproof Hooded Puffer Jacket (Classic),"<p>High-demand Little Sparks Little Sparks Children Waterproof Hooded Puffer Jacket (Classic). Designed for superior performance, comfort and style. Sourced with USPS express air shipping (7-10 days).</p>",Little Sparks,clothing,clothing,"kids, clothing, kids, dropshipping, bestseller",true,Color,Neon Coral,Size,4-5Y,SY-SY-PROD-1913,500,shopify,12,deny,manual,45.03,73.80,true,true,https://images.unsplash.com/photo-1514090458221-65bb69cf63e6?auto=format&fit=crop&w=800&q=80,1,active
uspa-kids-unisex-kids-fleece-tracksuit-set-series-2,USPA Kids Unisex Kids Fleece Tracksuit Set (Series 2),"<p>High-demand USPA Kids USPA Kids Unisex Kids Fleece Tracksuit Set (Series 2). Designed for superior performance, comfort and style. Sourced with USPS express air shipping (7-10 days).</p>",USPA Kids,clothing,clothing,"kids, clothing, kids, dropshipping, bestseller",true,Color,Heather Gray,Size,3-4Y,SY-SY-PROD-1914,500,shopify,13,deny,manual,30.40,51.12,true,true,https://images.unsplash.com/photo-1516627145497-ae6968895b74?auto=format&fit=crop&w=800&q=80,1,active
little-sparks-boys-graphic-dinosaur-cotton-hoodie-air,Little Sparks Boys Graphic Dinosaur Cotton Hoodie (Air),"<p>High-demand Little Sparks Little Sparks Boys Graphic Dinosaur Cotton Hoodie (Air). Designed for superior performance, comfort and style. Sourced with USPS express air shipping (7-10 days).</p>",Little Sparks,clothing,clothing,"kids, clothing, kids, dropshipping, bestseller",true,Color,Jurassic Green,Size,3-4Y,SY-SY-PROD-1915,500,shopify,14,deny,manual,34.77,57.89,true,true,https://images.unsplash.com/photo-1519457431-44ccd64a579b?auto=format&fit=crop&w=800&q=80,1,active
uspa-kids-girls-sparkle-tulle-birthday-party-dress-signature,USPA Kids Girls Sparkle Tulle Birthday Party Dress (Signature),"<p>High-demand USPA Kids USPA Kids Girls Sparkle Tulle Birthday Party Dress (Signature). Designed for superior performance, comfort and style. Sourced with USPS express air shipping (7-10 days).</p>",USPA Kids,clothing,clothing,"kids, clothing, kids, dropshipping, bestseller",true,Color,Fairy Pink,Size,2-3Y,SY-SY-PROD-1916,500,shopify,15,deny,manual,34.14,56.92,true,true,https://images.unsplash.com/photo-1622290291468-a28f7a7dc6a8?auto=format&fit=crop&w=800&q=80,1,active
little-sparks-kids-stretch-denim-playtime-overalls-v2,Little Sparks Kids Stretch Denim Playtime Overalls (V2),"<p>High-demand Little Sparks Little Sparks Kids Stretch Denim Playtime Overalls (V2). Designed for superior performance, comfort and style. Sourced with USPS express air shipping (7-10 days).</p>",Little Sparks,clothing,clothing,"kids, clothing, kids, dropshipping, bestseller",true,Color,Classic Denim Wash,Size,3-4Y,SY-SY-PROD-1917,500,shopify,16,deny,manual,36.51,60.59,true,true,https://images.unsplash.com/photo-1508214751196-bcfd4ca60f91?auto=format&fit=crop&w=800&q=80,1,active
uspa-kids-ultra-soft-organic-cotton-2-piece-pajama-set-luxe,USPA Kids Ultra-Soft Organic Cotton 2-Piece Pajama Set (Luxe),"<p>High-demand USPA Kids USPA Kids Ultra-Soft Organic Cotton 2-Piece Pajama Set (Luxe). Designed for superior performance, comfort and style. Sourced with USPS express air shipping (7-10 days).</p>",USPA Kids,clothing,clothing,"kids, clothing, kids, dropshipping, bestseller",true,Color,Space Galaxy,Size,2-3Y,SY-SY-PROD-1918,500,shopify,17,deny,manual,23.88,41.01,true,true,https://images.unsplash.com/photo-1596870230751-ebdfce98ec42?auto=format&fit=crop&w=800&q=80,1,active
little-sparks-children-waterproof-hooded-puffer-jacket-pure,Little Sparks Children Waterproof Hooded Puffer Jacket (Pure),"<p>High-demand Little Sparks Little Sparks Children Waterproof Hooded Puffer Jacket (Pure). Designed for superior performance, comfort and style. Sourced with USPS express air shipping (7-10 days).</p>",Little Sparks,clothing,clothing,"kids, clothing, kids, dropshipping, bestseller",true,Color,Neon Coral,Size,4-5Y,SY-SY-PROD-1919,500,shopify,18,deny,manual,53.25,86.54,true,true,https://images.unsplash.com/photo-1514090458221-65bb69cf63e6?auto=format&fit=crop&w=800&q=80,1,active
uspa-kids-unisex-kids-fleece-tracksuit-set-essential,USPA Kids Unisex Kids Fleece Tracksuit Set (Essential),"<p>High-demand USPA Kids USPA Kids Unisex Kids Fleece Tracksuit Set (Essential). Designed for superior performance, comfort and style. Sourced with USPS express air shipping (7-10 days).</p>",USPA Kids,clothing,clothing,"kids, clothing, kids, dropshipping, bestseller",true,Color,Heather Gray,Size,3-4Y,SY-SY-PROD-1920,500,shopify,19,deny,manual,38.62,63.86,true,true,https://images.unsplash.com/photo-1516627145497-ae6968895b74?auto=format&fit=crop&w=800&q=80,1,active
little-sparks-boys-graphic-dinosaur-cotton-hoodie-pro,Little Sparks Boys Graphic Dinosaur Cotton Hoodie (Pro),"<p>High-demand Little Sparks Little Sparks Boys Graphic Dinosaur Cotton Hoodie (Pro). Designed for superior performance, comfort and style. Sourced with USPS express air shipping (7-10 days).</p>",Little Sparks,clothing,clothing,"kids, clothing, kids, dropshipping, bestseller",true,Color,Jurassic Green,Size,3-4Y,SY-SY-PROD-1921,500,shopify,5,deny,manual,25.99,44.28,true,true,https://images.unsplash.com/photo-1519457431-44ccd64a579b?auto=format&fit=crop&w=800&q=80,1,active
uspa-kids-girls-sparkle-tulle-birthday-party-dress-elite,USPA Kids Girls Sparkle Tulle Birthday Party Dress (Elite),"<p>High-demand USPA Kids USPA Kids Girls Sparkle Tulle Birthday Party Dress (Elite). Designed for superior performance, comfort and style. Sourced with USPS express air shipping (7-10 days).</p>",USPA Kids,clothing,clothing,"kids, clothing, kids, dropshipping, bestseller",true,Color,Fairy Pink,Size,2-3Y,SY-SY-PROD-1922,500,shopify,6,deny,manual,42.36,69.66,true,true,https://images.unsplash.com/photo-1622290291468-a28f7a7dc6a8?auto=format&fit=crop&w=800&q=80,1,active
little-sparks-kids-stretch-denim-playtime-overalls-classic,Little Sparks Kids Stretch Denim Playtime Overalls (Classic),"<p>High-demand Little Sparks Little Sparks Kids Stretch Denim Playtime Overalls (Classic). Designed for superior performance, comfort and style. Sourced with USPS express air shipping (7-10 days).</p>",Little Sparks,clothing,clothing,"kids, clothing, kids, dropshipping, bestseller",true,Color,Classic Denim Wash,Size,3-4Y,SY-SY-PROD-1923,500,shopify,7,deny,manual,44.73,73.33,true,true,https://images.unsplash.com/photo-1508214751196-bcfd4ca60f91?auto=format&fit=crop&w=800&q=80,1,active
uspa-kids-ultra-soft-organic-cotton-2-piece-pajama-set-series-2,USPA Kids Ultra-Soft Organic Cotton 2-Piece Pajama Set (Series 2),"<p>High-demand USPA Kids USPA Kids Ultra-Soft Organic Cotton 2-Piece Pajama Set (Series 2). Designed for superior performance, comfort and style. Sourced with USPS express air shipping (7-10 days).</p>",USPA Kids,clothing,clothing,"kids, clothing, kids, dropshipping, bestseller",true,Color,Space Galaxy,Size,2-3Y,SY-SY-PROD-1924,500,shopify,8,deny,manual,32.10,53.76,true,true,https://images.unsplash.com/photo-1596870230751-ebdfce98ec42?auto=format&fit=crop&w=800&q=80,1,active
little-sparks-children-waterproof-hooded-puffer-jacket-air,Little Sparks Children Waterproof Hooded Puffer Jacket (Air),"<p>High-demand Little Sparks Little Sparks Children Waterproof Hooded Puffer Jacket (Air). Designed for superior performance, comfort and style. Sourced with USPS express air shipping (7-10 days).</p>",Little Sparks,clothing,clothing,"kids, clothing, kids, dropshipping, bestseller",true,Color,Neon Coral,Size,4-5Y,SY-SY-PROD-1925,500,shopify,9,deny,manual,61.47,99.28,true,true,https://images.unsplash.com/photo-1514090458221-65bb69cf63e6?auto=format&fit=crop&w=800&q=80,1,active