Handle,Title,Body (HTML),Vendor,Product Category,Type,Tags,Published,Option1 Name,Option1 Value,Option2 Name,Option2 Value,Variant SKU,Variant Grams,Variant Inventory Tracker,Variant Inventory Qty,Variant Inventory Policy,Variant Fulfillment Service,Variant Price,Variant Compare At Price,Variant Requires Shipping,Variant Taxable,Image Src,Image Position,Status
purerest-living-crystalsonic-45-000hz-ultrasonic-jewelry-retainer-cleaner-pro,"PureRest Living CrystalSonic™ 45,000Hz Ultrasonic Jewelry & Retainer Cleaner (Pro)","<p>High-demand PureRest Living PureRest Living CrystalSonic™ 45,000Hz Ultrasonic Jewelry & Retainer Cleaner (Pro). Designed for superior performance, comfort and style. Sourced with USPS express air shipping (7-10 days).</p>",PureRest Living,utilities,utilities,"utilities, utilities, unisex, dropshipping, bestseller",true,Color,Nordic White,Size,450ml Stainless Tank,SY-SY-PROD-3161,500,shopify,5,deny,manual,39.99,65.98,true,true,https://images.unsplash.com/photo-1584100936595-c0654b55a2e2?auto=format&fit=crop&w=800&q=80,1,active
sonicclean-deep-sleep-orthopedic-cervical-contour-memory-pillow-elite,SonicClean Deep-Sleep™ Orthopedic Cervical Contour Memory Pillow (Elite),"<p>High-demand SonicClean SonicClean Deep-Sleep™ Orthopedic Cervical Contour Memory Pillow (Elite). Designed for superior performance, comfort and style. Sourced with USPS express air shipping (7-10 days).</p>",SonicClean,utilities,utilities,"utilities, utilities, unisex, dropshipping, bestseller",true,Color,Ice-Silk White,Size,Universal Dual-Contour,SY-SY-PROD-3162,500,shopify,6,deny,manual,51.36,83.61,true,true,https://images.unsplash.com/photo-1598440947619-2c35fc9aa908?auto=format&fit=crop&w=800&q=80,1,active
crystalsonic-luminaglow-7-in-1-red-light-facial-phototherapy-wand-classic,CrystalSonic LuminaGlow™ 7-in-1 Red Light Facial Phototherapy Wand (Classic),"<p>High-demand CrystalSonic CrystalSonic LuminaGlow™ 7-in-1 Red Light Facial Phototherapy Wand (Classic). Designed for superior performance, comfort and style. Sourced with USPS express air shipping (7-10 days).</p>",CrystalSonic,utilities,utilities,"utilities, utilities, unisex, dropshipping, bestseller",true,Color,Rose Gold Luxury,Size,Type-C Rechargeable,SY-SY-PROD-3163,500,shopify,7,deny,manual,62.73,101.23,true,true,https://images.unsplash.com/photo-1522337360788-8b13dee7a37e?auto=format&fit=crop&w=800&q=80,1,active
sunnyeora-daily-care-volcano-flame-aromatherapy-essential-oil-air-diffuser-series-2,Sunnyeora Daily Care Volcano Flame Aromatherapy Essential Oil Air Diffuser (Series 2),"<p>High-demand Sunnyeora Daily Care Sunnyeora Daily Care Volcano Flame Aromatherapy Essential Oil Air Diffuser (Series 2). Designed for superior performance, comfort and style. Sourced with USPS express air shipping (7-10 days).</p>",Sunnyeora Daily Care,utilities,utilities,"utilities, utilities, unisex, dropshipping, bestseller",true,Color,Warm Flame Amber,Size,300ml Tank,SY-SY-PROD-3164,500,shopify,8,deny,manual,39.10,64.61,true,true,https://images.unsplash.com/photo-1540555700478-4be289fbecef?auto=format&fit=crop&w=800&q=80,1,active
luminaglow-tech-cordless-electric-rechargeable-sweater-fabric-shaver-air,LuminaGlow Tech Cordless Electric Rechargeable Sweater Fabric Shaver (Air),"<p>High-demand LuminaGlow Tech LuminaGlow Tech Cordless Electric Rechargeable Sweater Fabric Shaver (Air). Designed for superior performance, comfort and style. Sourced with USPS express air shipping (7-10 days).</p>",LuminaGlow Tech,utilities,utilities,"utilities, utilities, unisex, dropshipping, bestseller",true,Color,Sage Green,Size,Compact Handheld,SY-SY-PROD-3165,500,shopify,9,deny,manual,25.47,43.48,true,true,https://images.unsplash.com/photo-1583863788434-e58a36330cf0?auto=format&fit=crop&w=800&q=80,1,active
purerest-living-wireless-handheld-high-power-car-desktop-vacuum-signature,PureRest Living Wireless Handheld High-Power Car & Desktop Vacuum (Signature),"<p>High-demand PureRest Living PureRest Living Wireless Handheld High-Power Car & Desktop Vacuum (Signature). Designed for superior performance, comfort and style. Sourced with USPS express air shipping (7-10 days).</p>",PureRest Living,utilities,utilities,"utilities, utilities, unisex, dropshipping, bestseller",true,Color,Matte Black,Size,9000Pa Strong Suction,SY-SY-PROD-3166,500,shopify,10,deny,manual,43.84,71.95,true,true,https://images.unsplash.com/photo-1584100936595-c0654b55a2e2?auto=format&fit=crop&w=800&q=80,1,active
sonicclean-magnetic-motion-sensor-led-wireless-under-cabinet-light-strip-v2,SonicClean Magnetic Motion Sensor LED Wireless Under-Cabinet Light Strip (V2),"<p>High-demand SonicClean SonicClean Magnetic Motion Sensor LED Wireless Under-Cabinet Light Strip (V2). Designed for superior performance, comfort and style. Sourced with USPS express air shipping (7-10 days).</p>",SonicClean,utilities,utilities,"utilities, utilities, unisex, dropshipping, bestseller",true,Color,Warm Cozy White,Size,30cm Ultra-Thin (2-Pack),SY-SY-PROD-3167,500,shopify,11,deny,manual,27.21,46.18,true,true,https://images.unsplash.com/photo-1598440947619-2c35fc9aa908?auto=format&fit=crop&w=800&q=80,1,active
crystalsonic-self-heating-electric-ceramic-temperature-control-coffee-mug-luxe,CrystalSonic Self-Heating Electric Ceramic Temperature Control Coffee Mug (Luxe),"<p>High-demand CrystalSonic CrystalSonic Self-Heating Electric Ceramic Temperature Control Coffee Mug (Luxe). Designed for superior performance, comfort and style. Sourced with USPS express air shipping (7-10 days).</p>",CrystalSonic,utilities,utilities,"utilities, utilities, unisex, dropshipping, bestseller",true,Color,Matte Charcoal,Size,350ml with Coaster Pad,SY-SY-PROD-3168,500,shopify,12,deny,manual,52.58,85.50,true,true,https://images.unsplash.com/photo-1522337360788-8b13dee7a37e?auto=format&fit=crop&w=800&q=80,1,active
sunnyeora-daily-care-crystalsonic-45-000hz-ultrasonic-jewelry-retainer-cleaner-pure,"Sunnyeora Daily Care CrystalSonic™ 45,000Hz Ultrasonic Jewelry & Retainer Cleaner (Pure)","<p>High-demand Sunnyeora Daily Care Sunnyeora Daily Care CrystalSonic™ 45,000Hz Ultrasonic Jewelry & Retainer Cleaner (Pure). Designed for superior performance, comfort and style. Sourced with USPS express air shipping (7-10 days).</p>",Sunnyeora Daily Care,utilities,utilities,"utilities, utilities, unisex, dropshipping, bestseller",true,Color,Nordic White,Size,450ml Stainless Tank,SY-SY-PROD-3169,500,shopify,13,deny,manual,50.95,82.97,true,true,https://images.unsplash.com/photo-1540555700478-4be289fbecef?auto=format&fit=crop&w=800&q=80,1,active
luminaglow-tech-deep-sleep-orthopedic-cervical-contour-memory-pillow-essential,LuminaGlow Tech Deep-Sleep™ Orthopedic Cervical Contour Memory Pillow (Essential),"<p>High-demand LuminaGlow Tech LuminaGlow Tech Deep-Sleep™ Orthopedic Cervical Contour Memory Pillow (Essential). Designed for superior performance, comfort and style. Sourced with USPS express air shipping (7-10 days).</p>",LuminaGlow Tech,utilities,utilities,"utilities, utilities, unisex, dropshipping, bestseller",true,Color,Ice-Silk White,Size,Universal Dual-Contour,SY-SY-PROD-3170,500,shopify,14,deny,manual,62.32,100.60,true,true,https://images.unsplash.com/photo-1583863788434-e58a36330cf0?auto=format&fit=crop&w=800&q=80,1,active
purerest-living-luminaglow-7-in-1-red-light-facial-phototherapy-wand-pro,PureRest Living LuminaGlow™ 7-in-1 Red Light Facial Phototherapy Wand (Pro),"<p>High-demand PureRest Living PureRest Living LuminaGlow™ 7-in-1 Red Light Facial Phototherapy Wand (Pro). Designed for superior performance, comfort and style. Sourced with USPS express air shipping (7-10 days).</p>",PureRest Living,utilities,utilities,"utilities, utilities, unisex, dropshipping, bestseller",true,Color,Rose Gold Luxury,Size,Type-C Rechargeable,SY-SY-PROD-3171,500,shopify,15,deny,manual,73.69,118.22,true,true,https://images.unsplash.com/photo-1584100936595-c0654b55a2e2?auto=format&fit=crop&w=800&q=80,1,active
sonicclean-volcano-flame-aromatherapy-essential-oil-air-diffuser-elite,SonicClean Volcano Flame Aromatherapy Essential Oil Air Diffuser (Elite),"<p>High-demand SonicClean SonicClean Volcano Flame Aromatherapy Essential Oil Air Diffuser (Elite). Designed for superior performance, comfort and style. Sourced with USPS express air shipping (7-10 days).</p>",SonicClean,utilities,utilities,"utilities, utilities, unisex, dropshipping, bestseller",true,Color,Warm Flame Amber,Size,300ml Tank,SY-SY-PROD-3172,500,shopify,16,deny,manual,50.06,81.59,true,true,https://images.unsplash.com/photo-1598440947619-2c35fc9aa908?auto=format&fit=crop&w=800&q=80,1,active
crystalsonic-cordless-electric-rechargeable-sweater-fabric-shaver-classic,CrystalSonic Cordless Electric Rechargeable Sweater Fabric Shaver (Classic),"<p>High-demand CrystalSonic CrystalSonic Cordless Electric Rechargeable Sweater Fabric Shaver (Classic). Designed for superior performance, comfort and style. Sourced with USPS express air shipping (7-10 days).</p>",CrystalSonic,utilities,utilities,"utilities, utilities, unisex, dropshipping, bestseller",true,Color,Sage Green,Size,Compact Handheld,SY-SY-PROD-3173,500,shopify,17,deny,manual,21.43,37.22,true,true,https://images.unsplash.com/photo-1522337360788-8b13dee7a37e?auto=format&fit=crop&w=800&q=80,1,active
sunnyeora-daily-care-wireless-handheld-high-power-car-desktop-vacuum-series-2,Sunnyeora Daily Care Wireless Handheld High-Power Car & Desktop Vacuum (Series 2),"<p>High-demand Sunnyeora Daily Care Sunnyeora Daily Care Wireless Handheld High-Power Car & Desktop Vacuum (Series 2). Designed for superior performance, comfort and style. Sourced with USPS express air shipping (7-10 days).</p>",Sunnyeora Daily Care,utilities,utilities,"utilities, utilities, unisex, dropshipping, bestseller",true,Color,Matte Black,Size,9000Pa Strong Suction,SY-SY-PROD-3174,500,shopify,18,deny,manual,54.80,88.94,true,true,https://images.unsplash.com/photo-1540555700478-4be289fbecef?auto=format&fit=crop&w=800&q=80,1,active
luminaglow-tech-magnetic-motion-sensor-led-wireless-under-cabinet-light-strip-air,LuminaGlow Tech Magnetic Motion Sensor LED Wireless Under-Cabinet Light Strip (Air),"<p>High-demand LuminaGlow Tech LuminaGlow Tech Magnetic Motion Sensor LED Wireless Under-Cabinet Light Strip (Air). Designed for superior performance, comfort and style. Sourced with USPS express air shipping (7-10 days).</p>",LuminaGlow Tech,utilities,utilities,"utilities, utilities, unisex, dropshipping, bestseller",true,Color,Warm Cozy White,Size,30cm Ultra-Thin (2-Pack),SY-SY-PROD-3175,500,shopify,19,deny,manual,24.17,41.46,true,true,https://images.unsplash.com/photo-1583863788434-e58a36330cf0?auto=format&fit=crop&w=800&q=80,1,active
purerest-living-self-heating-electric-ceramic-temperature-control-coffee-mug-signature,PureRest Living Self-Heating Electric Ceramic Temperature Control Coffee Mug (Signature),"<p>High-demand PureRest Living PureRest Living Self-Heating Electric Ceramic Temperature Control Coffee Mug (Signature). Designed for superior performance, comfort and style. Sourced with USPS express air shipping (7-10 days).</p>",PureRest Living,utilities,utilities,"utilities, utilities, unisex, dropshipping, bestseller",true,Color,Matte Charcoal,Size,350ml with Coaster Pad,SY-SY-PROD-3176,500,shopify,5,deny,manual,63.54,102.49,true,true,https://images.unsplash.com/photo-1584100936595-c0654b55a2e2?auto=format&fit=crop&w=800&q=80,1,active
sonicclean-crystalsonic-45-000hz-ultrasonic-jewelry-retainer-cleaner-v2,"SonicClean CrystalSonic™ 45,000Hz Ultrasonic Jewelry & Retainer Cleaner (V2)","<p>High-demand SonicClean SonicClean CrystalSonic™ 45,000Hz Ultrasonic Jewelry & Retainer Cleaner (V2). Designed for superior performance, comfort and style. Sourced with USPS express air shipping (7-10 days).</p>",SonicClean,utilities,utilities,"utilities, utilities, unisex, dropshipping, bestseller",true,Color,Nordic White,Size,450ml Stainless Tank,SY-SY-PROD-3177,500,shopify,6,deny,manual,61.91,99.96,true,true,https://images.unsplash.com/photo-1598440947619-2c35fc9aa908?auto=format&fit=crop&w=800&q=80,1,active
crystalsonic-deep-sleep-orthopedic-cervical-contour-memory-pillow-luxe,CrystalSonic Deep-Sleep™ Orthopedic Cervical Contour Memory Pillow (Luxe),"<p>High-demand CrystalSonic CrystalSonic Deep-Sleep™ Orthopedic Cervical Contour Memory Pillow (Luxe). Designed for superior performance, comfort and style. Sourced with USPS express air shipping (7-10 days).</p>",CrystalSonic,utilities,utilities,"utilities, utilities, unisex, dropshipping, bestseller",true,Color,Ice-Silk White,Size,Universal Dual-Contour,SY-SY-PROD-3178,500,shopify,7,deny,manual,73.28,117.58,true,true,https://images.unsplash.com/photo-1522337360788-8b13dee7a37e?auto=format&fit=crop&w=800&q=80,1,active
sunnyeora-daily-care-luminaglow-7-in-1-red-light-facial-phototherapy-wand-pure,Sunnyeora Daily Care LuminaGlow™ 7-in-1 Red Light Facial Phototherapy Wand (Pure),"<p>High-demand Sunnyeora Daily Care Sunnyeora Daily Care LuminaGlow™ 7-in-1 Red Light Facial Phototherapy Wand (Pure). Designed for superior performance, comfort and style. Sourced with USPS express air shipping (7-10 days).</p>",Sunnyeora Daily Care,utilities,utilities,"utilities, utilities, unisex, dropshipping, bestseller",true,Color,Rose Gold Luxury,Size,Type-C Rechargeable,SY-SY-PROD-3179,500,shopify,8,deny,manual,84.65,135.21,true,true,https://images.unsplash.com/photo-1540555700478-4be289fbecef?auto=format&fit=crop&w=800&q=80,1,active
luminaglow-tech-volcano-flame-aromatherapy-essential-oil-air-diffuser-essential,LuminaGlow Tech Volcano Flame Aromatherapy Essential Oil Air Diffuser (Essential),"<p>High-demand LuminaGlow Tech LuminaGlow Tech Volcano Flame Aromatherapy Essential Oil Air Diffuser (Essential). Designed for superior performance, comfort and style. Sourced with USPS express air shipping (7-10 days).</p>",LuminaGlow Tech,utilities,utilities,"utilities, utilities, unisex, dropshipping, bestseller",true,Color,Warm Flame Amber,Size,300ml Tank,SY-SY-PROD-3180,500,shopify,9,deny,manual,36.02,59.83,true,true,https://images.unsplash.com/photo-1583863788434-e58a36330cf0?auto=format&fit=crop&w=800&q=80,1,active
purerest-living-cordless-electric-rechargeable-sweater-fabric-shaver-pro,PureRest Living Cordless Electric Rechargeable Sweater Fabric Shaver (Pro),"<p>High-demand PureRest Living PureRest Living Cordless Electric Rechargeable Sweater Fabric Shaver (Pro). Designed for superior performance, comfort and style. Sourced with USPS express air shipping (7-10 days).</p>",PureRest Living,utilities,utilities,"utilities, utilities, unisex, dropshipping, bestseller",true,Color,Sage Green,Size,Compact Handheld,SY-SY-PROD-3181,500,shopify,10,deny,manual,32.39,54.20,true,true,https://images.unsplash.com/photo-1584100936595-c0654b55a2e2?auto=format&fit=crop&w=800&q=80,1,active
sonicclean-wireless-handheld-high-power-car-desktop-vacuum-elite,SonicClean Wireless Handheld High-Power Car & Desktop Vacuum (Elite),"<p>High-demand SonicClean SonicClean Wireless Handheld High-Power Car & Desktop Vacuum (Elite). Designed for superior performance, comfort and style. Sourced with USPS express air shipping (7-10 days).</p>",SonicClean,utilities,utilities,"utilities, utilities, unisex, dropshipping, bestseller",true,Color,Matte Black,Size,9000Pa Strong Suction,SY-SY-PROD-3182,500,shopify,11,deny,manual,39.76,65.63,true,true,https://images.unsplash.com/photo-1598440947619-2c35fc9aa908?auto=format&fit=crop&w=800&q=80,1,active
crystalsonic-magnetic-motion-sensor-led-wireless-under-cabinet-light-strip-classic,CrystalSonic Magnetic Motion Sensor LED Wireless Under-Cabinet Light Strip (Classic),"<p>High-demand CrystalSonic CrystalSonic Magnetic Motion Sensor LED Wireless Under-Cabinet Light Strip (Classic). Designed for superior performance, comfort and style. Sourced with USPS express air shipping (7-10 days).</p>",CrystalSonic,utilities,utilities,"utilities, utilities, unisex, dropshipping, bestseller",true,Color,Warm Cozy White,Size,30cm Ultra-Thin (2-Pack),SY-SY-PROD-3183,500,shopify,12,deny,manual,21.13,36.75,true,true,https://images.unsplash.com/photo-1522337360788-8b13dee7a37e?auto=format&fit=crop&w=800&q=80,1,active
sunnyeora-daily-care-self-heating-electric-ceramic-temperature-control-coffee-mug-series-2,Sunnyeora Daily Care Self-Heating Electric Ceramic Temperature Control Coffee Mug (Series 2),"<p>High-demand Sunnyeora Daily Care Sunnyeora Daily Care Self-Heating Electric Ceramic Temperature Control Coffee Mug (Series 2). Designed for superior performance, comfort and style. Sourced with USPS express air shipping (7-10 days).</p>",Sunnyeora Daily Care,utilities,utilities,"utilities, utilities, unisex, dropshipping, bestseller",true,Color,Matte Charcoal,Size,350ml with Coaster Pad,SY-SY-PROD-3184,500,shopify,13,deny,manual,74.50,119.48,true,true,https://images.unsplash.com/photo-1540555700478-4be289fbecef?auto=format&fit=crop&w=800&q=80,1,active
luminaglow-tech-crystalsonic-45-000hz-ultrasonic-jewelry-retainer-cleaner-air,"LuminaGlow Tech CrystalSonic™ 45,000Hz Ultrasonic Jewelry & Retainer Cleaner (Air)","<p>High-demand LuminaGlow Tech LuminaGlow Tech CrystalSonic™ 45,000Hz Ultrasonic Jewelry & Retainer Cleaner (Air). Designed for superior performance, comfort and style. Sourced with USPS express air shipping (7-10 days).</p>",LuminaGlow Tech,utilities,utilities,"utilities, utilities, unisex, dropshipping, bestseller",true,Color,Nordic White,Size,450ml Stainless Tank,SY-SY-PROD-3185,500,shopify,14,deny,manual,42.87,70.45,true,true,https://images.unsplash.com/photo-1583863788434-e58a36330cf0?auto=format&fit=crop&w=800&q=80,1,active
purerest-living-deep-sleep-orthopedic-cervical-contour-memory-pillow-signature,PureRest Living Deep-Sleep™ Orthopedic Cervical Contour Memory Pillow (Signature),"<p>High-demand PureRest Living PureRest Living Deep-Sleep™ Orthopedic Cervical Contour Memory Pillow (Signature). Designed for superior performance, comfort and style. Sourced with USPS express air shipping (7-10 days).</p>",PureRest Living,utilities,utilities,"utilities, utilities, unisex, dropshipping, bestseller",true,Color,Ice-Silk White,Size,Universal Dual-Contour,SY-SY-PROD-3186,500,shopify,15,deny,manual,84.24,134.57,true,true,https://images.unsplash.com/photo-1584100936595-c0654b55a2e2?auto=format&fit=crop&w=800&q=80,1,active
sonicclean-luminaglow-7-in-1-red-light-facial-phototherapy-wand-v2,SonicClean LuminaGlow™ 7-in-1 Red Light Facial Phototherapy Wand (V2),"<p>High-demand SonicClean SonicClean LuminaGlow™ 7-in-1 Red Light Facial Phototherapy Wand (V2). Designed for superior performance, comfort and style. Sourced with USPS express air shipping (7-10 days).</p>",SonicClean,utilities,utilities,"utilities, utilities, unisex, dropshipping, bestseller",true,Color,Rose Gold Luxury,Size,Type-C Rechargeable,SY-SY-PROD-3187,500,shopify,16,deny,manual,95.61,152.20,true,true,https://images.unsplash.com/photo-1598440947619-2c35fc9aa908?auto=format&fit=crop&w=800&q=80,1,active
crystalsonic-volcano-flame-aromatherapy-essential-oil-air-diffuser-luxe,CrystalSonic Volcano Flame Aromatherapy Essential Oil Air Diffuser (Luxe),"<p>High-demand CrystalSonic CrystalSonic Volcano Flame Aromatherapy Essential Oil Air Diffuser (Luxe). Designed for superior performance, comfort and style. Sourced with USPS express air shipping (7-10 days).</p>",CrystalSonic,utilities,utilities,"utilities, utilities, unisex, dropshipping, bestseller",true,Color,Warm Flame Amber,Size,300ml Tank,SY-SY-PROD-3188,500,shopify,17,deny,manual,46.98,76.82,true,true,https://images.unsplash.com/photo-1522337360788-8b13dee7a37e?auto=format&fit=crop&w=800&q=80,1,active
sunnyeora-daily-care-cordless-electric-rechargeable-sweater-fabric-shaver-pure,Sunnyeora Daily Care Cordless Electric Rechargeable Sweater Fabric Shaver (Pure),"<p>High-demand Sunnyeora Daily Care Sunnyeora Daily Care Cordless Electric Rechargeable Sweater Fabric Shaver (Pure). Designed for superior performance, comfort and style. Sourced with USPS express air shipping (7-10 days).</p>",Sunnyeora Daily Care,utilities,utilities,"utilities, utilities, unisex, dropshipping, bestseller",true,Color,Sage Green,Size,Compact Handheld,SY-SY-PROD-3189,500,shopify,18,deny,manual,28.35,47.94,true,true,https://images.unsplash.com/photo-1540555700478-4be289fbecef?auto=format&fit=crop&w=800&q=80,1,active
luminaglow-tech-wireless-handheld-high-power-car-desktop-vacuum-essential,LuminaGlow Tech Wireless Handheld High-Power Car & Desktop Vacuum (Essential),"<p>High-demand LuminaGlow Tech LuminaGlow Tech Wireless Handheld High-Power Car & Desktop Vacuum (Essential). Designed for superior performance, comfort and style. Sourced with USPS express air shipping (7-10 days).</p>",LuminaGlow Tech,utilities,utilities,"utilities, utilities, unisex, dropshipping, bestseller",true,Color,Matte Black,Size,9000Pa Strong Suction,SY-SY-PROD-3190,500,shopify,19,deny,manual,50.72,82.62,true,true,https://images.unsplash.com/photo-1583863788434-e58a36330cf0?auto=format&fit=crop&w=800&q=80,1,active
purerest-living-magnetic-motion-sensor-led-wireless-under-cabinet-light-strip-pro,PureRest Living Magnetic Motion Sensor LED Wireless Under-Cabinet Light Strip (Pro),"<p>High-demand PureRest Living PureRest Living Magnetic Motion Sensor LED Wireless Under-Cabinet Light Strip (Pro). Designed for superior performance, comfort and style. Sourced with USPS express air shipping (7-10 days).</p>",PureRest Living,utilities,utilities,"utilities, utilities, unisex, dropshipping, bestseller",true,Color,Warm Cozy White,Size,30cm Ultra-Thin (2-Pack),SY-SY-PROD-3191,500,shopify,5,deny,manual,32.09,53.74,true,true,https://images.unsplash.com/photo-1584100936595-c0654b55a2e2?auto=format&fit=crop&w=800&q=80,1,active
sonicclean-self-heating-electric-ceramic-temperature-control-coffee-mug-elite,SonicClean Self-Heating Electric Ceramic Temperature Control Coffee Mug (Elite),"<p>High-demand SonicClean SonicClean Self-Heating Electric Ceramic Temperature Control Coffee Mug (Elite). Designed for superior performance, comfort and style. Sourced with USPS express air shipping (7-10 days).</p>",SonicClean,utilities,utilities,"utilities, utilities, unisex, dropshipping, bestseller",true,Color,Matte Charcoal,Size,350ml with Coaster Pad,SY-SY-PROD-3192,500,shopify,6,deny,manual,53.46,86.86,true,true,https://images.unsplash.com/photo-1598440947619-2c35fc9aa908?auto=format&fit=crop&w=800&q=80,1,active
crystalsonic-crystalsonic-45-000hz-ultrasonic-jewelry-retainer-cleaner-classic,"CrystalSonic CrystalSonic™ 45,000Hz Ultrasonic Jewelry & Retainer Cleaner (Classic)","<p>High-demand CrystalSonic CrystalSonic CrystalSonic™ 45,000Hz Ultrasonic Jewelry & Retainer Cleaner (Classic). Designed for superior performance, comfort and style. Sourced with USPS express air shipping (7-10 days).</p>",CrystalSonic,utilities,utilities,"utilities, utilities, unisex, dropshipping, bestseller",true,Color,Nordic White,Size,450ml Stainless Tank,SY-SY-PROD-3193,500,shopify,7,deny,manual,53.83,87.44,true,true,https://images.unsplash.com/photo-1522337360788-8b13dee7a37e?auto=format&fit=crop&w=800&q=80,1,active
sunnyeora-daily-care-deep-sleep-orthopedic-cervical-contour-memory-pillow-series-2,Sunnyeora Daily Care Deep-Sleep™ Orthopedic Cervical Contour Memory Pillow (Series 2),"<p>High-demand Sunnyeora Daily Care Sunnyeora Daily Care Deep-Sleep™ Orthopedic Cervical Contour Memory Pillow (Series 2). Designed for superior performance, comfort and style. Sourced with USPS express air shipping (7-10 days).</p>",Sunnyeora Daily Care,utilities,utilities,"utilities, utilities, unisex, dropshipping, bestseller",true,Color,Ice-Silk White,Size,Universal Dual-Contour,SY-SY-PROD-3194,500,shopify,8,deny,manual,55.20,89.56,true,true,https://images.unsplash.com/photo-1540555700478-4be289fbecef?auto=format&fit=crop&w=800&q=80,1,active
luminaglow-tech-luminaglow-7-in-1-red-light-facial-phototherapy-wand-air,LuminaGlow Tech LuminaGlow™ 7-in-1 Red Light Facial Phototherapy Wand (Air),"<p>High-demand LuminaGlow Tech LuminaGlow Tech LuminaGlow™ 7-in-1 Red Light Facial Phototherapy Wand (Air). Designed for superior performance, comfort and style. Sourced with USPS express air shipping (7-10 days).</p>",LuminaGlow Tech,utilities,utilities,"utilities, utilities, unisex, dropshipping, bestseller",true,Color,Rose Gold Luxury,Size,Type-C Rechargeable,SY-SY-PROD-3195,500,shopify,9,deny,manual,66.57,107.18,true,true,https://images.unsplash.com/photo-1583863788434-e58a36330cf0?auto=format&fit=crop&w=800&q=80,1,active
purerest-living-volcano-flame-aromatherapy-essential-oil-air-diffuser-signature,PureRest Living Volcano Flame Aromatherapy Essential Oil Air Diffuser (Signature),"<p>High-demand PureRest Living PureRest Living Volcano Flame Aromatherapy Essential Oil Air Diffuser (Signature). Designed for superior performance, comfort and style. Sourced with USPS express air shipping (7-10 days).</p>",PureRest Living,utilities,utilities,"utilities, utilities, unisex, dropshipping, bestseller",true,Color,Warm Flame Amber,Size,300ml Tank,SY-SY-PROD-3196,500,shopify,10,deny,manual,57.94,93.81,true,true,https://images.unsplash.com/photo-1584100936595-c0654b55a2e2?auto=format&fit=crop&w=800&q=80,1,active
sonicclean-cordless-electric-rechargeable-sweater-fabric-shaver-v2,SonicClean Cordless Electric Rechargeable Sweater Fabric Shaver (V2),"<p>High-demand SonicClean SonicClean Cordless Electric Rechargeable Sweater Fabric Shaver (V2). Designed for superior performance, comfort and style. Sourced with USPS express air shipping (7-10 days).</p>",SonicClean,utilities,utilities,"utilities, utilities, unisex, dropshipping, bestseller",true,Color,Sage Green,Size,Compact Handheld,SY-SY-PROD-3197,500,shopify,11,deny,manual,24.31,41.68,true,true,https://images.unsplash.com/photo-1598440947619-2c35fc9aa908?auto=format&fit=crop&w=800&q=80,1,active
crystalsonic-wireless-handheld-high-power-car-desktop-vacuum-luxe,CrystalSonic Wireless Handheld High-Power Car & Desktop Vacuum (Luxe),"<p>High-demand CrystalSonic CrystalSonic Wireless Handheld High-Power Car & Desktop Vacuum (Luxe). Designed for superior performance, comfort and style. Sourced with USPS express air shipping (7-10 days).</p>",CrystalSonic,utilities,utilities,"utilities, utilities, unisex, dropshipping, bestseller",true,Color,Matte Black,Size,9000Pa Strong Suction,SY-SY-PROD-3198,500,shopify,12,deny,manual,61.68,99.60,true,true,https://images.unsplash.com/photo-1522337360788-8b13dee7a37e?auto=format&fit=crop&w=800&q=80,1,active
sunnyeora-daily-care-magnetic-motion-sensor-led-wireless-under-cabinet-light-strip-pure,Sunnyeora Daily Care Magnetic Motion Sensor LED Wireless Under-Cabinet Light Strip (Pure),"<p>High-demand Sunnyeora Daily Care Sunnyeora Daily Care Magnetic Motion Sensor LED Wireless Under-Cabinet Light Strip (Pure). Designed for superior performance, comfort and style. Sourced with USPS express air shipping (7-10 days).</p>",Sunnyeora Daily Care,utilities,utilities,"utilities, utilities, unisex, dropshipping, bestseller",true,Color,Warm Cozy White,Size,30cm Ultra-Thin (2-Pack),SY-SY-PROD-3199,500,shopify,13,deny,manual,29.05,49.03,true,true,https://images.unsplash.com/photo-1540555700478-4be289fbecef?auto=format&fit=crop&w=800&q=80,1,active
luminaglow-tech-self-heating-electric-ceramic-temperature-control-coffee-mug-essential,LuminaGlow Tech Self-Heating Electric Ceramic Temperature Control Coffee Mug (Essential),"<p>High-demand LuminaGlow Tech LuminaGlow Tech Self-Heating Electric Ceramic Temperature Control Coffee Mug (Essential). Designed for superior performance, comfort and style. Sourced with USPS express air shipping (7-10 days).</p>",LuminaGlow Tech,utilities,utilities,"utilities, utilities, unisex, dropshipping, bestseller",true,Color,Matte Charcoal,Size,350ml with Coaster Pad,SY-SY-PROD-3200,500,shopify,14,deny,manual,64.42,103.85,true,true,https://images.unsplash.com/photo-1583863788434-e58a36330cf0?auto=format&fit=crop&w=800&q=80,1,active
purerest-living-crystalsonic-45-000hz-ultrasonic-jewelry-retainer-cleaner-pro,"PureRest Living CrystalSonic™ 45,000Hz Ultrasonic Jewelry & Retainer Cleaner (Pro)","<p>High-demand PureRest Living PureRest Living CrystalSonic™ 45,000Hz Ultrasonic Jewelry & Retainer Cleaner (Pro). Designed for superior performance, comfort and style. Sourced with USPS express air shipping (7-10 days).</p>",PureRest Living,utilities,utilities,"utilities, utilities, unisex, dropshipping, bestseller",true,Color,Nordic White,Size,450ml Stainless Tank,SY-SY-PROD-3201,500,shopify,15,deny,manual,64.79,104.42,true,true,https://images.unsplash.com/photo-1584100936595-c0654b55a2e2?auto=format&fit=crop&w=800&q=80,1,active
sonicclean-deep-sleep-orthopedic-cervical-contour-memory-pillow-elite,SonicClean Deep-Sleep™ Orthopedic Cervical Contour Memory Pillow (Elite),"<p>High-demand SonicClean SonicClean Deep-Sleep™ Orthopedic Cervical Contour Memory Pillow (Elite). Designed for superior performance, comfort and style. Sourced with USPS express air shipping (7-10 days).</p>",SonicClean,utilities,utilities,"utilities, utilities, unisex, dropshipping, bestseller",true,Color,Ice-Silk White,Size,Universal Dual-Contour,SY-SY-PROD-3202,500,shopify,16,deny,manual,66.16,106.55,true,true,https://images.unsplash.com/photo-1598440947619-2c35fc9aa908?auto=format&fit=crop&w=800&q=80,1,active
crystalsonic-luminaglow-7-in-1-red-light-facial-phototherapy-wand-classic,CrystalSonic LuminaGlow™ 7-in-1 Red Light Facial Phototherapy Wand (Classic),"<p>High-demand CrystalSonic CrystalSonic LuminaGlow™ 7-in-1 Red Light Facial Phototherapy Wand (Classic). Designed for superior performance, comfort and style. Sourced with USPS express air shipping (7-10 days).</p>",CrystalSonic,utilities,utilities,"utilities, utilities, unisex, dropshipping, bestseller",true,Color,Rose Gold Luxury,Size,Type-C Rechargeable,SY-SY-PROD-3203,500,shopify,17,deny,manual,77.53,124.17,true,true,https://images.unsplash.com/photo-1522337360788-8b13dee7a37e?auto=format&fit=crop&w=800&q=80,1,active
sunnyeora-daily-care-volcano-flame-aromatherapy-essential-oil-air-diffuser-series-2,Sunnyeora Daily Care Volcano Flame Aromatherapy Essential Oil Air Diffuser (Series 2),"<p>High-demand Sunnyeora Daily Care Sunnyeora Daily Care Volcano Flame Aromatherapy Essential Oil Air Diffuser (Series 2). Designed for superior performance, comfort and style. Sourced with USPS express air shipping (7-10 days).</p>",Sunnyeora Daily Care,utilities,utilities,"utilities, utilities, unisex, dropshipping, bestseller",true,Color,Warm Flame Amber,Size,300ml Tank,SY-SY-PROD-3204,500,shopify,18,deny,manual,43.90,72.05,true,true,https://images.unsplash.com/photo-1540555700478-4be289fbecef?auto=format&fit=crop&w=800&q=80,1,active
luminaglow-tech-cordless-electric-rechargeable-sweater-fabric-shaver-air,LuminaGlow Tech Cordless Electric Rechargeable Sweater Fabric Shaver (Air),"<p>High-demand LuminaGlow Tech LuminaGlow Tech Cordless Electric Rechargeable Sweater Fabric Shaver (Air). Designed for superior performance, comfort and style. Sourced with USPS express air shipping (7-10 days).</p>",LuminaGlow Tech,utilities,utilities,"utilities, utilities, unisex, dropshipping, bestseller",true,Color,Sage Green,Size,Compact Handheld,SY-SY-PROD-3205,500,shopify,19,deny,manual,20.27,35.42,true,true,https://images.unsplash.com/photo-1583863788434-e58a36330cf0?auto=format&fit=crop&w=800&q=80,1,active
purerest-living-wireless-handheld-high-power-car-desktop-vacuum-signature,PureRest Living Wireless Handheld High-Power Car & Desktop Vacuum (Signature),"<p>High-demand PureRest Living PureRest Living Wireless Handheld High-Power Car & Desktop Vacuum (Signature). Designed for superior performance, comfort and style. Sourced with USPS express air shipping (7-10 days).</p>",PureRest Living,utilities,utilities,"utilities, utilities, unisex, dropshipping, bestseller",true,Color,Matte Black,Size,9000Pa Strong Suction,SY-SY-PROD-3206,500,shopify,5,deny,manual,46.64,76.29,true,true,https://images.unsplash.com/photo-1584100936595-c0654b55a2e2?auto=format&fit=crop&w=800&q=80,1,active
sonicclean-magnetic-motion-sensor-led-wireless-under-cabinet-light-strip-v2,SonicClean Magnetic Motion Sensor LED Wireless Under-Cabinet Light Strip (V2),"<p>High-demand SonicClean SonicClean Magnetic Motion Sensor LED Wireless Under-Cabinet Light Strip (V2). Designed for superior performance, comfort and style. Sourced with USPS express air shipping (7-10 days).</p>",SonicClean,utilities,utilities,"utilities, utilities, unisex, dropshipping, bestseller",true,Color,Warm Cozy White,Size,30cm Ultra-Thin (2-Pack),SY-SY-PROD-3207,500,shopify,6,deny,manual,26.01,44.32,true,true,https://images.unsplash.com/photo-1598440947619-2c35fc9aa908?auto=format&fit=crop&w=800&q=80,1,active
crystalsonic-self-heating-electric-ceramic-temperature-control-coffee-mug-luxe,CrystalSonic Self-Heating Electric Ceramic Temperature Control Coffee Mug (Luxe),"<p>High-demand CrystalSonic CrystalSonic Self-Heating Electric Ceramic Temperature Control Coffee Mug (Luxe). Designed for superior performance, comfort and style. Sourced with USPS express air shipping (7-10 days).</p>",CrystalSonic,utilities,utilities,"utilities, utilities, unisex, dropshipping, bestseller",true,Color,Matte Charcoal,Size,350ml with Coaster Pad,SY-SY-PROD-3208,500,shopify,7,deny,manual,43.38,71.24,true,true,https://images.unsplash.com/photo-1522337360788-8b13dee7a37e?auto=format&fit=crop&w=800&q=80,1,active
sunnyeora-daily-care-crystalsonic-45-000hz-ultrasonic-jewelry-retainer-cleaner-pure,"Sunnyeora Daily Care CrystalSonic™ 45,000Hz Ultrasonic Jewelry & Retainer Cleaner (Pure)","<p>High-demand Sunnyeora Daily Care Sunnyeora Daily Care CrystalSonic™ 45,000Hz Ultrasonic Jewelry & Retainer Cleaner (Pure). Designed for superior performance, comfort and style. Sourced with USPS express air shipping (7-10 days).</p>",Sunnyeora Daily Care,utilities,utilities,"utilities, utilities, unisex, dropshipping, bestseller",true,Color,Nordic White,Size,450ml Stainless Tank,SY-SY-PROD-3209,500,shopify,8,deny,manual,45.75,74.91,true,true,https://images.unsplash.com/photo-1540555700478-4be289fbecef?auto=format&fit=crop&w=800&q=80,1,active
luminaglow-tech-deep-sleep-orthopedic-cervical-contour-memory-pillow-essential,LuminaGlow Tech Deep-Sleep™ Orthopedic Cervical Contour Memory Pillow (Essential),"<p>High-demand LuminaGlow Tech LuminaGlow Tech Deep-Sleep™ Orthopedic Cervical Contour Memory Pillow (Essential). Designed for superior performance, comfort and style. Sourced with USPS express air shipping (7-10 days).</p>",LuminaGlow Tech,utilities,utilities,"utilities, utilities, unisex, dropshipping, bestseller",true,Color,Ice-Silk White,Size,Universal Dual-Contour,SY-SY-PROD-3210,500,shopify,9,deny,manual,77.12,123.54,true,true,https://images.unsplash.com/photo-1583863788434-e58a36330cf0?auto=format&fit=crop&w=800&q=80,1,active
purerest-living-luminaglow-7-in-1-red-light-facial-phototherapy-wand-pro,PureRest Living LuminaGlow™ 7-in-1 Red Light Facial Phototherapy Wand (Pro),"<p>High-demand PureRest Living PureRest Living LuminaGlow™ 7-in-1 Red Light Facial Phototherapy Wand (Pro). Designed for superior performance, comfort and style. Sourced with USPS express air shipping (7-10 days).</p>",PureRest Living,utilities,utilities,"utilities, utilities, unisex, dropshipping, bestseller",true,Color,Rose Gold Luxury,Size,Type-C Rechargeable,SY-SY-PROD-3211,500,shopify,10,deny,manual,88.49,141.16,true,true,https://images.unsplash.com/photo-1584100936595-c0654b55a2e2?auto=format&fit=crop&w=800&q=80,1,active
sonicclean-volcano-flame-aromatherapy-essential-oil-air-diffuser-elite,SonicClean Volcano Flame Aromatherapy Essential Oil Air Diffuser (Elite),"<p>High-demand SonicClean SonicClean Volcano Flame Aromatherapy Essential Oil Air Diffuser (Elite). Designed for superior performance, comfort and style. Sourced with USPS express air shipping (7-10 days).</p>",SonicClean,utilities,utilities,"utilities, utilities, unisex, dropshipping, bestseller",true,Color,Warm Flame Amber,Size,300ml Tank,SY-SY-PROD-3212,500,shopify,11,deny,manual,54.86,89.03,true,true,https://images.unsplash.com/photo-1598440947619-2c35fc9aa908?auto=format&fit=crop&w=800&q=80,1,active
crystalsonic-cordless-electric-rechargeable-sweater-fabric-shaver-classic,CrystalSonic Cordless Electric Rechargeable Sweater Fabric Shaver (Classic),"<p>High-demand CrystalSonic CrystalSonic Cordless Electric Rechargeable Sweater Fabric Shaver (Classic). Designed for superior performance, comfort and style. Sourced with USPS express air shipping (7-10 days).</p>",CrystalSonic,utilities,utilities,"utilities, utilities, unisex, dropshipping, bestseller",true,Color,Sage Green,Size,Compact Handheld,SY-SY-PROD-3213,500,shopify,12,deny,manual,31.23,52.41,true,true,https://images.unsplash.com/photo-1522337360788-8b13dee7a37e?auto=format&fit=crop&w=800&q=80,1,active
sunnyeora-daily-care-wireless-handheld-high-power-car-desktop-vacuum-series-2,Sunnyeora Daily Care Wireless Handheld High-Power Car & Desktop Vacuum (Series 2),"<p>High-demand Sunnyeora Daily Care Sunnyeora Daily Care Wireless Handheld High-Power Car & Desktop Vacuum (Series 2). Designed for superior performance, comfort and style. Sourced with USPS express air shipping (7-10 days).</p>",Sunnyeora Daily Care,utilities,utilities,"utilities, utilities, unisex, dropshipping, bestseller",true,Color,Matte Black,Size,9000Pa Strong Suction,SY-SY-PROD-3214,500,shopify,13,deny,manual,57.60,93.28,true,true,https://images.unsplash.com/photo-1540555700478-4be289fbecef?auto=format&fit=crop&w=800&q=80,1,active
luminaglow-tech-magnetic-motion-sensor-led-wireless-under-cabinet-light-strip-air,LuminaGlow Tech Magnetic Motion Sensor LED Wireless Under-Cabinet Light Strip (Air),"<p>High-demand LuminaGlow Tech LuminaGlow Tech Magnetic Motion Sensor LED Wireless Under-Cabinet Light Strip (Air). Designed for superior performance, comfort and style. Sourced with USPS express air shipping (7-10 days).</p>",LuminaGlow Tech,utilities,utilities,"utilities, utilities, unisex, dropshipping, bestseller",true,Color,Warm Cozy White,Size,30cm Ultra-Thin (2-Pack),SY-SY-PROD-3215,500,shopify,14,deny,manual,22.97,39.60,true,true,https://images.unsplash.com/photo-1583863788434-e58a36330cf0?auto=format&fit=crop&w=800&q=80,1,active
purerest-living-self-heating-electric-ceramic-temperature-control-coffee-mug-signature,PureRest Living Self-Heating Electric Ceramic Temperature Control Coffee Mug (Signature),"<p>High-demand PureRest Living PureRest Living Self-Heating Electric Ceramic Temperature Control Coffee Mug (Signature). Designed for superior performance, comfort and style. Sourced with USPS express air shipping (7-10 days).</p>",PureRest Living,utilities,utilities,"utilities, utilities, unisex, dropshipping, bestseller",true,Color,Matte Charcoal,Size,350ml with Coaster Pad,SY-SY-PROD-3216,500,shopify,15,deny,manual,54.34,88.23,true,true,https://images.unsplash.com/photo-1584100936595-c0654b55a2e2?auto=format&fit=crop&w=800&q=80,1,active
sonicclean-crystalsonic-45-000hz-ultrasonic-jewelry-retainer-cleaner-v2,"SonicClean CrystalSonic™ 45,000Hz Ultrasonic Jewelry & Retainer Cleaner (V2)","<p>High-demand SonicClean SonicClean CrystalSonic™ 45,000Hz Ultrasonic Jewelry & Retainer Cleaner (V2). Designed for superior performance, comfort and style. Sourced with USPS express air shipping (7-10 days).</p>",SonicClean,utilities,utilities,"utilities, utilities, unisex, dropshipping, bestseller",true,Color,Nordic White,Size,450ml Stainless Tank,SY-SY-PROD-3217,500,shopify,16,deny,manual,56.71,91.90,true,true,https://images.unsplash.com/photo-1598440947619-2c35fc9aa908?auto=format&fit=crop&w=800&q=80,1,active
crystalsonic-deep-sleep-orthopedic-cervical-contour-memory-pillow-luxe,CrystalSonic Deep-Sleep™ Orthopedic Cervical Contour Memory Pillow (Luxe),"<p>High-demand CrystalSonic CrystalSonic Deep-Sleep™ Orthopedic Cervical Contour Memory Pillow (Luxe). Designed for superior performance, comfort and style. Sourced with USPS express air shipping (7-10 days).</p>",CrystalSonic,utilities,utilities,"utilities, utilities, unisex, dropshipping, bestseller",true,Color,Ice-Silk White,Size,Universal Dual-Contour,SY-SY-PROD-3218,500,shopify,17,deny,manual,88.08,140.52,true,true,https://images.unsplash.com/photo-1522337360788-8b13dee7a37e?auto=format&fit=crop&w=800&q=80,1,active
sunnyeora-daily-care-luminaglow-7-in-1-red-light-facial-phototherapy-wand-pure,Sunnyeora Daily Care LuminaGlow™ 7-in-1 Red Light Facial Phototherapy Wand (Pure),"<p>High-demand Sunnyeora Daily Care Sunnyeora Daily Care LuminaGlow™ 7-in-1 Red Light Facial Phototherapy Wand (Pure). Designed for superior performance, comfort and style. Sourced with USPS express air shipping (7-10 days).</p>",Sunnyeora Daily Care,utilities,utilities,"utilities, utilities, unisex, dropshipping, bestseller",true,Color,Rose Gold Luxury,Size,Type-C Rechargeable,SY-SY-PROD-3219,500,shopify,18,deny,manual,99.45,158.15,true,true,https://images.unsplash.com/photo-1540555700478-4be289fbecef?auto=format&fit=crop&w=800&q=80,1,active
luminaglow-tech-volcano-flame-aromatherapy-essential-oil-air-diffuser-essential,LuminaGlow Tech Volcano Flame Aromatherapy Essential Oil Air Diffuser (Essential),"<p>High-demand LuminaGlow Tech LuminaGlow Tech Volcano Flame Aromatherapy Essential Oil Air Diffuser (Essential). Designed for superior performance, comfort and style. Sourced with USPS express air shipping (7-10 days).</p>",LuminaGlow Tech,utilities,utilities,"utilities, utilities, unisex, dropshipping, bestseller",true,Color,Warm Flame Amber,Size,300ml Tank,SY-SY-PROD-3220,500,shopify,19,deny,manual,40.82,67.27,true,true,https://images.unsplash.com/photo-1583863788434-e58a36330cf0?auto=format&fit=crop&w=800&q=80,1,active
purerest-living-cordless-electric-rechargeable-sweater-fabric-shaver-pro,PureRest Living Cordless Electric Rechargeable Sweater Fabric Shaver (Pro),"<p>High-demand PureRest Living PureRest Living Cordless Electric Rechargeable Sweater Fabric Shaver (Pro). Designed for superior performance, comfort and style. Sourced with USPS express air shipping (7-10 days).</p>",PureRest Living,utilities,utilities,"utilities, utilities, unisex, dropshipping, bestseller",true,Color,Sage Green,Size,Compact Handheld,SY-SY-PROD-3221,500,shopify,5,deny,manual,27.19,46.14,true,true,https://images.unsplash.com/photo-1584100936595-c0654b55a2e2?auto=format&fit=crop&w=800&q=80,1,active
sonicclean-wireless-handheld-high-power-car-desktop-vacuum-elite,SonicClean Wireless Handheld High-Power Car & Desktop Vacuum (Elite),"<p>High-demand SonicClean SonicClean Wireless Handheld High-Power Car & Desktop Vacuum (Elite). Designed for superior performance, comfort and style. Sourced with USPS express air shipping (7-10 days).</p>",SonicClean,utilities,utilities,"utilities, utilities, unisex, dropshipping, bestseller",true,Color,Matte Black,Size,9000Pa Strong Suction,SY-SY-PROD-3222,500,shopify,6,deny,manual,42.56,69.97,true,true,https://images.unsplash.com/photo-1598440947619-2c35fc9aa908?auto=format&fit=crop&w=800&q=80,1,active
crystalsonic-magnetic-motion-sensor-led-wireless-under-cabinet-light-strip-classic,CrystalSonic Magnetic Motion Sensor LED Wireless Under-Cabinet Light Strip (Classic),"<p>High-demand CrystalSonic CrystalSonic Magnetic Motion Sensor LED Wireless Under-Cabinet Light Strip (Classic). Designed for superior performance, comfort and style. Sourced with USPS express air shipping (7-10 days).</p>",CrystalSonic,utilities,utilities,"utilities, utilities, unisex, dropshipping, bestseller",true,Color,Warm Cozy White,Size,30cm Ultra-Thin (2-Pack),SY-SY-PROD-3223,500,shopify,7,deny,manual,19.93,34.89,true,true,https://images.unsplash.com/photo-1522337360788-8b13dee7a37e?auto=format&fit=crop&w=800&q=80,1,active
sunnyeora-daily-care-self-heating-electric-ceramic-temperature-control-coffee-mug-series-2,Sunnyeora Daily Care Self-Heating Electric Ceramic Temperature Control Coffee Mug (Series 2),"<p>High-demand Sunnyeora Daily Care Sunnyeora Daily Care Self-Heating Electric Ceramic Temperature Control Coffee Mug (Series 2). Designed for superior performance, comfort and style. Sourced with USPS express air shipping (7-10 days).</p>",Sunnyeora Daily Care,utilities,utilities,"utilities, utilities, unisex, dropshipping, bestseller",true,Color,Matte Charcoal,Size,350ml with Coaster Pad,SY-SY-PROD-3224,500,shopify,8,deny,manual,65.30,105.22,true,true,https://images.unsplash.com/photo-1540555700478-4be289fbecef?auto=format&fit=crop&w=800&q=80,1,active
luminaglow-tech-crystalsonic-45-000hz-ultrasonic-jewelry-retainer-cleaner-air,"LuminaGlow Tech CrystalSonic™ 45,000Hz Ultrasonic Jewelry & Retainer Cleaner (Air)","<p>High-demand LuminaGlow Tech LuminaGlow Tech CrystalSonic™ 45,000Hz Ultrasonic Jewelry & Retainer Cleaner (Air). Designed for superior performance, comfort and style. Sourced with USPS express air shipping (7-10 days).</p>",LuminaGlow Tech,utilities,utilities,"utilities, utilities, unisex, dropshipping, bestseller",true,Color,Nordic White,Size,450ml Stainless Tank,SY-SY-PROD-3225,500,shopify,9,deny,manual,67.67,108.89,true,true,https://images.unsplash.com/photo-1583863788434-e58a36330cf0?auto=format&fit=crop&w=800&q=80,1,active
purerest-living-deep-sleep-orthopedic-cervical-contour-memory-pillow-signature,PureRest Living Deep-Sleep™ Orthopedic Cervical Contour Memory Pillow (Signature),"<p>High-demand PureRest Living PureRest Living Deep-Sleep™ Orthopedic Cervical Contour Memory Pillow (Signature). Designed for superior performance, comfort and style. Sourced with USPS express air shipping (7-10 days).</p>",PureRest Living,utilities,utilities,"utilities, utilities, unisex, dropshipping, bestseller",true,Color,Ice-Silk White,Size,Universal Dual-Contour,SY-SY-PROD-3226,500,shopify,10,deny,manual,59.04,95.51,true,true,https://images.unsplash.com/photo-1584100936595-c0654b55a2e2?auto=format&fit=crop&w=800&q=80,1,active
sonicclean-luminaglow-7-in-1-red-light-facial-phototherapy-wand-v2,SonicClean LuminaGlow™ 7-in-1 Red Light Facial Phototherapy Wand (V2),"<p>High-demand SonicClean SonicClean LuminaGlow™ 7-in-1 Red Light Facial Phototherapy Wand (V2). Designed for superior performance, comfort and style. Sourced with USPS express air shipping (7-10 days).</p>",SonicClean,utilities,utilities,"utilities, utilities, unisex, dropshipping, bestseller",true,Color,Rose Gold Luxury,Size,Type-C Rechargeable,SY-SY-PROD-3227,500,shopify,11,deny,manual,70.41,113.14,true,true,https://images.unsplash.com/photo-1598440947619-2c35fc9aa908?auto=format&fit=crop&w=800&q=80,1,active
crystalsonic-volcano-flame-aromatherapy-essential-oil-air-diffuser-luxe,CrystalSonic Volcano Flame Aromatherapy Essential Oil Air Diffuser (Luxe),"<p>High-demand CrystalSonic CrystalSonic Volcano Flame Aromatherapy Essential Oil Air Diffuser (Luxe). Designed for superior performance, comfort and style. Sourced with USPS express air shipping (7-10 days).</p>",CrystalSonic,utilities,utilities,"utilities, utilities, unisex, dropshipping, bestseller",true,Color,Warm Flame Amber,Size,300ml Tank,SY-SY-PROD-3228,500,shopify,12,deny,manual,51.78,84.26,true,true,https://images.unsplash.com/photo-1522337360788-8b13dee7a37e?auto=format&fit=crop&w=800&q=80,1,active
sunnyeora-daily-care-cordless-electric-rechargeable-sweater-fabric-shaver-pure,Sunnyeora Daily Care Cordless Electric Rechargeable Sweater Fabric Shaver (Pure),"<p>High-demand Sunnyeora Daily Care Sunnyeora Daily Care Cordless Electric Rechargeable Sweater Fabric Shaver (Pure). Designed for superior performance, comfort and style. Sourced with USPS express air shipping (7-10 days).</p>",Sunnyeora Daily Care,utilities,utilities,"utilities, utilities, unisex, dropshipping, bestseller",true,Color,Sage Green,Size,Compact Handheld,SY-SY-PROD-3229,500,shopify,13,deny,manual,23.15,39.88,true,true,https://images.unsplash.com/photo-1540555700478-4be289fbecef?auto=format&fit=crop&w=800&q=80,1,active
luminaglow-tech-wireless-handheld-high-power-car-desktop-vacuum-essential,LuminaGlow Tech Wireless Handheld High-Power Car & Desktop Vacuum (Essential),"<p>High-demand LuminaGlow Tech LuminaGlow Tech Wireless Handheld High-Power Car & Desktop Vacuum (Essential). Designed for superior performance, comfort and style. Sourced with USPS express air shipping (7-10 days).</p>",LuminaGlow Tech,utilities,utilities,"utilities, utilities, unisex, dropshipping, bestseller",true,Color,Matte Black,Size,9000Pa Strong Suction,SY-SY-PROD-3230,500,shopify,14,deny,manual,53.52,86.96,true,true,https://images.unsplash.com/photo-1583863788434-e58a36330cf0?auto=format&fit=crop&w=800&q=80,1,active
purerest-living-magnetic-motion-sensor-led-wireless-under-cabinet-light-strip-pro,PureRest Living Magnetic Motion Sensor LED Wireless Under-Cabinet Light Strip (Pro),"<p>High-demand PureRest Living PureRest Living Magnetic Motion Sensor LED Wireless Under-Cabinet Light Strip (Pro). Designed for superior performance, comfort and style. Sourced with USPS express air shipping (7-10 days).</p>",PureRest Living,utilities,utilities,"utilities, utilities, unisex, dropshipping, bestseller",true,Color,Warm Cozy White,Size,30cm Ultra-Thin (2-Pack),SY-SY-PROD-3231,500,shopify,15,deny,manual,30.89,51.88,true,true,https://images.unsplash.com/photo-1584100936595-c0654b55a2e2?auto=format&fit=crop&w=800&q=80,1,active
sonicclean-self-heating-electric-ceramic-temperature-control-coffee-mug-elite,SonicClean Self-Heating Electric Ceramic Temperature Control Coffee Mug (Elite),"<p>High-demand SonicClean SonicClean Self-Heating Electric Ceramic Temperature Control Coffee Mug (Elite). Designed for superior performance, comfort and style. Sourced with USPS express air shipping (7-10 days).</p>",SonicClean,utilities,utilities,"utilities, utilities, unisex, dropshipping, bestseller",true,Color,Matte Charcoal,Size,350ml with Coaster Pad,SY-SY-PROD-3232,500,shopify,16,deny,manual,44.26,72.60,true,true,https://images.unsplash.com/photo-1598440947619-2c35fc9aa908?auto=format&fit=crop&w=800&q=80,1,active
crystalsonic-crystalsonic-45-000hz-ultrasonic-jewelry-retainer-cleaner-classic,"CrystalSonic CrystalSonic™ 45,000Hz Ultrasonic Jewelry & Retainer Cleaner (Classic)","<p>High-demand CrystalSonic CrystalSonic CrystalSonic™ 45,000Hz Ultrasonic Jewelry & Retainer Cleaner (Classic). Designed for superior performance, comfort and style. Sourced with USPS express air shipping (7-10 days).</p>",CrystalSonic,utilities,utilities,"utilities, utilities, unisex, dropshipping, bestseller",true,Color,Nordic White,Size,450ml Stainless Tank,SY-SY-PROD-3233,500,shopify,17,deny,manual,48.63,79.38,true,true,https://images.unsplash.com/photo-1522337360788-8b13dee7a37e?auto=format&fit=crop&w=800&q=80,1,active
sunnyeora-daily-care-deep-sleep-orthopedic-cervical-contour-memory-pillow-series-2,Sunnyeora Daily Care Deep-Sleep™ Orthopedic Cervical Contour Memory Pillow (Series 2),"<p>High-demand Sunnyeora Daily Care Sunnyeora Daily Care Deep-Sleep™ Orthopedic Cervical Contour Memory Pillow (Series 2). Designed for superior performance, comfort and style. Sourced with USPS express air shipping (7-10 days).</p>",Sunnyeora Daily Care,utilities,utilities,"utilities, utilities, unisex, dropshipping, bestseller",true,Color,Ice-Silk White,Size,Universal Dual-Contour,SY-SY-PROD-3234,500,shopify,18,deny,manual,70.00,112.50,true,true,https://images.unsplash.com/photo-1540555700478-4be289fbecef?auto=format&fit=crop&w=800&q=80,1,active
luminaglow-tech-luminaglow-7-in-1-red-light-facial-phototherapy-wand-air,LuminaGlow Tech LuminaGlow™ 7-in-1 Red Light Facial Phototherapy Wand (Air),"<p>High-demand LuminaGlow Tech LuminaGlow Tech LuminaGlow™ 7-in-1 Red Light Facial Phototherapy Wand (Air). Designed for superior performance, comfort and style. Sourced with USPS express air shipping (7-10 days).</p>",LuminaGlow Tech,utilities,utilities,"utilities, utilities, unisex, dropshipping, bestseller",true,Color,Rose Gold Luxury,Size,Type-C Rechargeable,SY-SY-PROD-3235,500,shopify,19,deny,manual,81.37,130.12,true,true,https://images.unsplash.com/photo-1583863788434-e58a36330cf0?auto=format&fit=crop&w=800&q=80,1,active
purerest-living-volcano-flame-aromatherapy-essential-oil-air-diffuser-signature,PureRest Living Volcano Flame Aromatherapy Essential Oil Air Diffuser (Signature),"<p>High-demand PureRest Living PureRest Living Volcano Flame Aromatherapy Essential Oil Air Diffuser (Signature). Designed for superior performance, comfort and style. Sourced with USPS express air shipping (7-10 days).</p>",PureRest Living,utilities,utilities,"utilities, utilities, unisex, dropshipping, bestseller",true,Color,Warm Flame Amber,Size,300ml Tank,SY-SY-PROD-3236,500,shopify,5,deny,manual,37.74,62.50,true,true,https://images.unsplash.com/photo-1584100936595-c0654b55a2e2?auto=format&fit=crop&w=800&q=80,1,active
sonicclean-cordless-electric-rechargeable-sweater-fabric-shaver-v2,SonicClean Cordless Electric Rechargeable Sweater Fabric Shaver (V2),"<p>High-demand SonicClean SonicClean Cordless Electric Rechargeable Sweater Fabric Shaver (V2). Designed for superior performance, comfort and style. Sourced with USPS express air shipping (7-10 days).</p>",SonicClean,utilities,utilities,"utilities, utilities, unisex, dropshipping, bestseller",true,Color,Sage Green,Size,Compact Handheld,SY-SY-PROD-3237,500,shopify,6,deny,manual,34.11,56.87,true,true,https://images.unsplash.com/photo-1598440947619-2c35fc9aa908?auto=format&fit=crop&w=800&q=80,1,active
crystalsonic-wireless-handheld-high-power-car-desktop-vacuum-luxe,CrystalSonic Wireless Handheld High-Power Car & Desktop Vacuum (Luxe),"<p>High-demand CrystalSonic CrystalSonic Wireless Handheld High-Power Car & Desktop Vacuum (Luxe). Designed for superior performance, comfort and style. Sourced with USPS express air shipping (7-10 days).</p>",CrystalSonic,utilities,utilities,"utilities, utilities, unisex, dropshipping, bestseller",true,Color,Matte Black,Size,9000Pa Strong Suction,SY-SY-PROD-3238,500,shopify,7,deny,manual,38.48,63.64,true,true,https://images.unsplash.com/photo-1522337360788-8b13dee7a37e?auto=format&fit=crop&w=800&q=80,1,active
sunnyeora-daily-care-magnetic-motion-sensor-led-wireless-under-cabinet-light-strip-pure,Sunnyeora Daily Care Magnetic Motion Sensor LED Wireless Under-Cabinet Light Strip (Pure),"<p>High-demand Sunnyeora Daily Care Sunnyeora Daily Care Magnetic Motion Sensor LED Wireless Under-Cabinet Light Strip (Pure). Designed for superior performance, comfort and style. Sourced with USPS express air shipping (7-10 days).</p>",Sunnyeora Daily Care,utilities,utilities,"utilities, utilities, unisex, dropshipping, bestseller",true,Color,Warm Cozy White,Size,30cm Ultra-Thin (2-Pack),SY-SY-PROD-3239,500,shopify,8,deny,manual,27.85,47.17,true,true,https://images.unsplash.com/photo-1540555700478-4be289fbecef?auto=format&fit=crop&w=800&q=80,1,active
luminaglow-tech-self-heating-electric-ceramic-temperature-control-coffee-mug-essential,LuminaGlow Tech Self-Heating Electric Ceramic Temperature Control Coffee Mug (Essential),"<p>High-demand LuminaGlow Tech LuminaGlow Tech Self-Heating Electric Ceramic Temperature Control Coffee Mug (Essential). Designed for superior performance, comfort and style. Sourced with USPS express air shipping (7-10 days).</p>",LuminaGlow Tech,utilities,utilities,"utilities, utilities, unisex, dropshipping, bestseller",true,Color,Matte Charcoal,Size,350ml with Coaster Pad,SY-SY-PROD-3240,500,shopify,9,deny,manual,55.22,89.59,true,true,https://images.unsplash.com/photo-1583863788434-e58a36330cf0?auto=format&fit=crop&w=800&q=80,1,active
purerest-living-crystalsonic-45-000hz-ultrasonic-jewelry-retainer-cleaner-pro,"PureRest Living CrystalSonic™ 45,000Hz Ultrasonic Jewelry & Retainer Cleaner (Pro)","<p>High-demand PureRest Living PureRest Living CrystalSonic™ 45,000Hz Ultrasonic Jewelry & Retainer Cleaner (Pro). Designed for superior performance, comfort and style. Sourced with USPS express air shipping (7-10 days).</p>",PureRest Living,utilities,utilities,"utilities, utilities, unisex, dropshipping, bestseller",true,Color,Nordic White,Size,450ml Stainless Tank,SY-SY-PROD-3241,500,shopify,10,deny,manual,59.59,96.36,true,true,https://images.unsplash.com/photo-1584100936595-c0654b55a2e2?auto=format&fit=crop&w=800&q=80,1,active
sonicclean-deep-sleep-orthopedic-cervical-contour-memory-pillow-elite,SonicClean Deep-Sleep™ Orthopedic Cervical Contour Memory Pillow (Elite),"<p>High-demand SonicClean SonicClean Deep-Sleep™ Orthopedic Cervical Contour Memory Pillow (Elite). Designed for superior performance, comfort and style. Sourced with USPS express air shipping (7-10 days).</p>",SonicClean,utilities,utilities,"utilities, utilities, unisex, dropshipping, bestseller",true,Color,Ice-Silk White,Size,Universal Dual-Contour,SY-SY-PROD-3242,500,shopify,11,deny,manual,80.96,129.49,true,true,https://images.unsplash.com/photo-1598440947619-2c35fc9aa908?auto=format&fit=crop&w=800&q=80,1,active
crystalsonic-luminaglow-7-in-1-red-light-facial-phototherapy-wand-classic,CrystalSonic LuminaGlow™ 7-in-1 Red Light Facial Phototherapy Wand (Classic),"<p>High-demand CrystalSonic CrystalSonic LuminaGlow™ 7-in-1 Red Light Facial Phototherapy Wand (Classic). Designed for superior performance, comfort and style. Sourced with USPS express air shipping (7-10 days).</p>",CrystalSonic,utilities,utilities,"utilities, utilities, unisex, dropshipping, bestseller",true,Color,Rose Gold Luxury,Size,Type-C Rechargeable,SY-SY-PROD-3243,500,shopify,12,deny,manual,92.33,147.11,true,true,https://images.unsplash.com/photo-1522337360788-8b13dee7a37e?auto=format&fit=crop&w=800&q=80,1,active
sunnyeora-daily-care-volcano-flame-aromatherapy-essential-oil-air-diffuser-series-2,Sunnyeora Daily Care Volcano Flame Aromatherapy Essential Oil Air Diffuser (Series 2),"<p>High-demand Sunnyeora Daily Care Sunnyeora Daily Care Volcano Flame Aromatherapy Essential Oil Air Diffuser (Series 2). Designed for superior performance, comfort and style. Sourced with USPS express air shipping (7-10 days).</p>",Sunnyeora Daily Care,utilities,utilities,"utilities, utilities, unisex, dropshipping, bestseller",true,Color,Warm Flame Amber,Size,300ml Tank,SY-SY-PROD-3244,500,shopify,13,deny,manual,48.70,79.49,true,true,https://images.unsplash.com/photo-1540555700478-4be289fbecef?auto=format&fit=crop&w=800&q=80,1,active
luminaglow-tech-cordless-electric-rechargeable-sweater-fabric-shaver-air,LuminaGlow Tech Cordless Electric Rechargeable Sweater Fabric Shaver (Air),"<p>High-demand LuminaGlow Tech LuminaGlow Tech Cordless Electric Rechargeable Sweater Fabric Shaver (Air). Designed for superior performance, comfort and style. Sourced with USPS express air shipping (7-10 days).</p>",LuminaGlow Tech,utilities,utilities,"utilities, utilities, unisex, dropshipping, bestseller",true,Color,Sage Green,Size,Compact Handheld,SY-SY-PROD-3245,500,shopify,14,deny,manual,30.07,50.61,true,true,https://images.unsplash.com/photo-1583863788434-e58a36330cf0?auto=format&fit=crop&w=800&q=80,1,active
purerest-living-wireless-handheld-high-power-car-desktop-vacuum-signature,PureRest Living Wireless Handheld High-Power Car & Desktop Vacuum (Signature),"<p>High-demand PureRest Living PureRest Living Wireless Handheld High-Power Car & Desktop Vacuum (Signature). Designed for superior performance, comfort and style. Sourced with USPS express air shipping (7-10 days).</p>",PureRest Living,utilities,utilities,"utilities, utilities, unisex, dropshipping, bestseller",true,Color,Matte Black,Size,9000Pa Strong Suction,SY-SY-PROD-3246,500,shopify,15,deny,manual,49.44,80.63,true,true,https://images.unsplash.com/photo-1584100936595-c0654b55a2e2?auto=format&fit=crop&w=800&q=80,1,active
sonicclean-magnetic-motion-sensor-led-wireless-under-cabinet-light-strip-v2,SonicClean Magnetic Motion Sensor LED Wireless Under-Cabinet Light Strip (V2),"<p>High-demand SonicClean SonicClean Magnetic Motion Sensor LED Wireless Under-Cabinet Light Strip (V2). Designed for superior performance, comfort and style. Sourced with USPS express air shipping (7-10 days).</p>",SonicClean,utilities,utilities,"utilities, utilities, unisex, dropshipping, bestseller",true,Color,Warm Cozy White,Size,30cm Ultra-Thin (2-Pack),SY-SY-PROD-3247,500,shopify,16,deny,manual,24.81,42.46,true,true,https://images.unsplash.com/photo-1598440947619-2c35fc9aa908?auto=format&fit=crop&w=800&q=80,1,active
crystalsonic-self-heating-electric-ceramic-temperature-control-coffee-mug-luxe,CrystalSonic Self-Heating Electric Ceramic Temperature Control Coffee Mug (Luxe),"<p>High-demand CrystalSonic CrystalSonic Self-Heating Electric Ceramic Temperature Control Coffee Mug (Luxe). Designed for superior performance, comfort and style. Sourced with USPS express air shipping (7-10 days).</p>",CrystalSonic,utilities,utilities,"utilities, utilities, unisex, dropshipping, bestseller",true,Color,Matte Charcoal,Size,350ml with Coaster Pad,SY-SY-PROD-3248,500,shopify,17,deny,manual,66.18,106.58,true,true,https://images.unsplash.com/photo-1522337360788-8b13dee7a37e?auto=format&fit=crop&w=800&q=80,1,active
sunnyeora-daily-care-crystalsonic-45-000hz-ultrasonic-jewelry-retainer-cleaner-pure,"Sunnyeora Daily Care CrystalSonic™ 45,000Hz Ultrasonic Jewelry & Retainer Cleaner (Pure)","<p>High-demand Sunnyeora Daily Care Sunnyeora Daily Care CrystalSonic™ 45,000Hz Ultrasonic Jewelry & Retainer Cleaner (Pure). Designed for superior performance, comfort and style. Sourced with USPS express air shipping (7-10 days).</p>",Sunnyeora Daily Care,utilities,utilities,"utilities, utilities, unisex, dropshipping, bestseller",true,Color,Nordic White,Size,450ml Stainless Tank,SY-SY-PROD-3249,500,shopify,18,deny,manual,40.55,66.85,true,true,https://images.unsplash.com/photo-1540555700478-4be289fbecef?auto=format&fit=crop&w=800&q=80,1,active
luminaglow-tech-deep-sleep-orthopedic-cervical-contour-memory-pillow-essential,LuminaGlow Tech Deep-Sleep™ Orthopedic Cervical Contour Memory Pillow (Essential),"<p>High-demand LuminaGlow Tech LuminaGlow Tech Deep-Sleep™ Orthopedic Cervical Contour Memory Pillow (Essential). Designed for superior performance, comfort and style. Sourced with USPS express air shipping (7-10 days).</p>",LuminaGlow Tech,utilities,utilities,"utilities, utilities, unisex, dropshipping, bestseller",true,Color,Ice-Silk White,Size,Universal Dual-Contour,SY-SY-PROD-3250,500,shopify,19,deny,manual,51.92,84.48,true,true,https://images.unsplash.com/photo-1583863788434-e58a36330cf0?auto=format&fit=crop&w=800&q=80,1,active
purerest-living-luminaglow-7-in-1-red-light-facial-phototherapy-wand-pro,PureRest Living LuminaGlow™ 7-in-1 Red Light Facial Phototherapy Wand (Pro),"<p>High-demand PureRest Living PureRest Living LuminaGlow™ 7-in-1 Red Light Facial Phototherapy Wand (Pro). Designed for superior performance, comfort and style. Sourced with USPS express air shipping (7-10 days).</p>",PureRest Living,utilities,utilities,"utilities, utilities, unisex, dropshipping, bestseller",true,Color,Rose Gold Luxury,Size,Type-C Rechargeable,SY-SY-PROD-3251,500,shopify,5,deny,manual,63.29,102.10,true,true,https://images.unsplash.com/photo-1584100936595-c0654b55a2e2?auto=format&fit=crop&w=800&q=80,1,active
sonicclean-volcano-flame-aromatherapy-essential-oil-air-diffuser-elite,SonicClean Volcano Flame Aromatherapy Essential Oil Air Diffuser (Elite),"<p>High-demand SonicClean SonicClean Volcano Flame Aromatherapy Essential Oil Air Diffuser (Elite). Designed for superior performance, comfort and style. Sourced with USPS express air shipping (7-10 days).</p>",SonicClean,utilities,utilities,"utilities, utilities, unisex, dropshipping, bestseller",true,Color,Warm Flame Amber,Size,300ml Tank,SY-SY-PROD-3252,500,shopify,6,deny,manual,59.66,96.47,true,true,https://images.unsplash.com/photo-1598440947619-2c35fc9aa908?auto=format&fit=crop&w=800&q=80,1,active
crystalsonic-cordless-electric-rechargeable-sweater-fabric-shaver-classic,CrystalSonic Cordless Electric Rechargeable Sweater Fabric Shaver (Classic),"<p>High-demand CrystalSonic CrystalSonic Cordless Electric Rechargeable Sweater Fabric Shaver (Classic). Designed for superior performance, comfort and style. Sourced with USPS express air shipping (7-10 days).</p>",CrystalSonic,utilities,utilities,"utilities, utilities, unisex, dropshipping, bestseller",true,Color,Sage Green,Size,Compact Handheld,SY-SY-PROD-3253,500,shopify,7,deny,manual,26.03,44.35,true,true,https://images.unsplash.com/photo-1522337360788-8b13dee7a37e?auto=format&fit=crop&w=800&q=80,1,active
sunnyeora-daily-care-wireless-handheld-high-power-car-desktop-vacuum-series-2,Sunnyeora Daily Care Wireless Handheld High-Power Car & Desktop Vacuum (Series 2),"<p>High-demand Sunnyeora Daily Care Sunnyeora Daily Care Wireless Handheld High-Power Car & Desktop Vacuum (Series 2). Designed for superior performance, comfort and style. Sourced with USPS express air shipping (7-10 days).</p>",Sunnyeora Daily Care,utilities,utilities,"utilities, utilities, unisex, dropshipping, bestseller",true,Color,Matte Black,Size,9000Pa Strong Suction,SY-SY-PROD-3254,500,shopify,8,deny,manual,60.40,97.62,true,true,https://images.unsplash.com/photo-1540555700478-4be289fbecef?auto=format&fit=crop&w=800&q=80,1,active
luminaglow-tech-magnetic-motion-sensor-led-wireless-under-cabinet-light-strip-air,LuminaGlow Tech Magnetic Motion Sensor LED Wireless Under-Cabinet Light Strip (Air),"<p>High-demand LuminaGlow Tech LuminaGlow Tech Magnetic Motion Sensor LED Wireless Under-Cabinet Light Strip (Air). Designed for superior performance, comfort and style. Sourced with USPS express air shipping (7-10 days).</p>",LuminaGlow Tech,utilities,utilities,"utilities, utilities, unisex, dropshipping, bestseller",true,Color,Warm Cozy White,Size,30cm Ultra-Thin (2-Pack),SY-SY-PROD-3255,500,shopify,9,deny,manual,21.77,37.74,true,true,https://images.unsplash.com/photo-1583863788434-e58a36330cf0?auto=format&fit=crop&w=800&q=80,1,active
purerest-living-self-heating-electric-ceramic-temperature-control-coffee-mug-signature,PureRest Living Self-Heating Electric Ceramic Temperature Control Coffee Mug (Signature),"<p>High-demand PureRest Living PureRest Living Self-Heating Electric Ceramic Temperature Control Coffee Mug (Signature). Designed for superior performance, comfort and style. Sourced with USPS express air shipping (7-10 days).</p>",PureRest Living,utilities,utilities,"utilities, utilities, unisex, dropshipping, bestseller",true,Color,Matte Charcoal,Size,350ml with Coaster Pad,SY-SY-PROD-3256,500,shopify,10,deny,manual,45.14,73.97,true,true,https://images.unsplash.com/photo-1584100936595-c0654b55a2e2?auto=format&fit=crop&w=800&q=80,1,active
sonicclean-crystalsonic-45-000hz-ultrasonic-jewelry-retainer-cleaner-v2,"SonicClean CrystalSonic™ 45,000Hz Ultrasonic Jewelry & Retainer Cleaner (V2)","<p>High-demand SonicClean SonicClean CrystalSonic™ 45,000Hz Ultrasonic Jewelry & Retainer Cleaner (V2). Designed for superior performance, comfort and style. Sourced with USPS express air shipping (7-10 days).</p>",SonicClean,utilities,utilities,"utilities, utilities, unisex, dropshipping, bestseller",true,Color,Nordic White,Size,450ml Stainless Tank,SY-SY-PROD-3257,500,shopify,11,deny,manual,51.51,83.84,true,true,https://images.unsplash.com/photo-1598440947619-2c35fc9aa908?auto=format&fit=crop&w=800&q=80,1,active
crystalsonic-deep-sleep-orthopedic-cervical-contour-memory-pillow-luxe,CrystalSonic Deep-Sleep™ Orthopedic Cervical Contour Memory Pillow (Luxe),"<p>High-demand CrystalSonic CrystalSonic Deep-Sleep™ Orthopedic Cervical Contour Memory Pillow (Luxe). Designed for superior performance, comfort and style. Sourced with USPS express air shipping (7-10 days).</p>",CrystalSonic,utilities,utilities,"utilities, utilities, unisex, dropshipping, bestseller",true,Color,Ice-Silk White,Size,Universal Dual-Contour,SY-SY-PROD-3258,500,shopify,12,deny,manual,62.88,101.46,true,true,https://images.unsplash.com/photo-1522337360788-8b13dee7a37e?auto=format&fit=crop&w=800&q=80,1,active
sunnyeora-daily-care-luminaglow-7-in-1-red-light-facial-phototherapy-wand-pure,Sunnyeora Daily Care LuminaGlow™ 7-in-1 Red Light Facial Phototherapy Wand (Pure),"<p>High-demand Sunnyeora Daily Care Sunnyeora Daily Care LuminaGlow™ 7-in-1 Red Light Facial Phototherapy Wand (Pure). Designed for superior performance, comfort and style. Sourced with USPS express air shipping (7-10 days).</p>",Sunnyeora Daily Care,utilities,utilities,"utilities, utilities, unisex, dropshipping, bestseller",true,Color,Rose Gold Luxury,Size,Type-C Rechargeable,SY-SY-PROD-3259,500,shopify,13,deny,manual,74.25,119.09,true,true,https://images.unsplash.com/photo-1540555700478-4be289fbecef?auto=format&fit=crop&w=800&q=80,1,active
luminaglow-tech-volcano-flame-aromatherapy-essential-oil-air-diffuser-essential,LuminaGlow Tech Volcano Flame Aromatherapy Essential Oil Air Diffuser (Essential),"<p>High-demand LuminaGlow Tech LuminaGlow Tech Volcano Flame Aromatherapy Essential Oil Air Diffuser (Essential). Designed for superior performance, comfort and style. Sourced with USPS express air shipping (7-10 days).</p>",LuminaGlow Tech,utilities,utilities,"utilities, utilities, unisex, dropshipping, bestseller",true,Color,Warm Flame Amber,Size,300ml Tank,SY-SY-PROD-3260,500,shopify,14,deny,manual,45.62,74.71,true,true,https://images.unsplash.com/photo-1583863788434-e58a36330cf0?auto=format&fit=crop&w=800&q=80,1,active
purerest-living-cordless-electric-rechargeable-sweater-fabric-shaver-pro,PureRest Living Cordless Electric Rechargeable Sweater Fabric Shaver (Pro),"<p>High-demand PureRest Living PureRest Living Cordless Electric Rechargeable Sweater Fabric Shaver (Pro). Designed for superior performance, comfort and style. Sourced with USPS express air shipping (7-10 days).</p>",PureRest Living,utilities,utilities,"utilities, utilities, unisex, dropshipping, bestseller",true,Color,Sage Green,Size,Compact Handheld,SY-SY-PROD-3261,500,shopify,15,deny,manual,21.99,38.08,true,true,https://images.unsplash.com/photo-1584100936595-c0654b55a2e2?auto=format&fit=crop&w=800&q=80,1,active
sonicclean-wireless-handheld-high-power-car-desktop-vacuum-elite,SonicClean Wireless Handheld High-Power Car & Desktop Vacuum (Elite),"<p>High-demand SonicClean SonicClean Wireless Handheld High-Power Car & Desktop Vacuum (Elite). Designed for superior performance, comfort and style. Sourced with USPS express air shipping (7-10 days).</p>",SonicClean,utilities,utilities,"utilities, utilities, unisex, dropshipping, bestseller",true,Color,Matte Black,Size,9000Pa Strong Suction,SY-SY-PROD-3262,500,shopify,16,deny,manual,45.36,74.31,true,true,https://images.unsplash.com/photo-1598440947619-2c35fc9aa908?auto=format&fit=crop&w=800&q=80,1,active
crystalsonic-magnetic-motion-sensor-led-wireless-under-cabinet-light-strip-classic,CrystalSonic Magnetic Motion Sensor LED Wireless Under-Cabinet Light Strip (Classic),"<p>High-demand CrystalSonic CrystalSonic Magnetic Motion Sensor LED Wireless Under-Cabinet Light Strip (Classic). Designed for superior performance, comfort and style. Sourced with USPS express air shipping (7-10 days).</p>",CrystalSonic,utilities,utilities,"utilities, utilities, unisex, dropshipping, bestseller",true,Color,Warm Cozy White,Size,30cm Ultra-Thin (2-Pack),SY-SY-PROD-3263,500,shopify,17,deny,manual,32.73,54.73,true,true,https://images.unsplash.com/photo-1522337360788-8b13dee7a37e?auto=format&fit=crop&w=800&q=80,1,active
sunnyeora-daily-care-self-heating-electric-ceramic-temperature-control-coffee-mug-series-2,Sunnyeora Daily Care Self-Heating Electric Ceramic Temperature Control Coffee Mug (Series 2),"<p>High-demand Sunnyeora Daily Care Sunnyeora Daily Care Self-Heating Electric Ceramic Temperature Control Coffee Mug (Series 2). Designed for superior performance, comfort and style. Sourced with USPS express air shipping (7-10 days).</p>",Sunnyeora Daily Care,utilities,utilities,"utilities, utilities, unisex, dropshipping, bestseller",true,Color,Matte Charcoal,Size,350ml with Coaster Pad,SY-SY-PROD-3264,500,shopify,18,deny,manual,56.10,90.95,true,true,https://images.unsplash.com/photo-1540555700478-4be289fbecef?auto=format&fit=crop&w=800&q=80,1,active
luminaglow-tech-crystalsonic-45-000hz-ultrasonic-jewelry-retainer-cleaner-air,"LuminaGlow Tech CrystalSonic™ 45,000Hz Ultrasonic Jewelry & Retainer Cleaner (Air)","<p>High-demand LuminaGlow Tech LuminaGlow Tech CrystalSonic™ 45,000Hz Ultrasonic Jewelry & Retainer Cleaner (Air). Designed for superior performance, comfort and style. Sourced with USPS express air shipping (7-10 days).</p>",LuminaGlow Tech,utilities,utilities,"utilities, utilities, unisex, dropshipping, bestseller",true,Color,Nordic White,Size,450ml Stainless Tank,SY-SY-PROD-3265,500,shopify,19,deny,manual,62.47,100.83,true,true,https://images.unsplash.com/photo-1583863788434-e58a36330cf0?auto=format&fit=crop&w=800&q=80,1,active
purerest-living-deep-sleep-orthopedic-cervical-contour-memory-pillow-signature,PureRest Living Deep-Sleep™ Orthopedic Cervical Contour Memory Pillow (Signature),"<p>High-demand PureRest Living PureRest Living Deep-Sleep™ Orthopedic Cervical Contour Memory Pillow (Signature). Designed for superior performance, comfort and style. Sourced with USPS express air shipping (7-10 days).</p>",PureRest Living,utilities,utilities,"utilities, utilities, unisex, dropshipping, bestseller",true,Color,Ice-Silk White,Size,Universal Dual-Contour,SY-SY-PROD-3266,500,shopify,5,deny,manual,73.84,118.45,true,true,https://images.unsplash.com/photo-1584100936595-c0654b55a2e2?auto=format&fit=crop&w=800&q=80,1,active
sonicclean-luminaglow-7-in-1-red-light-facial-phototherapy-wand-v2,SonicClean LuminaGlow™ 7-in-1 Red Light Facial Phototherapy Wand (V2),"<p>High-demand SonicClean SonicClean LuminaGlow™ 7-in-1 Red Light Facial Phototherapy Wand (V2). Designed for superior performance, comfort and style. Sourced with USPS express air shipping (7-10 days).</p>",SonicClean,utilities,utilities,"utilities, utilities, unisex, dropshipping, bestseller",true,Color,Rose Gold Luxury,Size,Type-C Rechargeable,SY-SY-PROD-3267,500,shopify,6,deny,manual,85.21,136.08,true,true,https://images.unsplash.com/photo-1598440947619-2c35fc9aa908?auto=format&fit=crop&w=800&q=80,1,active
crystalsonic-volcano-flame-aromatherapy-essential-oil-air-diffuser-luxe,CrystalSonic Volcano Flame Aromatherapy Essential Oil Air Diffuser (Luxe),"<p>High-demand CrystalSonic CrystalSonic Volcano Flame Aromatherapy Essential Oil Air Diffuser (Luxe). Designed for superior performance, comfort and style. Sourced with USPS express air shipping (7-10 days).</p>",CrystalSonic,utilities,utilities,"utilities, utilities, unisex, dropshipping, bestseller",true,Color,Warm Flame Amber,Size,300ml Tank,SY-SY-PROD-3268,500,shopify,7,deny,manual,56.58,91.70,true,true,https://images.unsplash.com/photo-1522337360788-8b13dee7a37e?auto=format&fit=crop&w=800&q=80,1,active
sunnyeora-daily-care-cordless-electric-rechargeable-sweater-fabric-shaver-pure,Sunnyeora Daily Care Cordless Electric Rechargeable Sweater Fabric Shaver (Pure),"<p>High-demand Sunnyeora Daily Care Sunnyeora Daily Care Cordless Electric Rechargeable Sweater Fabric Shaver (Pure). Designed for superior performance, comfort and style. Sourced with USPS express air shipping (7-10 days).</p>",Sunnyeora Daily Care,utilities,utilities,"utilities, utilities, unisex, dropshipping, bestseller",true,Color,Sage Green,Size,Compact Handheld,SY-SY-PROD-3269,500,shopify,8,deny,manual,32.95,55.07,true,true,https://images.unsplash.com/photo-1540555700478-4be289fbecef?auto=format&fit=crop&w=800&q=80,1,active
luminaglow-tech-wireless-handheld-high-power-car-desktop-vacuum-essential,LuminaGlow Tech Wireless Handheld High-Power Car & Desktop Vacuum (Essential),"<p>High-demand LuminaGlow Tech LuminaGlow Tech Wireless Handheld High-Power Car & Desktop Vacuum (Essential). Designed for superior performance, comfort and style. Sourced with USPS express air shipping (7-10 days).</p>",LuminaGlow Tech,utilities,utilities,"utilities, utilities, unisex, dropshipping, bestseller",true,Color,Matte Black,Size,9000Pa Strong Suction,SY-SY-PROD-3270,500,shopify,9,deny,manual,56.32,91.30,true,true,https://images.unsplash.com/photo-1583863788434-e58a36330cf0?auto=format&fit=crop&w=800&q=80,1,active
purerest-living-magnetic-motion-sensor-led-wireless-under-cabinet-light-strip-pro,PureRest Living Magnetic Motion Sensor LED Wireless Under-Cabinet Light Strip (Pro),"<p>High-demand PureRest Living PureRest Living Magnetic Motion Sensor LED Wireless Under-Cabinet Light Strip (Pro). Designed for superior performance, comfort and style. Sourced with USPS express air shipping (7-10 days).</p>",PureRest Living,utilities,utilities,"utilities, utilities, unisex, dropshipping, bestseller",true,Color,Warm Cozy White,Size,30cm Ultra-Thin (2-Pack),SY-SY-PROD-3271,500,shopify,10,deny,manual,29.69,50.02,true,true,https://images.unsplash.com/photo-1584100936595-c0654b55a2e2?auto=format&fit=crop&w=800&q=80,1,active
sonicclean-self-heating-electric-ceramic-temperature-control-coffee-mug-elite,SonicClean Self-Heating Electric Ceramic Temperature Control Coffee Mug (Elite),"<p>High-demand SonicClean SonicClean Self-Heating Electric Ceramic Temperature Control Coffee Mug (Elite). Designed for superior performance, comfort and style. Sourced with USPS express air shipping (7-10 days).</p>",SonicClean,utilities,utilities,"utilities, utilities, unisex, dropshipping, bestseller",true,Color,Matte Charcoal,Size,350ml with Coaster Pad,SY-SY-PROD-3272,500,shopify,11,deny,manual,67.06,107.94,true,true,https://images.unsplash.com/photo-1598440947619-2c35fc9aa908?auto=format&fit=crop&w=800&q=80,1,active
crystalsonic-crystalsonic-45-000hz-ultrasonic-jewelry-retainer-cleaner-classic,"CrystalSonic CrystalSonic™ 45,000Hz Ultrasonic Jewelry & Retainer Cleaner (Classic)","<p>High-demand CrystalSonic CrystalSonic CrystalSonic™ 45,000Hz Ultrasonic Jewelry & Retainer Cleaner (Classic). Designed for superior performance, comfort and style. Sourced with USPS express air shipping (7-10 days).</p>",CrystalSonic,utilities,utilities,"utilities, utilities, unisex, dropshipping, bestseller",true,Color,Nordic White,Size,450ml Stainless Tank,SY-SY-PROD-3273,500,shopify,12,deny,manual,43.43,71.32,true,true,https://images.unsplash.com/photo-1522337360788-8b13dee7a37e?auto=format&fit=crop&w=800&q=80,1,active
sunnyeora-daily-care-deep-sleep-orthopedic-cervical-contour-memory-pillow-series-2,Sunnyeora Daily Care Deep-Sleep™ Orthopedic Cervical Contour Memory Pillow (Series 2),"<p>High-demand Sunnyeora Daily Care Sunnyeora Daily Care Deep-Sleep™ Orthopedic Cervical Contour Memory Pillow (Series 2). Designed for superior performance, comfort and style. Sourced with USPS express air shipping (7-10 days).</p>",Sunnyeora Daily Care,utilities,utilities,"utilities, utilities, unisex, dropshipping, bestseller",true,Color,Ice-Silk White,Size,Universal Dual-Contour,SY-SY-PROD-3274,500,shopify,13,deny,manual,84.80,135.44,true,true,https://images.unsplash.com/photo-1540555700478-4be289fbecef?auto=format&fit=crop&w=800&q=80,1,active
luminaglow-tech-luminaglow-7-in-1-red-light-facial-phototherapy-wand-air,LuminaGlow Tech LuminaGlow™ 7-in-1 Red Light Facial Phototherapy Wand (Air),"<p>High-demand LuminaGlow Tech LuminaGlow Tech LuminaGlow™ 7-in-1 Red Light Facial Phototherapy Wand (Air). Designed for superior performance, comfort and style. Sourced with USPS express air shipping (7-10 days).</p>",LuminaGlow Tech,utilities,utilities,"utilities, utilities, unisex, dropshipping, bestseller",true,Color,Rose Gold Luxury,Size,Type-C Rechargeable,SY-SY-PROD-3275,500,shopify,14,deny,manual,96.17,153.06,true,true,https://images.unsplash.com/photo-1583863788434-e58a36330cf0?auto=format&fit=crop&w=800&q=80,1,active
purerest-living-volcano-flame-aromatherapy-essential-oil-air-diffuser-signature,PureRest Living Volcano Flame Aromatherapy Essential Oil Air Diffuser (Signature),"<p>High-demand PureRest Living PureRest Living Volcano Flame Aromatherapy Essential Oil Air Diffuser (Signature). Designed for superior performance, comfort and style. Sourced with USPS express air shipping (7-10 days).</p>",PureRest Living,utilities,utilities,"utilities, utilities, unisex, dropshipping, bestseller",true,Color,Warm Flame Amber,Size,300ml Tank,SY-SY-PROD-3276,500,shopify,15,deny,manual,42.54,69.94,true,true,https://images.unsplash.com/photo-1584100936595-c0654b55a2e2?auto=format&fit=crop&w=800&q=80,1,active
sonicclean-cordless-electric-rechargeable-sweater-fabric-shaver-v2,SonicClean Cordless Electric Rechargeable Sweater Fabric Shaver (V2),"<p>High-demand SonicClean SonicClean Cordless Electric Rechargeable Sweater Fabric Shaver (V2). Designed for superior performance, comfort and style. Sourced with USPS express air shipping (7-10 days).</p>",SonicClean,utilities,utilities,"utilities, utilities, unisex, dropshipping, bestseller",true,Color,Sage Green,Size,Compact Handheld,SY-SY-PROD-3277,500,shopify,16,deny,manual,28.91,48.81,true,true,https://images.unsplash.com/photo-1598440947619-2c35fc9aa908?auto=format&fit=crop&w=800&q=80,1,active
crystalsonic-wireless-handheld-high-power-car-desktop-vacuum-luxe,CrystalSonic Wireless Handheld High-Power Car & Desktop Vacuum (Luxe),"<p>High-demand CrystalSonic CrystalSonic Wireless Handheld High-Power Car & Desktop Vacuum (Luxe). Designed for superior performance, comfort and style. Sourced with USPS express air shipping (7-10 days).</p>",CrystalSonic,utilities,utilities,"utilities, utilities, unisex, dropshipping, bestseller",true,Color,Matte Black,Size,9000Pa Strong Suction,SY-SY-PROD-3278,500,shopify,17,deny,manual,41.28,67.98,true,true,https://images.unsplash.com/photo-1522337360788-8b13dee7a37e?auto=format&fit=crop&w=800&q=80,1,active
sunnyeora-daily-care-magnetic-motion-sensor-led-wireless-under-cabinet-light-strip-pure,Sunnyeora Daily Care Magnetic Motion Sensor LED Wireless Under-Cabinet Light Strip (Pure),"<p>High-demand Sunnyeora Daily Care Sunnyeora Daily Care Magnetic Motion Sensor LED Wireless Under-Cabinet Light Strip (Pure). Designed for superior performance, comfort and style. Sourced with USPS express air shipping (7-10 days).</p>",Sunnyeora Daily Care,utilities,utilities,"utilities, utilities, unisex, dropshipping, bestseller",true,Color,Warm Cozy White,Size,30cm Ultra-Thin (2-Pack),SY-SY-PROD-3279,500,shopify,18,deny,manual,26.65,45.31,true,true,https://images.unsplash.com/photo-1540555700478-4be289fbecef?auto=format&fit=crop&w=800&q=80,1,active
luminaglow-tech-self-heating-electric-ceramic-temperature-control-coffee-mug-essential,LuminaGlow Tech Self-Heating Electric Ceramic Temperature Control Coffee Mug (Essential),"<p>High-demand LuminaGlow Tech LuminaGlow Tech Self-Heating Electric Ceramic Temperature Control Coffee Mug (Essential). Designed for superior performance, comfort and style. Sourced with USPS express air shipping (7-10 days).</p>",LuminaGlow Tech,utilities,utilities,"utilities, utilities, unisex, dropshipping, bestseller",true,Color,Matte Charcoal,Size,350ml with Coaster Pad,SY-SY-PROD-3280,500,shopify,19,deny,manual,46.02,75.33,true,true,https://images.unsplash.com/photo-1583863788434-e58a36330cf0?auto=format&fit=crop&w=800&q=80,1,active
purerest-living-crystalsonic-45-000hz-ultrasonic-jewelry-retainer-cleaner-pro,"PureRest Living CrystalSonic™ 45,000Hz Ultrasonic Jewelry & Retainer Cleaner (Pro)","<p>High-demand PureRest Living PureRest Living CrystalSonic™ 45,000Hz Ultrasonic Jewelry & Retainer Cleaner (Pro). Designed for superior performance, comfort and style. Sourced with USPS express air shipping (7-10 days).</p>",PureRest Living,utilities,utilities,"utilities, utilities, unisex, dropshipping, bestseller",true,Color,Nordic White,Size,450ml Stainless Tank,SY-SY-PROD-3281,500,shopify,5,deny,manual,54.39,88.30,true,true,https://images.unsplash.com/photo-1584100936595-c0654b55a2e2?auto=format&fit=crop&w=800&q=80,1,active
sonicclean-deep-sleep-orthopedic-cervical-contour-memory-pillow-elite,SonicClean Deep-Sleep™ Orthopedic Cervical Contour Memory Pillow (Elite),"<p>High-demand SonicClean SonicClean Deep-Sleep™ Orthopedic Cervical Contour Memory Pillow (Elite). Designed for superior performance, comfort and style. Sourced with USPS express air shipping (7-10 days).</p>",SonicClean,utilities,utilities,"utilities, utilities, unisex, dropshipping, bestseller",true,Color,Ice-Silk White,Size,Universal Dual-Contour,SY-SY-PROD-3282,500,shopify,6,deny,manual,55.76,90.43,true,true,https://images.unsplash.com/photo-1598440947619-2c35fc9aa908?auto=format&fit=crop&w=800&q=80,1,active
crystalsonic-luminaglow-7-in-1-red-light-facial-phototherapy-wand-classic,CrystalSonic LuminaGlow™ 7-in-1 Red Light Facial Phototherapy Wand (Classic),"<p>High-demand CrystalSonic CrystalSonic LuminaGlow™ 7-in-1 Red Light Facial Phototherapy Wand (Classic). Designed for superior performance, comfort and style. Sourced with USPS express air shipping (7-10 days).</p>",CrystalSonic,utilities,utilities,"utilities, utilities, unisex, dropshipping, bestseller",true,Color,Rose Gold Luxury,Size,Type-C Rechargeable,SY-SY-PROD-3283,500,shopify,7,deny,manual,67.13,108.05,true,true,https://images.unsplash.com/photo-1522337360788-8b13dee7a37e?auto=format&fit=crop&w=800&q=80,1,active
sunnyeora-daily-care-volcano-flame-aromatherapy-essential-oil-air-diffuser-series-2,Sunnyeora Daily Care Volcano Flame Aromatherapy Essential Oil Air Diffuser (Series 2),"<p>High-demand Sunnyeora Daily Care Sunnyeora Daily Care Volcano Flame Aromatherapy Essential Oil Air Diffuser (Series 2). Designed for superior performance, comfort and style. Sourced with USPS express air shipping (7-10 days).</p>",Sunnyeora Daily Care,utilities,utilities,"utilities, utilities, unisex, dropshipping, bestseller",true,Color,Warm Flame Amber,Size,300ml Tank,SY-SY-PROD-3284,500,shopify,8,deny,manual,53.50,86.92,true,true,https://images.unsplash.com/photo-1540555700478-4be289fbecef?auto=format&fit=crop&w=800&q=80,1,active
luminaglow-tech-cordless-electric-rechargeable-sweater-fabric-shaver-air,LuminaGlow Tech Cordless Electric Rechargeable Sweater Fabric Shaver (Air),"<p>High-demand LuminaGlow Tech LuminaGlow Tech Cordless Electric Rechargeable Sweater Fabric Shaver (Air). Designed for superior performance, comfort and style. Sourced with USPS express air shipping (7-10 days).</p>",LuminaGlow Tech,utilities,utilities,"utilities, utilities, unisex, dropshipping, bestseller",true,Color,Sage Green,Size,Compact Handheld,SY-SY-PROD-3285,500,shopify,9,deny,manual,24.87,42.55,true,true,https://images.unsplash.com/photo-1583863788434-e58a36330cf0?auto=format&fit=crop&w=800&q=80,1,active
purerest-living-wireless-handheld-high-power-car-desktop-vacuum-signature,PureRest Living Wireless Handheld High-Power Car & Desktop Vacuum (Signature),"<p>High-demand PureRest Living PureRest Living Wireless Handheld High-Power Car & Desktop Vacuum (Signature). Designed for superior performance, comfort and style. Sourced with USPS express air shipping (7-10 days).</p>",PureRest Living,utilities,utilities,"utilities, utilities, unisex, dropshipping, bestseller",true,Color,Matte Black,Size,9000Pa Strong Suction,SY-SY-PROD-3286,500,shopify,10,deny,manual,52.24,84.97,true,true,https://images.unsplash.com/photo-1584100936595-c0654b55a2e2?auto=format&fit=crop&w=800&q=80,1,active
sonicclean-magnetic-motion-sensor-led-wireless-under-cabinet-light-strip-v2,SonicClean Magnetic Motion Sensor LED Wireless Under-Cabinet Light Strip (V2),"<p>High-demand SonicClean SonicClean Magnetic Motion Sensor LED Wireless Under-Cabinet Light Strip (V2). Designed for superior performance, comfort and style. Sourced with USPS express air shipping (7-10 days).</p>",SonicClean,utilities,utilities,"utilities, utilities, unisex, dropshipping, bestseller",true,Color,Warm Cozy White,Size,30cm Ultra-Thin (2-Pack),SY-SY-PROD-3287,500,shopify,11,deny,manual,23.61,40.60,true,true,https://images.unsplash.com/photo-1598440947619-2c35fc9aa908?auto=format&fit=crop&w=800&q=80,1,active
crystalsonic-self-heating-electric-ceramic-temperature-control-coffee-mug-luxe,CrystalSonic Self-Heating Electric Ceramic Temperature Control Coffee Mug (Luxe),"<p>High-demand CrystalSonic CrystalSonic Self-Heating Electric Ceramic Temperature Control Coffee Mug (Luxe). Designed for superior performance, comfort and style. Sourced with USPS express air shipping (7-10 days).</p>",CrystalSonic,utilities,utilities,"utilities, utilities, unisex, dropshipping, bestseller",true,Color,Matte Charcoal,Size,350ml with Coaster Pad,SY-SY-PROD-3288,500,shopify,12,deny,manual,56.98,92.32,true,true,https://images.unsplash.com/photo-1522337360788-8b13dee7a37e?auto=format&fit=crop&w=800&q=80,1,active
sunnyeora-daily-care-crystalsonic-45-000hz-ultrasonic-jewelry-retainer-cleaner-pure,"Sunnyeora Daily Care CrystalSonic™ 45,000Hz Ultrasonic Jewelry & Retainer Cleaner (Pure)","<p>High-demand Sunnyeora Daily Care Sunnyeora Daily Care CrystalSonic™ 45,000Hz Ultrasonic Jewelry & Retainer Cleaner (Pure). Designed for superior performance, comfort and style. Sourced with USPS express air shipping (7-10 days).</p>",Sunnyeora Daily Care,utilities,utilities,"utilities, utilities, unisex, dropshipping, bestseller",true,Color,Nordic White,Size,450ml Stainless Tank,SY-SY-PROD-3289,500,shopify,13,deny,manual,65.35,105.29,true,true,https://images.unsplash.com/photo-1540555700478-4be289fbecef?auto=format&fit=crop&w=800&q=80,1,active
luminaglow-tech-deep-sleep-orthopedic-cervical-contour-memory-pillow-essential,LuminaGlow Tech Deep-Sleep™ Orthopedic Cervical Contour Memory Pillow (Essential),"<p>High-demand LuminaGlow Tech LuminaGlow Tech Deep-Sleep™ Orthopedic Cervical Contour Memory Pillow (Essential). Designed for superior performance, comfort and style. Sourced with USPS express air shipping (7-10 days).</p>",LuminaGlow Tech,utilities,utilities,"utilities, utilities, unisex, dropshipping, bestseller",true,Color,Ice-Silk White,Size,Universal Dual-Contour,SY-SY-PROD-3290,500,shopify,14,deny,manual,66.72,107.42,true,true,https://images.unsplash.com/photo-1583863788434-e58a36330cf0?auto=format&fit=crop&w=800&q=80,1,active
purerest-living-luminaglow-7-in-1-red-light-facial-phototherapy-wand-pro,PureRest Living LuminaGlow™ 7-in-1 Red Light Facial Phototherapy Wand (Pro),"<p>High-demand PureRest Living PureRest Living LuminaGlow™ 7-in-1 Red Light Facial Phototherapy Wand (Pro). Designed for superior performance, comfort and style. Sourced with USPS express air shipping (7-10 days).</p>",PureRest Living,utilities,utilities,"utilities, utilities, unisex, dropshipping, bestseller",true,Color,Rose Gold Luxury,Size,Type-C Rechargeable,SY-SY-PROD-3291,500,shopify,15,deny,manual,78.09,125.04,true,true,https://images.unsplash.com/photo-1584100936595-c0654b55a2e2?auto=format&fit=crop&w=800&q=80,1,active
sonicclean-volcano-flame-aromatherapy-essential-oil-air-diffuser-elite,SonicClean Volcano Flame Aromatherapy Essential Oil Air Diffuser (Elite),"<p>High-demand SonicClean SonicClean Volcano Flame Aromatherapy Essential Oil Air Diffuser (Elite). Designed for superior performance, comfort and style. Sourced with USPS express air shipping (7-10 days).</p>",SonicClean,utilities,utilities,"utilities, utilities, unisex, dropshipping, bestseller",true,Color,Warm Flame Amber,Size,300ml Tank,SY-SY-PROD-3292,500,shopify,16,deny,manual,39.46,65.16,true,true,https://images.unsplash.com/photo-1598440947619-2c35fc9aa908?auto=format&fit=crop&w=800&q=80,1,active
crystalsonic-cordless-electric-rechargeable-sweater-fabric-shaver-classic,CrystalSonic Cordless Electric Rechargeable Sweater Fabric Shaver (Classic),"<p>High-demand CrystalSonic CrystalSonic Cordless Electric Rechargeable Sweater Fabric Shaver (Classic). Designed for superior performance, comfort and style. Sourced with USPS express air shipping (7-10 days).</p>",CrystalSonic,utilities,utilities,"utilities, utilities, unisex, dropshipping, bestseller",true,Color,Sage Green,Size,Compact Handheld,SY-SY-PROD-3293,500,shopify,17,deny,manual,20.83,36.29,true,true,https://images.unsplash.com/photo-1522337360788-8b13dee7a37e?auto=format&fit=crop&w=800&q=80,1,active
sunnyeora-daily-care-wireless-handheld-high-power-car-desktop-vacuum-series-2,Sunnyeora Daily Care Wireless Handheld High-Power Car & Desktop Vacuum (Series 2),"<p>High-demand Sunnyeora Daily Care Sunnyeora Daily Care Wireless Handheld High-Power Car & Desktop Vacuum (Series 2). Designed for superior performance, comfort and style. Sourced with USPS express air shipping (7-10 days).</p>",Sunnyeora Daily Care,utilities,utilities,"utilities, utilities, unisex, dropshipping, bestseller",true,Color,Matte Black,Size,9000Pa Strong Suction,SY-SY-PROD-3294,500,shopify,18,deny,manual,37.20,61.66,true,true,https://images.unsplash.com/photo-1540555700478-4be289fbecef?auto=format&fit=crop&w=800&q=80,1,active
luminaglow-tech-magnetic-motion-sensor-led-wireless-under-cabinet-light-strip-air,LuminaGlow Tech Magnetic Motion Sensor LED Wireless Under-Cabinet Light Strip (Air),"<p>High-demand LuminaGlow Tech LuminaGlow Tech Magnetic Motion Sensor LED Wireless Under-Cabinet Light Strip (Air). Designed for superior performance, comfort and style. Sourced with USPS express air shipping (7-10 days).</p>",LuminaGlow Tech,utilities,utilities,"utilities, utilities, unisex, dropshipping, bestseller",true,Color,Warm Cozy White,Size,30cm Ultra-Thin (2-Pack),SY-SY-PROD-3295,500,shopify,19,deny,manual,20.57,35.88,true,true,https://images.unsplash.com/photo-1583863788434-e58a36330cf0?auto=format&fit=crop&w=800&q=80,1,active
purerest-living-self-heating-electric-ceramic-temperature-control-coffee-mug-signature,PureRest Living Self-Heating Electric Ceramic Temperature Control Coffee Mug (Signature),"<p>High-demand PureRest Living PureRest Living Self-Heating Electric Ceramic Temperature Control Coffee Mug (Signature). Designed for superior performance, comfort and style. Sourced with USPS express air shipping (7-10 days).</p>",PureRest Living,utilities,utilities,"utilities, utilities, unisex, dropshipping, bestseller",true,Color,Matte Charcoal,Size,350ml with Coaster Pad,SY-SY-PROD-3296,500,shopify,5,deny,manual,67.94,109.31,true,true,https://images.unsplash.com/photo-1584100936595-c0654b55a2e2?auto=format&fit=crop&w=800&q=80,1,active
sonicclean-crystalsonic-45-000hz-ultrasonic-jewelry-retainer-cleaner-v2,"SonicClean CrystalSonic™ 45,000Hz Ultrasonic Jewelry & Retainer Cleaner (V2)","<p>High-demand SonicClean SonicClean CrystalSonic™ 45,000Hz Ultrasonic Jewelry & Retainer Cleaner (V2). Designed for superior performance, comfort and style. Sourced with USPS express air shipping (7-10 days).</p>",SonicClean,utilities,utilities,"utilities, utilities, unisex, dropshipping, bestseller",true,Color,Nordic White,Size,450ml Stainless Tank,SY-SY-PROD-3297,500,shopify,6,deny,manual,46.31,75.78,true,true,https://images.unsplash.com/photo-1598440947619-2c35fc9aa908?auto=format&fit=crop&w=800&q=80,1,active
crystalsonic-deep-sleep-orthopedic-cervical-contour-memory-pillow-luxe,CrystalSonic Deep-Sleep™ Orthopedic Cervical Contour Memory Pillow (Luxe),"<p>High-demand CrystalSonic CrystalSonic Deep-Sleep™ Orthopedic Cervical Contour Memory Pillow (Luxe). Designed for superior performance, comfort and style. Sourced with USPS express air shipping (7-10 days).</p>",CrystalSonic,utilities,utilities,"utilities, utilities, unisex, dropshipping, bestseller",true,Color,Ice-Silk White,Size,Universal Dual-Contour,SY-SY-PROD-3298,500,shopify,7,deny,manual,77.68,124.40,true,true,https://images.unsplash.com/photo-1522337360788-8b13dee7a37e?auto=format&fit=crop&w=800&q=80,1,active
sunnyeora-daily-care-luminaglow-7-in-1-red-light-facial-phototherapy-wand-pure,Sunnyeora Daily Care LuminaGlow™ 7-in-1 Red Light Facial Phototherapy Wand (Pure),"<p>High-demand Sunnyeora Daily Care Sunnyeora Daily Care LuminaGlow™ 7-in-1 Red Light Facial Phototherapy Wand (Pure). Designed for superior performance, comfort and style. Sourced with USPS express air shipping (7-10 days).</p>",Sunnyeora Daily Care,utilities,utilities,"utilities, utilities, unisex, dropshipping, bestseller",true,Color,Rose Gold Luxury,Size,Type-C Rechargeable,SY-SY-PROD-3299,500,shopify,8,deny,manual,89.05,142.03,true,true,https://images.unsplash.com/photo-1540555700478-4be289fbecef?auto=format&fit=crop&w=800&q=80,1,active
luminaglow-tech-volcano-flame-aromatherapy-essential-oil-air-diffuser-essential,LuminaGlow Tech Volcano Flame Aromatherapy Essential Oil Air Diffuser (Essential),"<p>High-demand LuminaGlow Tech LuminaGlow Tech Volcano Flame Aromatherapy Essential Oil Air Diffuser (Essential). Designed for superior performance, comfort and style. Sourced with USPS express air shipping (7-10 days).</p>",LuminaGlow Tech,utilities,utilities,"utilities, utilities, unisex, dropshipping, bestseller",true,Color,Warm Flame Amber,Size,300ml Tank,SY-SY-PROD-3300,500,shopify,9,deny,manual,50.42,82.15,true,true,https://images.unsplash.com/photo-1583863788434-e58a36330cf0?auto=format&fit=crop&w=800&q=80,1,active
purerest-living-cordless-electric-rechargeable-sweater-fabric-shaver-pro,PureRest Living Cordless Electric Rechargeable Sweater Fabric Shaver (Pro),"<p>High-demand PureRest Living PureRest Living Cordless Electric Rechargeable Sweater Fabric Shaver (Pro). Designed for superior performance, comfort and style. Sourced with USPS express air shipping (7-10 days).</p>",PureRest Living,utilities,utilities,"utilities, utilities, unisex, dropshipping, bestseller",true,Color,Sage Green,Size,Compact Handheld,SY-SY-PROD-3301,500,shopify,10,deny,manual,31.79,53.27,true,true,https://images.unsplash.com/photo-1584100936595-c0654b55a2e2?auto=format&fit=crop&w=800&q=80,1,active
sonicclean-wireless-handheld-high-power-car-desktop-vacuum-elite,SonicClean Wireless Handheld High-Power Car & Desktop Vacuum (Elite),"<p>High-demand SonicClean SonicClean Wireless Handheld High-Power Car & Desktop Vacuum (Elite). Designed for superior performance, comfort and style. Sourced with USPS express air shipping (7-10 days).</p>",SonicClean,utilities,utilities,"utilities, utilities, unisex, dropshipping, bestseller",true,Color,Matte Black,Size,9000Pa Strong Suction,SY-SY-PROD-3302,500,shopify,11,deny,manual,48.16,78.65,true,true,https://images.unsplash.com/photo-1598440947619-2c35fc9aa908?auto=format&fit=crop&w=800&q=80,1,active
crystalsonic-magnetic-motion-sensor-led-wireless-under-cabinet-light-strip-classic,CrystalSonic Magnetic Motion Sensor LED Wireless Under-Cabinet Light Strip (Classic),"<p>High-demand CrystalSonic CrystalSonic Magnetic Motion Sensor LED Wireless Under-Cabinet Light Strip (Classic). Designed for superior performance, comfort and style. Sourced with USPS express air shipping (7-10 days).</p>",CrystalSonic,utilities,utilities,"utilities, utilities, unisex, dropshipping, bestseller",true,Color,Warm Cozy White,Size,30cm Ultra-Thin (2-Pack),SY-SY-PROD-3303,500,shopify,12,deny,manual,31.53,52.87,true,true,https://images.unsplash.com/photo-1522337360788-8b13dee7a37e?auto=format&fit=crop&w=800&q=80,1,active
sunnyeora-daily-care-self-heating-electric-ceramic-temperature-control-coffee-mug-series-2,Sunnyeora Daily Care Self-Heating Electric Ceramic Temperature Control Coffee Mug (Series 2),"<p>High-demand Sunnyeora Daily Care Sunnyeora Daily Care Self-Heating Electric Ceramic Temperature Control Coffee Mug (Series 2). Designed for superior performance, comfort and style. Sourced with USPS express air shipping (7-10 days).</p>",Sunnyeora Daily Care,utilities,utilities,"utilities, utilities, unisex, dropshipping, bestseller",true,Color,Matte Charcoal,Size,350ml with Coaster Pad,SY-SY-PROD-3304,500,shopify,13,deny,manual,46.90,76.69,true,true,https://images.unsplash.com/photo-1540555700478-4be289fbecef?auto=format&fit=crop&w=800&q=80,1,active
luminaglow-tech-crystalsonic-45-000hz-ultrasonic-jewelry-retainer-cleaner-air,"LuminaGlow Tech CrystalSonic™ 45,000Hz Ultrasonic Jewelry & Retainer Cleaner (Air)","<p>High-demand LuminaGlow Tech LuminaGlow Tech CrystalSonic™ 45,000Hz Ultrasonic Jewelry & Retainer Cleaner (Air). Designed for superior performance, comfort and style. Sourced with USPS express air shipping (7-10 days).</p>",LuminaGlow Tech,utilities,utilities,"utilities, utilities, unisex, dropshipping, bestseller",true,Color,Nordic White,Size,450ml Stainless Tank,SY-SY-PROD-3305,500,shopify,14,deny,manual,57.27,92.77,true,true,https://images.unsplash.com/photo-1583863788434-e58a36330cf0?auto=format&fit=crop&w=800&q=80,1,active
purerest-living-deep-sleep-orthopedic-cervical-contour-memory-pillow-signature,PureRest Living Deep-Sleep™ Orthopedic Cervical Contour Memory Pillow (Signature),"<p>High-demand PureRest Living PureRest Living Deep-Sleep™ Orthopedic Cervical Contour Memory Pillow (Signature). Designed for superior performance, comfort and style. Sourced with USPS express air shipping (7-10 days).</p>",PureRest Living,utilities,utilities,"utilities, utilities, unisex, dropshipping, bestseller",true,Color,Ice-Silk White,Size,Universal Dual-Contour,SY-SY-PROD-3306,500,shopify,15,deny,manual,88.64,141.39,true,true,https://images.unsplash.com/photo-1584100936595-c0654b55a2e2?auto=format&fit=crop&w=800&q=80,1,active
sonicclean-luminaglow-7-in-1-red-light-facial-phototherapy-wand-v2,SonicClean LuminaGlow™ 7-in-1 Red Light Facial Phototherapy Wand (V2),"<p>High-demand SonicClean SonicClean LuminaGlow™ 7-in-1 Red Light Facial Phototherapy Wand (V2). Designed for superior performance, comfort and style. Sourced with USPS express air shipping (7-10 days).</p>",SonicClean,utilities,utilities,"utilities, utilities, unisex, dropshipping, bestseller",true,Color,Rose Gold Luxury,Size,Type-C Rechargeable,SY-SY-PROD-3307,500,shopify,16,deny,manual,60.01,97.02,true,true,https://images.unsplash.com/photo-1598440947619-2c35fc9aa908?auto=format&fit=crop&w=800&q=80,1,active
crystalsonic-volcano-flame-aromatherapy-essential-oil-air-diffuser-luxe,CrystalSonic Volcano Flame Aromatherapy Essential Oil Air Diffuser (Luxe),"<p>High-demand CrystalSonic CrystalSonic Volcano Flame Aromatherapy Essential Oil Air Diffuser (Luxe). Designed for superior performance, comfort and style. Sourced with USPS express air shipping (7-10 days).</p>",CrystalSonic,utilities,utilities,"utilities, utilities, unisex, dropshipping, bestseller",true,Color,Warm Flame Amber,Size,300ml Tank,SY-SY-PROD-3308,500,shopify,17,deny,manual,36.38,60.39,true,true,https://images.unsplash.com/photo-1522337360788-8b13dee7a37e?auto=format&fit=crop&w=800&q=80,1,active
sunnyeora-daily-care-cordless-electric-rechargeable-sweater-fabric-shaver-pure,Sunnyeora Daily Care Cordless Electric Rechargeable Sweater Fabric Shaver (Pure),"<p>High-demand Sunnyeora Daily Care Sunnyeora Daily Care Cordless Electric Rechargeable Sweater Fabric Shaver (Pure). Designed for superior performance, comfort and style. Sourced with USPS express air shipping (7-10 days).</p>",Sunnyeora Daily Care,utilities,utilities,"utilities, utilities, unisex, dropshipping, bestseller",true,Color,Sage Green,Size,Compact Handheld,SY-SY-PROD-3309,500,shopify,18,deny,manual,27.75,47.01,true,true,https://images.unsplash.com/photo-1540555700478-4be289fbecef?auto=format&fit=crop&w=800&q=80,1,active
luminaglow-tech-wireless-handheld-high-power-car-desktop-vacuum-essential,LuminaGlow Tech Wireless Handheld High-Power Car & Desktop Vacuum (Essential),"<p>High-demand LuminaGlow Tech LuminaGlow Tech Wireless Handheld High-Power Car & Desktop Vacuum (Essential). Designed for superior performance, comfort and style. Sourced with USPS express air shipping (7-10 days).</p>",LuminaGlow Tech,utilities,utilities,"utilities, utilities, unisex, dropshipping, bestseller",true,Color,Matte Black,Size,9000Pa Strong Suction,SY-SY-PROD-3310,500,shopify,19,deny,manual,59.12,95.64,true,true,https://images.unsplash.com/photo-1583863788434-e58a36330cf0?auto=format&fit=crop&w=800&q=80,1,active
purerest-living-magnetic-motion-sensor-led-wireless-under-cabinet-light-strip-pro,PureRest Living Magnetic Motion Sensor LED Wireless Under-Cabinet Light Strip (Pro),"<p>High-demand PureRest Living PureRest Living Magnetic Motion Sensor LED Wireless Under-Cabinet Light Strip (Pro). Designed for superior performance, comfort and style. Sourced with USPS express air shipping (7-10 days).</p>",PureRest Living,utilities,utilities,"utilities, utilities, unisex, dropshipping, bestseller",true,Color,Warm Cozy White,Size,30cm Ultra-Thin (2-Pack),SY-SY-PROD-3311,500,shopify,5,deny,manual,28.49,48.16,true,true,https://images.unsplash.com/photo-1584100936595-c0654b55a2e2?auto=format&fit=crop&w=800&q=80,1,active
sonicclean-self-heating-electric-ceramic-temperature-control-coffee-mug-elite,SonicClean Self-Heating Electric Ceramic Temperature Control Coffee Mug (Elite),"<p>High-demand SonicClean SonicClean Self-Heating Electric Ceramic Temperature Control Coffee Mug (Elite). Designed for superior performance, comfort and style. Sourced with USPS express air shipping (7-10 days).</p>",SonicClean,utilities,utilities,"utilities, utilities, unisex, dropshipping, bestseller",true,Color,Matte Charcoal,Size,350ml with Coaster Pad,SY-SY-PROD-3312,500,shopify,6,deny,manual,57.86,93.68,true,true,https://images.unsplash.com/photo-1598440947619-2c35fc9aa908?auto=format&fit=crop&w=800&q=80,1,active
crystalsonic-crystalsonic-45-000hz-ultrasonic-jewelry-retainer-cleaner-classic,"CrystalSonic CrystalSonic™ 45,000Hz Ultrasonic Jewelry & Retainer Cleaner (Classic)","<p>High-demand CrystalSonic CrystalSonic CrystalSonic™ 45,000Hz Ultrasonic Jewelry & Retainer Cleaner (Classic). Designed for superior performance, comfort and style. Sourced with USPS express air shipping (7-10 days).</p>",CrystalSonic,utilities,utilities,"utilities, utilities, unisex, dropshipping, bestseller",true,Color,Nordic White,Size,450ml Stainless Tank,SY-SY-PROD-3313,500,shopify,7,deny,manual,68.23,109.76,true,true,https://images.unsplash.com/photo-1522337360788-8b13dee7a37e?auto=format&fit=crop&w=800&q=80,1,active
sunnyeora-daily-care-deep-sleep-orthopedic-cervical-contour-memory-pillow-series-2,Sunnyeora Daily Care Deep-Sleep™ Orthopedic Cervical Contour Memory Pillow (Series 2),"<p>High-demand Sunnyeora Daily Care Sunnyeora Daily Care Deep-Sleep™ Orthopedic Cervical Contour Memory Pillow (Series 2). Designed for superior performance, comfort and style. Sourced with USPS express air shipping (7-10 days).</p>",Sunnyeora Daily Care,utilities,utilities,"utilities, utilities, unisex, dropshipping, bestseller",true,Color,Ice-Silk White,Size,Universal Dual-Contour,SY-SY-PROD-3314,500,shopify,8,deny,manual,59.60,96.38,true,true,https://images.unsplash.com/photo-1540555700478-4be289fbecef?auto=format&fit=crop&w=800&q=80,1,active
luminaglow-tech-luminaglow-7-in-1-red-light-facial-phototherapy-wand-air,LuminaGlow Tech LuminaGlow™ 7-in-1 Red Light Facial Phototherapy Wand (Air),"<p>High-demand LuminaGlow Tech LuminaGlow Tech LuminaGlow™ 7-in-1 Red Light Facial Phototherapy Wand (Air). Designed for superior performance, comfort and style. Sourced with USPS express air shipping (7-10 days).</p>",LuminaGlow Tech,utilities,utilities,"utilities, utilities, unisex, dropshipping, bestseller",true,Color,Rose Gold Luxury,Size,Type-C Rechargeable,SY-SY-PROD-3315,500,shopify,9,deny,manual,70.97,114.00,true,true,https://images.unsplash.com/photo-1583863788434-e58a36330cf0?auto=format&fit=crop&w=800&q=80,1,active
purerest-living-volcano-flame-aromatherapy-essential-oil-air-diffuser-signature,PureRest Living Volcano Flame Aromatherapy Essential Oil Air Diffuser (Signature),"<p>High-demand PureRest Living PureRest Living Volcano Flame Aromatherapy Essential Oil Air Diffuser (Signature). Designed for superior performance, comfort and style. Sourced with USPS express air shipping (7-10 days).</p>",PureRest Living,utilities,utilities,"utilities, utilities, unisex, dropshipping, bestseller",true,Color,Warm Flame Amber,Size,300ml Tank,SY-SY-PROD-3316,500,shopify,10,deny,manual,47.34,77.38,true,true,https://images.unsplash.com/photo-1584100936595-c0654b55a2e2?auto=format&fit=crop&w=800&q=80,1,active
sonicclean-cordless-electric-rechargeable-sweater-fabric-shaver-v2,SonicClean Cordless Electric Rechargeable Sweater Fabric Shaver (V2),"<p>High-demand SonicClean SonicClean Cordless Electric Rechargeable Sweater Fabric Shaver (V2). Designed for superior performance, comfort and style. Sourced with USPS express air shipping (7-10 days).</p>",SonicClean,utilities,utilities,"utilities, utilities, unisex, dropshipping, bestseller",true,Color,Sage Green,Size,Compact Handheld,SY-SY-PROD-3317,500,shopify,11,deny,manual,23.71,40.75,true,true,https://images.unsplash.com/photo-1598440947619-2c35fc9aa908?auto=format&fit=crop&w=800&q=80,1,active
crystalsonic-wireless-handheld-high-power-car-desktop-vacuum-luxe,CrystalSonic Wireless Handheld High-Power Car & Desktop Vacuum (Luxe),"<p>High-demand CrystalSonic CrystalSonic Wireless Handheld High-Power Car & Desktop Vacuum (Luxe). Designed for superior performance, comfort and style. Sourced with USPS express air shipping (7-10 days).</p>",CrystalSonic,utilities,utilities,"utilities, utilities, unisex, dropshipping, bestseller",true,Color,Matte Black,Size,9000Pa Strong Suction,SY-SY-PROD-3318,500,shopify,12,deny,manual,44.08,72.32,true,true,https://images.unsplash.com/photo-1522337360788-8b13dee7a37e?auto=format&fit=crop&w=800&q=80,1,active
sunnyeora-daily-care-magnetic-motion-sensor-led-wireless-under-cabinet-light-strip-pure,Sunnyeora Daily Care Magnetic Motion Sensor LED Wireless Under-Cabinet Light Strip (Pure),"<p>High-demand Sunnyeora Daily Care Sunnyeora Daily Care Magnetic Motion Sensor LED Wireless Under-Cabinet Light Strip (Pure). Designed for superior performance, comfort and style. Sourced with USPS express air shipping (7-10 days).</p>",Sunnyeora Daily Care,utilities,utilities,"utilities, utilities, unisex, dropshipping, bestseller",true,Color,Warm Cozy White,Size,30cm Ultra-Thin (2-Pack),SY-SY-PROD-3319,500,shopify,13,deny,manual,25.45,43.45,true,true,https://images.unsplash.com/photo-1540555700478-4be289fbecef?auto=format&fit=crop&w=800&q=80,1,active
luminaglow-tech-self-heating-electric-ceramic-temperature-control-coffee-mug-essential,LuminaGlow Tech Self-Heating Electric Ceramic Temperature Control Coffee Mug (Essential),"<p>High-demand LuminaGlow Tech LuminaGlow Tech Self-Heating Electric Ceramic Temperature Control Coffee Mug (Essential). Designed for superior performance, comfort and style. Sourced with USPS express air shipping (7-10 days).</p>",LuminaGlow Tech,utilities,utilities,"utilities, utilities, unisex, dropshipping, bestseller",true,Color,Matte Charcoal,Size,350ml with Coaster Pad,SY-SY-PROD-3320,500,shopify,14,deny,manual,68.82,110.67,true,true,https://images.unsplash.com/photo-1583863788434-e58a36330cf0?auto=format&fit=crop&w=800&q=80,1,active
purerest-living-crystalsonic-45-000hz-ultrasonic-jewelry-retainer-cleaner-pro,"PureRest Living CrystalSonic™ 45,000Hz Ultrasonic Jewelry & Retainer Cleaner (Pro)","<p>High-demand PureRest Living PureRest Living CrystalSonic™ 45,000Hz Ultrasonic Jewelry & Retainer Cleaner (Pro). Designed for superior performance, comfort and style. Sourced with USPS express air shipping (7-10 days).</p>",PureRest Living,utilities,utilities,"utilities, utilities, unisex, dropshipping, bestseller",true,Color,Nordic White,Size,450ml Stainless Tank,SY-SY-PROD-3321,500,shopify,15,deny,manual,49.19,80.24,true,true,https://images.unsplash.com/photo-1584100936595-c0654b55a2e2?auto=format&fit=crop&w=800&q=80,1,active
sonicclean-deep-sleep-orthopedic-cervical-contour-memory-pillow-elite,SonicClean Deep-Sleep™ Orthopedic Cervical Contour Memory Pillow (Elite),"<p>High-demand SonicClean SonicClean Deep-Sleep™ Orthopedic Cervical Contour Memory Pillow (Elite). Designed for superior performance, comfort and style. Sourced with USPS express air shipping (7-10 days).</p>",SonicClean,utilities,utilities,"utilities, utilities, unisex, dropshipping, bestseller",true,Color,Ice-Silk White,Size,Universal Dual-Contour,SY-SY-PROD-3322,500,shopify,16,deny,manual,70.56,113.37,true,true,https://images.unsplash.com/photo-1598440947619-2c35fc9aa908?auto=format&fit=crop&w=800&q=80,1,active
crystalsonic-luminaglow-7-in-1-red-light-facial-phototherapy-wand-classic,CrystalSonic LuminaGlow™ 7-in-1 Red Light Facial Phototherapy Wand (Classic),"<p>High-demand CrystalSonic CrystalSonic LuminaGlow™ 7-in-1 Red Light Facial Phototherapy Wand (Classic). Designed for superior performance, comfort and style. Sourced with USPS express air shipping (7-10 days).</p>",CrystalSonic,utilities,utilities,"utilities, utilities, unisex, dropshipping, bestseller",true,Color,Rose Gold Luxury,Size,Type-C Rechargeable,SY-SY-PROD-3323,500,shopify,17,deny,manual,81.93,130.99,true,true,https://images.unsplash.com/photo-1522337360788-8b13dee7a37e?auto=format&fit=crop&w=800&q=80,1,active
sunnyeora-daily-care-volcano-flame-aromatherapy-essential-oil-air-diffuser-series-2,Sunnyeora Daily Care Volcano Flame Aromatherapy Essential Oil Air Diffuser (Series 2),"<p>High-demand Sunnyeora Daily Care Sunnyeora Daily Care Volcano Flame Aromatherapy Essential Oil Air Diffuser (Series 2). Designed for superior performance, comfort and style. Sourced with USPS express air shipping (7-10 days).</p>",Sunnyeora Daily Care,utilities,utilities,"utilities, utilities, unisex, dropshipping, bestseller",true,Color,Warm Flame Amber,Size,300ml Tank,SY-SY-PROD-3324,500,shopify,18,deny,manual,58.30,94.36,true,true,https://images.unsplash.com/photo-1540555700478-4be289fbecef?auto=format&fit=crop&w=800&q=80,1,active
luminaglow-tech-cordless-electric-rechargeable-sweater-fabric-shaver-air,LuminaGlow Tech Cordless Electric Rechargeable Sweater Fabric Shaver (Air),"<p>High-demand LuminaGlow Tech LuminaGlow Tech Cordless Electric Rechargeable Sweater Fabric Shaver (Air). Designed for superior performance, comfort and style. Sourced with USPS express air shipping (7-10 days).</p>",LuminaGlow Tech,utilities,utilities,"utilities, utilities, unisex, dropshipping, bestseller",true,Color,Sage Green,Size,Compact Handheld,SY-SY-PROD-3325,500,shopify,19,deny,manual,34.67,57.74,true,true,https://images.unsplash.com/photo-1583863788434-e58a36330cf0?auto=format&fit=crop&w=800&q=80,1,active
purerest-living-wireless-handheld-high-power-car-desktop-vacuum-signature,PureRest Living Wireless Handheld High-Power Car & Desktop Vacuum (Signature),"<p>High-demand PureRest Living PureRest Living Wireless Handheld High-Power Car & Desktop Vacuum (Signature). Designed for superior performance, comfort and style. Sourced with USPS express air shipping (7-10 days).</p>",PureRest Living,utilities,utilities,"utilities, utilities, unisex, dropshipping, bestseller",true,Color,Matte Black,Size,9000Pa Strong Suction,SY-SY-PROD-3326,500,shopify,5,deny,manual,55.04,89.31,true,true,https://images.unsplash.com/photo-1584100936595-c0654b55a2e2?auto=format&fit=crop&w=800&q=80,1,active
sonicclean-magnetic-motion-sensor-led-wireless-under-cabinet-light-strip-v2,SonicClean Magnetic Motion Sensor LED Wireless Under-Cabinet Light Strip (V2),"<p>High-demand SonicClean SonicClean Magnetic Motion Sensor LED Wireless Under-Cabinet Light Strip (V2). Designed for superior performance, comfort and style. Sourced with USPS express air shipping (7-10 days).</p>",SonicClean,utilities,utilities,"utilities, utilities, unisex, dropshipping, bestseller",true,Color,Warm Cozy White,Size,30cm Ultra-Thin (2-Pack),SY-SY-PROD-3327,500,shopify,6,deny,manual,22.41,38.74,true,true,https://images.unsplash.com/photo-1598440947619-2c35fc9aa908?auto=format&fit=crop&w=800&q=80,1,active
crystalsonic-self-heating-electric-ceramic-temperature-control-coffee-mug-luxe,CrystalSonic Self-Heating Electric Ceramic Temperature Control Coffee Mug (Luxe),"<p>High-demand CrystalSonic CrystalSonic Self-Heating Electric Ceramic Temperature Control Coffee Mug (Luxe). Designed for superior performance, comfort and style. Sourced with USPS express air shipping (7-10 days).</p>",CrystalSonic,utilities,utilities,"utilities, utilities, unisex, dropshipping, bestseller",true,Color,Matte Charcoal,Size,350ml with Coaster Pad,SY-SY-PROD-3328,500,shopify,7,deny,manual,47.78,78.06,true,true,https://images.unsplash.com/photo-1522337360788-8b13dee7a37e?auto=format&fit=crop&w=800&q=80,1,active
sunnyeora-daily-care-crystalsonic-45-000hz-ultrasonic-jewelry-retainer-cleaner-pure,"Sunnyeora Daily Care CrystalSonic™ 45,000Hz Ultrasonic Jewelry & Retainer Cleaner (Pure)","<p>High-demand Sunnyeora Daily Care Sunnyeora Daily Care CrystalSonic™ 45,000Hz Ultrasonic Jewelry & Retainer Cleaner (Pure). Designed for superior performance, comfort and style. Sourced with USPS express air shipping (7-10 days).</p>",Sunnyeora Daily Care,utilities,utilities,"utilities, utilities, unisex, dropshipping, bestseller",true,Color,Nordic White,Size,450ml Stainless Tank,SY-SY-PROD-3329,500,shopify,8,deny,manual,60.15,97.23,true,true,https://images.unsplash.com/photo-1540555700478-4be289fbecef?auto=format&fit=crop&w=800&q=80,1,active
luminaglow-tech-deep-sleep-orthopedic-cervical-contour-memory-pillow-essential,LuminaGlow Tech Deep-Sleep™ Orthopedic Cervical Contour Memory Pillow (Essential),"<p>High-demand LuminaGlow Tech LuminaGlow Tech Deep-Sleep™ Orthopedic Cervical Contour Memory Pillow (Essential). Designed for superior performance, comfort and style. Sourced with USPS express air shipping (7-10 days).</p>",LuminaGlow Tech,utilities,utilities,"utilities, utilities, unisex, dropshipping, bestseller",true,Color,Ice-Silk White,Size,Universal Dual-Contour,SY-SY-PROD-3330,500,shopify,9,deny,manual,81.52,130.36,true,true,https://images.unsplash.com/photo-1583863788434-e58a36330cf0?auto=format&fit=crop&w=800&q=80,1,active
purerest-living-luminaglow-7-in-1-red-light-facial-phototherapy-wand-pro,PureRest Living LuminaGlow™ 7-in-1 Red Light Facial Phototherapy Wand (Pro),"<p>High-demand PureRest Living PureRest Living LuminaGlow™ 7-in-1 Red Light Facial Phototherapy Wand (Pro). Designed for superior performance, comfort and style. Sourced with USPS express air shipping (7-10 days).</p>",PureRest Living,utilities,utilities,"utilities, utilities, unisex, dropshipping, bestseller",true,Color,Rose Gold Luxury,Size,Type-C Rechargeable,SY-SY-PROD-3331,500,shopify,10,deny,manual,92.89,147.98,true,true,https://images.unsplash.com/photo-1584100936595-c0654b55a2e2?auto=format&fit=crop&w=800&q=80,1,active
sonicclean-volcano-flame-aromatherapy-essential-oil-air-diffuser-elite,SonicClean Volcano Flame Aromatherapy Essential Oil Air Diffuser (Elite),"<p>High-demand SonicClean SonicClean Volcano Flame Aromatherapy Essential Oil Air Diffuser (Elite). Designed for superior performance, comfort and style. Sourced with USPS express air shipping (7-10 days).</p>",SonicClean,utilities,utilities,"utilities, utilities, unisex, dropshipping, bestseller",true,Color,Warm Flame Amber,Size,300ml Tank,SY-SY-PROD-3332,500,shopify,11,deny,manual,44.26,72.60,true,true,https://images.unsplash.com/photo-1598440947619-2c35fc9aa908?auto=format&fit=crop&w=800&q=80,1,active
crystalsonic-cordless-electric-rechargeable-sweater-fabric-shaver-classic,CrystalSonic Cordless Electric Rechargeable Sweater Fabric Shaver (Classic),"<p>High-demand CrystalSonic CrystalSonic Cordless Electric Rechargeable Sweater Fabric Shaver (Classic). Designed for superior performance, comfort and style. Sourced with USPS express air shipping (7-10 days).</p>",CrystalSonic,utilities,utilities,"utilities, utilities, unisex, dropshipping, bestseller",true,Color,Sage Green,Size,Compact Handheld,SY-SY-PROD-3333,500,shopify,12,deny,manual,30.63,51.48,true,true,https://images.unsplash.com/photo-1522337360788-8b13dee7a37e?auto=format&fit=crop&w=800&q=80,1,active
sunnyeora-daily-care-wireless-handheld-high-power-car-desktop-vacuum-series-2,Sunnyeora Daily Care Wireless Handheld High-Power Car & Desktop Vacuum (Series 2),"<p>High-demand Sunnyeora Daily Care Sunnyeora Daily Care Wireless Handheld High-Power Car & Desktop Vacuum (Series 2). Designed for superior performance, comfort and style. Sourced with USPS express air shipping (7-10 days).</p>",Sunnyeora Daily Care,utilities,utilities,"utilities, utilities, unisex, dropshipping, bestseller",true,Color,Matte Black,Size,9000Pa Strong Suction,SY-SY-PROD-3334,500,shopify,13,deny,manual,40.00,66.00,true,true,https://images.unsplash.com/photo-1540555700478-4be289fbecef?auto=format&fit=crop&w=800&q=80,1,active
luminaglow-tech-magnetic-motion-sensor-led-wireless-under-cabinet-light-strip-air,LuminaGlow Tech Magnetic Motion Sensor LED Wireless Under-Cabinet Light Strip (Air),"<p>High-demand LuminaGlow Tech LuminaGlow Tech Magnetic Motion Sensor LED Wireless Under-Cabinet Light Strip (Air). Designed for superior performance, comfort and style. Sourced with USPS express air shipping (7-10 days).</p>",LuminaGlow Tech,utilities,utilities,"utilities, utilities, unisex, dropshipping, bestseller",true,Color,Warm Cozy White,Size,30cm Ultra-Thin (2-Pack),SY-SY-PROD-3335,500,shopify,14,deny,manual,19.37,34.02,true,true,https://images.unsplash.com/photo-1583863788434-e58a36330cf0?auto=format&fit=crop&w=800&q=80,1,active
purerest-living-self-heating-electric-ceramic-temperature-control-coffee-mug-signature,PureRest Living Self-Heating Electric Ceramic Temperature Control Coffee Mug (Signature),"<p>High-demand PureRest Living PureRest Living Self-Heating Electric Ceramic Temperature Control Coffee Mug (Signature). Designed for superior performance, comfort and style. Sourced with USPS express air shipping (7-10 days).</p>",PureRest Living,utilities,utilities,"utilities, utilities, unisex, dropshipping, bestseller",true,Color,Matte Charcoal,Size,350ml with Coaster Pad,SY-SY-PROD-3336,500,shopify,15,deny,manual,58.74,95.05,true,true,https://images.unsplash.com/photo-1584100936595-c0654b55a2e2?auto=format&fit=crop&w=800&q=80,1,active
sonicclean-crystalsonic-45-000hz-ultrasonic-jewelry-retainer-cleaner-v2,"SonicClean CrystalSonic™ 45,000Hz Ultrasonic Jewelry & Retainer Cleaner (V2)","<p>High-demand SonicClean SonicClean CrystalSonic™ 45,000Hz Ultrasonic Jewelry & Retainer Cleaner (V2). Designed for superior performance, comfort and style. Sourced with USPS express air shipping (7-10 days).</p>",SonicClean,utilities,utilities,"utilities, utilities, unisex, dropshipping, bestseller",true,Color,Nordic White,Size,450ml Stainless Tank,SY-SY-PROD-3337,500,shopify,16,deny,manual,41.11,67.72,true,true,https://images.unsplash.com/photo-1598440947619-2c35fc9aa908?auto=format&fit=crop&w=800&q=80,1,active
crystalsonic-deep-sleep-orthopedic-cervical-contour-memory-pillow-luxe,CrystalSonic Deep-Sleep™ Orthopedic Cervical Contour Memory Pillow (Luxe),"<p>High-demand CrystalSonic CrystalSonic Deep-Sleep™ Orthopedic Cervical Contour Memory Pillow (Luxe). Designed for superior performance, comfort and style. Sourced with USPS express air shipping (7-10 days).</p>",CrystalSonic,utilities,utilities,"utilities, utilities, unisex, dropshipping, bestseller",true,Color,Ice-Silk White,Size,Universal Dual-Contour,SY-SY-PROD-3338,500,shopify,17,deny,manual,52.48,85.34,true,true,https://images.unsplash.com/photo-1522337360788-8b13dee7a37e?auto=format&fit=crop&w=800&q=80,1,active
sunnyeora-daily-care-luminaglow-7-in-1-red-light-facial-phototherapy-wand-pure,Sunnyeora Daily Care LuminaGlow™ 7-in-1 Red Light Facial Phototherapy Wand (Pure),"<p>High-demand Sunnyeora Daily Care Sunnyeora Daily Care LuminaGlow™ 7-in-1 Red Light Facial Phototherapy Wand (Pure). Designed for superior performance, comfort and style. Sourced with USPS express air shipping (7-10 days).</p>",Sunnyeora Daily Care,utilities,utilities,"utilities, utilities, unisex, dropshipping, bestseller",true,Color,Rose Gold Luxury,Size,Type-C Rechargeable,SY-SY-PROD-3339,500,shopify,18,deny,manual,63.85,102.97,true,true,https://images.unsplash.com/photo-1540555700478-4be289fbecef?auto=format&fit=crop&w=800&q=80,1,active
luminaglow-tech-volcano-flame-aromatherapy-essential-oil-air-diffuser-essential,LuminaGlow Tech Volcano Flame Aromatherapy Essential Oil Air Diffuser (Essential),"<p>High-demand LuminaGlow Tech LuminaGlow Tech Volcano Flame Aromatherapy Essential Oil Air Diffuser (Essential). Designed for superior performance, comfort and style. Sourced with USPS express air shipping (7-10 days).</p>",LuminaGlow Tech,utilities,utilities,"utilities, utilities, unisex, dropshipping, bestseller",true,Color,Warm Flame Amber,Size,300ml Tank,SY-SY-PROD-3340,500,shopify,19,deny,manual,55.22,89.59,true,true,https://images.unsplash.com/photo-1583863788434-e58a36330cf0?auto=format&fit=crop&w=800&q=80,1,active
purerest-living-cordless-electric-rechargeable-sweater-fabric-shaver-pro,PureRest Living Cordless Electric Rechargeable Sweater Fabric Shaver (Pro),"<p>High-demand PureRest Living PureRest Living Cordless Electric Rechargeable Sweater Fabric Shaver (Pro). Designed for superior performance, comfort and style. Sourced with USPS express air shipping (7-10 days).</p>",PureRest Living,utilities,utilities,"utilities, utilities, unisex, dropshipping, bestseller",true,Color,Sage Green,Size,Compact Handheld,SY-SY-PROD-3341,500,shopify,5,deny,manual,26.59,45.21,true,true,https://images.unsplash.com/photo-1584100936595-c0654b55a2e2?auto=format&fit=crop&w=800&q=80,1,active
sonicclean-wireless-handheld-high-power-car-desktop-vacuum-elite,SonicClean Wireless Handheld High-Power Car & Desktop Vacuum (Elite),"<p>High-demand SonicClean SonicClean Wireless Handheld High-Power Car & Desktop Vacuum (Elite). Designed for superior performance, comfort and style. Sourced with USPS express air shipping (7-10 days).</p>",SonicClean,utilities,utilities,"utilities, utilities, unisex, dropshipping, bestseller",true,Color,Matte Black,Size,9000Pa Strong Suction,SY-SY-PROD-3342,500,shopify,6,deny,manual,50.96,82.99,true,true,https://images.unsplash.com/photo-1598440947619-2c35fc9aa908?auto=format&fit=crop&w=800&q=80,1,active
crystalsonic-magnetic-motion-sensor-led-wireless-under-cabinet-light-strip-classic,CrystalSonic Magnetic Motion Sensor LED Wireless Under-Cabinet Light Strip (Classic),"<p>High-demand CrystalSonic CrystalSonic Magnetic Motion Sensor LED Wireless Under-Cabinet Light Strip (Classic). Designed for superior performance, comfort and style. Sourced with USPS express air shipping (7-10 days).</p>",CrystalSonic,utilities,utilities,"utilities, utilities, unisex, dropshipping, bestseller",true,Color,Warm Cozy White,Size,30cm Ultra-Thin (2-Pack),SY-SY-PROD-3343,500,shopify,7,deny,manual,30.33,51.01,true,true,https://images.unsplash.com/photo-1522337360788-8b13dee7a37e?auto=format&fit=crop&w=800&q=80,1,active
sunnyeora-daily-care-self-heating-electric-ceramic-temperature-control-coffee-mug-series-2,Sunnyeora Daily Care Self-Heating Electric Ceramic Temperature Control Coffee Mug (Series 2),"<p>High-demand Sunnyeora Daily Care Sunnyeora Daily Care Self-Heating Electric Ceramic Temperature Control Coffee Mug (Series 2). Designed for superior performance, comfort and style. Sourced with USPS express air shipping (7-10 days).</p>",Sunnyeora Daily Care,utilities,utilities,"utilities, utilities, unisex, dropshipping, bestseller",true,Color,Matte Charcoal,Size,350ml with Coaster Pad,SY-SY-PROD-3344,500,shopify,8,deny,manual,69.70,112.04,true,true,https://images.unsplash.com/photo-1540555700478-4be289fbecef?auto=format&fit=crop&w=800&q=80,1,active
luminaglow-tech-crystalsonic-45-000hz-ultrasonic-jewelry-retainer-cleaner-air,"LuminaGlow Tech CrystalSonic™ 45,000Hz Ultrasonic Jewelry & Retainer Cleaner (Air)","<p>High-demand LuminaGlow Tech LuminaGlow Tech CrystalSonic™ 45,000Hz Ultrasonic Jewelry & Retainer Cleaner (Air). Designed for superior performance, comfort and style. Sourced with USPS express air shipping (7-10 days).</p>",LuminaGlow Tech,utilities,utilities,"utilities, utilities, unisex, dropshipping, bestseller",true,Color,Nordic White,Size,450ml Stainless Tank,SY-SY-PROD-3345,500,shopify,9,deny,manual,52.07,84.71,true,true,https://images.unsplash.com/photo-1583863788434-e58a36330cf0?auto=format&fit=crop&w=800&q=80,1,active
purerest-living-deep-sleep-orthopedic-cervical-contour-memory-pillow-signature,PureRest Living Deep-Sleep™ Orthopedic Cervical Contour Memory Pillow (Signature),"<p>High-demand PureRest Living PureRest Living Deep-Sleep™ Orthopedic Cervical Contour Memory Pillow (Signature). Designed for superior performance, comfort and style. Sourced with USPS express air shipping (7-10 days).</p>",PureRest Living,utilities,utilities,"utilities, utilities, unisex, dropshipping, bestseller",true,Color,Ice-Silk White,Size,Universal Dual-Contour,SY-SY-PROD-3346,500,shopify,10,deny,manual,63.44,102.33,true,true,https://images.unsplash.com/photo-1584100936595-c0654b55a2e2?auto=format&fit=crop&w=800&q=80,1,active
sonicclean-luminaglow-7-in-1-red-light-facial-phototherapy-wand-v2,SonicClean LuminaGlow™ 7-in-1 Red Light Facial Phototherapy Wand (V2),"<p>High-demand SonicClean SonicClean LuminaGlow™ 7-in-1 Red Light Facial Phototherapy Wand (V2). Designed for superior performance, comfort and style. Sourced with USPS express air shipping (7-10 days).</p>",SonicClean,utilities,utilities,"utilities, utilities, unisex, dropshipping, bestseller",true,Color,Rose Gold Luxury,Size,Type-C Rechargeable,SY-SY-PROD-3347,500,shopify,11,deny,manual,74.81,119.96,true,true,https://images.unsplash.com/photo-1598440947619-2c35fc9aa908?auto=format&fit=crop&w=800&q=80,1,active
crystalsonic-volcano-flame-aromatherapy-essential-oil-air-diffuser-luxe,CrystalSonic Volcano Flame Aromatherapy Essential Oil Air Diffuser (Luxe),"<p>High-demand CrystalSonic CrystalSonic Volcano Flame Aromatherapy Essential Oil Air Diffuser (Luxe). Designed for superior performance, comfort and style. Sourced with USPS express air shipping (7-10 days).</p>",CrystalSonic,utilities,utilities,"utilities, utilities, unisex, dropshipping, bestseller",true,Color,Warm Flame Amber,Size,300ml Tank,SY-SY-PROD-3348,500,shopify,12,deny,manual,41.18,67.83,true,true,https://images.unsplash.com/photo-1522337360788-8b13dee7a37e?auto=format&fit=crop&w=800&q=80,1,active
sunnyeora-daily-care-cordless-electric-rechargeable-sweater-fabric-shaver-pure,Sunnyeora Daily Care Cordless Electric Rechargeable Sweater Fabric Shaver (Pure),"<p>High-demand Sunnyeora Daily Care Sunnyeora Daily Care Cordless Electric Rechargeable Sweater Fabric Shaver (Pure). Designed for superior performance, comfort and style. Sourced with USPS express air shipping (7-10 days).</p>",Sunnyeora Daily Care,utilities,utilities,"utilities, utilities, unisex, dropshipping, bestseller",true,Color,Sage Green,Size,Compact Handheld,SY-SY-PROD-3349,500,shopify,13,deny,manual,22.55,38.95,true,true,https://images.unsplash.com/photo-1540555700478-4be289fbecef?auto=format&fit=crop&w=800&q=80,1,active
luminaglow-tech-wireless-handheld-high-power-car-desktop-vacuum-essential,LuminaGlow Tech Wireless Handheld High-Power Car & Desktop Vacuum (Essential),"<p>High-demand LuminaGlow Tech LuminaGlow Tech Wireless Handheld High-Power Car & Desktop Vacuum (Essential). Designed for superior performance, comfort and style. Sourced with USPS express air shipping (7-10 days).</p>",LuminaGlow Tech,utilities,utilities,"utilities, utilities, unisex, dropshipping, bestseller",true,Color,Matte Black,Size,9000Pa Strong Suction,SY-SY-PROD-3350,500,shopify,14,deny,manual,61.92,99.98,true,true,https://images.unsplash.com/photo-1583863788434-e58a36330cf0?auto=format&fit=crop&w=800&q=80,1,active
purerest-living-magnetic-motion-sensor-led-wireless-under-cabinet-light-strip-pro,PureRest Living Magnetic Motion Sensor LED Wireless Under-Cabinet Light Strip (Pro),"<p>High-demand PureRest Living PureRest Living Magnetic Motion Sensor LED Wireless Under-Cabinet Light Strip (Pro). Designed for superior performance, comfort and style. Sourced with USPS express air shipping (7-10 days).</p>",PureRest Living,utilities,utilities,"utilities, utilities, unisex, dropshipping, bestseller",true,Color,Warm Cozy White,Size,30cm Ultra-Thin (2-Pack),SY-SY-PROD-3351,500,shopify,15,deny,manual,27.29,46.30,true,true,https://images.unsplash.com/photo-1584100936595-c0654b55a2e2?auto=format&fit=crop&w=800&q=80,1,active
sonicclean-self-heating-electric-ceramic-temperature-control-coffee-mug-elite,SonicClean Self-Heating Electric Ceramic Temperature Control Coffee Mug (Elite),"<p>High-demand SonicClean SonicClean Self-Heating Electric Ceramic Temperature Control Coffee Mug (Elite). Designed for superior performance, comfort and style. Sourced with USPS express air shipping (7-10 days).</p>",SonicClean,utilities,utilities,"utilities, utilities, unisex, dropshipping, bestseller",true,Color,Matte Charcoal,Size,350ml with Coaster Pad,SY-SY-PROD-3352,500,shopify,16,deny,manual,48.66,79.42,true,true,https://images.unsplash.com/photo-1598440947619-2c35fc9aa908?auto=format&fit=crop&w=800&q=80,1,active
crystalsonic-crystalsonic-45-000hz-ultrasonic-jewelry-retainer-cleaner-classic,"CrystalSonic CrystalSonic™ 45,000Hz Ultrasonic Jewelry & Retainer Cleaner (Classic)","<p>High-demand CrystalSonic CrystalSonic CrystalSonic™ 45,000Hz Ultrasonic Jewelry & Retainer Cleaner (Classic). Designed for superior performance, comfort and style. Sourced with USPS express air shipping (7-10 days).</p>",CrystalSonic,utilities,utilities,"utilities, utilities, unisex, dropshipping, bestseller",true,Color,Nordic White,Size,450ml Stainless Tank,SY-SY-PROD-3353,500,shopify,17,deny,manual,63.03,101.70,true,true,https://images.unsplash.com/photo-1522337360788-8b13dee7a37e?auto=format&fit=crop&w=800&q=80,1,active
sunnyeora-daily-care-deep-sleep-orthopedic-cervical-contour-memory-pillow-series-2,Sunnyeora Daily Care Deep-Sleep™ Orthopedic Cervical Contour Memory Pillow (Series 2),"<p>High-demand Sunnyeora Daily Care Sunnyeora Daily Care Deep-Sleep™ Orthopedic Cervical Contour Memory Pillow (Series 2). Designed for superior performance, comfort and style. Sourced with USPS express air shipping (7-10 days).</p>",Sunnyeora Daily Care,utilities,utilities,"utilities, utilities, unisex, dropshipping, bestseller",true,Color,Ice-Silk White,Size,Universal Dual-Contour,SY-SY-PROD-3354,500,shopify,18,deny,manual,74.40,119.32,true,true,https://images.unsplash.com/photo-1540555700478-4be289fbecef?auto=format&fit=crop&w=800&q=80,1,active
luminaglow-tech-luminaglow-7-in-1-red-light-facial-phototherapy-wand-air,LuminaGlow Tech LuminaGlow™ 7-in-1 Red Light Facial Phototherapy Wand (Air),"<p>High-demand LuminaGlow Tech LuminaGlow Tech LuminaGlow™ 7-in-1 Red Light Facial Phototherapy Wand (Air). Designed for superior performance, comfort and style. Sourced with USPS express air shipping (7-10 days).</p>",LuminaGlow Tech,utilities,utilities,"utilities, utilities, unisex, dropshipping, bestseller",true,Color,Rose Gold Luxury,Size,Type-C Rechargeable,SY-SY-PROD-3355,500,shopify,19,deny,manual,85.77,136.94,true,true,https://images.unsplash.com/photo-1583863788434-e58a36330cf0?auto=format&fit=crop&w=800&q=80,1,active
purerest-living-volcano-flame-aromatherapy-essential-oil-air-diffuser-signature,PureRest Living Volcano Flame Aromatherapy Essential Oil Air Diffuser (Signature),"<p>High-demand PureRest Living PureRest Living Volcano Flame Aromatherapy Essential Oil Air Diffuser (Signature). Designed for superior performance, comfort and style. Sourced with USPS express air shipping (7-10 days).</p>",PureRest Living,utilities,utilities,"utilities, utilities, unisex, dropshipping, bestseller",true,Color,Warm Flame Amber,Size,300ml Tank,SY-SY-PROD-3356,500,shopify,5,deny,manual,52.14,84.82,true,true,https://images.unsplash.com/photo-1584100936595-c0654b55a2e2?auto=format&fit=crop&w=800&q=80,1,active
sonicclean-cordless-electric-rechargeable-sweater-fabric-shaver-v2,SonicClean Cordless Electric Rechargeable Sweater Fabric Shaver (V2),"<p>High-demand SonicClean SonicClean Cordless Electric Rechargeable Sweater Fabric Shaver (V2). Designed for superior performance, comfort and style. Sourced with USPS express air shipping (7-10 days).</p>",SonicClean,utilities,utilities,"utilities, utilities, unisex, dropshipping, bestseller",true,Color,Sage Green,Size,Compact Handheld,SY-SY-PROD-3357,500,shopify,6,deny,manual,33.51,55.94,true,true,https://images.unsplash.com/photo-1598440947619-2c35fc9aa908?auto=format&fit=crop&w=800&q=80,1,active
crystalsonic-wireless-handheld-high-power-car-desktop-vacuum-luxe,CrystalSonic Wireless Handheld High-Power Car & Desktop Vacuum (Luxe),"<p>High-demand CrystalSonic CrystalSonic Wireless Handheld High-Power Car & Desktop Vacuum (Luxe). Designed for superior performance, comfort and style. Sourced with USPS express air shipping (7-10 days).</p>",CrystalSonic,utilities,utilities,"utilities, utilities, unisex, dropshipping, bestseller",true,Color,Matte Black,Size,9000Pa Strong Suction,SY-SY-PROD-3358,500,shopify,7,deny,manual,46.88,76.66,true,true,https://images.unsplash.com/photo-1522337360788-8b13dee7a37e?auto=format&fit=crop&w=800&q=80,1,active
sunnyeora-daily-care-magnetic-motion-sensor-led-wireless-under-cabinet-light-strip-pure,Sunnyeora Daily Care Magnetic Motion Sensor LED Wireless Under-Cabinet Light Strip (Pure),"<p>High-demand Sunnyeora Daily Care Sunnyeora Daily Care Magnetic Motion Sensor LED Wireless Under-Cabinet Light Strip (Pure). Designed for superior performance, comfort and style. Sourced with USPS express air shipping (7-10 days).</p>",Sunnyeora Daily Care,utilities,utilities,"utilities, utilities, unisex, dropshipping, bestseller",true,Color,Warm Cozy White,Size,30cm Ultra-Thin (2-Pack),SY-SY-PROD-3359,500,shopify,8,deny,manual,24.25,41.59,true,true,https://images.unsplash.com/photo-1540555700478-4be289fbecef?auto=format&fit=crop&w=800&q=80,1,active
luminaglow-tech-self-heating-electric-ceramic-temperature-control-coffee-mug-essential,LuminaGlow Tech Self-Heating Electric Ceramic Temperature Control Coffee Mug (Essential),"<p>High-demand LuminaGlow Tech LuminaGlow Tech Self-Heating Electric Ceramic Temperature Control Coffee Mug (Essential). Designed for superior performance, comfort and style. Sourced with USPS express air shipping (7-10 days).</p>",LuminaGlow Tech,utilities,utilities,"utilities, utilities, unisex, dropshipping, bestseller",true,Color,Matte Charcoal,Size,350ml with Coaster Pad,SY-SY-PROD-3360,500,shopify,9,deny,manual,59.62,96.41,true,true,https://images.unsplash.com/photo-1583863788434-e58a36330cf0?auto=format&fit=crop&w=800&q=80,1,active
purerest-living-crystalsonic-45-000hz-ultrasonic-jewelry-retainer-cleaner-pro,"PureRest Living CrystalSonic™ 45,000Hz Ultrasonic Jewelry & Retainer Cleaner (Pro)","<p>High-demand PureRest Living PureRest Living CrystalSonic™ 45,000Hz Ultrasonic Jewelry & Retainer Cleaner (Pro). Designed for superior performance, comfort and style. Sourced with USPS express air shipping (7-10 days).</p>",PureRest Living,utilities,utilities,"utilities, utilities, unisex, dropshipping, bestseller",true,Color,Nordic White,Size,450ml Stainless Tank,SY-SY-PROD-3361,500,shopify,10,deny,manual,43.99,72.18,true,true,https://images.unsplash.com/photo-1584100936595-c0654b55a2e2?auto=format&fit=crop&w=800&q=80,1,active
sonicclean-deep-sleep-orthopedic-cervical-contour-memory-pillow-elite,SonicClean Deep-Sleep™ Orthopedic Cervical Contour Memory Pillow (Elite),"<p>High-demand SonicClean SonicClean Deep-Sleep™ Orthopedic Cervical Contour Memory Pillow (Elite). Designed for superior performance, comfort and style. Sourced with USPS express air shipping (7-10 days).</p>",SonicClean,utilities,utilities,"utilities, utilities, unisex, dropshipping, bestseller",true,Color,Ice-Silk White,Size,Universal Dual-Contour,SY-SY-PROD-3362,500,shopify,11,deny,manual,85.36,136.31,true,true,https://images.unsplash.com/photo-1598440947619-2c35fc9aa908?auto=format&fit=crop&w=800&q=80,1,active
crystalsonic-luminaglow-7-in-1-red-light-facial-phototherapy-wand-classic,CrystalSonic LuminaGlow™ 7-in-1 Red Light Facial Phototherapy Wand (Classic),"<p>High-demand CrystalSonic CrystalSonic LuminaGlow™ 7-in-1 Red Light Facial Phototherapy Wand (Classic). Designed for superior performance, comfort and style. Sourced with USPS express air shipping (7-10 days).</p>",CrystalSonic,utilities,utilities,"utilities, utilities, unisex, dropshipping, bestseller",true,Color,Rose Gold Luxury,Size,Type-C Rechargeable,SY-SY-PROD-3363,500,shopify,12,deny,manual,96.73,153.93,true,true,https://images.unsplash.com/photo-1522337360788-8b13dee7a37e?auto=format&fit=crop&w=800&q=80,1,active
sunnyeora-daily-care-volcano-flame-aromatherapy-essential-oil-air-diffuser-series-2,Sunnyeora Daily Care Volcano Flame Aromatherapy Essential Oil Air Diffuser (Series 2),"<p>High-demand Sunnyeora Daily Care Sunnyeora Daily Care Volcano Flame Aromatherapy Essential Oil Air Diffuser (Series 2). Designed for superior performance, comfort and style. Sourced with USPS express air shipping (7-10 days).</p>",Sunnyeora Daily Care,utilities,utilities,"utilities, utilities, unisex, dropshipping, bestseller",true,Color,Warm Flame Amber,Size,300ml Tank,SY-SY-PROD-3364,500,shopify,13,deny,manual,38.10,63.06,true,true,https://images.unsplash.com/photo-1540555700478-4be289fbecef?auto=format&fit=crop&w=800&q=80,1,active
luminaglow-tech-cordless-electric-rechargeable-sweater-fabric-shaver-air,LuminaGlow Tech Cordless Electric Rechargeable Sweater Fabric Shaver (Air),"<p>High-demand LuminaGlow Tech LuminaGlow Tech Cordless Electric Rechargeable Sweater Fabric Shaver (Air). Designed for superior performance, comfort and style. Sourced with USPS express air shipping (7-10 days).</p>",LuminaGlow Tech,utilities,utilities,"utilities, utilities, unisex, dropshipping, bestseller",true,Color,Sage Green,Size,Compact Handheld,SY-SY-PROD-3365,500,shopify,14,deny,manual,29.47,49.68,true,true,https://images.unsplash.com/photo-1583863788434-e58a36330cf0?auto=format&fit=crop&w=800&q=80,1,active
purerest-living-wireless-handheld-high-power-car-desktop-vacuum-signature,PureRest Living Wireless Handheld High-Power Car & Desktop Vacuum (Signature),"<p>High-demand PureRest Living PureRest Living Wireless Handheld High-Power Car & Desktop Vacuum (Signature). Designed for superior performance, comfort and style. Sourced with USPS express air shipping (7-10 days).</p>",PureRest Living,utilities,utilities,"utilities, utilities, unisex, dropshipping, bestseller",true,Color,Matte Black,Size,9000Pa Strong Suction,SY-SY-PROD-3366,500,shopify,15,deny,manual,57.84,93.65,true,true,https://images.unsplash.com/photo-1584100936595-c0654b55a2e2?auto=format&fit=crop&w=800&q=80,1,active
sonicclean-magnetic-motion-sensor-led-wireless-under-cabinet-light-strip-v2,SonicClean Magnetic Motion Sensor LED Wireless Under-Cabinet Light Strip (V2),"<p>High-demand SonicClean SonicClean Magnetic Motion Sensor LED Wireless Under-Cabinet Light Strip (V2). Designed for superior performance, comfort and style. Sourced with USPS express air shipping (7-10 days).</p>",SonicClean,utilities,utilities,"utilities, utilities, unisex, dropshipping, bestseller",true,Color,Warm Cozy White,Size,30cm Ultra-Thin (2-Pack),SY-SY-PROD-3367,500,shopify,16,deny,manual,21.21,36.88,true,true,https://images.unsplash.com/photo-1598440947619-2c35fc9aa908?auto=format&fit=crop&w=800&q=80,1,active
crystalsonic-self-heating-electric-ceramic-temperature-control-coffee-mug-luxe,CrystalSonic Self-Heating Electric Ceramic Temperature Control Coffee Mug (Luxe),"<p>High-demand CrystalSonic CrystalSonic Self-Heating Electric Ceramic Temperature Control Coffee Mug (Luxe). Designed for superior performance, comfort and style. Sourced with USPS express air shipping (7-10 days).</p>",CrystalSonic,utilities,utilities,"utilities, utilities, unisex, dropshipping, bestseller",true,Color,Matte Charcoal,Size,350ml with Coaster Pad,SY-SY-PROD-3368,500,shopify,17,deny,manual,70.58,113.40,true,true,https://images.unsplash.com/photo-1522337360788-8b13dee7a37e?auto=format&fit=crop&w=800&q=80,1,active
sunnyeora-daily-care-crystalsonic-45-000hz-ultrasonic-jewelry-retainer-cleaner-pure,"Sunnyeora Daily Care CrystalSonic™ 45,000Hz Ultrasonic Jewelry & Retainer Cleaner (Pure)","<p>High-demand Sunnyeora Daily Care Sunnyeora Daily Care CrystalSonic™ 45,000Hz Ultrasonic Jewelry & Retainer Cleaner (Pure). Designed for superior performance, comfort and style. Sourced with USPS express air shipping (7-10 days).</p>",Sunnyeora Daily Care,utilities,utilities,"utilities, utilities, unisex, dropshipping, bestseller",true,Color,Nordic White,Size,450ml Stainless Tank,SY-SY-PROD-3369,500,shopify,18,deny,manual,54.95,89.17,true,true,https://images.unsplash.com/photo-1540555700478-4be289fbecef?auto=format&fit=crop&w=800&q=80,1,active
luminaglow-tech-deep-sleep-orthopedic-cervical-contour-memory-pillow-essential,LuminaGlow Tech Deep-Sleep™ Orthopedic Cervical Contour Memory Pillow (Essential),"<p>High-demand LuminaGlow Tech LuminaGlow Tech Deep-Sleep™ Orthopedic Cervical Contour Memory Pillow (Essential). Designed for superior performance, comfort and style. Sourced with USPS express air shipping (7-10 days).</p>",LuminaGlow Tech,utilities,utilities,"utilities, utilities, unisex, dropshipping, bestseller",true,Color,Ice-Silk White,Size,Universal Dual-Contour,SY-SY-PROD-3370,500,shopify,19,deny,manual,56.32,91.30,true,true,https://images.unsplash.com/photo-1583863788434-e58a36330cf0?auto=format&fit=crop&w=800&q=80,1,active
purerest-living-luminaglow-7-in-1-red-light-facial-phototherapy-wand-pro,PureRest Living LuminaGlow™ 7-in-1 Red Light Facial Phototherapy Wand (Pro),"<p>High-demand PureRest Living PureRest Living LuminaGlow™ 7-in-1 Red Light Facial Phototherapy Wand (Pro). Designed for superior performance, comfort and style. Sourced with USPS express air shipping (7-10 days).</p>",PureRest Living,utilities,utilities,"utilities, utilities, unisex, dropshipping, bestseller",true,Color,Rose Gold Luxury,Size,Type-C Rechargeable,SY-SY-PROD-3371,500,shopify,5,deny,manual,67.69,108.92,true,true,https://images.unsplash.com/photo-1584100936595-c0654b55a2e2?auto=format&fit=crop&w=800&q=80,1,active
sonicclean-volcano-flame-aromatherapy-essential-oil-air-diffuser-elite,SonicClean Volcano Flame Aromatherapy Essential Oil Air Diffuser (Elite),"<p>High-demand SonicClean SonicClean Volcano Flame Aromatherapy Essential Oil Air Diffuser (Elite). Designed for superior performance, comfort and style. Sourced with USPS express air shipping (7-10 days).</p>",SonicClean,utilities,utilities,"utilities, utilities, unisex, dropshipping, bestseller",true,Color,Warm Flame Amber,Size,300ml Tank,SY-SY-PROD-3372,500,shopify,6,deny,manual,49.06,80.04,true,true,https://images.unsplash.com/photo-1598440947619-2c35fc9aa908?auto=format&fit=crop&w=800&q=80,1,active
crystalsonic-cordless-electric-rechargeable-sweater-fabric-shaver-classic,CrystalSonic Cordless Electric Rechargeable Sweater Fabric Shaver (Classic),"<p>High-demand CrystalSonic CrystalSonic Cordless Electric Rechargeable Sweater Fabric Shaver (Classic). Designed for superior performance, comfort and style. Sourced with USPS express air shipping (7-10 days).</p>",CrystalSonic,utilities,utilities,"utilities, utilities, unisex, dropshipping, bestseller",true,Color,Sage Green,Size,Compact Handheld,SY-SY-PROD-3373,500,shopify,7,deny,manual,25.43,43.42,true,true,https://images.unsplash.com/photo-1522337360788-8b13dee7a37e?auto=format&fit=crop&w=800&q=80,1,active
sunnyeora-daily-care-wireless-handheld-high-power-car-desktop-vacuum-series-2,Sunnyeora Daily Care Wireless Handheld High-Power Car & Desktop Vacuum (Series 2),"<p>High-demand Sunnyeora Daily Care Sunnyeora Daily Care Wireless Handheld High-Power Car & Desktop Vacuum (Series 2). Designed for superior performance, comfort and style. Sourced with USPS express air shipping (7-10 days).</p>",Sunnyeora Daily Care,utilities,utilities,"utilities, utilities, unisex, dropshipping, bestseller",true,Color,Matte Black,Size,9000Pa Strong Suction,SY-SY-PROD-3374,500,shopify,8,deny,manual,42.80,70.34,true,true,https://images.unsplash.com/photo-1540555700478-4be289fbecef?auto=format&fit=crop&w=800&q=80,1,active
luminaglow-tech-magnetic-motion-sensor-led-wireless-under-cabinet-light-strip-air,LuminaGlow Tech Magnetic Motion Sensor LED Wireless Under-Cabinet Light Strip (Air),"<p>High-demand LuminaGlow Tech LuminaGlow Tech Magnetic Motion Sensor LED Wireless Under-Cabinet Light Strip (Air). Designed for superior performance, comfort and style. Sourced with USPS express air shipping (7-10 days).</p>",LuminaGlow Tech,utilities,utilities,"utilities, utilities, unisex, dropshipping, bestseller",true,Color,Warm Cozy White,Size,30cm Ultra-Thin (2-Pack),SY-SY-PROD-3375,500,shopify,9,deny,manual,32.17,53.86,true,true,https://images.unsplash.com/photo-1583863788434-e58a36330cf0?auto=format&fit=crop&w=800&q=80,1,active
purerest-living-self-heating-electric-ceramic-temperature-control-coffee-mug-signature,PureRest Living Self-Heating Electric Ceramic Temperature Control Coffee Mug (Signature),"<p>High-demand PureRest Living PureRest Living Self-Heating Electric Ceramic Temperature Control Coffee Mug (Signature). Designed for superior performance, comfort and style. Sourced with USPS express air shipping (7-10 days).</p>",PureRest Living,utilities,utilities,"utilities, utilities, unisex, dropshipping, bestseller",true,Color,Matte Charcoal,Size,350ml with Coaster Pad,SY-SY-PROD-3376,500,shopify,10,deny,manual,49.54,80.79,true,true,https://images.unsplash.com/photo-1584100936595-c0654b55a2e2?auto=format&fit=crop&w=800&q=80,1,active
sonicclean-crystalsonic-45-000hz-ultrasonic-jewelry-retainer-cleaner-v2,"SonicClean CrystalSonic™ 45,000Hz Ultrasonic Jewelry & Retainer Cleaner (V2)","<p>High-demand SonicClean SonicClean CrystalSonic™ 45,000Hz Ultrasonic Jewelry & Retainer Cleaner (V2). Designed for superior performance, comfort and style. Sourced with USPS express air shipping (7-10 days).</p>",SonicClean,utilities,utilities,"utilities, utilities, unisex, dropshipping, bestseller",true,Color,Nordic White,Size,450ml Stainless Tank,SY-SY-PROD-3377,500,shopify,11,deny,manual,65.91,106.16,true,true,https://images.unsplash.com/photo-1598440947619-2c35fc9aa908?auto=format&fit=crop&w=800&q=80,1,active
crystalsonic-deep-sleep-orthopedic-cervical-contour-memory-pillow-luxe,CrystalSonic Deep-Sleep™ Orthopedic Cervical Contour Memory Pillow (Luxe),"<p>High-demand CrystalSonic CrystalSonic Deep-Sleep™ Orthopedic Cervical Contour Memory Pillow (Luxe). Designed for superior performance, comfort and style. Sourced with USPS express air shipping (7-10 days).</p>",CrystalSonic,utilities,utilities,"utilities, utilities, unisex, dropshipping, bestseller",true,Color,Ice-Silk White,Size,Universal Dual-Contour,SY-SY-PROD-3378,500,shopify,12,deny,manual,67.28,108.28,true,true,https://images.unsplash.com/photo-1522337360788-8b13dee7a37e?auto=format&fit=crop&w=800&q=80,1,active
sunnyeora-daily-care-luminaglow-7-in-1-red-light-facial-phototherapy-wand-pure,Sunnyeora Daily Care LuminaGlow™ 7-in-1 Red Light Facial Phototherapy Wand (Pure),"<p>High-demand Sunnyeora Daily Care Sunnyeora Daily Care LuminaGlow™ 7-in-1 Red Light Facial Phototherapy Wand (Pure). Designed for superior performance, comfort and style. Sourced with USPS express air shipping (7-10 days).</p>",Sunnyeora Daily Care,utilities,utilities,"utilities, utilities, unisex, dropshipping, bestseller",true,Color,Rose Gold Luxury,Size,Type-C Rechargeable,SY-SY-PROD-3379,500,shopify,13,deny,manual,78.65,125.91,true,true,https://images.unsplash.com/photo-1540555700478-4be289fbecef?auto=format&fit=crop&w=800&q=80,1,active
luminaglow-tech-volcano-flame-aromatherapy-essential-oil-air-diffuser-essential,LuminaGlow Tech Volcano Flame Aromatherapy Essential Oil Air Diffuser (Essential),"<p>High-demand LuminaGlow Tech LuminaGlow Tech Volcano Flame Aromatherapy Essential Oil Air Diffuser (Essential). Designed for superior performance, comfort and style. Sourced with USPS express air shipping (7-10 days).</p>",LuminaGlow Tech,utilities,utilities,"utilities, utilities, unisex, dropshipping, bestseller",true,Color,Warm Flame Amber,Size,300ml Tank,SY-SY-PROD-3380,500,shopify,14,deny,manual,35.02,58.28,true,true,https://images.unsplash.com/photo-1583863788434-e58a36330cf0?auto=format&fit=crop&w=800&q=80,1,active
purerest-living-cordless-electric-rechargeable-sweater-fabric-shaver-pro,PureRest Living Cordless Electric Rechargeable Sweater Fabric Shaver (Pro),"<p>High-demand PureRest Living PureRest Living Cordless Electric Rechargeable Sweater Fabric Shaver (Pro). Designed for superior performance, comfort and style. Sourced with USPS express air shipping (7-10 days).</p>",PureRest Living,utilities,utilities,"utilities, utilities, unisex, dropshipping, bestseller",true,Color,Sage Green,Size,Compact Handheld,SY-SY-PROD-3381,500,shopify,15,deny,manual,21.39,37.15,true,true,https://images.unsplash.com/photo-1584100936595-c0654b55a2e2?auto=format&fit=crop&w=800&q=80,1,active
sonicclean-wireless-handheld-high-power-car-desktop-vacuum-elite,SonicClean Wireless Handheld High-Power Car & Desktop Vacuum (Elite),"<p>High-demand SonicClean SonicClean Wireless Handheld High-Power Car & Desktop Vacuum (Elite). Designed for superior performance, comfort and style. Sourced with USPS express air shipping (7-10 days).</p>",SonicClean,utilities,utilities,"utilities, utilities, unisex, dropshipping, bestseller",true,Color,Matte Black,Size,9000Pa Strong Suction,SY-SY-PROD-3382,500,shopify,16,deny,manual,53.76,87.33,true,true,https://images.unsplash.com/photo-1598440947619-2c35fc9aa908?auto=format&fit=crop&w=800&q=80,1,active
crystalsonic-magnetic-motion-sensor-led-wireless-under-cabinet-light-strip-classic,CrystalSonic Magnetic Motion Sensor LED Wireless Under-Cabinet Light Strip (Classic),"<p>High-demand CrystalSonic CrystalSonic Magnetic Motion Sensor LED Wireless Under-Cabinet Light Strip (Classic). Designed for superior performance, comfort and style. Sourced with USPS express air shipping (7-10 days).</p>",CrystalSonic,utilities,utilities,"utilities, utilities, unisex, dropshipping, bestseller",true,Color,Warm Cozy White,Size,30cm Ultra-Thin (2-Pack),SY-SY-PROD-3383,500,shopify,17,deny,manual,29.13,49.15,true,true,https://images.unsplash.com/photo-1522337360788-8b13dee7a37e?auto=format&fit=crop&w=800&q=80,1,active
sunnyeora-daily-care-self-heating-electric-ceramic-temperature-control-coffee-mug-series-2,Sunnyeora Daily Care Self-Heating Electric Ceramic Temperature Control Coffee Mug (Series 2),"<p>High-demand Sunnyeora Daily Care Sunnyeora Daily Care Self-Heating Electric Ceramic Temperature Control Coffee Mug (Series 2). Designed for superior performance, comfort and style. Sourced with USPS express air shipping (7-10 days).</p>",Sunnyeora Daily Care,utilities,utilities,"utilities, utilities, unisex, dropshipping, bestseller",true,Color,Matte Charcoal,Size,350ml with Coaster Pad,SY-SY-PROD-3384,500,shopify,18,deny,manual,60.50,97.78,true,true,https://images.unsplash.com/photo-1540555700478-4be289fbecef?auto=format&fit=crop&w=800&q=80,1,active
luminaglow-tech-crystalsonic-45-000hz-ultrasonic-jewelry-retainer-cleaner-air,"LuminaGlow Tech CrystalSonic™ 45,000Hz Ultrasonic Jewelry & Retainer Cleaner (Air)","<p>High-demand LuminaGlow Tech LuminaGlow Tech CrystalSonic™ 45,000Hz Ultrasonic Jewelry & Retainer Cleaner (Air). Designed for superior performance, comfort and style. Sourced with USPS express air shipping (7-10 days).</p>",LuminaGlow Tech,utilities,utilities,"utilities, utilities, unisex, dropshipping, bestseller",true,Color,Nordic White,Size,450ml Stainless Tank,SY-SY-PROD-3385,500,shopify,19,deny,manual,46.87,76.65,true,true,https://images.unsplash.com/photo-1583863788434-e58a36330cf0?auto=format&fit=crop&w=800&q=80,1,active
purerest-living-deep-sleep-orthopedic-cervical-contour-memory-pillow-signature,PureRest Living Deep-Sleep™ Orthopedic Cervical Contour Memory Pillow (Signature),"<p>High-demand PureRest Living PureRest Living Deep-Sleep™ Orthopedic Cervical Contour Memory Pillow (Signature). Designed for superior performance, comfort and style. Sourced with USPS express air shipping (7-10 days).</p>",PureRest Living,utilities,utilities,"utilities, utilities, unisex, dropshipping, bestseller",true,Color,Ice-Silk White,Size,Universal Dual-Contour,SY-SY-PROD-3386,500,shopify,5,deny,manual,78.24,125.27,true,true,https://images.unsplash.com/photo-1584100936595-c0654b55a2e2?auto=format&fit=crop&w=800&q=80,1,active
sonicclean-luminaglow-7-in-1-red-light-facial-phototherapy-wand-v2,SonicClean LuminaGlow™ 7-in-1 Red Light Facial Phototherapy Wand (V2),"<p>High-demand SonicClean SonicClean LuminaGlow™ 7-in-1 Red Light Facial Phototherapy Wand (V2). Designed for superior performance, comfort and style. Sourced with USPS express air shipping (7-10 days).</p>",SonicClean,utilities,utilities,"utilities, utilities, unisex, dropshipping, bestseller",true,Color,Rose Gold Luxury,Size,Type-C Rechargeable,SY-SY-PROD-3387,500,shopify,6,deny,manual,89.61,142.90,true,true,https://images.unsplash.com/photo-1598440947619-2c35fc9aa908?auto=format&fit=crop&w=800&q=80,1,active
crystalsonic-volcano-flame-aromatherapy-essential-oil-air-diffuser-luxe,CrystalSonic Volcano Flame Aromatherapy Essential Oil Air Diffuser (Luxe),"<p>High-demand CrystalSonic CrystalSonic Volcano Flame Aromatherapy Essential Oil Air Diffuser (Luxe). Designed for superior performance, comfort and style. Sourced with USPS express air shipping (7-10 days).</p>",CrystalSonic,utilities,utilities,"utilities, utilities, unisex, dropshipping, bestseller",true,Color,Warm Flame Amber,Size,300ml Tank,SY-SY-PROD-3388,500,shopify,7,deny,manual,45.98,75.27,true,true,https://images.unsplash.com/photo-1522337360788-8b13dee7a37e?auto=format&fit=crop&w=800&q=80,1,active
sunnyeora-daily-care-cordless-electric-rechargeable-sweater-fabric-shaver-pure,Sunnyeora Daily Care Cordless Electric Rechargeable Sweater Fabric Shaver (Pure),"<p>High-demand Sunnyeora Daily Care Sunnyeora Daily Care Cordless Electric Rechargeable Sweater Fabric Shaver (Pure). Designed for superior performance, comfort and style. Sourced with USPS express air shipping (7-10 days).</p>",Sunnyeora Daily Care,utilities,utilities,"utilities, utilities, unisex, dropshipping, bestseller",true,Color,Sage Green,Size,Compact Handheld,SY-SY-PROD-3389,500,shopify,8,deny,manual,32.35,54.14,true,true,https://images.unsplash.com/photo-1540555700478-4be289fbecef?auto=format&fit=crop&w=800&q=80,1,active
luminaglow-tech-wireless-handheld-high-power-car-desktop-vacuum-essential,LuminaGlow Tech Wireless Handheld High-Power Car & Desktop Vacuum (Essential),"<p>High-demand LuminaGlow Tech LuminaGlow Tech Wireless Handheld High-Power Car & Desktop Vacuum (Essential). Designed for superior performance, comfort and style. Sourced with USPS express air shipping (7-10 days).</p>",LuminaGlow Tech,utilities,utilities,"utilities, utilities, unisex, dropshipping, bestseller",true,Color,Matte Black,Size,9000Pa Strong Suction,SY-SY-PROD-3390,500,shopify,9,deny,manual,38.72,64.02,true,true,https://images.unsplash.com/photo-1583863788434-e58a36330cf0?auto=format&fit=crop&w=800&q=80,1,active
purerest-living-magnetic-motion-sensor-led-wireless-under-cabinet-light-strip-pro,PureRest Living Magnetic Motion Sensor LED Wireless Under-Cabinet Light Strip (Pro),"<p>High-demand PureRest Living PureRest Living Magnetic Motion Sensor LED Wireless Under-Cabinet Light Strip (Pro). Designed for superior performance, comfort and style. Sourced with USPS express air shipping (7-10 days).</p>",PureRest Living,utilities,utilities,"utilities, utilities, unisex, dropshipping, bestseller",true,Color,Warm Cozy White,Size,30cm Ultra-Thin (2-Pack),SY-SY-PROD-3391,500,shopify,10,deny,manual,26.09,44.44,true,true,https://images.unsplash.com/photo-1584100936595-c0654b55a2e2?auto=format&fit=crop&w=800&q=80,1,active
sonicclean-self-heating-electric-ceramic-temperature-control-coffee-mug-elite,SonicClean Self-Heating Electric Ceramic Temperature Control Coffee Mug (Elite),"<p>High-demand SonicClean SonicClean Self-Heating Electric Ceramic Temperature Control Coffee Mug (Elite). Designed for superior performance, comfort and style. Sourced with USPS express air shipping (7-10 days).</p>",SonicClean,utilities,utilities,"utilities, utilities, unisex, dropshipping, bestseller",true,Color,Matte Charcoal,Size,350ml with Coaster Pad,SY-SY-PROD-3392,500,shopify,11,deny,manual,71.46,114.76,true,true,https://images.unsplash.com/photo-1598440947619-2c35fc9aa908?auto=format&fit=crop&w=800&q=80,1,active
crystalsonic-crystalsonic-45-000hz-ultrasonic-jewelry-retainer-cleaner-classic,"CrystalSonic CrystalSonic™ 45,000Hz Ultrasonic Jewelry & Retainer Cleaner (Classic)","<p>High-demand CrystalSonic CrystalSonic CrystalSonic™ 45,000Hz Ultrasonic Jewelry & Retainer Cleaner (Classic). Designed for superior performance, comfort and style. Sourced with USPS express air shipping (7-10 days).</p>",CrystalSonic,utilities,utilities,"utilities, utilities, unisex, dropshipping, bestseller",true,Color,Nordic White,Size,450ml Stainless Tank,SY-SY-PROD-3393,500,shopify,12,deny,manual,57.83,93.64,true,true,https://images.unsplash.com/photo-1522337360788-8b13dee7a37e?auto=format&fit=crop&w=800&q=80,1,active
sunnyeora-daily-care-deep-sleep-orthopedic-cervical-contour-memory-pillow-series-2,Sunnyeora Daily Care Deep-Sleep™ Orthopedic Cervical Contour Memory Pillow (Series 2),"<p>High-demand Sunnyeora Daily Care Sunnyeora Daily Care Deep-Sleep™ Orthopedic Cervical Contour Memory Pillow (Series 2). Designed for superior performance, comfort and style. Sourced with USPS express air shipping (7-10 days).</p>",Sunnyeora Daily Care,utilities,utilities,"utilities, utilities, unisex, dropshipping, bestseller",true,Color,Ice-Silk White,Size,Universal Dual-Contour,SY-SY-PROD-3394,500,shopify,13,deny,manual,89.20,142.26,true,true,https://images.unsplash.com/photo-1540555700478-4be289fbecef?auto=format&fit=crop&w=800&q=80,1,active
luminaglow-tech-luminaglow-7-in-1-red-light-facial-phototherapy-wand-air,LuminaGlow Tech LuminaGlow™ 7-in-1 Red Light Facial Phototherapy Wand (Air),"<p>High-demand LuminaGlow Tech LuminaGlow Tech LuminaGlow™ 7-in-1 Red Light Facial Phototherapy Wand (Air). Designed for superior performance, comfort and style. Sourced with USPS express air shipping (7-10 days).</p>",LuminaGlow Tech,utilities,utilities,"utilities, utilities, unisex, dropshipping, bestseller",true,Color,Rose Gold Luxury,Size,Type-C Rechargeable,SY-SY-PROD-3395,500,shopify,14,deny,manual,60.57,97.88,true,true,https://images.unsplash.com/photo-1583863788434-e58a36330cf0?auto=format&fit=crop&w=800&q=80,1,active
purerest-living-volcano-flame-aromatherapy-essential-oil-air-diffuser-signature,PureRest Living Volcano Flame Aromatherapy Essential Oil Air Diffuser (Signature),"<p>High-demand PureRest Living PureRest Living Volcano Flame Aromatherapy Essential Oil Air Diffuser (Signature). Designed for superior performance, comfort and style. Sourced with USPS express air shipping (7-10 days).</p>",PureRest Living,utilities,utilities,"utilities, utilities, unisex, dropshipping, bestseller",true,Color,Warm Flame Amber,Size,300ml Tank,SY-SY-PROD-3396,500,shopify,15,deny,manual,56.94,92.26,true,true,https://images.unsplash.com/photo-1584100936595-c0654b55a2e2?auto=format&fit=crop&w=800&q=80,1,active
sonicclean-cordless-electric-rechargeable-sweater-fabric-shaver-v2,SonicClean Cordless Electric Rechargeable Sweater Fabric Shaver (V2),"<p>High-demand SonicClean SonicClean Cordless Electric Rechargeable Sweater Fabric Shaver (V2). Designed for superior performance, comfort and style. Sourced with USPS express air shipping (7-10 days).</p>",SonicClean,utilities,utilities,"utilities, utilities, unisex, dropshipping, bestseller",true,Color,Sage Green,Size,Compact Handheld,SY-SY-PROD-3397,500,shopify,16,deny,manual,28.31,47.88,true,true,https://images.unsplash.com/photo-1598440947619-2c35fc9aa908?auto=format&fit=crop&w=800&q=80,1,active
crystalsonic-wireless-handheld-high-power-car-desktop-vacuum-luxe,CrystalSonic Wireless Handheld High-Power Car & Desktop Vacuum (Luxe),"<p>High-demand CrystalSonic CrystalSonic Wireless Handheld High-Power Car & Desktop Vacuum (Luxe). Designed for superior performance, comfort and style. Sourced with USPS express air shipping (7-10 days).</p>",CrystalSonic,utilities,utilities,"utilities, utilities, unisex, dropshipping, bestseller",true,Color,Matte Black,Size,9000Pa Strong Suction,SY-SY-PROD-3398,500,shopify,17,deny,manual,49.68,81.00,true,true,https://images.unsplash.com/photo-1522337360788-8b13dee7a37e?auto=format&fit=crop&w=800&q=80,1,active
sunnyeora-daily-care-magnetic-motion-sensor-led-wireless-under-cabinet-light-strip-pure,Sunnyeora Daily Care Magnetic Motion Sensor LED Wireless Under-Cabinet Light Strip (Pure),"<p>High-demand Sunnyeora Daily Care Sunnyeora Daily Care Magnetic Motion Sensor LED Wireless Under-Cabinet Light Strip (Pure). Designed for superior performance, comfort and style. Sourced with USPS express air shipping (7-10 days).</p>",Sunnyeora Daily Care,utilities,utilities,"utilities, utilities, unisex, dropshipping, bestseller",true,Color,Warm Cozy White,Size,30cm Ultra-Thin (2-Pack),SY-SY-PROD-3399,500,shopify,18,deny,manual,23.05,39.73,true,true,https://images.unsplash.com/photo-1540555700478-4be289fbecef?auto=format&fit=crop&w=800&q=80,1,active
luminaglow-tech-self-heating-electric-ceramic-temperature-control-coffee-mug-essential,LuminaGlow Tech Self-Heating Electric Ceramic Temperature Control Coffee Mug (Essential),"<p>High-demand LuminaGlow Tech LuminaGlow Tech Self-Heating Electric Ceramic Temperature Control Coffee Mug (Essential). Designed for superior performance, comfort and style. Sourced with USPS express air shipping (7-10 days).</p>",LuminaGlow Tech,utilities,utilities,"utilities, utilities, unisex, dropshipping, bestseller",true,Color,Matte Charcoal,Size,350ml with Coaster Pad,SY-SY-PROD-3400,500,shopify,19,deny,manual,50.42,82.15,true,true,https://images.unsplash.com/photo-1583863788434-e58a36330cf0?auto=format&fit=crop&w=800&q=80,1,active
purerest-living-crystalsonic-45-000hz-ultrasonic-jewelry-retainer-cleaner-pro,"PureRest Living CrystalSonic™ 45,000Hz Ultrasonic Jewelry & Retainer Cleaner (Pro)","<p>High-demand PureRest Living PureRest Living CrystalSonic™ 45,000Hz Ultrasonic Jewelry & Retainer Cleaner (Pro). Designed for superior performance, comfort and style. Sourced with USPS express air shipping (7-10 days).</p>",PureRest Living,utilities,utilities,"utilities, utilities, unisex, dropshipping, bestseller",true,Color,Nordic White,Size,450ml Stainless Tank,SY-SY-PROD-3401,500,shopify,5,deny,manual,68.79,110.62,true,true,https://images.unsplash.com/photo-1584100936595-c0654b55a2e2?auto=format&fit=crop&w=800&q=80,1,active
sonicclean-deep-sleep-orthopedic-cervical-contour-memory-pillow-elite,SonicClean Deep-Sleep™ Orthopedic Cervical Contour Memory Pillow (Elite),"<p>High-demand SonicClean SonicClean Deep-Sleep™ Orthopedic Cervical Contour Memory Pillow (Elite). Designed for superior performance, comfort and style. Sourced with USPS express air shipping (7-10 days).</p>",SonicClean,utilities,utilities,"utilities, utilities, unisex, dropshipping, bestseller",true,Color,Ice-Silk White,Size,Universal Dual-Contour,SY-SY-PROD-3402,500,shopify,6,deny,manual,60.16,97.25,true,true,https://images.unsplash.com/photo-1598440947619-2c35fc9aa908?auto=format&fit=crop&w=800&q=80,1,active
crystalsonic-luminaglow-7-in-1-red-light-facial-phototherapy-wand-classic,CrystalSonic LuminaGlow™ 7-in-1 Red Light Facial Phototherapy Wand (Classic),"<p>High-demand CrystalSonic CrystalSonic LuminaGlow™ 7-in-1 Red Light Facial Phototherapy Wand (Classic). Designed for superior performance, comfort and style. Sourced with USPS express air shipping (7-10 days).</p>",CrystalSonic,utilities,utilities,"utilities, utilities, unisex, dropshipping, bestseller",true,Color,Rose Gold Luxury,Size,Type-C Rechargeable,SY-SY-PROD-3403,500,shopify,7,deny,manual,71.53,114.87,true,true,https://images.unsplash.com/photo-1522337360788-8b13dee7a37e?auto=format&fit=crop&w=800&q=80,1,active
sunnyeora-daily-care-volcano-flame-aromatherapy-essential-oil-air-diffuser-series-2,Sunnyeora Daily Care Volcano Flame Aromatherapy Essential Oil Air Diffuser (Series 2),"<p>High-demand Sunnyeora Daily Care Sunnyeora Daily Care Volcano Flame Aromatherapy Essential Oil Air Diffuser (Series 2). Designed for superior performance, comfort and style. Sourced with USPS express air shipping (7-10 days).</p>",Sunnyeora Daily Care,utilities,utilities,"utilities, utilities, unisex, dropshipping, bestseller",true,Color,Warm Flame Amber,Size,300ml Tank,SY-SY-PROD-3404,500,shopify,8,deny,manual,42.90,70.50,true,true,https://images.unsplash.com/photo-1540555700478-4be289fbecef?auto=format&fit=crop&w=800&q=80,1,active
luminaglow-tech-cordless-electric-rechargeable-sweater-fabric-shaver-air,LuminaGlow Tech Cordless Electric Rechargeable Sweater Fabric Shaver (Air),"<p>High-demand LuminaGlow Tech LuminaGlow Tech Cordless Electric Rechargeable Sweater Fabric Shaver (Air). Designed for superior performance, comfort and style. Sourced with USPS express air shipping (7-10 days).</p>",LuminaGlow Tech,utilities,utilities,"utilities, utilities, unisex, dropshipping, bestseller",true,Color,Sage Green,Size,Compact Handheld,SY-SY-PROD-3405,500,shopify,9,deny,manual,24.27,41.62,true,true,https://images.unsplash.com/photo-1583863788434-e58a36330cf0?auto=format&fit=crop&w=800&q=80,1,active
purerest-living-wireless-handheld-high-power-car-desktop-vacuum-signature,PureRest Living Wireless Handheld High-Power Car & Desktop Vacuum (Signature),"<p>High-demand PureRest Living PureRest Living Wireless Handheld High-Power Car & Desktop Vacuum (Signature). Designed for superior performance, comfort and style. Sourced with USPS express air shipping (7-10 days).</p>",PureRest Living,utilities,utilities,"utilities, utilities, unisex, dropshipping, bestseller",true,Color,Matte Black,Size,9000Pa Strong Suction,SY-SY-PROD-3406,500,shopify,10,deny,manual,60.64,97.99,true,true,https://images.unsplash.com/photo-1584100936595-c0654b55a2e2?auto=format&fit=crop&w=800&q=80,1,active
sonicclean-magnetic-motion-sensor-led-wireless-under-cabinet-light-strip-v2,SonicClean Magnetic Motion Sensor LED Wireless Under-Cabinet Light Strip (V2),"<p>High-demand SonicClean SonicClean Magnetic Motion Sensor LED Wireless Under-Cabinet Light Strip (V2). Designed for superior performance, comfort and style. Sourced with USPS express air shipping (7-10 days).</p>",SonicClean,utilities,utilities,"utilities, utilities, unisex, dropshipping, bestseller",true,Color,Warm Cozy White,Size,30cm Ultra-Thin (2-Pack),SY-SY-PROD-3407,500,shopify,11,deny,manual,20.01,35.02,true,true,https://images.unsplash.com/photo-1598440947619-2c35fc9aa908?auto=format&fit=crop&w=800&q=80,1,active
crystalsonic-self-heating-electric-ceramic-temperature-control-coffee-mug-luxe,CrystalSonic Self-Heating Electric Ceramic Temperature Control Coffee Mug (Luxe),"<p>High-demand CrystalSonic CrystalSonic Self-Heating Electric Ceramic Temperature Control Coffee Mug (Luxe). Designed for superior performance, comfort and style. Sourced with USPS express air shipping (7-10 days).</p>",CrystalSonic,utilities,utilities,"utilities, utilities, unisex, dropshipping, bestseller",true,Color,Matte Charcoal,Size,350ml with Coaster Pad,SY-SY-PROD-3408,500,shopify,12,deny,manual,61.38,99.14,true,true,https://images.unsplash.com/photo-1522337360788-8b13dee7a37e?auto=format&fit=crop&w=800&q=80,1,active
sunnyeora-daily-care-crystalsonic-45-000hz-ultrasonic-jewelry-retainer-cleaner-pure,"Sunnyeora Daily Care CrystalSonic™ 45,000Hz Ultrasonic Jewelry & Retainer Cleaner (Pure)","<p>High-demand Sunnyeora Daily Care Sunnyeora Daily Care CrystalSonic™ 45,000Hz Ultrasonic Jewelry & Retainer Cleaner (Pure). Designed for superior performance, comfort and style. Sourced with USPS express air shipping (7-10 days).</p>",Sunnyeora Daily Care,utilities,utilities,"utilities, utilities, unisex, dropshipping, bestseller",true,Color,Nordic White,Size,450ml Stainless Tank,SY-SY-PROD-3409,500,shopify,13,deny,manual,49.75,81.11,true,true,https://images.unsplash.com/photo-1540555700478-4be289fbecef?auto=format&fit=crop&w=800&q=80,1,active
luminaglow-tech-deep-sleep-orthopedic-cervical-contour-memory-pillow-essential,LuminaGlow Tech Deep-Sleep™ Orthopedic Cervical Contour Memory Pillow (Essential),"<p>High-demand LuminaGlow Tech LuminaGlow Tech Deep-Sleep™ Orthopedic Cervical Contour Memory Pillow (Essential). Designed for superior performance, comfort and style. Sourced with USPS express air shipping (7-10 days).</p>",LuminaGlow Tech,utilities,utilities,"utilities, utilities, unisex, dropshipping, bestseller",true,Color,Ice-Silk White,Size,Universal Dual-Contour,SY-SY-PROD-3410,500,shopify,14,deny,manual,71.12,114.24,true,true,https://images.unsplash.com/photo-1583863788434-e58a36330cf0?auto=format&fit=crop&w=800&q=80,1,active
purerest-living-luminaglow-7-in-1-red-light-facial-phototherapy-wand-pro,PureRest Living LuminaGlow™ 7-in-1 Red Light Facial Phototherapy Wand (Pro),"<p>High-demand PureRest Living PureRest Living LuminaGlow™ 7-in-1 Red Light Facial Phototherapy Wand (Pro). Designed for superior performance, comfort and style. Sourced with USPS express air shipping (7-10 days).</p>",PureRest Living,utilities,utilities,"utilities, utilities, unisex, dropshipping, bestseller",true,Color,Rose Gold Luxury,Size,Type-C Rechargeable,SY-SY-PROD-3411,500,shopify,15,deny,manual,82.49,131.86,true,true,https://images.unsplash.com/photo-1584100936595-c0654b55a2e2?auto=format&fit=crop&w=800&q=80,1,active
sonicclean-volcano-flame-aromatherapy-essential-oil-air-diffuser-elite,SonicClean Volcano Flame Aromatherapy Essential Oil Air Diffuser (Elite),"<p>High-demand SonicClean SonicClean Volcano Flame Aromatherapy Essential Oil Air Diffuser (Elite). Designed for superior performance, comfort and style. Sourced with USPS express air shipping (7-10 days).</p>",SonicClean,utilities,utilities,"utilities, utilities, unisex, dropshipping, bestseller",true,Color,Warm Flame Amber,Size,300ml Tank,SY-SY-PROD-3412,500,shopify,16,deny,manual,53.86,87.48,true,true,https://images.unsplash.com/photo-1598440947619-2c35fc9aa908?auto=format&fit=crop&w=800&q=80,1,active
crystalsonic-cordless-electric-rechargeable-sweater-fabric-shaver-classic,CrystalSonic Cordless Electric Rechargeable Sweater Fabric Shaver (Classic),"<p>High-demand CrystalSonic CrystalSonic Cordless Electric Rechargeable Sweater Fabric Shaver (Classic). Designed for superior performance, comfort and style. Sourced with USPS express air shipping (7-10 days).</p>",CrystalSonic,utilities,utilities,"utilities, utilities, unisex, dropshipping, bestseller",true,Color,Sage Green,Size,Compact Handheld,SY-SY-PROD-3413,500,shopify,17,deny,manual,20.23,35.36,true,true,https://images.unsplash.com/photo-1522337360788-8b13dee7a37e?auto=format&fit=crop&w=800&q=80,1,active
sunnyeora-daily-care-wireless-handheld-high-power-car-desktop-vacuum-series-2,Sunnyeora Daily Care Wireless Handheld High-Power Car & Desktop Vacuum (Series 2),"<p>High-demand Sunnyeora Daily Care Sunnyeora Daily Care Wireless Handheld High-Power Car & Desktop Vacuum (Series 2). Designed for superior performance, comfort and style. Sourced with USPS express air shipping (7-10 days).</p>",Sunnyeora Daily Care,utilities,utilities,"utilities, utilities, unisex, dropshipping, bestseller",true,Color,Matte Black,Size,9000Pa Strong Suction,SY-SY-PROD-3414,500,shopify,18,deny,manual,45.60,74.68,true,true,https://images.unsplash.com/photo-1540555700478-4be289fbecef?auto=format&fit=crop&w=800&q=80,1,active
luminaglow-tech-magnetic-motion-sensor-led-wireless-under-cabinet-light-strip-air,LuminaGlow Tech Magnetic Motion Sensor LED Wireless Under-Cabinet Light Strip (Air),"<p>High-demand LuminaGlow Tech LuminaGlow Tech Magnetic Motion Sensor LED Wireless Under-Cabinet Light Strip (Air). Designed for superior performance, comfort and style. Sourced with USPS express air shipping (7-10 days).</p>",LuminaGlow Tech,utilities,utilities,"utilities, utilities, unisex, dropshipping, bestseller",true,Color,Warm Cozy White,Size,30cm Ultra-Thin (2-Pack),SY-SY-PROD-3415,500,shopify,19,deny,manual,30.97,52.00,true,true,https://images.unsplash.com/photo-1583863788434-e58a36330cf0?auto=format&fit=crop&w=800&q=80,1,active
purerest-living-self-heating-electric-ceramic-temperature-control-coffee-mug-signature,PureRest Living Self-Heating Electric Ceramic Temperature Control Coffee Mug (Signature),"<p>High-demand PureRest Living PureRest Living Self-Heating Electric Ceramic Temperature Control Coffee Mug (Signature). Designed for superior performance, comfort and style. Sourced with USPS express air shipping (7-10 days).</p>",PureRest Living,utilities,utilities,"utilities, utilities, unisex, dropshipping, bestseller",true,Color,Matte Charcoal,Size,350ml with Coaster Pad,SY-SY-PROD-3416,500,shopify,5,deny,manual,72.34,116.13,true,true,https://images.unsplash.com/photo-1584100936595-c0654b55a2e2?auto=format&fit=crop&w=800&q=80,1,active
sonicclean-crystalsonic-45-000hz-ultrasonic-jewelry-retainer-cleaner-v2,"SonicClean CrystalSonic™ 45,000Hz Ultrasonic Jewelry & Retainer Cleaner (V2)","<p>High-demand SonicClean SonicClean CrystalSonic™ 45,000Hz Ultrasonic Jewelry & Retainer Cleaner (V2). Designed for superior performance, comfort and style. Sourced with USPS express air shipping (7-10 days).</p>",SonicClean,utilities,utilities,"utilities, utilities, unisex, dropshipping, bestseller",true,Color,Nordic White,Size,450ml Stainless Tank,SY-SY-PROD-3417,500,shopify,6,deny,manual,60.71,98.10,true,true,https://images.unsplash.com/photo-1598440947619-2c35fc9aa908?auto=format&fit=crop&w=800&q=80,1,active
crystalsonic-deep-sleep-orthopedic-cervical-contour-memory-pillow-luxe,CrystalSonic Deep-Sleep™ Orthopedic Cervical Contour Memory Pillow (Luxe),"<p>High-demand CrystalSonic CrystalSonic Deep-Sleep™ Orthopedic Cervical Contour Memory Pillow (Luxe). Designed for superior performance, comfort and style. Sourced with USPS express air shipping (7-10 days).</p>",CrystalSonic,utilities,utilities,"utilities, utilities, unisex, dropshipping, bestseller",true,Color,Ice-Silk White,Size,Universal Dual-Contour,SY-SY-PROD-3418,500,shopify,7,deny,manual,82.08,131.22,true,true,https://images.unsplash.com/photo-1522337360788-8b13dee7a37e?auto=format&fit=crop&w=800&q=80,1,active
sunnyeora-daily-care-luminaglow-7-in-1-red-light-facial-phototherapy-wand-pure,Sunnyeora Daily Care LuminaGlow™ 7-in-1 Red Light Facial Phototherapy Wand (Pure),"<p>High-demand Sunnyeora Daily Care Sunnyeora Daily Care LuminaGlow™ 7-in-1 Red Light Facial Phototherapy Wand (Pure). Designed for superior performance, comfort and style. Sourced with USPS express air shipping (7-10 days).</p>",Sunnyeora Daily Care,utilities,utilities,"utilities, utilities, unisex, dropshipping, bestseller",true,Color,Rose Gold Luxury,Size,Type-C Rechargeable,SY-SY-PROD-3419,500,shopify,8,deny,manual,93.45,148.85,true,true,https://images.unsplash.com/photo-1540555700478-4be289fbecef?auto=format&fit=crop&w=800&q=80,1,active
luminaglow-tech-volcano-flame-aromatherapy-essential-oil-air-diffuser-essential,LuminaGlow Tech Volcano Flame Aromatherapy Essential Oil Air Diffuser (Essential),"<p>High-demand LuminaGlow Tech LuminaGlow Tech Volcano Flame Aromatherapy Essential Oil Air Diffuser (Essential). Designed for superior performance, comfort and style. Sourced with USPS express air shipping (7-10 days).</p>",LuminaGlow Tech,utilities,utilities,"utilities, utilities, unisex, dropshipping, bestseller",true,Color,Warm Flame Amber,Size,300ml Tank,SY-SY-PROD-3420,500,shopify,9,deny,manual,39.82,65.72,true,true,https://images.unsplash.com/photo-1583863788434-e58a36330cf0?auto=format&fit=crop&w=800&q=80,1,active
purerest-living-cordless-electric-rechargeable-sweater-fabric-shaver-pro,PureRest Living Cordless Electric Rechargeable Sweater Fabric Shaver (Pro),"<p>High-demand PureRest Living PureRest Living Cordless Electric Rechargeable Sweater Fabric Shaver (Pro). Designed for superior performance, comfort and style. Sourced with USPS express air shipping (7-10 days).</p>",PureRest Living,utilities,utilities,"utilities, utilities, unisex, dropshipping, bestseller",true,Color,Sage Green,Size,Compact Handheld,SY-SY-PROD-3421,500,shopify,10,deny,manual,31.19,52.34,true,true,https://images.unsplash.com/photo-1584100936595-c0654b55a2e2?auto=format&fit=crop&w=800&q=80,1,active
sonicclean-wireless-handheld-high-power-car-desktop-vacuum-elite,SonicClean Wireless Handheld High-Power Car & Desktop Vacuum (Elite),"<p>High-demand SonicClean SonicClean Wireless Handheld High-Power Car & Desktop Vacuum (Elite). Designed for superior performance, comfort and style. Sourced with USPS express air shipping (7-10 days).</p>",SonicClean,utilities,utilities,"utilities, utilities, unisex, dropshipping, bestseller",true,Color,Matte Black,Size,9000Pa Strong Suction,SY-SY-PROD-3422,500,shopify,11,deny,manual,56.56,91.67,true,true,https://images.unsplash.com/photo-1598440947619-2c35fc9aa908?auto=format&fit=crop&w=800&q=80,1,active
crystalsonic-magnetic-motion-sensor-led-wireless-under-cabinet-light-strip-classic,CrystalSonic Magnetic Motion Sensor LED Wireless Under-Cabinet Light Strip (Classic),"<p>High-demand CrystalSonic CrystalSonic Magnetic Motion Sensor LED Wireless Under-Cabinet Light Strip (Classic). Designed for superior performance, comfort and style. Sourced with USPS express air shipping (7-10 days).</p>",CrystalSonic,utilities,utilities,"utilities, utilities, unisex, dropshipping, bestseller",true,Color,Warm Cozy White,Size,30cm Ultra-Thin (2-Pack),SY-SY-PROD-3423,500,shopify,12,deny,manual,27.93,47.29,true,true,https://images.unsplash.com/photo-1522337360788-8b13dee7a37e?auto=format&fit=crop&w=800&q=80,1,active
sunnyeora-daily-care-self-heating-electric-ceramic-temperature-control-coffee-mug-series-2,Sunnyeora Daily Care Self-Heating Electric Ceramic Temperature Control Coffee Mug (Series 2),"<p>High-demand Sunnyeora Daily Care Sunnyeora Daily Care Self-Heating Electric Ceramic Temperature Control Coffee Mug (Series 2). Designed for superior performance, comfort and style. Sourced with USPS express air shipping (7-10 days).</p>",Sunnyeora Daily Care,utilities,utilities,"utilities, utilities, unisex, dropshipping, bestseller",true,Color,Matte Charcoal,Size,350ml with Coaster Pad,SY-SY-PROD-3424,500,shopify,13,deny,manual,51.30,83.52,true,true,https://images.unsplash.com/photo-1540555700478-4be289fbecef?auto=format&fit=crop&w=800&q=80,1,active
luminaglow-tech-crystalsonic-45-000hz-ultrasonic-jewelry-retainer-cleaner-air,"LuminaGlow Tech CrystalSonic™ 45,000Hz Ultrasonic Jewelry & Retainer Cleaner (Air)","<p>High-demand LuminaGlow Tech LuminaGlow Tech CrystalSonic™ 45,000Hz Ultrasonic Jewelry & Retainer Cleaner (Air). Designed for superior performance, comfort and style. Sourced with USPS express air shipping (7-10 days).</p>",LuminaGlow Tech,utilities,utilities,"utilities, utilities, unisex, dropshipping, bestseller",true,Color,Nordic White,Size,450ml Stainless Tank,SY-SY-PROD-3425,500,shopify,14,deny,manual,41.67,68.59,true,true,https://images.unsplash.com/photo-1583863788434-e58a36330cf0?auto=format&fit=crop&w=800&q=80,1,active
purerest-living-deep-sleep-orthopedic-cervical-contour-memory-pillow-signature,PureRest Living Deep-Sleep™ Orthopedic Cervical Contour Memory Pillow (Signature),"<p>High-demand PureRest Living PureRest Living Deep-Sleep™ Orthopedic Cervical Contour Memory Pillow (Signature). Designed for superior performance, comfort and style. Sourced with USPS express air shipping (7-10 days).</p>",PureRest Living,utilities,utilities,"utilities, utilities, unisex, dropshipping, bestseller",true,Color,Ice-Silk White,Size,Universal Dual-Contour,SY-SY-PROD-3426,500,shopify,15,deny,manual,53.04,86.21,true,true,https://images.unsplash.com/photo-1584100936595-c0654b55a2e2?auto=format&fit=crop&w=800&q=80,1,active
sonicclean-luminaglow-7-in-1-red-light-facial-phototherapy-wand-v2,SonicClean LuminaGlow™ 7-in-1 Red Light Facial Phototherapy Wand (V2),"<p>High-demand SonicClean SonicClean LuminaGlow™ 7-in-1 Red Light Facial Phototherapy Wand (V2). Designed for superior performance, comfort and style. Sourced with USPS express air shipping (7-10 days).</p>",SonicClean,utilities,utilities,"utilities, utilities, unisex, dropshipping, bestseller",true,Color,Rose Gold Luxury,Size,Type-C Rechargeable,SY-SY-PROD-3427,500,shopify,16,deny,manual,64.41,103.84,true,true,https://images.unsplash.com/photo-1598440947619-2c35fc9aa908?auto=format&fit=crop&w=800&q=80,1,active
crystalsonic-volcano-flame-aromatherapy-essential-oil-air-diffuser-luxe,CrystalSonic Volcano Flame Aromatherapy Essential Oil Air Diffuser (Luxe),"<p>High-demand CrystalSonic CrystalSonic Volcano Flame Aromatherapy Essential Oil Air Diffuser (Luxe). Designed for superior performance, comfort and style. Sourced with USPS express air shipping (7-10 days).</p>",CrystalSonic,utilities,utilities,"utilities, utilities, unisex, dropshipping, bestseller",true,Color,Warm Flame Amber,Size,300ml Tank,SY-SY-PROD-3428,500,shopify,17,deny,manual,50.78,82.71,true,true,https://images.unsplash.com/photo-1522337360788-8b13dee7a37e?auto=format&fit=crop&w=800&q=80,1,active
sunnyeora-daily-care-cordless-electric-rechargeable-sweater-fabric-shaver-pure,Sunnyeora Daily Care Cordless Electric Rechargeable Sweater Fabric Shaver (Pure),"<p>High-demand Sunnyeora Daily Care Sunnyeora Daily Care Cordless Electric Rechargeable Sweater Fabric Shaver (Pure). Designed for superior performance, comfort and style. Sourced with USPS express air shipping (7-10 days).</p>",Sunnyeora Daily Care,utilities,utilities,"utilities, utilities, unisex, dropshipping, bestseller",true,Color,Sage Green,Size,Compact Handheld,SY-SY-PROD-3429,500,shopify,18,deny,manual,27.15,46.08,true,true,https://images.unsplash.com/photo-1540555700478-4be289fbecef?auto=format&fit=crop&w=800&q=80,1,active
luminaglow-tech-wireless-handheld-high-power-car-desktop-vacuum-essential,LuminaGlow Tech Wireless Handheld High-Power Car & Desktop Vacuum (Essential),"<p>High-demand LuminaGlow Tech LuminaGlow Tech Wireless Handheld High-Power Car & Desktop Vacuum (Essential). Designed for superior performance, comfort and style. Sourced with USPS express air shipping (7-10 days).</p>",LuminaGlow Tech,utilities,utilities,"utilities, utilities, unisex, dropshipping, bestseller",true,Color,Matte Black,Size,9000Pa Strong Suction,SY-SY-PROD-3430,500,shopify,19,deny,manual,41.52,68.36,true,true,https://images.unsplash.com/photo-1583863788434-e58a36330cf0?auto=format&fit=crop&w=800&q=80,1,active
purerest-living-magnetic-motion-sensor-led-wireless-under-cabinet-light-strip-pro,PureRest Living Magnetic Motion Sensor LED Wireless Under-Cabinet Light Strip (Pro),"<p>High-demand PureRest Living PureRest Living Magnetic Motion Sensor LED Wireless Under-Cabinet Light Strip (Pro). Designed for superior performance, comfort and style. Sourced with USPS express air shipping (7-10 days).</p>",PureRest Living,utilities,utilities,"utilities, utilities, unisex, dropshipping, bestseller",true,Color,Warm Cozy White,Size,30cm Ultra-Thin (2-Pack),SY-SY-PROD-3431,500,shopify,5,deny,manual,24.89,42.58,true,true,https://images.unsplash.com/photo-1584100936595-c0654b55a2e2?auto=format&fit=crop&w=800&q=80,1,active
sonicclean-self-heating-electric-ceramic-temperature-control-coffee-mug-elite,SonicClean Self-Heating Electric Ceramic Temperature Control Coffee Mug (Elite),"<p>High-demand SonicClean SonicClean Self-Heating Electric Ceramic Temperature Control Coffee Mug (Elite). Designed for superior performance, comfort and style. Sourced with USPS express air shipping (7-10 days).</p>",SonicClean,utilities,utilities,"utilities, utilities, unisex, dropshipping, bestseller",true,Color,Matte Charcoal,Size,350ml with Coaster Pad,SY-SY-PROD-3432,500,shopify,6,deny,manual,62.26,100.50,true,true,https://images.unsplash.com/photo-1598440947619-2c35fc9aa908?auto=format&fit=crop&w=800&q=80,1,active
crystalsonic-crystalsonic-45-000hz-ultrasonic-jewelry-retainer-cleaner-classic,"CrystalSonic CrystalSonic™ 45,000Hz Ultrasonic Jewelry & Retainer Cleaner (Classic)","<p>High-demand CrystalSonic CrystalSonic CrystalSonic™ 45,000Hz Ultrasonic Jewelry & Retainer Cleaner (Classic). Designed for superior performance, comfort and style. Sourced with USPS express air shipping (7-10 days).</p>",CrystalSonic,utilities,utilities,"utilities, utilities, unisex, dropshipping, bestseller",true,Color,Nordic White,Size,450ml Stainless Tank,SY-SY-PROD-3433,500,shopify,7,deny,manual,52.63,85.58,true,true,https://images.unsplash.com/photo-1522337360788-8b13dee7a37e?auto=format&fit=crop&w=800&q=80,1,active
sunnyeora-daily-care-deep-sleep-orthopedic-cervical-contour-memory-pillow-series-2,Sunnyeora Daily Care Deep-Sleep™ Orthopedic Cervical Contour Memory Pillow (Series 2),"<p>High-demand Sunnyeora Daily Care Sunnyeora Daily Care Deep-Sleep™ Orthopedic Cervical Contour Memory Pillow (Series 2). Designed for superior performance, comfort and style. Sourced with USPS express air shipping (7-10 days).</p>",Sunnyeora Daily Care,utilities,utilities,"utilities, utilities, unisex, dropshipping, bestseller",true,Color,Ice-Silk White,Size,Universal Dual-Contour,SY-SY-PROD-3434,500,shopify,8,deny,manual,64.00,103.20,true,true,https://images.unsplash.com/photo-1540555700478-4be289fbecef?auto=format&fit=crop&w=800&q=80,1,active
luminaglow-tech-luminaglow-7-in-1-red-light-facial-phototherapy-wand-air,LuminaGlow Tech LuminaGlow™ 7-in-1 Red Light Facial Phototherapy Wand (Air),"<p>High-demand LuminaGlow Tech LuminaGlow Tech LuminaGlow™ 7-in-1 Red Light Facial Phototherapy Wand (Air). Designed for superior performance, comfort and style. Sourced with USPS express air shipping (7-10 days).</p>",LuminaGlow Tech,utilities,utilities,"utilities, utilities, unisex, dropshipping, bestseller",true,Color,Rose Gold Luxury,Size,Type-C Rechargeable,SY-SY-PROD-3435,500,shopify,9,deny,manual,75.37,120.82,true,true,https://images.unsplash.com/photo-1583863788434-e58a36330cf0?auto=format&fit=crop&w=800&q=80,1,active
purerest-living-volcano-flame-aromatherapy-essential-oil-air-diffuser-signature,PureRest Living Volcano Flame Aromatherapy Essential Oil Air Diffuser (Signature),"<p>High-demand PureRest Living PureRest Living Volcano Flame Aromatherapy Essential Oil Air Diffuser (Signature). Designed for superior performance, comfort and style. Sourced with USPS express air shipping (7-10 days).</p>",PureRest Living,utilities,utilities,"utilities, utilities, unisex, dropshipping, bestseller",true,Color,Warm Flame Amber,Size,300ml Tank,SY-SY-PROD-3436,500,shopify,10,deny,manual,36.74,60.95,true,true,https://images.unsplash.com/photo-1584100936595-c0654b55a2e2?auto=format&fit=crop&w=800&q=80,1,active
sonicclean-cordless-electric-rechargeable-sweater-fabric-shaver-v2,SonicClean Cordless Electric Rechargeable Sweater Fabric Shaver (V2),"<p>High-demand SonicClean SonicClean Cordless Electric Rechargeable Sweater Fabric Shaver (V2). Designed for superior performance, comfort and style. Sourced with USPS express air shipping (7-10 days).</p>",SonicClean,utilities,utilities,"utilities, utilities, unisex, dropshipping, bestseller",true,Color,Sage Green,Size,Compact Handheld,SY-SY-PROD-3437,500,shopify,11,deny,manual,23.11,39.82,true,true,https://images.unsplash.com/photo-1598440947619-2c35fc9aa908?auto=format&fit=crop&w=800&q=80,1,active
crystalsonic-wireless-handheld-high-power-car-desktop-vacuum-luxe,CrystalSonic Wireless Handheld High-Power Car & Desktop Vacuum (Luxe),"<p>High-demand CrystalSonic CrystalSonic Wireless Handheld High-Power Car & Desktop Vacuum (Luxe). Designed for superior performance, comfort and style. Sourced with USPS express air shipping (7-10 days).</p>",CrystalSonic,utilities,utilities,"utilities, utilities, unisex, dropshipping, bestseller",true,Color,Matte Black,Size,9000Pa Strong Suction,SY-SY-PROD-3438,500,shopify,12,deny,manual,52.48,85.34,true,true,https://images.unsplash.com/photo-1522337360788-8b13dee7a37e?auto=format&fit=crop&w=800&q=80,1,active
sunnyeora-daily-care-magnetic-motion-sensor-led-wireless-under-cabinet-light-strip-pure,Sunnyeora Daily Care Magnetic Motion Sensor LED Wireless Under-Cabinet Light Strip (Pure),"<p>High-demand Sunnyeora Daily Care Sunnyeora Daily Care Magnetic Motion Sensor LED Wireless Under-Cabinet Light Strip (Pure). Designed for superior performance, comfort and style. Sourced with USPS express air shipping (7-10 days).</p>",Sunnyeora Daily Care,utilities,utilities,"utilities, utilities, unisex, dropshipping, bestseller",true,Color,Warm Cozy White,Size,30cm Ultra-Thin (2-Pack),SY-SY-PROD-3439,500,shopify,13,deny,manual,21.85,37.87,true,true,https://images.unsplash.com/photo-1540555700478-4be289fbecef?auto=format&fit=crop&w=800&q=80,1,active
luminaglow-tech-self-heating-electric-ceramic-temperature-control-coffee-mug-essential,LuminaGlow Tech Self-Heating Electric Ceramic Temperature Control Coffee Mug (Essential),"<p>High-demand LuminaGlow Tech LuminaGlow Tech Self-Heating Electric Ceramic Temperature Control Coffee Mug (Essential). Designed for superior performance, comfort and style. Sourced with USPS express air shipping (7-10 days).</p>",LuminaGlow Tech,utilities,utilities,"utilities, utilities, unisex, dropshipping, bestseller",true,Color,Matte Charcoal,Size,350ml with Coaster Pad,SY-SY-PROD-3440,500,shopify,14,deny,manual,73.22,117.49,true,true,https://images.unsplash.com/photo-1583863788434-e58a36330cf0?auto=format&fit=crop&w=800&q=80,1,active
purerest-living-crystalsonic-45-000hz-ultrasonic-jewelry-retainer-cleaner-pro,"PureRest Living CrystalSonic™ 45,000Hz Ultrasonic Jewelry & Retainer Cleaner (Pro)","<p>High-demand PureRest Living PureRest Living CrystalSonic™ 45,000Hz Ultrasonic Jewelry & Retainer Cleaner (Pro). Designed for superior performance, comfort and style. Sourced with USPS express air shipping (7-10 days).</p>",PureRest Living,utilities,utilities,"utilities, utilities, unisex, dropshipping, bestseller",true,Color,Nordic White,Size,450ml Stainless Tank,SY-SY-PROD-3441,500,shopify,15,deny,manual,63.59,102.56,true,true,https://images.unsplash.com/photo-1584100936595-c0654b55a2e2?auto=format&fit=crop&w=800&q=80,1,active
sonicclean-deep-sleep-orthopedic-cervical-contour-memory-pillow-elite,SonicClean Deep-Sleep™ Orthopedic Cervical Contour Memory Pillow (Elite),"<p>High-demand SonicClean SonicClean Deep-Sleep™ Orthopedic Cervical Contour Memory Pillow (Elite). Designed for superior performance, comfort and style. Sourced with USPS express air shipping (7-10 days).</p>",SonicClean,utilities,utilities,"utilities, utilities, unisex, dropshipping, bestseller",true,Color,Ice-Silk White,Size,Universal Dual-Contour,SY-SY-PROD-3442,500,shopify,16,deny,manual,74.96,120.19,true,true,https://images.unsplash.com/photo-1598440947619-2c35fc9aa908?auto=format&fit=crop&w=800&q=80,1,active
crystalsonic-luminaglow-7-in-1-red-light-facial-phototherapy-wand-classic,CrystalSonic LuminaGlow™ 7-in-1 Red Light Facial Phototherapy Wand (Classic),"<p>High-demand CrystalSonic CrystalSonic LuminaGlow™ 7-in-1 Red Light Facial Phototherapy Wand (Classic). Designed for superior performance, comfort and style. Sourced with USPS express air shipping (7-10 days).</p>",CrystalSonic,utilities,utilities,"utilities, utilities, unisex, dropshipping, bestseller",true,Color,Rose Gold Luxury,Size,Type-C Rechargeable,SY-SY-PROD-3443,500,shopify,17,deny,manual,86.33,137.81,true,true,https://images.unsplash.com/photo-1522337360788-8b13dee7a37e?auto=format&fit=crop&w=800&q=80,1,active
sunnyeora-daily-care-volcano-flame-aromatherapy-essential-oil-air-diffuser-series-2,Sunnyeora Daily Care Volcano Flame Aromatherapy Essential Oil Air Diffuser (Series 2),"<p>High-demand Sunnyeora Daily Care Sunnyeora Daily Care Volcano Flame Aromatherapy Essential Oil Air Diffuser (Series 2). Designed for superior performance, comfort and style. Sourced with USPS express air shipping (7-10 days).</p>",Sunnyeora Daily Care,utilities,utilities,"utilities, utilities, unisex, dropshipping, bestseller",true,Color,Warm Flame Amber,Size,300ml Tank,SY-SY-PROD-3444,500,shopify,18,deny,manual,47.70,77.94,true,true,https://images.unsplash.com/photo-1540555700478-4be289fbecef?auto=format&fit=crop&w=800&q=80,1,active
luminaglow-tech-cordless-electric-rechargeable-sweater-fabric-shaver-air,LuminaGlow Tech Cordless Electric Rechargeable Sweater Fabric Shaver (Air),"<p>High-demand LuminaGlow Tech LuminaGlow Tech Cordless Electric Rechargeable Sweater Fabric Shaver (Air). Designed for superior performance, comfort and style. Sourced with USPS express air shipping (7-10 days).</p>",LuminaGlow Tech,utilities,utilities,"utilities, utilities, unisex, dropshipping, bestseller",true,Color,Sage Green,Size,Compact Handheld,SY-SY-PROD-3445,500,shopify,19,deny,manual,34.07,56.81,true,true,https://images.unsplash.com/photo-1583863788434-e58a36330cf0?auto=format&fit=crop&w=800&q=80,1,active
purerest-living-wireless-handheld-high-power-car-desktop-vacuum-signature,PureRest Living Wireless Handheld High-Power Car & Desktop Vacuum (Signature),"<p>High-demand PureRest Living PureRest Living Wireless Handheld High-Power Car & Desktop Vacuum (Signature). Designed for superior performance, comfort and style. Sourced with USPS express air shipping (7-10 days).</p>",PureRest Living,utilities,utilities,"utilities, utilities, unisex, dropshipping, bestseller",true,Color,Matte Black,Size,9000Pa Strong Suction,SY-SY-PROD-3446,500,shopify,5,deny,manual,37.44,62.03,true,true,https://images.unsplash.com/photo-1584100936595-c0654b55a2e2?auto=format&fit=crop&w=800&q=80,1,active
sonicclean-magnetic-motion-sensor-led-wireless-under-cabinet-light-strip-v2,SonicClean Magnetic Motion Sensor LED Wireless Under-Cabinet Light Strip (V2),"<p>High-demand SonicClean SonicClean Magnetic Motion Sensor LED Wireless Under-Cabinet Light Strip (V2). Designed for superior performance, comfort and style. Sourced with USPS express air shipping (7-10 days).</p>",SonicClean,utilities,utilities,"utilities, utilities, unisex, dropshipping, bestseller",true,Color,Warm Cozy White,Size,30cm Ultra-Thin (2-Pack),SY-SY-PROD-3447,500,shopify,6,deny,manual,32.81,54.86,true,true,https://images.unsplash.com/photo-1598440947619-2c35fc9aa908?auto=format&fit=crop&w=800&q=80,1,active
crystalsonic-self-heating-electric-ceramic-temperature-control-coffee-mug-luxe,CrystalSonic Self-Heating Electric Ceramic Temperature Control Coffee Mug (Luxe),"<p>High-demand CrystalSonic CrystalSonic Self-Heating Electric Ceramic Temperature Control Coffee Mug (Luxe). Designed for superior performance, comfort and style. Sourced with USPS express air shipping (7-10 days).</p>",CrystalSonic,utilities,utilities,"utilities, utilities, unisex, dropshipping, bestseller",true,Color,Matte Charcoal,Size,350ml with Coaster Pad,SY-SY-PROD-3448,500,shopify,7,deny,manual,52.18,84.88,true,true,https://images.unsplash.com/photo-1522337360788-8b13dee7a37e?auto=format&fit=crop&w=800&q=80,1,active
sunnyeora-daily-care-crystalsonic-45-000hz-ultrasonic-jewelry-retainer-cleaner-pure,"Sunnyeora Daily Care CrystalSonic™ 45,000Hz Ultrasonic Jewelry & Retainer Cleaner (Pure)","<p>High-demand Sunnyeora Daily Care Sunnyeora Daily Care CrystalSonic™ 45,000Hz Ultrasonic Jewelry & Retainer Cleaner (Pure). Designed for superior performance, comfort and style. Sourced with USPS express air shipping (7-10 days).</p>",Sunnyeora Daily Care,utilities,utilities,"utilities, utilities, unisex, dropshipping, bestseller",true,Color,Nordic White,Size,450ml Stainless Tank,SY-SY-PROD-3449,500,shopify,8,deny,manual,44.55,73.05,true,true,https://images.unsplash.com/photo-1540555700478-4be289fbecef?auto=format&fit=crop&w=800&q=80,1,active
luminaglow-tech-deep-sleep-orthopedic-cervical-contour-memory-pillow-essential,LuminaGlow Tech Deep-Sleep™ Orthopedic Cervical Contour Memory Pillow (Essential),"<p>High-demand LuminaGlow Tech LuminaGlow Tech Deep-Sleep™ Orthopedic Cervical Contour Memory Pillow (Essential). Designed for superior performance, comfort and style. Sourced with USPS express air shipping (7-10 days).</p>",LuminaGlow Tech,utilities,utilities,"utilities, utilities, unisex, dropshipping, bestseller",true,Color,Ice-Silk White,Size,Universal Dual-Contour,SY-SY-PROD-3450,500,shopify,9,deny,manual,85.92,137.18,true,true,https://images.unsplash.com/photo-1583863788434-e58a36330cf0?auto=format&fit=crop&w=800&q=80,1,active
purerest-living-luminaglow-7-in-1-red-light-facial-phototherapy-wand-pro,PureRest Living LuminaGlow™ 7-in-1 Red Light Facial Phototherapy Wand (Pro),"<p>High-demand PureRest Living PureRest Living LuminaGlow™ 7-in-1 Red Light Facial Phototherapy Wand (Pro). Designed for superior performance, comfort and style. Sourced with USPS express air shipping (7-10 days).</p>",PureRest Living,utilities,utilities,"utilities, utilities, unisex, dropshipping, bestseller",true,Color,Rose Gold Luxury,Size,Type-C Rechargeable,SY-SY-PROD-3451,500,shopify,10,deny,manual,97.29,154.80,true,true,https://images.unsplash.com/photo-1584100936595-c0654b55a2e2?auto=format&fit=crop&w=800&q=80,1,active
sonicclean-volcano-flame-aromatherapy-essential-oil-air-diffuser-elite,SonicClean Volcano Flame Aromatherapy Essential Oil Air Diffuser (Elite),"<p>High-demand SonicClean SonicClean Volcano Flame Aromatherapy Essential Oil Air Diffuser (Elite). Designed for superior performance, comfort and style. Sourced with USPS express air shipping (7-10 days).</p>",SonicClean,utilities,utilities,"utilities, utilities, unisex, dropshipping, bestseller",true,Color,Warm Flame Amber,Size,300ml Tank,SY-SY-PROD-3452,500,shopify,11,deny,manual,58.66,94.92,true,true,https://images.unsplash.com/photo-1598440947619-2c35fc9aa908?auto=format&fit=crop&w=800&q=80,1,active
crystalsonic-cordless-electric-rechargeable-sweater-fabric-shaver-classic,CrystalSonic Cordless Electric Rechargeable Sweater Fabric Shaver (Classic),"<p>High-demand CrystalSonic CrystalSonic Cordless Electric Rechargeable Sweater Fabric Shaver (Classic). Designed for superior performance, comfort and style. Sourced with USPS express air shipping (7-10 days).</p>",CrystalSonic,utilities,utilities,"utilities, utilities, unisex, dropshipping, bestseller",true,Color,Sage Green,Size,Compact Handheld,SY-SY-PROD-3453,500,shopify,12,deny,manual,30.03,50.55,true,true,https://images.unsplash.com/photo-1522337360788-8b13dee7a37e?auto=format&fit=crop&w=800&q=80,1,active
sunnyeora-daily-care-wireless-handheld-high-power-car-desktop-vacuum-series-2,Sunnyeora Daily Care Wireless Handheld High-Power Car & Desktop Vacuum (Series 2),"<p>High-demand Sunnyeora Daily Care Sunnyeora Daily Care Wireless Handheld High-Power Car & Desktop Vacuum (Series 2). Designed for superior performance, comfort and style. Sourced with USPS express air shipping (7-10 days).</p>",Sunnyeora Daily Care,utilities,utilities,"utilities, utilities, unisex, dropshipping, bestseller",true,Color,Matte Black,Size,9000Pa Strong Suction,SY-SY-PROD-3454,500,shopify,13,deny,manual,48.40,79.02,true,true,https://images.unsplash.com/photo-1540555700478-4be289fbecef?auto=format&fit=crop&w=800&q=80,1,active
luminaglow-tech-magnetic-motion-sensor-led-wireless-under-cabinet-light-strip-air,LuminaGlow Tech Magnetic Motion Sensor LED Wireless Under-Cabinet Light Strip (Air),"<p>High-demand LuminaGlow Tech LuminaGlow Tech Magnetic Motion Sensor LED Wireless Under-Cabinet Light Strip (Air). Designed for superior performance, comfort and style. Sourced with USPS express air shipping (7-10 days).</p>",LuminaGlow Tech,utilities,utilities,"utilities, utilities, unisex, dropshipping, bestseller",true,Color,Warm Cozy White,Size,30cm Ultra-Thin (2-Pack),SY-SY-PROD-3455,500,shopify,14,deny,manual,29.77,50.14,true,true,https://images.unsplash.com/photo-1583863788434-e58a36330cf0?auto=format&fit=crop&w=800&q=80,1,active
purerest-living-self-heating-electric-ceramic-temperature-control-coffee-mug-signature,PureRest Living Self-Heating Electric Ceramic Temperature Control Coffee Mug (Signature),"<p>High-demand PureRest Living PureRest Living Self-Heating Electric Ceramic Temperature Control Coffee Mug (Signature). Designed for superior performance, comfort and style. Sourced with USPS express air shipping (7-10 days).</p>",PureRest Living,utilities,utilities,"utilities, utilities, unisex, dropshipping, bestseller",true,Color,Matte Charcoal,Size,350ml with Coaster Pad,SY-SY-PROD-3456,500,shopify,15,deny,manual,63.14,101.87,true,true,https://images.unsplash.com/photo-1584100936595-c0654b55a2e2?auto=format&fit=crop&w=800&q=80,1,active
sonicclean-crystalsonic-45-000hz-ultrasonic-jewelry-retainer-cleaner-v2,"SonicClean CrystalSonic™ 45,000Hz Ultrasonic Jewelry & Retainer Cleaner (V2)","<p>High-demand SonicClean SonicClean CrystalSonic™ 45,000Hz Ultrasonic Jewelry & Retainer Cleaner (V2). Designed for superior performance, comfort and style. Sourced with USPS express air shipping (7-10 days).</p>",SonicClean,utilities,utilities,"utilities, utilities, unisex, dropshipping, bestseller",true,Color,Nordic White,Size,450ml Stainless Tank,SY-SY-PROD-3457,500,shopify,16,deny,manual,55.51,90.04,true,true,https://images.unsplash.com/photo-1598440947619-2c35fc9aa908?auto=format&fit=crop&w=800&q=80,1,active
crystalsonic-deep-sleep-orthopedic-cervical-contour-memory-pillow-luxe,CrystalSonic Deep-Sleep™ Orthopedic Cervical Contour Memory Pillow (Luxe),"<p>High-demand CrystalSonic CrystalSonic Deep-Sleep™ Orthopedic Cervical Contour Memory Pillow (Luxe). Designed for superior performance, comfort and style. Sourced with USPS express air shipping (7-10 days).</p>",CrystalSonic,utilities,utilities,"utilities, utilities, unisex, dropshipping, bestseller",true,Color,Ice-Silk White,Size,Universal Dual-Contour,SY-SY-PROD-3458,500,shopify,17,deny,manual,56.88,92.16,true,true,https://images.unsplash.com/photo-1522337360788-8b13dee7a37e?auto=format&fit=crop&w=800&q=80,1,active
sunnyeora-daily-care-luminaglow-7-in-1-red-light-facial-phototherapy-wand-pure,Sunnyeora Daily Care LuminaGlow™ 7-in-1 Red Light Facial Phototherapy Wand (Pure),"<p>High-demand Sunnyeora Daily Care Sunnyeora Daily Care LuminaGlow™ 7-in-1 Red Light Facial Phototherapy Wand (Pure). Designed for superior performance, comfort and style. Sourced with USPS express air shipping (7-10 days).</p>",Sunnyeora Daily Care,utilities,utilities,"utilities, utilities, unisex, dropshipping, bestseller",true,Color,Rose Gold Luxury,Size,Type-C Rechargeable,SY-SY-PROD-3459,500,shopify,18,deny,manual,68.25,109.79,true,true,https://images.unsplash.com/photo-1540555700478-4be289fbecef?auto=format&fit=crop&w=800&q=80,1,active
luminaglow-tech-volcano-flame-aromatherapy-essential-oil-air-diffuser-essential,LuminaGlow Tech Volcano Flame Aromatherapy Essential Oil Air Diffuser (Essential),"<p>High-demand LuminaGlow Tech LuminaGlow Tech Volcano Flame Aromatherapy Essential Oil Air Diffuser (Essential). Designed for superior performance, comfort and style. Sourced with USPS express air shipping (7-10 days).</p>",LuminaGlow Tech,utilities,utilities,"utilities, utilities, unisex, dropshipping, bestseller",true,Color,Warm Flame Amber,Size,300ml Tank,SY-SY-PROD-3460,500,shopify,19,deny,manual,44.62,73.16,true,true,https://images.unsplash.com/photo-1583863788434-e58a36330cf0?auto=format&fit=crop&w=800&q=80,1,active
purerest-living-cordless-electric-rechargeable-sweater-fabric-shaver-pro,PureRest Living Cordless Electric Rechargeable Sweater Fabric Shaver (Pro),"<p>High-demand PureRest Living PureRest Living Cordless Electric Rechargeable Sweater Fabric Shaver (Pro). Designed for superior performance, comfort and style. Sourced with USPS express air shipping (7-10 days).</p>",PureRest Living,utilities,utilities,"utilities, utilities, unisex, dropshipping, bestseller",true,Color,Sage Green,Size,Compact Handheld,SY-SY-PROD-3461,500,shopify,5,deny,manual,25.99,44.28,true,true,https://images.unsplash.com/photo-1584100936595-c0654b55a2e2?auto=format&fit=crop&w=800&q=80,1,active
sonicclean-wireless-handheld-high-power-car-desktop-vacuum-elite,SonicClean Wireless Handheld High-Power Car & Desktop Vacuum (Elite),"<p>High-demand SonicClean SonicClean Wireless Handheld High-Power Car & Desktop Vacuum (Elite). Designed for superior performance, comfort and style. Sourced with USPS express air shipping (7-10 days).</p>",SonicClean,utilities,utilities,"utilities, utilities, unisex, dropshipping, bestseller",true,Color,Matte Black,Size,9000Pa Strong Suction,SY-SY-PROD-3462,500,shopify,6,deny,manual,59.36,96.01,true,true,https://images.unsplash.com/photo-1598440947619-2c35fc9aa908?auto=format&fit=crop&w=800&q=80,1,active
crystalsonic-magnetic-motion-sensor-led-wireless-under-cabinet-light-strip-classic,CrystalSonic Magnetic Motion Sensor LED Wireless Under-Cabinet Light Strip (Classic),"<p>High-demand CrystalSonic CrystalSonic Magnetic Motion Sensor LED Wireless Under-Cabinet Light Strip (Classic). Designed for superior performance, comfort and style. Sourced with USPS express air shipping (7-10 days).</p>",CrystalSonic,utilities,utilities,"utilities, utilities, unisex, dropshipping, bestseller",true,Color,Warm Cozy White,Size,30cm Ultra-Thin (2-Pack),SY-SY-PROD-3463,500,shopify,7,deny,manual,26.73,45.43,true,true,https://images.unsplash.com/photo-1522337360788-8b13dee7a37e?auto=format&fit=crop&w=800&q=80,1,active
sunnyeora-daily-care-self-heating-electric-ceramic-temperature-control-coffee-mug-series-2,Sunnyeora Daily Care Self-Heating Electric Ceramic Temperature Control Coffee Mug (Series 2),"<p>High-demand Sunnyeora Daily Care Sunnyeora Daily Care Self-Heating Electric Ceramic Temperature Control Coffee Mug (Series 2). Designed for superior performance, comfort and style. Sourced with USPS express air shipping (7-10 days).</p>",Sunnyeora Daily Care,utilities,utilities,"utilities, utilities, unisex, dropshipping, bestseller",true,Color,Matte Charcoal,Size,350ml with Coaster Pad,SY-SY-PROD-3464,500,shopify,8,deny,manual,74.10,118.85,true,true,https://images.unsplash.com/photo-1540555700478-4be289fbecef?auto=format&fit=crop&w=800&q=80,1,active
luminaglow-tech-crystalsonic-45-000hz-ultrasonic-jewelry-retainer-cleaner-air,"LuminaGlow Tech CrystalSonic™ 45,000Hz Ultrasonic Jewelry & Retainer Cleaner (Air)","<p>High-demand LuminaGlow Tech LuminaGlow Tech CrystalSonic™ 45,000Hz Ultrasonic Jewelry & Retainer Cleaner (Air). Designed for superior performance, comfort and style. Sourced with USPS express air shipping (7-10 days).</p>",LuminaGlow Tech,utilities,utilities,"utilities, utilities, unisex, dropshipping, bestseller",true,Color,Nordic White,Size,450ml Stainless Tank,SY-SY-PROD-3465,500,shopify,9,deny,manual,66.47,107.03,true,true,https://images.unsplash.com/photo-1583863788434-e58a36330cf0?auto=format&fit=crop&w=800&q=80,1,active
purerest-living-deep-sleep-orthopedic-cervical-contour-memory-pillow-signature,PureRest Living Deep-Sleep™ Orthopedic Cervical Contour Memory Pillow (Signature),"<p>High-demand PureRest Living PureRest Living Deep-Sleep™ Orthopedic Cervical Contour Memory Pillow (Signature). Designed for superior performance, comfort and style. Sourced with USPS express air shipping (7-10 days).</p>",PureRest Living,utilities,utilities,"utilities, utilities, unisex, dropshipping, bestseller",true,Color,Ice-Silk White,Size,Universal Dual-Contour,SY-SY-PROD-3466,500,shopify,10,deny,manual,67.84,109.15,true,true,https://images.unsplash.com/photo-1584100936595-c0654b55a2e2?auto=format&fit=crop&w=800&q=80,1,active
sonicclean-luminaglow-7-in-1-red-light-facial-phototherapy-wand-v2,SonicClean LuminaGlow™ 7-in-1 Red Light Facial Phototherapy Wand (V2),"<p>High-demand SonicClean SonicClean LuminaGlow™ 7-in-1 Red Light Facial Phototherapy Wand (V2). Designed for superior performance, comfort and style. Sourced with USPS express air shipping (7-10 days).</p>",SonicClean,utilities,utilities,"utilities, utilities, unisex, dropshipping, bestseller",true,Color,Rose Gold Luxury,Size,Type-C Rechargeable,SY-SY-PROD-3467,500,shopify,11,deny,manual,79.21,126.78,true,true,https://images.unsplash.com/photo-1598440947619-2c35fc9aa908?auto=format&fit=crop&w=800&q=80,1,active
crystalsonic-volcano-flame-aromatherapy-essential-oil-air-diffuser-luxe,CrystalSonic Volcano Flame Aromatherapy Essential Oil Air Diffuser (Luxe),"<p>High-demand CrystalSonic CrystalSonic Volcano Flame Aromatherapy Essential Oil Air Diffuser (Luxe). Designed for superior performance, comfort and style. Sourced with USPS express air shipping (7-10 days).</p>",CrystalSonic,utilities,utilities,"utilities, utilities, unisex, dropshipping, bestseller",true,Color,Warm Flame Amber,Size,300ml Tank,SY-SY-PROD-3468,500,shopify,12,deny,manual,55.58,90.15,true,true,https://images.unsplash.com/photo-1522337360788-8b13dee7a37e?auto=format&fit=crop&w=800&q=80,1,active
sunnyeora-daily-care-cordless-electric-rechargeable-sweater-fabric-shaver-pure,Sunnyeora Daily Care Cordless Electric Rechargeable Sweater Fabric Shaver (Pure),"<p>High-demand Sunnyeora Daily Care Sunnyeora Daily Care Cordless Electric Rechargeable Sweater Fabric Shaver (Pure). Designed for superior performance, comfort and style. Sourced with USPS express air shipping (7-10 days).</p>",Sunnyeora Daily Care,utilities,utilities,"utilities, utilities, unisex, dropshipping, bestseller",true,Color,Sage Green,Size,Compact Handheld,SY-SY-PROD-3469,500,shopify,13,deny,manual,21.95,38.02,true,true,https://images.unsplash.com/photo-1540555700478-4be289fbecef?auto=format&fit=crop&w=800&q=80,1,active
luminaglow-tech-wireless-handheld-high-power-car-desktop-vacuum-essential,LuminaGlow Tech Wireless Handheld High-Power Car & Desktop Vacuum (Essential),"<p>High-demand LuminaGlow Tech LuminaGlow Tech Wireless Handheld High-Power Car & Desktop Vacuum (Essential). Designed for superior performance, comfort and style. Sourced with USPS express air shipping (7-10 days).</p>",LuminaGlow Tech,utilities,utilities,"utilities, utilities, unisex, dropshipping, bestseller",true,Color,Matte Black,Size,9000Pa Strong Suction,SY-SY-PROD-3470,500,shopify,14,deny,manual,44.32,72.70,true,true,https://images.unsplash.com/photo-1583863788434-e58a36330cf0?auto=format&fit=crop&w=800&q=80,1,active