Handle,Title,Body (HTML),Vendor,Product Category,Type,Tags,Published,Option1 Name,Option1 Value,Option2 Name,Option2 Value,Variant SKU,Variant Grams,Variant Inventory Tracker,Variant Inventory Qty,Variant Inventory Policy,Variant Fulfillment Service,Variant Price,Variant Compare At Price,Variant Requires Shipping,Variant Taxable,Image Src,Image Position,Status
vero-moda-floral-tiered-bohemian-maxi-dress-pro,Vero Moda Floral Tiered Bohemian Maxi Dress (Pro),"<p>High-demand Vero Moda Vero Moda Floral Tiered Bohemian Maxi Dress (Pro). Designed for superior performance, comfort and style. Sourced with USPS express air shipping (7-10 days).</p>",Vero Moda,clothing,clothing,"women, clothing, women, dropshipping, bestseller",true,Color,Dusty Rose,Size,XS,SY-SY-PROD-1311,500,shopify,5,deny,manual,42.99,70.63,true,true,https://images.unsplash.com/photo-1515886657613-9f3515b0c78f?auto=format&fit=crop&w=800&q=80,1,active
libas-ribbed-knit-bodycon-midi-dress-elite,Libas Ribbed Knit Bodycon Midi Dress (Elite),"<p>High-demand Libas Libas Ribbed Knit Bodycon Midi Dress (Elite). Designed for superior performance, comfort and style. Sourced with USPS express air shipping (7-10 days).</p>",Libas,clothing,clothing,"women, clothing, women, dropshipping, bestseller",true,Color,Espresso Brown,Size,S,SY-SY-PROD-1312,500,shopify,6,deny,manual,38.36,63.46,true,true,https://images.unsplash.com/photo-1529139574466-a303027c1d8b?auto=format&fit=crop&w=800&q=80,1,active
sunnyeora-woman-high-waist-wide-leg-sculpt-jeans-classic,Sunnyeora Woman High-Waist Wide Leg Sculpt Jeans (Classic),"<p>High-demand Sunnyeora Woman Sunnyeora Woman High-Waist Wide Leg Sculpt Jeans (Classic). Designed for superior performance, comfort and style. Sourced with USPS express air shipping (7-10 days).</p>",Sunnyeora Woman,clothing,clothing,"women, clothing, women, dropshipping, bestseller",true,Color,Vintage Light Wash,Size,26,SY-SY-PROD-1313,500,shopify,7,deny,manual,49.73,81.08,true,true,https://images.unsplash.com/photo-1539571696357-5a69c17a67c6?auto=format&fit=crop&w=800&q=80,1,active
berrylush-oversized-boyfriend-cotton-poplin-shirt-series-2,Berrylush Oversized Boyfriend Cotton Poplin Shirt (Series 2),"<p>High-demand Berrylush Berrylush Oversized Boyfriend Cotton Poplin Shirt (Series 2). Designed for superior performance, comfort and style. Sourced with USPS express air shipping (7-10 days).</p>",Berrylush,clothing,clothing,"women, clothing, women, dropshipping, bestseller",true,Color,Stripe Blue,Size,S,SY-SY-PROD-1314,500,shopify,8,deny,manual,34.10,56.86,true,true,https://images.unsplash.com/photo-1509631179647-0177331693ae?auto=format&fit=crop&w=800&q=80,1,active
sassafras-embroidered-anarkali-kurta-set-with-dupatta-air,Sassafras Embroidered Anarkali Kurta Set with Dupatta (Air),"<p>High-demand Sassafras Sassafras Embroidered Anarkali Kurta Set with Dupatta (Air). Designed for superior performance, comfort and style. Sourced with USPS express air shipping (7-10 days).</p>",Sassafras,clothing,clothing,"women, clothing, women, dropshipping, bestseller",true,Color,Emerald Silk,Size,S,SY-SY-PROD-1315,500,shopify,9,deny,manual,65.47,105.48,true,true,https://images.unsplash.com/photo-1550614000-4895a10e1bfd?auto=format&fit=crop&w=800&q=80,1,active
tokyo-talkies-double-breasted-tailored-long-blazer-signature,Tokyo Talkies Double-Breasted Tailored Long Blazer (Signature),"<p>High-demand Tokyo Talkies Tokyo Talkies Double-Breasted Tailored Long Blazer (Signature). Designed for superior performance, comfort and style. Sourced with USPS express air shipping (7-10 days).</p>",Tokyo Talkies,clothing,clothing,"women, clothing, women, dropshipping, bestseller",true,Color,Camel Houndstooth,Size,XS,SY-SY-PROD-1316,500,shopify,10,deny,manual,75.84,121.55,true,true,https://images.unsplash.com/photo-1496747611176-843222e1e57c?auto=format&fit=crop&w=800&q=80,1,active
anouk-high-performance-seamless-sculpt-leggings-v2,Anouk High-Performance Seamless Sculpt Leggings (V2),"<p>High-demand Anouk Anouk High-Performance Seamless Sculpt Leggings (V2). Designed for superior performance, comfort and style. Sourced with USPS express air shipping (7-10 days).</p>",Anouk,clothing,clothing,"women, clothing, women, dropshipping, bestseller",true,Color,Mocha Brown,Size,XS,SY-SY-PROD-1317,500,shopify,11,deny,manual,37.21,61.68,true,true,https://images.unsplash.com/photo-1485230895905-ec40ba36b9bc?auto=format&fit=crop&w=800&q=80,1,active
vero-moda-satin-silk-cowl-neck-evening-top-luxe,Vero Moda Satin Silk Cowl Neck Evening Top (Luxe),"<p>High-demand Vero Moda Vero Moda Satin Silk Cowl Neck Evening Top (Luxe). Designed for superior performance, comfort and style. Sourced with USPS express air shipping (7-10 days).</p>",Vero Moda,clothing,clothing,"women, clothing, women, dropshipping, bestseller",true,Color,Champagne Gold,Size,S,SY-SY-PROD-1318,500,shopify,12,deny,manual,36.58,60.70,true,true,https://images.unsplash.com/photo-1558769132-cb1aea458c5e?auto=format&fit=crop&w=800&q=80,1,active
libas-floral-tiered-bohemian-maxi-dress-pure,Libas Floral Tiered Bohemian Maxi Dress (Pure),"<p>High-demand Libas Libas Floral Tiered Bohemian Maxi Dress (Pure). Designed for superior performance, comfort and style. Sourced with USPS express air shipping (7-10 days).</p>",Libas,clothing,clothing,"women, clothing, women, dropshipping, bestseller",true,Color,Dusty Rose,Size,XS,SY-SY-PROD-1319,500,shopify,13,deny,manual,53.95,87.62,true,true,https://images.unsplash.com/photo-1515886657613-9f3515b0c78f?auto=format&fit=crop&w=800&q=80,1,active
sunnyeora-woman-ribbed-knit-bodycon-midi-dress-essential,Sunnyeora Woman Ribbed Knit Bodycon Midi Dress (Essential),"<p>High-demand Sunnyeora Woman Sunnyeora Woman Ribbed Knit Bodycon Midi Dress (Essential). Designed for superior performance, comfort and style. Sourced with USPS express air shipping (7-10 days).</p>",Sunnyeora Woman,clothing,clothing,"women, clothing, women, dropshipping, bestseller",true,Color,Espresso Brown,Size,S,SY-SY-PROD-1320,500,shopify,14,deny,manual,49.32,80.45,true,true,https://images.unsplash.com/photo-1529139574466-a303027c1d8b?auto=format&fit=crop&w=800&q=80,1,active
berrylush-high-waist-wide-leg-sculpt-jeans-pro,Berrylush High-Waist Wide Leg Sculpt Jeans (Pro),"<p>High-demand Berrylush Berrylush High-Waist Wide Leg Sculpt Jeans (Pro). Designed for superior performance, comfort and style. Sourced with USPS express air shipping (7-10 days).</p>",Berrylush,clothing,clothing,"women, clothing, women, dropshipping, bestseller",true,Color,Vintage Light Wash,Size,26,SY-SY-PROD-1321,500,shopify,15,deny,manual,60.69,98.07,true,true,https://images.unsplash.com/photo-1539571696357-5a69c17a67c6?auto=format&fit=crop&w=800&q=80,1,active
sassafras-oversized-boyfriend-cotton-poplin-shirt-elite,Sassafras Oversized Boyfriend Cotton Poplin Shirt (Elite),"<p>High-demand Sassafras Sassafras Oversized Boyfriend Cotton Poplin Shirt (Elite). Designed for superior performance, comfort and style. Sourced with USPS express air shipping (7-10 days).</p>",Sassafras,clothing,clothing,"women, clothing, women, dropshipping, bestseller",true,Color,Stripe Blue,Size,S,SY-SY-PROD-1322,500,shopify,16,deny,manual,45.06,73.84,true,true,https://images.unsplash.com/photo-1509631179647-0177331693ae?auto=format&fit=crop&w=800&q=80,1,active
tokyo-talkies-embroidered-anarkali-kurta-set-with-dupatta-classic,Tokyo Talkies Embroidered Anarkali Kurta Set with Dupatta (Classic),"<p>High-demand Tokyo Talkies Tokyo Talkies Embroidered Anarkali Kurta Set with Dupatta (Classic). Designed for superior performance, comfort and style. Sourced with USPS express air shipping (7-10 days).</p>",Tokyo Talkies,clothing,clothing,"women, clothing, women, dropshipping, bestseller",true,Color,Emerald Silk,Size,S,SY-SY-PROD-1323,500,shopify,17,deny,manual,76.43,122.47,true,true,https://images.unsplash.com/photo-1550614000-4895a10e1bfd?auto=format&fit=crop&w=800&q=80,1,active
anouk-double-breasted-tailored-long-blazer-series-2,Anouk Double-Breasted Tailored Long Blazer (Series 2),"<p>High-demand Anouk Anouk Double-Breasted Tailored Long Blazer (Series 2). Designed for superior performance, comfort and style. Sourced with USPS express air shipping (7-10 days).</p>",Anouk,clothing,clothing,"women, clothing, women, dropshipping, bestseller",true,Color,Camel Houndstooth,Size,XS,SY-SY-PROD-1324,500,shopify,18,deny,manual,86.80,138.54,true,true,https://images.unsplash.com/photo-1496747611176-843222e1e57c?auto=format&fit=crop&w=800&q=80,1,active
vero-moda-high-performance-seamless-sculpt-leggings-air,Vero Moda High-Performance Seamless Sculpt Leggings (Air),"<p>High-demand Vero Moda Vero Moda High-Performance Seamless Sculpt Leggings (Air). Designed for superior performance, comfort and style. Sourced with USPS express air shipping (7-10 days).</p>",Vero Moda,clothing,clothing,"women, clothing, women, dropshipping, bestseller",true,Color,Mocha Brown,Size,XS,SY-SY-PROD-1325,500,shopify,19,deny,manual,48.17,78.66,true,true,https://images.unsplash.com/photo-1485230895905-ec40ba36b9bc?auto=format&fit=crop&w=800&q=80,1,active
libas-satin-silk-cowl-neck-evening-top-signature,Libas Satin Silk Cowl Neck Evening Top (Signature),"<p>High-demand Libas Libas Satin Silk Cowl Neck Evening Top (Signature). Designed for superior performance, comfort and style. Sourced with USPS express air shipping (7-10 days).</p>",Libas,clothing,clothing,"women, clothing, women, dropshipping, bestseller",true,Color,Champagne Gold,Size,S,SY-SY-PROD-1326,500,shopify,5,deny,manual,29.54,49.79,true,true,https://images.unsplash.com/photo-1558769132-cb1aea458c5e?auto=format&fit=crop&w=800&q=80,1,active
sunnyeora-woman-floral-tiered-bohemian-maxi-dress-v2,Sunnyeora Woman Floral Tiered Bohemian Maxi Dress (V2),"<p>High-demand Sunnyeora Woman Sunnyeora Woman Floral Tiered Bohemian Maxi Dress (V2). Designed for superior performance, comfort and style. Sourced with USPS express air shipping (7-10 days).</p>",Sunnyeora Woman,clothing,clothing,"women, clothing, women, dropshipping, bestseller",true,Color,Dusty Rose,Size,XS,SY-SY-PROD-1327,500,shopify,6,deny,manual,64.91,104.61,true,true,https://images.unsplash.com/photo-1515886657613-9f3515b0c78f?auto=format&fit=crop&w=800&q=80,1,active
berrylush-ribbed-knit-bodycon-midi-dress-luxe,Berrylush Ribbed Knit Bodycon Midi Dress (Luxe),"<p>High-demand Berrylush Berrylush Ribbed Knit Bodycon Midi Dress (Luxe). Designed for superior performance, comfort and style. Sourced with USPS express air shipping (7-10 days).</p>",Berrylush,clothing,clothing,"women, clothing, women, dropshipping, bestseller",true,Color,Espresso Brown,Size,S,SY-SY-PROD-1328,500,shopify,7,deny,manual,60.28,97.43,true,true,https://images.unsplash.com/photo-1529139574466-a303027c1d8b?auto=format&fit=crop&w=800&q=80,1,active
sassafras-high-waist-wide-leg-sculpt-jeans-pure,Sassafras High-Waist Wide Leg Sculpt Jeans (Pure),"<p>High-demand Sassafras Sassafras High-Waist Wide Leg Sculpt Jeans (Pure). Designed for superior performance, comfort and style. Sourced with USPS express air shipping (7-10 days).</p>",Sassafras,clothing,clothing,"women, clothing, women, dropshipping, bestseller",true,Color,Vintage Light Wash,Size,26,SY-SY-PROD-1329,500,shopify,8,deny,manual,71.65,115.06,true,true,https://images.unsplash.com/photo-1539571696357-5a69c17a67c6?auto=format&fit=crop&w=800&q=80,1,active
tokyo-talkies-oversized-boyfriend-cotton-poplin-shirt-essential,Tokyo Talkies Oversized Boyfriend Cotton Poplin Shirt (Essential),"<p>High-demand Tokyo Talkies Tokyo Talkies Oversized Boyfriend Cotton Poplin Shirt (Essential). Designed for superior performance, comfort and style. Sourced with USPS express air shipping (7-10 days).</p>",Tokyo Talkies,clothing,clothing,"women, clothing, women, dropshipping, bestseller",true,Color,Stripe Blue,Size,S,SY-SY-PROD-1330,500,shopify,9,deny,manual,36.02,59.83,true,true,https://images.unsplash.com/photo-1509631179647-0177331693ae?auto=format&fit=crop&w=800&q=80,1,active
anouk-embroidered-anarkali-kurta-set-with-dupatta-pro,Anouk Embroidered Anarkali Kurta Set with Dupatta (Pro),"<p>High-demand Anouk Anouk Embroidered Anarkali Kurta Set with Dupatta (Pro). Designed for superior performance, comfort and style. Sourced with USPS express air shipping (7-10 days).</p>",Anouk,clothing,clothing,"women, clothing, women, dropshipping, bestseller",true,Color,Emerald Silk,Size,S,SY-SY-PROD-1331,500,shopify,10,deny,manual,87.39,139.45,true,true,https://images.unsplash.com/photo-1550614000-4895a10e1bfd?auto=format&fit=crop&w=800&q=80,1,active
vero-moda-double-breasted-tailored-long-blazer-elite,Vero Moda Double-Breasted Tailored Long Blazer (Elite),"<p>High-demand Vero Moda Vero Moda Double-Breasted Tailored Long Blazer (Elite). Designed for superior performance, comfort and style. Sourced with USPS express air shipping (7-10 days).</p>",Vero Moda,clothing,clothing,"women, clothing, women, dropshipping, bestseller",true,Color,Camel Houndstooth,Size,XS,SY-SY-PROD-1332,500,shopify,11,deny,manual,97.76,155.53,true,true,https://images.unsplash.com/photo-1496747611176-843222e1e57c?auto=format&fit=crop&w=800&q=80,1,active
libas-high-performance-seamless-sculpt-leggings-classic,Libas High-Performance Seamless Sculpt Leggings (Classic),"<p>High-demand Libas Libas High-Performance Seamless Sculpt Leggings (Classic). Designed for superior performance, comfort and style. Sourced with USPS express air shipping (7-10 days).</p>",Libas,clothing,clothing,"women, clothing, women, dropshipping, bestseller",true,Color,Mocha Brown,Size,XS,SY-SY-PROD-1333,500,shopify,12,deny,manual,39.13,64.65,true,true,https://images.unsplash.com/photo-1485230895905-ec40ba36b9bc?auto=format&fit=crop&w=800&q=80,1,active
sunnyeora-woman-satin-silk-cowl-neck-evening-top-series-2,Sunnyeora Woman Satin Silk Cowl Neck Evening Top (Series 2),"<p>High-demand Sunnyeora Woman Sunnyeora Woman Satin Silk Cowl Neck Evening Top (Series 2). Designed for superior performance, comfort and style. Sourced with USPS express air shipping (7-10 days).</p>",Sunnyeora Woman,clothing,clothing,"women, clothing, women, dropshipping, bestseller",true,Color,Champagne Gold,Size,S,SY-SY-PROD-1334,500,shopify,13,deny,manual,40.50,66.78,true,true,https://images.unsplash.com/photo-1558769132-cb1aea458c5e?auto=format&fit=crop&w=800&q=80,1,active
berrylush-floral-tiered-bohemian-maxi-dress-air,Berrylush Floral Tiered Bohemian Maxi Dress (Air),"<p>High-demand Berrylush Berrylush Floral Tiered Bohemian Maxi Dress (Air). Designed for superior performance, comfort and style. Sourced with USPS express air shipping (7-10 days).</p>",Berrylush,clothing,clothing,"women, clothing, women, dropshipping, bestseller",true,Color,Dusty Rose,Size,XS,SY-SY-PROD-1335,500,shopify,14,deny,manual,75.87,121.60,true,true,https://images.unsplash.com/photo-1515886657613-9f3515b0c78f?auto=format&fit=crop&w=800&q=80,1,active
sassafras-ribbed-knit-bodycon-midi-dress-signature,Sassafras Ribbed Knit Bodycon Midi Dress (Signature),"<p>High-demand Sassafras Sassafras Ribbed Knit Bodycon Midi Dress (Signature). Designed for superior performance, comfort and style. Sourced with USPS express air shipping (7-10 days).</p>",Sassafras,clothing,clothing,"women, clothing, women, dropshipping, bestseller",true,Color,Espresso Brown,Size,S,SY-SY-PROD-1336,500,shopify,15,deny,manual,43.24,71.02,true,true,https://images.unsplash.com/photo-1529139574466-a303027c1d8b?auto=format&fit=crop&w=800&q=80,1,active
tokyo-talkies-high-waist-wide-leg-sculpt-jeans-v2,Tokyo Talkies High-Waist Wide Leg Sculpt Jeans (V2),"<p>High-demand Tokyo Talkies Tokyo Talkies High-Waist Wide Leg Sculpt Jeans (V2). Designed for superior performance, comfort and style. Sourced with USPS express air shipping (7-10 days).</p>",Tokyo Talkies,clothing,clothing,"women, clothing, women, dropshipping, bestseller",true,Color,Vintage Light Wash,Size,26,SY-SY-PROD-1337,500,shopify,16,deny,manual,82.61,132.05,true,true,https://images.unsplash.com/photo-1539571696357-5a69c17a67c6?auto=format&fit=crop&w=800&q=80,1,active
anouk-oversized-boyfriend-cotton-poplin-shirt-luxe,Anouk Oversized Boyfriend Cotton Poplin Shirt (Luxe),"<p>High-demand Anouk Anouk Oversized Boyfriend Cotton Poplin Shirt (Luxe). Designed for superior performance, comfort and style. Sourced with USPS express air shipping (7-10 days).</p>",Anouk,clothing,clothing,"women, clothing, women, dropshipping, bestseller",true,Color,Stripe Blue,Size,S,SY-SY-PROD-1338,500,shopify,17,deny,manual,46.98,76.82,true,true,https://images.unsplash.com/photo-1509631179647-0177331693ae?auto=format&fit=crop&w=800&q=80,1,active
vero-moda-embroidered-anarkali-kurta-set-with-dupatta-pure,Vero Moda Embroidered Anarkali Kurta Set with Dupatta (Pure),"<p>High-demand Vero Moda Vero Moda Embroidered Anarkali Kurta Set with Dupatta (Pure). Designed for superior performance, comfort and style. Sourced with USPS express air shipping (7-10 days).</p>",Vero Moda,clothing,clothing,"women, clothing, women, dropshipping, bestseller",true,Color,Emerald Silk,Size,S,SY-SY-PROD-1339,500,shopify,18,deny,manual,98.35,156.44,true,true,https://images.unsplash.com/photo-1550614000-4895a10e1bfd?auto=format&fit=crop&w=800&q=80,1,active
libas-double-breasted-tailored-long-blazer-essential,Libas Double-Breasted Tailored Long Blazer (Essential),"<p>High-demand Libas Libas Double-Breasted Tailored Long Blazer (Essential). Designed for superior performance, comfort and style. Sourced with USPS express air shipping (7-10 days).</p>",Libas,clothing,clothing,"women, clothing, women, dropshipping, bestseller",true,Color,Camel Houndstooth,Size,XS,SY-SY-PROD-1340,500,shopify,19,deny,manual,108.72,172.52,true,true,https://images.unsplash.com/photo-1496747611176-843222e1e57c?auto=format&fit=crop&w=800&q=80,1,active
sunnyeora-woman-high-performance-seamless-sculpt-leggings-pro,Sunnyeora Woman High-Performance Seamless Sculpt Leggings (Pro),"<p>High-demand Sunnyeora Woman Sunnyeora Woman High-Performance Seamless Sculpt Leggings (Pro). Designed for superior performance, comfort and style. Sourced with USPS express air shipping (7-10 days).</p>",Sunnyeora Woman,clothing,clothing,"women, clothing, women, dropshipping, bestseller",true,Color,Mocha Brown,Size,XS,SY-SY-PROD-1341,500,shopify,5,deny,manual,30.09,50.64,true,true,https://images.unsplash.com/photo-1485230895905-ec40ba36b9bc?auto=format&fit=crop&w=800&q=80,1,active
berrylush-satin-silk-cowl-neck-evening-top-elite,Berrylush Satin Silk Cowl Neck Evening Top (Elite),"<p>High-demand Berrylush Berrylush Satin Silk Cowl Neck Evening Top (Elite). Designed for superior performance, comfort and style. Sourced with USPS express air shipping (7-10 days).</p>",Berrylush,clothing,clothing,"women, clothing, women, dropshipping, bestseller",true,Color,Champagne Gold,Size,S,SY-SY-PROD-1342,500,shopify,6,deny,manual,33.46,55.86,true,true,https://images.unsplash.com/photo-1558769132-cb1aea458c5e?auto=format&fit=crop&w=800&q=80,1,active
sassafras-floral-tiered-bohemian-maxi-dress-classic,Sassafras Floral Tiered Bohemian Maxi Dress (Classic),"<p>High-demand Sassafras Sassafras Floral Tiered Bohemian Maxi Dress (Classic). Designed for superior performance, comfort and style. Sourced with USPS express air shipping (7-10 days).</p>",Sassafras,clothing,clothing,"women, clothing, women, dropshipping, bestseller",true,Color,Dusty Rose,Size,XS,SY-SY-PROD-1343,500,shopify,7,deny,manual,49.83,81.24,true,true,https://images.unsplash.com/photo-1515886657613-9f3515b0c78f?auto=format&fit=crop&w=800&q=80,1,active
tokyo-talkies-ribbed-knit-bodycon-midi-dress-series-2,Tokyo Talkies Ribbed Knit Bodycon Midi Dress (Series 2),"<p>High-demand Tokyo Talkies Tokyo Talkies Ribbed Knit Bodycon Midi Dress (Series 2). Designed for superior performance, comfort and style. Sourced with USPS express air shipping (7-10 days).</p>",Tokyo Talkies,clothing,clothing,"women, clothing, women, dropshipping, bestseller",true,Color,Espresso Brown,Size,S,SY-SY-PROD-1344,500,shopify,8,deny,manual,54.20,88.01,true,true,https://images.unsplash.com/photo-1529139574466-a303027c1d8b?auto=format&fit=crop&w=800&q=80,1,active
anouk-high-waist-wide-leg-sculpt-jeans-air,Anouk High-Waist Wide Leg Sculpt Jeans (Air),"<p>High-demand Anouk Anouk High-Waist Wide Leg Sculpt Jeans (Air). Designed for superior performance, comfort and style. Sourced with USPS express air shipping (7-10 days).</p>",Anouk,clothing,clothing,"women, clothing, women, dropshipping, bestseller",true,Color,Vintage Light Wash,Size,26,SY-SY-PROD-1345,500,shopify,9,deny,manual,55.57,90.13,true,true,https://images.unsplash.com/photo-1539571696357-5a69c17a67c6?auto=format&fit=crop&w=800&q=80,1,active
vero-moda-oversized-boyfriend-cotton-poplin-shirt-signature,Vero Moda Oversized Boyfriend Cotton Poplin Shirt (Signature),"<p>High-demand Vero Moda Vero Moda Oversized Boyfriend Cotton Poplin Shirt (Signature). Designed for superior performance, comfort and style. Sourced with USPS express air shipping (7-10 days).</p>",Vero Moda,clothing,clothing,"women, clothing, women, dropshipping, bestseller",true,Color,Stripe Blue,Size,S,SY-SY-PROD-1346,500,shopify,10,deny,manual,37.94,62.81,true,true,https://images.unsplash.com/photo-1509631179647-0177331693ae?auto=format&fit=crop&w=800&q=80,1,active
libas-embroidered-anarkali-kurta-set-with-dupatta-v2,Libas Embroidered Anarkali Kurta Set with Dupatta (V2),"<p>High-demand Libas Libas Embroidered Anarkali Kurta Set with Dupatta (V2). Designed for superior performance, comfort and style. Sourced with USPS express air shipping (7-10 days).</p>",Libas,clothing,clothing,"women, clothing, women, dropshipping, bestseller",true,Color,Emerald Silk,Size,S,SY-SY-PROD-1347,500,shopify,11,deny,manual,109.31,173.43,true,true,https://images.unsplash.com/photo-1550614000-4895a10e1bfd?auto=format&fit=crop&w=800&q=80,1,active
sunnyeora-woman-double-breasted-tailored-long-blazer-luxe,Sunnyeora Woman Double-Breasted Tailored Long Blazer (Luxe),"<p>High-demand Sunnyeora Woman Sunnyeora Woman Double-Breasted Tailored Long Blazer (Luxe). Designed for superior performance, comfort and style. Sourced with USPS express air shipping (7-10 days).</p>",Sunnyeora Woman,clothing,clothing,"women, clothing, women, dropshipping, bestseller",true,Color,Camel Houndstooth,Size,XS,SY-SY-PROD-1348,500,shopify,12,deny,manual,119.68,189.50,true,true,https://images.unsplash.com/photo-1496747611176-843222e1e57c?auto=format&fit=crop&w=800&q=80,1,active
berrylush-high-performance-seamless-sculpt-leggings-pure,Berrylush High-Performance Seamless Sculpt Leggings (Pure),"<p>High-demand Berrylush Berrylush High-Performance Seamless Sculpt Leggings (Pure). Designed for superior performance, comfort and style. Sourced with USPS express air shipping (7-10 days).</p>",Berrylush,clothing,clothing,"women, clothing, women, dropshipping, bestseller",true,Color,Mocha Brown,Size,XS,SY-SY-PROD-1349,500,shopify,13,deny,manual,41.05,67.63,true,true,https://images.unsplash.com/photo-1485230895905-ec40ba36b9bc?auto=format&fit=crop&w=800&q=80,1,active
sassafras-satin-silk-cowl-neck-evening-top-essential,Sassafras Satin Silk Cowl Neck Evening Top (Essential),"<p>High-demand Sassafras Sassafras Satin Silk Cowl Neck Evening Top (Essential). Designed for superior performance, comfort and style. Sourced with USPS express air shipping (7-10 days).</p>",Sassafras,clothing,clothing,"women, clothing, women, dropshipping, bestseller",true,Color,Champagne Gold,Size,S,SY-SY-PROD-1350,500,shopify,14,deny,manual,44.42,72.85,true,true,https://images.unsplash.com/photo-1558769132-cb1aea458c5e?auto=format&fit=crop&w=800&q=80,1,active
tokyo-talkies-floral-tiered-bohemian-maxi-dress-pro,Tokyo Talkies Floral Tiered Bohemian Maxi Dress (Pro),"<p>High-demand Tokyo Talkies Tokyo Talkies Floral Tiered Bohemian Maxi Dress (Pro). Designed for superior performance, comfort and style. Sourced with USPS express air shipping (7-10 days).</p>",Tokyo Talkies,clothing,clothing,"women, clothing, women, dropshipping, bestseller",true,Color,Dusty Rose,Size,XS,SY-SY-PROD-1351,500,shopify,15,deny,manual,60.79,98.22,true,true,https://images.unsplash.com/photo-1515886657613-9f3515b0c78f?auto=format&fit=crop&w=800&q=80,1,active
anouk-ribbed-knit-bodycon-midi-dress-elite,Anouk Ribbed Knit Bodycon Midi Dress (Elite),"<p>High-demand Anouk Anouk Ribbed Knit Bodycon Midi Dress (Elite). Designed for superior performance, comfort and style. Sourced with USPS express air shipping (7-10 days).</p>",Anouk,clothing,clothing,"women, clothing, women, dropshipping, bestseller",true,Color,Espresso Brown,Size,S,SY-SY-PROD-1352,500,shopify,16,deny,manual,37.16,61.60,true,true,https://images.unsplash.com/photo-1529139574466-a303027c1d8b?auto=format&fit=crop&w=800&q=80,1,active
vero-moda-high-waist-wide-leg-sculpt-jeans-classic,Vero Moda High-Waist Wide Leg Sculpt Jeans (Classic),"<p>High-demand Vero Moda Vero Moda High-Waist Wide Leg Sculpt Jeans (Classic). Designed for superior performance, comfort and style. Sourced with USPS express air shipping (7-10 days).</p>",Vero Moda,clothing,clothing,"women, clothing, women, dropshipping, bestseller",true,Color,Vintage Light Wash,Size,26,SY-SY-PROD-1353,500,shopify,17,deny,manual,66.53,107.12,true,true,https://images.unsplash.com/photo-1539571696357-5a69c17a67c6?auto=format&fit=crop&w=800&q=80,1,active
libas-oversized-boyfriend-cotton-poplin-shirt-series-2,Libas Oversized Boyfriend Cotton Poplin Shirt (Series 2),"<p>High-demand Libas Libas Oversized Boyfriend Cotton Poplin Shirt (Series 2). Designed for superior performance, comfort and style. Sourced with USPS express air shipping (7-10 days).</p>",Libas,clothing,clothing,"women, clothing, women, dropshipping, bestseller",true,Color,Stripe Blue,Size,S,SY-SY-PROD-1354,500,shopify,18,deny,manual,48.90,79.80,true,true,https://images.unsplash.com/photo-1509631179647-0177331693ae?auto=format&fit=crop&w=800&q=80,1,active
sunnyeora-woman-embroidered-anarkali-kurta-set-with-dupatta-air,Sunnyeora Woman Embroidered Anarkali Kurta Set with Dupatta (Air),"<p>High-demand Sunnyeora Woman Sunnyeora Woman Embroidered Anarkali Kurta Set with Dupatta (Air). Designed for superior performance, comfort and style. Sourced with USPS express air shipping (7-10 days).</p>",Sunnyeora Woman,clothing,clothing,"women, clothing, women, dropshipping, bestseller",true,Color,Emerald Silk,Size,S,SY-SY-PROD-1355,500,shopify,19,deny,manual,70.27,112.92,true,true,https://images.unsplash.com/photo-1550614000-4895a10e1bfd?auto=format&fit=crop&w=800&q=80,1,active
berrylush-double-breasted-tailored-long-blazer-signature,Berrylush Double-Breasted Tailored Long Blazer (Signature),"<p>High-demand Berrylush Berrylush Double-Breasted Tailored Long Blazer (Signature). Designed for superior performance, comfort and style. Sourced with USPS express air shipping (7-10 days).</p>",Berrylush,clothing,clothing,"women, clothing, women, dropshipping, bestseller",true,Color,Camel Houndstooth,Size,XS,SY-SY-PROD-1356,500,shopify,5,deny,manual,69.64,111.94,true,true,https://images.unsplash.com/photo-1496747611176-843222e1e57c?auto=format&fit=crop&w=800&q=80,1,active
sassafras-high-performance-seamless-sculpt-leggings-v2,Sassafras High-Performance Seamless Sculpt Leggings (V2),"<p>High-demand Sassafras Sassafras High-Performance Seamless Sculpt Leggings (V2). Designed for superior performance, comfort and style. Sourced with USPS express air shipping (7-10 days).</p>",Sassafras,clothing,clothing,"women, clothing, women, dropshipping, bestseller",true,Color,Mocha Brown,Size,XS,SY-SY-PROD-1357,500,shopify,6,deny,manual,32.01,53.62,true,true,https://images.unsplash.com/photo-1485230895905-ec40ba36b9bc?auto=format&fit=crop&w=800&q=80,1,active
tokyo-talkies-satin-silk-cowl-neck-evening-top-luxe,Tokyo Talkies Satin Silk Cowl Neck Evening Top (Luxe),"<p>High-demand Tokyo Talkies Tokyo Talkies Satin Silk Cowl Neck Evening Top (Luxe). Designed for superior performance, comfort and style. Sourced with USPS express air shipping (7-10 days).</p>",Tokyo Talkies,clothing,clothing,"women, clothing, women, dropshipping, bestseller",true,Color,Champagne Gold,Size,S,SY-SY-PROD-1358,500,shopify,7,deny,manual,37.38,61.94,true,true,https://images.unsplash.com/photo-1558769132-cb1aea458c5e?auto=format&fit=crop&w=800&q=80,1,active
anouk-floral-tiered-bohemian-maxi-dress-pure,Anouk Floral Tiered Bohemian Maxi Dress (Pure),"<p>High-demand Anouk Anouk Floral Tiered Bohemian Maxi Dress (Pure). Designed for superior performance, comfort and style. Sourced with USPS express air shipping (7-10 days).</p>",Anouk,clothing,clothing,"women, clothing, women, dropshipping, bestseller",true,Color,Dusty Rose,Size,XS,SY-SY-PROD-1359,500,shopify,8,deny,manual,71.75,115.21,true,true,https://images.unsplash.com/photo-1515886657613-9f3515b0c78f?auto=format&fit=crop&w=800&q=80,1,active
vero-moda-ribbed-knit-bodycon-midi-dress-essential,Vero Moda Ribbed Knit Bodycon Midi Dress (Essential),"<p>High-demand Vero Moda Vero Moda Ribbed Knit Bodycon Midi Dress (Essential). Designed for superior performance, comfort and style. Sourced with USPS express air shipping (7-10 days).</p>",Vero Moda,clothing,clothing,"women, clothing, women, dropshipping, bestseller",true,Color,Espresso Brown,Size,S,SY-SY-PROD-1360,500,shopify,9,deny,manual,48.12,78.59,true,true,https://images.unsplash.com/photo-1529139574466-a303027c1d8b?auto=format&fit=crop&w=800&q=80,1,active
libas-high-waist-wide-leg-sculpt-jeans-pro,Libas High-Waist Wide Leg Sculpt Jeans (Pro),"<p>High-demand Libas Libas High-Waist Wide Leg Sculpt Jeans (Pro). Designed for superior performance, comfort and style. Sourced with USPS express air shipping (7-10 days).</p>",Libas,clothing,clothing,"women, clothing, women, dropshipping, bestseller",true,Color,Vintage Light Wash,Size,26,SY-SY-PROD-1361,500,shopify,10,deny,manual,77.49,124.11,true,true,https://images.unsplash.com/photo-1539571696357-5a69c17a67c6?auto=format&fit=crop&w=800&q=80,1,active
sunnyeora-woman-oversized-boyfriend-cotton-poplin-shirt-elite,Sunnyeora Woman Oversized Boyfriend Cotton Poplin Shirt (Elite),"<p>High-demand Sunnyeora Woman Sunnyeora Woman Oversized Boyfriend Cotton Poplin Shirt (Elite). Designed for superior performance, comfort and style. Sourced with USPS express air shipping (7-10 days).</p>",Sunnyeora Woman,clothing,clothing,"women, clothing, women, dropshipping, bestseller",true,Color,Stripe Blue,Size,S,SY-SY-PROD-1362,500,shopify,11,deny,manual,39.86,65.78,true,true,https://images.unsplash.com/photo-1509631179647-0177331693ae?auto=format&fit=crop&w=800&q=80,1,active
berrylush-embroidered-anarkali-kurta-set-with-dupatta-classic,Berrylush Embroidered Anarkali Kurta Set with Dupatta (Classic),"<p>High-demand Berrylush Berrylush Embroidered Anarkali Kurta Set with Dupatta (Classic). Designed for superior performance, comfort and style. Sourced with USPS express air shipping (7-10 days).</p>",Berrylush,clothing,clothing,"women, clothing, women, dropshipping, bestseller",true,Color,Emerald Silk,Size,S,SY-SY-PROD-1363,500,shopify,12,deny,manual,81.23,129.91,true,true,https://images.unsplash.com/photo-1550614000-4895a10e1bfd?auto=format&fit=crop&w=800&q=80,1,active
sassafras-double-breasted-tailored-long-blazer-series-2,Sassafras Double-Breasted Tailored Long Blazer (Series 2),"<p>High-demand Sassafras Sassafras Double-Breasted Tailored Long Blazer (Series 2). Designed for superior performance, comfort and style. Sourced with USPS express air shipping (7-10 days).</p>",Sassafras,clothing,clothing,"women, clothing, women, dropshipping, bestseller",true,Color,Camel Houndstooth,Size,XS,SY-SY-PROD-1364,500,shopify,13,deny,manual,80.60,128.93,true,true,https://images.unsplash.com/photo-1496747611176-843222e1e57c?auto=format&fit=crop&w=800&q=80,1,active
tokyo-talkies-high-performance-seamless-sculpt-leggings-air,Tokyo Talkies High-Performance Seamless Sculpt Leggings (Air),"<p>High-demand Tokyo Talkies Tokyo Talkies High-Performance Seamless Sculpt Leggings (Air). Designed for superior performance, comfort and style. Sourced with USPS express air shipping (7-10 days).</p>",Tokyo Talkies,clothing,clothing,"women, clothing, women, dropshipping, bestseller",true,Color,Mocha Brown,Size,XS,SY-SY-PROD-1365,500,shopify,14,deny,manual,42.97,70.60,true,true,https://images.unsplash.com/photo-1485230895905-ec40ba36b9bc?auto=format&fit=crop&w=800&q=80,1,active
anouk-satin-silk-cowl-neck-evening-top-signature,Anouk Satin Silk Cowl Neck Evening Top (Signature),"<p>High-demand Anouk Anouk Satin Silk Cowl Neck Evening Top (Signature). Designed for superior performance, comfort and style. Sourced with USPS express air shipping (7-10 days).</p>",Anouk,clothing,clothing,"women, clothing, women, dropshipping, bestseller",true,Color,Champagne Gold,Size,S,SY-SY-PROD-1366,500,shopify,15,deny,manual,30.34,51.03,true,true,https://images.unsplash.com/photo-1558769132-cb1aea458c5e?auto=format&fit=crop&w=800&q=80,1,active
vero-moda-floral-tiered-bohemian-maxi-dress-v2,Vero Moda Floral Tiered Bohemian Maxi Dress (V2),"<p>High-demand Vero Moda Vero Moda Floral Tiered Bohemian Maxi Dress (V2). Designed for superior performance, comfort and style. Sourced with USPS express air shipping (7-10 days).</p>",Vero Moda,clothing,clothing,"women, clothing, women, dropshipping, bestseller",true,Color,Dusty Rose,Size,XS,SY-SY-PROD-1367,500,shopify,16,deny,manual,45.71,74.85,true,true,https://images.unsplash.com/photo-1515886657613-9f3515b0c78f?auto=format&fit=crop&w=800&q=80,1,active
libas-ribbed-knit-bodycon-midi-dress-luxe,Libas Ribbed Knit Bodycon Midi Dress (Luxe),"<p>High-demand Libas Libas Ribbed Knit Bodycon Midi Dress (Luxe). Designed for superior performance, comfort and style. Sourced with USPS express air shipping (7-10 days).</p>",Libas,clothing,clothing,"women, clothing, women, dropshipping, bestseller",true,Color,Espresso Brown,Size,S,SY-SY-PROD-1368,500,shopify,17,deny,manual,59.08,95.57,true,true,https://images.unsplash.com/photo-1529139574466-a303027c1d8b?auto=format&fit=crop&w=800&q=80,1,active
sunnyeora-woman-high-waist-wide-leg-sculpt-jeans-pure,Sunnyeora Woman High-Waist Wide Leg Sculpt Jeans (Pure),"<p>High-demand Sunnyeora Woman Sunnyeora Woman High-Waist Wide Leg Sculpt Jeans (Pure). Designed for superior performance, comfort and style. Sourced with USPS express air shipping (7-10 days).</p>",Sunnyeora Woman,clothing,clothing,"women, clothing, women, dropshipping, bestseller",true,Color,Vintage Light Wash,Size,26,SY-SY-PROD-1369,500,shopify,18,deny,manual,50.45,82.20,true,true,https://images.unsplash.com/photo-1539571696357-5a69c17a67c6?auto=format&fit=crop&w=800&q=80,1,active
berrylush-oversized-boyfriend-cotton-poplin-shirt-essential,Berrylush Oversized Boyfriend Cotton Poplin Shirt (Essential),"<p>High-demand Berrylush Berrylush Oversized Boyfriend Cotton Poplin Shirt (Essential). Designed for superior performance, comfort and style. Sourced with USPS express air shipping (7-10 days).</p>",Berrylush,clothing,clothing,"women, clothing, women, dropshipping, bestseller",true,Color,Stripe Blue,Size,S,SY-SY-PROD-1370,500,shopify,19,deny,manual,30.82,51.77,true,true,https://images.unsplash.com/photo-1509631179647-0177331693ae?auto=format&fit=crop&w=800&q=80,1,active
sassafras-embroidered-anarkali-kurta-set-with-dupatta-pro,Sassafras Embroidered Anarkali Kurta Set with Dupatta (Pro),"<p>High-demand Sassafras Sassafras Embroidered Anarkali Kurta Set with Dupatta (Pro). Designed for superior performance, comfort and style. Sourced with USPS express air shipping (7-10 days).</p>",Sassafras,clothing,clothing,"women, clothing, women, dropshipping, bestseller",true,Color,Emerald Silk,Size,S,SY-SY-PROD-1371,500,shopify,5,deny,manual,92.19,146.89,true,true,https://images.unsplash.com/photo-1550614000-4895a10e1bfd?auto=format&fit=crop&w=800&q=80,1,active
tokyo-talkies-double-breasted-tailored-long-blazer-elite,Tokyo Talkies Double-Breasted Tailored Long Blazer (Elite),"<p>High-demand Tokyo Talkies Tokyo Talkies Double-Breasted Tailored Long Blazer (Elite). Designed for superior performance, comfort and style. Sourced with USPS express air shipping (7-10 days).</p>",Tokyo Talkies,clothing,clothing,"women, clothing, women, dropshipping, bestseller",true,Color,Camel Houndstooth,Size,XS,SY-SY-PROD-1372,500,shopify,6,deny,manual,91.56,145.92,true,true,https://images.unsplash.com/photo-1496747611176-843222e1e57c?auto=format&fit=crop&w=800&q=80,1,active
anouk-high-performance-seamless-sculpt-leggings-classic,Anouk High-Performance Seamless Sculpt Leggings (Classic),"<p>High-demand Anouk Anouk High-Performance Seamless Sculpt Leggings (Classic). Designed for superior performance, comfort and style. Sourced with USPS express air shipping (7-10 days).</p>",Anouk,clothing,clothing,"women, clothing, women, dropshipping, bestseller",true,Color,Mocha Brown,Size,XS,SY-SY-PROD-1373,500,shopify,7,deny,manual,33.93,56.59,true,true,https://images.unsplash.com/photo-1485230895905-ec40ba36b9bc?auto=format&fit=crop&w=800&q=80,1,active
vero-moda-satin-silk-cowl-neck-evening-top-series-2,Vero Moda Satin Silk Cowl Neck Evening Top (Series 2),"<p>High-demand Vero Moda Vero Moda Satin Silk Cowl Neck Evening Top (Series 2). Designed for superior performance, comfort and style. Sourced with USPS express air shipping (7-10 days).</p>",Vero Moda,clothing,clothing,"women, clothing, women, dropshipping, bestseller",true,Color,Champagne Gold,Size,S,SY-SY-PROD-1374,500,shopify,8,deny,manual,41.30,68.02,true,true,https://images.unsplash.com/photo-1558769132-cb1aea458c5e?auto=format&fit=crop&w=800&q=80,1,active
libas-floral-tiered-bohemian-maxi-dress-air,Libas Floral Tiered Bohemian Maxi Dress (Air),"<p>High-demand Libas Libas Floral Tiered Bohemian Maxi Dress (Air). Designed for superior performance, comfort and style. Sourced with USPS express air shipping (7-10 days).</p>",Libas,clothing,clothing,"women, clothing, women, dropshipping, bestseller",true,Color,Dusty Rose,Size,XS,SY-SY-PROD-1375,500,shopify,9,deny,manual,56.67,91.84,true,true,https://images.unsplash.com/photo-1515886657613-9f3515b0c78f?auto=format&fit=crop&w=800&q=80,1,active
sunnyeora-woman-ribbed-knit-bodycon-midi-dress-signature,Sunnyeora Woman Ribbed Knit Bodycon Midi Dress (Signature),"<p>High-demand Sunnyeora Woman Sunnyeora Woman Ribbed Knit Bodycon Midi Dress (Signature). Designed for superior performance, comfort and style. Sourced with USPS express air shipping (7-10 days).</p>",Sunnyeora Woman,clothing,clothing,"women, clothing, women, dropshipping, bestseller",true,Color,Espresso Brown,Size,S,SY-SY-PROD-1376,500,shopify,10,deny,manual,42.04,69.16,true,true,https://images.unsplash.com/photo-1529139574466-a303027c1d8b?auto=format&fit=crop&w=800&q=80,1,active
berrylush-high-waist-wide-leg-sculpt-jeans-v2,Berrylush High-Waist Wide Leg Sculpt Jeans (V2),"<p>High-demand Berrylush Berrylush High-Waist Wide Leg Sculpt Jeans (V2). Designed for superior performance, comfort and style. Sourced with USPS express air shipping (7-10 days).</p>",Berrylush,clothing,clothing,"women, clothing, women, dropshipping, bestseller",true,Color,Vintage Light Wash,Size,26,SY-SY-PROD-1377,500,shopify,11,deny,manual,61.41,99.19,true,true,https://images.unsplash.com/photo-1539571696357-5a69c17a67c6?auto=format&fit=crop&w=800&q=80,1,active
sassafras-oversized-boyfriend-cotton-poplin-shirt-luxe,Sassafras Oversized Boyfriend Cotton Poplin Shirt (Luxe),"<p>High-demand Sassafras Sassafras Oversized Boyfriend Cotton Poplin Shirt (Luxe). Designed for superior performance, comfort and style. Sourced with USPS express air shipping (7-10 days).</p>",Sassafras,clothing,clothing,"women, clothing, women, dropshipping, bestseller",true,Color,Stripe Blue,Size,S,SY-SY-PROD-1378,500,shopify,12,deny,manual,41.78,68.76,true,true,https://images.unsplash.com/photo-1509631179647-0177331693ae?auto=format&fit=crop&w=800&q=80,1,active
tokyo-talkies-embroidered-anarkali-kurta-set-with-dupatta-pure,Tokyo Talkies Embroidered Anarkali Kurta Set with Dupatta (Pure),"<p>High-demand Tokyo Talkies Tokyo Talkies Embroidered Anarkali Kurta Set with Dupatta (Pure). Designed for superior performance, comfort and style. Sourced with USPS express air shipping (7-10 days).</p>",Tokyo Talkies,clothing,clothing,"women, clothing, women, dropshipping, bestseller",true,Color,Emerald Silk,Size,S,SY-SY-PROD-1379,500,shopify,13,deny,manual,103.15,163.88,true,true,https://images.unsplash.com/photo-1550614000-4895a10e1bfd?auto=format&fit=crop&w=800&q=80,1,active
anouk-double-breasted-tailored-long-blazer-essential,Anouk Double-Breasted Tailored Long Blazer (Essential),"<p>High-demand Anouk Anouk Double-Breasted Tailored Long Blazer (Essential). Designed for superior performance, comfort and style. Sourced with USPS express air shipping (7-10 days).</p>",Anouk,clothing,clothing,"women, clothing, women, dropshipping, bestseller",true,Color,Camel Houndstooth,Size,XS,SY-SY-PROD-1380,500,shopify,14,deny,manual,102.52,162.91,true,true,https://images.unsplash.com/photo-1496747611176-843222e1e57c?auto=format&fit=crop&w=800&q=80,1,active
vero-moda-high-performance-seamless-sculpt-leggings-pro,Vero Moda High-Performance Seamless Sculpt Leggings (Pro),"<p>High-demand Vero Moda Vero Moda High-Performance Seamless Sculpt Leggings (Pro). Designed for superior performance, comfort and style. Sourced with USPS express air shipping (7-10 days).</p>",Vero Moda,clothing,clothing,"women, clothing, women, dropshipping, bestseller",true,Color,Mocha Brown,Size,XS,SY-SY-PROD-1381,500,shopify,15,deny,manual,44.89,73.58,true,true,https://images.unsplash.com/photo-1485230895905-ec40ba36b9bc?auto=format&fit=crop&w=800&q=80,1,active
libas-satin-silk-cowl-neck-evening-top-elite,Libas Satin Silk Cowl Neck Evening Top (Elite),"<p>High-demand Libas Libas Satin Silk Cowl Neck Evening Top (Elite). Designed for superior performance, comfort and style. Sourced with USPS express air shipping (7-10 days).</p>",Libas,clothing,clothing,"women, clothing, women, dropshipping, bestseller",true,Color,Champagne Gold,Size,S,SY-SY-PROD-1382,500,shopify,16,deny,manual,34.26,57.10,true,true,https://images.unsplash.com/photo-1558769132-cb1aea458c5e?auto=format&fit=crop&w=800&q=80,1,active
sunnyeora-woman-floral-tiered-bohemian-maxi-dress-classic,Sunnyeora Woman Floral Tiered Bohemian Maxi Dress (Classic),"<p>High-demand Sunnyeora Woman Sunnyeora Woman Floral Tiered Bohemian Maxi Dress (Classic). Designed for superior performance, comfort and style. Sourced with USPS express air shipping (7-10 days).</p>",Sunnyeora Woman,clothing,clothing,"women, clothing, women, dropshipping, bestseller",true,Color,Dusty Rose,Size,XS,SY-SY-PROD-1383,500,shopify,17,deny,manual,67.63,108.83,true,true,https://images.unsplash.com/photo-1515886657613-9f3515b0c78f?auto=format&fit=crop&w=800&q=80,1,active
berrylush-ribbed-knit-bodycon-midi-dress-series-2,Berrylush Ribbed Knit Bodycon Midi Dress (Series 2),"<p>High-demand Berrylush Berrylush Ribbed Knit Bodycon Midi Dress (Series 2). Designed for superior performance, comfort and style. Sourced with USPS express air shipping (7-10 days).</p>",Berrylush,clothing,clothing,"women, clothing, women, dropshipping, bestseller",true,Color,Espresso Brown,Size,S,SY-SY-PROD-1384,500,shopify,18,deny,manual,53.00,86.15,true,true,https://images.unsplash.com/photo-1529139574466-a303027c1d8b?auto=format&fit=crop&w=800&q=80,1,active
sassafras-high-waist-wide-leg-sculpt-jeans-air,Sassafras High-Waist Wide Leg Sculpt Jeans (Air),"<p>High-demand Sassafras Sassafras High-Waist Wide Leg Sculpt Jeans (Air). Designed for superior performance, comfort and style. Sourced with USPS express air shipping (7-10 days).</p>",Sassafras,clothing,clothing,"women, clothing, women, dropshipping, bestseller",true,Color,Vintage Light Wash,Size,26,SY-SY-PROD-1385,500,shopify,19,deny,manual,72.37,116.17,true,true,https://images.unsplash.com/photo-1539571696357-5a69c17a67c6?auto=format&fit=crop&w=800&q=80,1,active
tokyo-talkies-oversized-boyfriend-cotton-poplin-shirt-signature,Tokyo Talkies Oversized Boyfriend Cotton Poplin Shirt (Signature),"<p>High-demand Tokyo Talkies Tokyo Talkies Oversized Boyfriend Cotton Poplin Shirt (Signature). Designed for superior performance, comfort and style. Sourced with USPS express air shipping (7-10 days).</p>",Tokyo Talkies,clothing,clothing,"women, clothing, women, dropshipping, bestseller",true,Color,Stripe Blue,Size,S,SY-SY-PROD-1386,500,shopify,5,deny,manual,32.74,54.75,true,true,https://images.unsplash.com/photo-1509631179647-0177331693ae?auto=format&fit=crop&w=800&q=80,1,active
anouk-embroidered-anarkali-kurta-set-with-dupatta-v2,Anouk Embroidered Anarkali Kurta Set with Dupatta (V2),"<p>High-demand Anouk Anouk Embroidered Anarkali Kurta Set with Dupatta (V2). Designed for superior performance, comfort and style. Sourced with USPS express air shipping (7-10 days).</p>",Anouk,clothing,clothing,"women, clothing, women, dropshipping, bestseller",true,Color,Emerald Silk,Size,S,SY-SY-PROD-1387,500,shopify,6,deny,manual,64.11,103.37,true,true,https://images.unsplash.com/photo-1550614000-4895a10e1bfd?auto=format&fit=crop&w=800&q=80,1,active
vero-moda-double-breasted-tailored-long-blazer-luxe,Vero Moda Double-Breasted Tailored Long Blazer (Luxe),"<p>High-demand Vero Moda Vero Moda Double-Breasted Tailored Long Blazer (Luxe). Designed for superior performance, comfort and style. Sourced with USPS express air shipping (7-10 days).</p>",Vero Moda,clothing,clothing,"women, clothing, women, dropshipping, bestseller",true,Color,Camel Houndstooth,Size,XS,SY-SY-PROD-1388,500,shopify,7,deny,manual,113.48,179.89,true,true,https://images.unsplash.com/photo-1496747611176-843222e1e57c?auto=format&fit=crop&w=800&q=80,1,active
libas-high-performance-seamless-sculpt-leggings-pure,Libas High-Performance Seamless Sculpt Leggings (Pure),"<p>High-demand Libas Libas High-Performance Seamless Sculpt Leggings (Pure). Designed for superior performance, comfort and style. Sourced with USPS express air shipping (7-10 days).</p>",Libas,clothing,clothing,"women, clothing, women, dropshipping, bestseller",true,Color,Mocha Brown,Size,XS,SY-SY-PROD-1389,500,shopify,8,deny,manual,35.85,59.57,true,true,https://images.unsplash.com/photo-1485230895905-ec40ba36b9bc?auto=format&fit=crop&w=800&q=80,1,active
sunnyeora-woman-satin-silk-cowl-neck-evening-top-essential,Sunnyeora Woman Satin Silk Cowl Neck Evening Top (Essential),"<p>High-demand Sunnyeora Woman Sunnyeora Woman Satin Silk Cowl Neck Evening Top (Essential). Designed for superior performance, comfort and style. Sourced with USPS express air shipping (7-10 days).</p>",Sunnyeora Woman,clothing,clothing,"women, clothing, women, dropshipping, bestseller",true,Color,Champagne Gold,Size,S,SY-SY-PROD-1390,500,shopify,9,deny,manual,27.22,46.19,true,true,https://images.unsplash.com/photo-1558769132-cb1aea458c5e?auto=format&fit=crop&w=800&q=80,1,active
berrylush-floral-tiered-bohemian-maxi-dress-pro,Berrylush Floral Tiered Bohemian Maxi Dress (Pro),"<p>High-demand Berrylush Berrylush Floral Tiered Bohemian Maxi Dress (Pro). Designed for superior performance, comfort and style. Sourced with USPS express air shipping (7-10 days).</p>",Berrylush,clothing,clothing,"women, clothing, women, dropshipping, bestseller",true,Color,Dusty Rose,Size,XS,SY-SY-PROD-1391,500,shopify,10,deny,manual,78.59,125.81,true,true,https://images.unsplash.com/photo-1515886657613-9f3515b0c78f?auto=format&fit=crop&w=800&q=80,1,active
sassafras-ribbed-knit-bodycon-midi-dress-elite,Sassafras Ribbed Knit Bodycon Midi Dress (Elite),"<p>High-demand Sassafras Sassafras Ribbed Knit Bodycon Midi Dress (Elite). Designed for superior performance, comfort and style. Sourced with USPS express air shipping (7-10 days).</p>",Sassafras,clothing,clothing,"women, clothing, women, dropshipping, bestseller",true,Color,Espresso Brown,Size,S,SY-SY-PROD-1392,500,shopify,11,deny,manual,63.96,103.14,true,true,https://images.unsplash.com/photo-1529139574466-a303027c1d8b?auto=format&fit=crop&w=800&q=80,1,active
tokyo-talkies-high-waist-wide-leg-sculpt-jeans-classic,Tokyo Talkies High-Waist Wide Leg Sculpt Jeans (Classic),"<p>High-demand Tokyo Talkies Tokyo Talkies High-Waist Wide Leg Sculpt Jeans (Classic). Designed for superior performance, comfort and style. Sourced with USPS express air shipping (7-10 days).</p>",Tokyo Talkies,clothing,clothing,"women, clothing, women, dropshipping, bestseller",true,Color,Vintage Light Wash,Size,26,SY-SY-PROD-1393,500,shopify,12,deny,manual,83.33,133.16,true,true,https://images.unsplash.com/photo-1539571696357-5a69c17a67c6?auto=format&fit=crop&w=800&q=80,1,active
anouk-oversized-boyfriend-cotton-poplin-shirt-series-2,Anouk Oversized Boyfriend Cotton Poplin Shirt (Series 2),"<p>High-demand Anouk Anouk Oversized Boyfriend Cotton Poplin Shirt (Series 2). Designed for superior performance, comfort and style. Sourced with USPS express air shipping (7-10 days).</p>",Anouk,clothing,clothing,"women, clothing, women, dropshipping, bestseller",true,Color,Stripe Blue,Size,S,SY-SY-PROD-1394,500,shopify,13,deny,manual,43.70,71.73,true,true,https://images.unsplash.com/photo-1509631179647-0177331693ae?auto=format&fit=crop&w=800&q=80,1,active
vero-moda-embroidered-anarkali-kurta-set-with-dupatta-air,Vero Moda Embroidered Anarkali Kurta Set with Dupatta (Air),"<p>High-demand Vero Moda Vero Moda Embroidered Anarkali Kurta Set with Dupatta (Air). Designed for superior performance, comfort and style. Sourced with USPS express air shipping (7-10 days).</p>",Vero Moda,clothing,clothing,"women, clothing, women, dropshipping, bestseller",true,Color,Emerald Silk,Size,S,SY-SY-PROD-1395,500,shopify,14,deny,manual,75.07,120.36,true,true,https://images.unsplash.com/photo-1550614000-4895a10e1bfd?auto=format&fit=crop&w=800&q=80,1,active
libas-double-breasted-tailored-long-blazer-signature,Libas Double-Breasted Tailored Long Blazer (Signature),"<p>High-demand Libas Libas Double-Breasted Tailored Long Blazer (Signature). Designed for superior performance, comfort and style. Sourced with USPS express air shipping (7-10 days).</p>",Libas,clothing,clothing,"women, clothing, women, dropshipping, bestseller",true,Color,Camel Houndstooth,Size,XS,SY-SY-PROD-1396,500,shopify,15,deny,manual,124.44,196.88,true,true,https://images.unsplash.com/photo-1496747611176-843222e1e57c?auto=format&fit=crop&w=800&q=80,1,active
sunnyeora-woman-high-performance-seamless-sculpt-leggings-v2,Sunnyeora Woman High-Performance Seamless Sculpt Leggings (V2),"<p>High-demand Sunnyeora Woman Sunnyeora Woman High-Performance Seamless Sculpt Leggings (V2). Designed for superior performance, comfort and style. Sourced with USPS express air shipping (7-10 days).</p>",Sunnyeora Woman,clothing,clothing,"women, clothing, women, dropshipping, bestseller",true,Color,Mocha Brown,Size,XS,SY-SY-PROD-1397,500,shopify,16,deny,manual,46.81,76.56,true,true,https://images.unsplash.com/photo-1485230895905-ec40ba36b9bc?auto=format&fit=crop&w=800&q=80,1,active
berrylush-satin-silk-cowl-neck-evening-top-luxe,Berrylush Satin Silk Cowl Neck Evening Top (Luxe),"<p>High-demand Berrylush Berrylush Satin Silk Cowl Neck Evening Top (Luxe). Designed for superior performance, comfort and style. Sourced with USPS express air shipping (7-10 days).</p>",Berrylush,clothing,clothing,"women, clothing, women, dropshipping, bestseller",true,Color,Champagne Gold,Size,S,SY-SY-PROD-1398,500,shopify,17,deny,manual,38.18,63.18,true,true,https://images.unsplash.com/photo-1558769132-cb1aea458c5e?auto=format&fit=crop&w=800&q=80,1,active
sassafras-floral-tiered-bohemian-maxi-dress-pure,Sassafras Floral Tiered Bohemian Maxi Dress (Pure),"<p>High-demand Sassafras Sassafras Floral Tiered Bohemian Maxi Dress (Pure). Designed for superior performance, comfort and style. Sourced with USPS express air shipping (7-10 days).</p>",Sassafras,clothing,clothing,"women, clothing, women, dropshipping, bestseller",true,Color,Dusty Rose,Size,XS,SY-SY-PROD-1399,500,shopify,18,deny,manual,52.55,85.45,true,true,https://images.unsplash.com/photo-1515886657613-9f3515b0c78f?auto=format&fit=crop&w=800&q=80,1,active
tokyo-talkies-ribbed-knit-bodycon-midi-dress-essential,Tokyo Talkies Ribbed Knit Bodycon Midi Dress (Essential),"<p>High-demand Tokyo Talkies Tokyo Talkies Ribbed Knit Bodycon Midi Dress (Essential). Designed for superior performance, comfort and style. Sourced with USPS express air shipping (7-10 days).</p>",Tokyo Talkies,clothing,clothing,"women, clothing, women, dropshipping, bestseller",true,Color,Espresso Brown,Size,S,SY-SY-PROD-1400,500,shopify,19,deny,manual,46.92,76.73,true,true,https://images.unsplash.com/photo-1529139574466-a303027c1d8b?auto=format&fit=crop&w=800&q=80,1,active
anouk-high-waist-wide-leg-sculpt-jeans-pro,Anouk High-Waist Wide Leg Sculpt Jeans (Pro),"<p>High-demand Anouk Anouk High-Waist Wide Leg Sculpt Jeans (Pro). Designed for superior performance, comfort and style. Sourced with USPS express air shipping (7-10 days).</p>",Anouk,clothing,clothing,"women, clothing, women, dropshipping, bestseller",true,Color,Vintage Light Wash,Size,26,SY-SY-PROD-1401,500,shopify,5,deny,manual,56.29,91.25,true,true,https://images.unsplash.com/photo-1539571696357-5a69c17a67c6?auto=format&fit=crop&w=800&q=80,1,active
vero-moda-oversized-boyfriend-cotton-poplin-shirt-elite,Vero Moda Oversized Boyfriend Cotton Poplin Shirt (Elite),"<p>High-demand Vero Moda Vero Moda Oversized Boyfriend Cotton Poplin Shirt (Elite). Designed for superior performance, comfort and style. Sourced with USPS express air shipping (7-10 days).</p>",Vero Moda,clothing,clothing,"women, clothing, women, dropshipping, bestseller",true,Color,Stripe Blue,Size,S,SY-SY-PROD-1402,500,shopify,6,deny,manual,34.66,57.72,true,true,https://images.unsplash.com/photo-1509631179647-0177331693ae?auto=format&fit=crop&w=800&q=80,1,active
libas-embroidered-anarkali-kurta-set-with-dupatta-classic,Libas Embroidered Anarkali Kurta Set with Dupatta (Classic),"<p>High-demand Libas Libas Embroidered Anarkali Kurta Set with Dupatta (Classic). Designed for superior performance, comfort and style. Sourced with USPS express air shipping (7-10 days).</p>",Libas,clothing,clothing,"women, clothing, women, dropshipping, bestseller",true,Color,Emerald Silk,Size,S,SY-SY-PROD-1403,500,shopify,7,deny,manual,86.03,137.35,true,true,https://images.unsplash.com/photo-1550614000-4895a10e1bfd?auto=format&fit=crop&w=800&q=80,1,active
sunnyeora-woman-double-breasted-tailored-long-blazer-series-2,Sunnyeora Woman Double-Breasted Tailored Long Blazer (Series 2),"<p>High-demand Sunnyeora Woman Sunnyeora Woman Double-Breasted Tailored Long Blazer (Series 2). Designed for superior performance, comfort and style. Sourced with USPS express air shipping (7-10 days).</p>",Sunnyeora Woman,clothing,clothing,"women, clothing, women, dropshipping, bestseller",true,Color,Camel Houndstooth,Size,XS,SY-SY-PROD-1404,500,shopify,8,deny,manual,74.40,119.32,true,true,https://images.unsplash.com/photo-1496747611176-843222e1e57c?auto=format&fit=crop&w=800&q=80,1,active
berrylush-high-performance-seamless-sculpt-leggings-air,Berrylush High-Performance Seamless Sculpt Leggings (Air),"<p>High-demand Berrylush Berrylush High-Performance Seamless Sculpt Leggings (Air). Designed for superior performance, comfort and style. Sourced with USPS express air shipping (7-10 days).</p>",Berrylush,clothing,clothing,"women, clothing, women, dropshipping, bestseller",true,Color,Mocha Brown,Size,XS,SY-SY-PROD-1405,500,shopify,9,deny,manual,37.77,62.54,true,true,https://images.unsplash.com/photo-1485230895905-ec40ba36b9bc?auto=format&fit=crop&w=800&q=80,1,active
sassafras-satin-silk-cowl-neck-evening-top-signature,Sassafras Satin Silk Cowl Neck Evening Top (Signature),"<p>High-demand Sassafras Sassafras Satin Silk Cowl Neck Evening Top (Signature). Designed for superior performance, comfort and style. Sourced with USPS express air shipping (7-10 days).</p>",Sassafras,clothing,clothing,"women, clothing, women, dropshipping, bestseller",true,Color,Champagne Gold,Size,S,SY-SY-PROD-1406,500,shopify,10,deny,manual,31.14,52.27,true,true,https://images.unsplash.com/photo-1558769132-cb1aea458c5e?auto=format&fit=crop&w=800&q=80,1,active
tokyo-talkies-floral-tiered-bohemian-maxi-dress-v2,Tokyo Talkies Floral Tiered Bohemian Maxi Dress (V2),"<p>High-demand Tokyo Talkies Tokyo Talkies Floral Tiered Bohemian Maxi Dress (V2). Designed for superior performance, comfort and style. Sourced with USPS express air shipping (7-10 days).</p>",Tokyo Talkies,clothing,clothing,"women, clothing, women, dropshipping, bestseller",true,Color,Dusty Rose,Size,XS,SY-SY-PROD-1407,500,shopify,11,deny,manual,63.51,102.44,true,true,https://images.unsplash.com/photo-1515886657613-9f3515b0c78f?auto=format&fit=crop&w=800&q=80,1,active
anouk-ribbed-knit-bodycon-midi-dress-luxe,Anouk Ribbed Knit Bodycon Midi Dress (Luxe),"<p>High-demand Anouk Anouk Ribbed Knit Bodycon Midi Dress (Luxe). Designed for superior performance, comfort and style. Sourced with USPS express air shipping (7-10 days).</p>",Anouk,clothing,clothing,"women, clothing, women, dropshipping, bestseller",true,Color,Espresso Brown,Size,S,SY-SY-PROD-1408,500,shopify,12,deny,manual,57.88,93.71,true,true,https://images.unsplash.com/photo-1529139574466-a303027c1d8b?auto=format&fit=crop&w=800&q=80,1,active
vero-moda-high-waist-wide-leg-sculpt-jeans-pure,Vero Moda High-Waist Wide Leg Sculpt Jeans (Pure),"<p>High-demand Vero Moda Vero Moda High-Waist Wide Leg Sculpt Jeans (Pure). Designed for superior performance, comfort and style. Sourced with USPS express air shipping (7-10 days).</p>",Vero Moda,clothing,clothing,"women, clothing, women, dropshipping, bestseller",true,Color,Vintage Light Wash,Size,26,SY-SY-PROD-1409,500,shopify,13,deny,manual,67.25,108.24,true,true,https://images.unsplash.com/photo-1539571696357-5a69c17a67c6?auto=format&fit=crop&w=800&q=80,1,active
libas-oversized-boyfriend-cotton-poplin-shirt-essential,Libas Oversized Boyfriend Cotton Poplin Shirt (Essential),"<p>High-demand Libas Libas Oversized Boyfriend Cotton Poplin Shirt (Essential). Designed for superior performance, comfort and style. Sourced with USPS express air shipping (7-10 days).</p>",Libas,clothing,clothing,"women, clothing, women, dropshipping, bestseller",true,Color,Stripe Blue,Size,S,SY-SY-PROD-1410,500,shopify,14,deny,manual,45.62,74.71,true,true,https://images.unsplash.com/photo-1509631179647-0177331693ae?auto=format&fit=crop&w=800&q=80,1,active
sunnyeora-woman-embroidered-anarkali-kurta-set-with-dupatta-pro,Sunnyeora Woman Embroidered Anarkali Kurta Set with Dupatta (Pro),"<p>High-demand Sunnyeora Woman Sunnyeora Woman Embroidered Anarkali Kurta Set with Dupatta (Pro). Designed for superior performance, comfort and style. Sourced with USPS express air shipping (7-10 days).</p>",Sunnyeora Woman,clothing,clothing,"women, clothing, women, dropshipping, bestseller",true,Color,Emerald Silk,Size,S,SY-SY-PROD-1411,500,shopify,15,deny,manual,96.99,154.33,true,true,https://images.unsplash.com/photo-1550614000-4895a10e1bfd?auto=format&fit=crop&w=800&q=80,1,active
berrylush-double-breasted-tailored-long-blazer-elite,Berrylush Double-Breasted Tailored Long Blazer (Elite),"<p>High-demand Berrylush Berrylush Double-Breasted Tailored Long Blazer (Elite). Designed for superior performance, comfort and style. Sourced with USPS express air shipping (7-10 days).</p>",Berrylush,clothing,clothing,"women, clothing, women, dropshipping, bestseller",true,Color,Camel Houndstooth,Size,XS,SY-SY-PROD-1412,500,shopify,16,deny,manual,85.36,136.31,true,true,https://images.unsplash.com/photo-1496747611176-843222e1e57c?auto=format&fit=crop&w=800&q=80,1,active
sassafras-high-performance-seamless-sculpt-leggings-classic,Sassafras High-Performance Seamless Sculpt Leggings (Classic),"<p>High-demand Sassafras Sassafras High-Performance Seamless Sculpt Leggings (Classic). Designed for superior performance, comfort and style. Sourced with USPS express air shipping (7-10 days).</p>",Sassafras,clothing,clothing,"women, clothing, women, dropshipping, bestseller",true,Color,Mocha Brown,Size,XS,SY-SY-PROD-1413,500,shopify,17,deny,manual,48.73,79.53,true,true,https://images.unsplash.com/photo-1485230895905-ec40ba36b9bc?auto=format&fit=crop&w=800&q=80,1,active
tokyo-talkies-satin-silk-cowl-neck-evening-top-series-2,Tokyo Talkies Satin Silk Cowl Neck Evening Top (Series 2),"<p>High-demand Tokyo Talkies Tokyo Talkies Satin Silk Cowl Neck Evening Top (Series 2). Designed for superior performance, comfort and style. Sourced with USPS express air shipping (7-10 days).</p>",Tokyo Talkies,clothing,clothing,"women, clothing, women, dropshipping, bestseller",true,Color,Champagne Gold,Size,S,SY-SY-PROD-1414,500,shopify,18,deny,manual,42.10,69.26,true,true,https://images.unsplash.com/photo-1558769132-cb1aea458c5e?auto=format&fit=crop&w=800&q=80,1,active
anouk-floral-tiered-bohemian-maxi-dress-air,Anouk Floral Tiered Bohemian Maxi Dress (Air),"<p>High-demand Anouk Anouk Floral Tiered Bohemian Maxi Dress (Air). Designed for superior performance, comfort and style. Sourced with USPS express air shipping (7-10 days).</p>",Anouk,clothing,clothing,"women, clothing, women, dropshipping, bestseller",true,Color,Dusty Rose,Size,XS,SY-SY-PROD-1415,500,shopify,19,deny,manual,74.47,119.43,true,true,https://images.unsplash.com/photo-1515886657613-9f3515b0c78f?auto=format&fit=crop&w=800&q=80,1,active
vero-moda-ribbed-knit-bodycon-midi-dress-signature,Vero Moda Ribbed Knit Bodycon Midi Dress (Signature),"<p>High-demand Vero Moda Vero Moda Ribbed Knit Bodycon Midi Dress (Signature). Designed for superior performance, comfort and style. Sourced with USPS express air shipping (7-10 days).</p>",Vero Moda,clothing,clothing,"women, clothing, women, dropshipping, bestseller",true,Color,Espresso Brown,Size,S,SY-SY-PROD-1416,500,shopify,5,deny,manual,40.84,67.30,true,true,https://images.unsplash.com/photo-1529139574466-a303027c1d8b?auto=format&fit=crop&w=800&q=80,1,active
libas-high-waist-wide-leg-sculpt-jeans-v2,Libas High-Waist Wide Leg Sculpt Jeans (V2),"<p>High-demand Libas Libas High-Waist Wide Leg Sculpt Jeans (V2). Designed for superior performance, comfort and style. Sourced with USPS express air shipping (7-10 days).</p>",Libas,clothing,clothing,"women, clothing, women, dropshipping, bestseller",true,Color,Vintage Light Wash,Size,26,SY-SY-PROD-1417,500,shopify,6,deny,manual,78.21,125.23,true,true,https://images.unsplash.com/photo-1539571696357-5a69c17a67c6?auto=format&fit=crop&w=800&q=80,1,active
sunnyeora-woman-oversized-boyfriend-cotton-poplin-shirt-luxe,Sunnyeora Woman Oversized Boyfriend Cotton Poplin Shirt (Luxe),"<p>High-demand Sunnyeora Woman Sunnyeora Woman Oversized Boyfriend Cotton Poplin Shirt (Luxe). Designed for superior performance, comfort and style. Sourced with USPS express air shipping (7-10 days).</p>",Sunnyeora Woman,clothing,clothing,"women, clothing, women, dropshipping, bestseller",true,Color,Stripe Blue,Size,S,SY-SY-PROD-1418,500,shopify,7,deny,manual,36.58,60.70,true,true,https://images.unsplash.com/photo-1509631179647-0177331693ae?auto=format&fit=crop&w=800&q=80,1,active
berrylush-embroidered-anarkali-kurta-set-with-dupatta-pure,Berrylush Embroidered Anarkali Kurta Set with Dupatta (Pure),"<p>High-demand Berrylush Berrylush Embroidered Anarkali Kurta Set with Dupatta (Pure). Designed for superior performance, comfort and style. Sourced with USPS express air shipping (7-10 days).</p>",Berrylush,clothing,clothing,"women, clothing, women, dropshipping, bestseller",true,Color,Emerald Silk,Size,S,SY-SY-PROD-1419,500,shopify,8,deny,manual,107.95,171.32,true,true,https://images.unsplash.com/photo-1550614000-4895a10e1bfd?auto=format&fit=crop&w=800&q=80,1,active
sassafras-double-breasted-tailored-long-blazer-essential,Sassafras Double-Breasted Tailored Long Blazer (Essential),"<p>High-demand Sassafras Sassafras Double-Breasted Tailored Long Blazer (Essential). Designed for superior performance, comfort and style. Sourced with USPS express air shipping (7-10 days).</p>",Sassafras,clothing,clothing,"women, clothing, women, dropshipping, bestseller",true,Color,Camel Houndstooth,Size,XS,SY-SY-PROD-1420,500,shopify,9,deny,manual,96.32,153.30,true,true,https://images.unsplash.com/photo-1496747611176-843222e1e57c?auto=format&fit=crop&w=800&q=80,1,active
tokyo-talkies-high-performance-seamless-sculpt-leggings-pro,Tokyo Talkies High-Performance Seamless Sculpt Leggings (Pro),"<p>High-demand Tokyo Talkies Tokyo Talkies High-Performance Seamless Sculpt Leggings (Pro). Designed for superior performance, comfort and style. Sourced with USPS express air shipping (7-10 days).</p>",Tokyo Talkies,clothing,clothing,"women, clothing, women, dropshipping, bestseller",true,Color,Mocha Brown,Size,XS,SY-SY-PROD-1421,500,shopify,10,deny,manual,39.69,65.52,true,true,https://images.unsplash.com/photo-1485230895905-ec40ba36b9bc?auto=format&fit=crop&w=800&q=80,1,active
anouk-satin-silk-cowl-neck-evening-top-elite,Anouk Satin Silk Cowl Neck Evening Top (Elite),"<p>High-demand Anouk Anouk Satin Silk Cowl Neck Evening Top (Elite). Designed for superior performance, comfort and style. Sourced with USPS express air shipping (7-10 days).</p>",Anouk,clothing,clothing,"women, clothing, women, dropshipping, bestseller",true,Color,Champagne Gold,Size,S,SY-SY-PROD-1422,500,shopify,11,deny,manual,35.06,58.34,true,true,https://images.unsplash.com/photo-1558769132-cb1aea458c5e?auto=format&fit=crop&w=800&q=80,1,active
vero-moda-floral-tiered-bohemian-maxi-dress-classic,Vero Moda Floral Tiered Bohemian Maxi Dress (Classic),"<p>High-demand Vero Moda Vero Moda Floral Tiered Bohemian Maxi Dress (Classic). Designed for superior performance, comfort and style. Sourced with USPS express air shipping (7-10 days).</p>",Vero Moda,clothing,clothing,"women, clothing, women, dropshipping, bestseller",true,Color,Dusty Rose,Size,XS,SY-SY-PROD-1423,500,shopify,12,deny,manual,48.43,79.07,true,true,https://images.unsplash.com/photo-1515886657613-9f3515b0c78f?auto=format&fit=crop&w=800&q=80,1,active
libas-ribbed-knit-bodycon-midi-dress-series-2,Libas Ribbed Knit Bodycon Midi Dress (Series 2),"<p>High-demand Libas Libas Ribbed Knit Bodycon Midi Dress (Series 2). Designed for superior performance, comfort and style. Sourced with USPS express air shipping (7-10 days).</p>",Libas,clothing,clothing,"women, clothing, women, dropshipping, bestseller",true,Color,Espresso Brown,Size,S,SY-SY-PROD-1424,500,shopify,13,deny,manual,51.80,84.29,true,true,https://images.unsplash.com/photo-1529139574466-a303027c1d8b?auto=format&fit=crop&w=800&q=80,1,active
sunnyeora-woman-high-waist-wide-leg-sculpt-jeans-air,Sunnyeora Woman High-Waist Wide Leg Sculpt Jeans (Air),"<p>High-demand Sunnyeora Woman Sunnyeora Woman High-Waist Wide Leg Sculpt Jeans (Air). Designed for superior performance, comfort and style. Sourced with USPS express air shipping (7-10 days).</p>",Sunnyeora Woman,clothing,clothing,"women, clothing, women, dropshipping, bestseller",true,Color,Vintage Light Wash,Size,26,SY-SY-PROD-1425,500,shopify,14,deny,manual,51.17,83.31,true,true,https://images.unsplash.com/photo-1539571696357-5a69c17a67c6?auto=format&fit=crop&w=800&q=80,1,active
berrylush-oversized-boyfriend-cotton-poplin-shirt-signature,Berrylush Oversized Boyfriend Cotton Poplin Shirt (Signature),"<p>High-demand Berrylush Berrylush Oversized Boyfriend Cotton Poplin Shirt (Signature). Designed for superior performance, comfort and style. Sourced with USPS express air shipping (7-10 days).</p>",Berrylush,clothing,clothing,"women, clothing, women, dropshipping, bestseller",true,Color,Stripe Blue,Size,S,SY-SY-PROD-1426,500,shopify,15,deny,manual,47.54,77.69,true,true,https://images.unsplash.com/photo-1509631179647-0177331693ae?auto=format&fit=crop&w=800&q=80,1,active
sassafras-embroidered-anarkali-kurta-set-with-dupatta-v2,Sassafras Embroidered Anarkali Kurta Set with Dupatta (V2),"<p>High-demand Sassafras Sassafras Embroidered Anarkali Kurta Set with Dupatta (V2). Designed for superior performance, comfort and style. Sourced with USPS express air shipping (7-10 days).</p>",Sassafras,clothing,clothing,"women, clothing, women, dropshipping, bestseller",true,Color,Emerald Silk,Size,S,SY-SY-PROD-1427,500,shopify,16,deny,manual,68.91,110.81,true,true,https://images.unsplash.com/photo-1550614000-4895a10e1bfd?auto=format&fit=crop&w=800&q=80,1,active
tokyo-talkies-double-breasted-tailored-long-blazer-luxe,Tokyo Talkies Double-Breasted Tailored Long Blazer (Luxe),"<p>High-demand Tokyo Talkies Tokyo Talkies Double-Breasted Tailored Long Blazer (Luxe). Designed for superior performance, comfort and style. Sourced with USPS express air shipping (7-10 days).</p>",Tokyo Talkies,clothing,clothing,"women, clothing, women, dropshipping, bestseller",true,Color,Camel Houndstooth,Size,XS,SY-SY-PROD-1428,500,shopify,17,deny,manual,107.28,170.28,true,true,https://images.unsplash.com/photo-1496747611176-843222e1e57c?auto=format&fit=crop&w=800&q=80,1,active
anouk-high-performance-seamless-sculpt-leggings-pure,Anouk High-Performance Seamless Sculpt Leggings (Pure),"<p>High-demand Anouk Anouk High-Performance Seamless Sculpt Leggings (Pure). Designed for superior performance, comfort and style. Sourced with USPS express air shipping (7-10 days).</p>",Anouk,clothing,clothing,"women, clothing, women, dropshipping, bestseller",true,Color,Mocha Brown,Size,XS,SY-SY-PROD-1429,500,shopify,18,deny,manual,30.65,51.51,true,true,https://images.unsplash.com/photo-1485230895905-ec40ba36b9bc?auto=format&fit=crop&w=800&q=80,1,active
vero-moda-satin-silk-cowl-neck-evening-top-essential,Vero Moda Satin Silk Cowl Neck Evening Top (Essential),"<p>High-demand Vero Moda Vero Moda Satin Silk Cowl Neck Evening Top (Essential). Designed for superior performance, comfort and style. Sourced with USPS express air shipping (7-10 days).</p>",Vero Moda,clothing,clothing,"women, clothing, women, dropshipping, bestseller",true,Color,Champagne Gold,Size,S,SY-SY-PROD-1430,500,shopify,19,deny,manual,28.02,47.43,true,true,https://images.unsplash.com/photo-1558769132-cb1aea458c5e?auto=format&fit=crop&w=800&q=80,1,active
libas-floral-tiered-bohemian-maxi-dress-pro,Libas Floral Tiered Bohemian Maxi Dress (Pro),"<p>High-demand Libas Libas Floral Tiered Bohemian Maxi Dress (Pro). Designed for superior performance, comfort and style. Sourced with USPS express air shipping (7-10 days).</p>",Libas,clothing,clothing,"women, clothing, women, dropshipping, bestseller",true,Color,Dusty Rose,Size,XS,SY-SY-PROD-1431,500,shopify,5,deny,manual,59.39,96.05,true,true,https://images.unsplash.com/photo-1515886657613-9f3515b0c78f?auto=format&fit=crop&w=800&q=80,1,active
sunnyeora-woman-ribbed-knit-bodycon-midi-dress-elite,Sunnyeora Woman Ribbed Knit Bodycon Midi Dress (Elite),"<p>High-demand Sunnyeora Woman Sunnyeora Woman Ribbed Knit Bodycon Midi Dress (Elite). Designed for superior performance, comfort and style. Sourced with USPS express air shipping (7-10 days).</p>",Sunnyeora Woman,clothing,clothing,"women, clothing, women, dropshipping, bestseller",true,Color,Espresso Brown,Size,S,SY-SY-PROD-1432,500,shopify,6,deny,manual,62.76,101.28,true,true,https://images.unsplash.com/photo-1529139574466-a303027c1d8b?auto=format&fit=crop&w=800&q=80,1,active
berrylush-high-waist-wide-leg-sculpt-jeans-classic,Berrylush High-Waist Wide Leg Sculpt Jeans (Classic),"<p>High-demand Berrylush Berrylush High-Waist Wide Leg Sculpt Jeans (Classic). Designed for superior performance, comfort and style. Sourced with USPS express air shipping (7-10 days).</p>",Berrylush,clothing,clothing,"women, clothing, women, dropshipping, bestseller",true,Color,Vintage Light Wash,Size,26,SY-SY-PROD-1433,500,shopify,7,deny,manual,62.13,100.30,true,true,https://images.unsplash.com/photo-1539571696357-5a69c17a67c6?auto=format&fit=crop&w=800&q=80,1,active
sassafras-oversized-boyfriend-cotton-poplin-shirt-series-2,Sassafras Oversized Boyfriend Cotton Poplin Shirt (Series 2),"<p>High-demand Sassafras Sassafras Oversized Boyfriend Cotton Poplin Shirt (Series 2). Designed for superior performance, comfort and style. Sourced with USPS express air shipping (7-10 days).</p>",Sassafras,clothing,clothing,"women, clothing, women, dropshipping, bestseller",true,Color,Stripe Blue,Size,S,SY-SY-PROD-1434,500,shopify,8,deny,manual,38.50,63.68,true,true,https://images.unsplash.com/photo-1509631179647-0177331693ae?auto=format&fit=crop&w=800&q=80,1,active
tokyo-talkies-embroidered-anarkali-kurta-set-with-dupatta-air,Tokyo Talkies Embroidered Anarkali Kurta Set with Dupatta (Air),"<p>High-demand Tokyo Talkies Tokyo Talkies Embroidered Anarkali Kurta Set with Dupatta (Air). Designed for superior performance, comfort and style. Sourced with USPS express air shipping (7-10 days).</p>",Tokyo Talkies,clothing,clothing,"women, clothing, women, dropshipping, bestseller",true,Color,Emerald Silk,Size,S,SY-SY-PROD-1435,500,shopify,9,deny,manual,79.87,127.80,true,true,https://images.unsplash.com/photo-1550614000-4895a10e1bfd?auto=format&fit=crop&w=800&q=80,1,active
anouk-double-breasted-tailored-long-blazer-signature,Anouk Double-Breasted Tailored Long Blazer (Signature),"<p>High-demand Anouk Anouk Double-Breasted Tailored Long Blazer (Signature). Designed for superior performance, comfort and style. Sourced with USPS express air shipping (7-10 days).</p>",Anouk,clothing,clothing,"women, clothing, women, dropshipping, bestseller",true,Color,Camel Houndstooth,Size,XS,SY-SY-PROD-1436,500,shopify,10,deny,manual,118.24,187.27,true,true,https://images.unsplash.com/photo-1496747611176-843222e1e57c?auto=format&fit=crop&w=800&q=80,1,active
vero-moda-high-performance-seamless-sculpt-leggings-v2,Vero Moda High-Performance Seamless Sculpt Leggings (V2),"<p>High-demand Vero Moda Vero Moda High-Performance Seamless Sculpt Leggings (V2). Designed for superior performance, comfort and style. Sourced with USPS express air shipping (7-10 days).</p>",Vero Moda,clothing,clothing,"women, clothing, women, dropshipping, bestseller",true,Color,Mocha Brown,Size,XS,SY-SY-PROD-1437,500,shopify,11,deny,manual,41.61,68.50,true,true,https://images.unsplash.com/photo-1485230895905-ec40ba36b9bc?auto=format&fit=crop&w=800&q=80,1,active
libas-satin-silk-cowl-neck-evening-top-luxe,Libas Satin Silk Cowl Neck Evening Top (Luxe),"<p>High-demand Libas Libas Satin Silk Cowl Neck Evening Top (Luxe). Designed for superior performance, comfort and style. Sourced with USPS express air shipping (7-10 days).</p>",Libas,clothing,clothing,"women, clothing, women, dropshipping, bestseller",true,Color,Champagne Gold,Size,S,SY-SY-PROD-1438,500,shopify,12,deny,manual,38.98,64.42,true,true,https://images.unsplash.com/photo-1558769132-cb1aea458c5e?auto=format&fit=crop&w=800&q=80,1,active
sunnyeora-woman-floral-tiered-bohemian-maxi-dress-pure,Sunnyeora Woman Floral Tiered Bohemian Maxi Dress (Pure),"<p>High-demand Sunnyeora Woman Sunnyeora Woman Floral Tiered Bohemian Maxi Dress (Pure). Designed for superior performance, comfort and style. Sourced with USPS express air shipping (7-10 days).</p>",Sunnyeora Woman,clothing,clothing,"women, clothing, women, dropshipping, bestseller",true,Color,Dusty Rose,Size,XS,SY-SY-PROD-1439,500,shopify,13,deny,manual,70.35,113.04,true,true,https://images.unsplash.com/photo-1515886657613-9f3515b0c78f?auto=format&fit=crop&w=800&q=80,1,active
berrylush-ribbed-knit-bodycon-midi-dress-essential,Berrylush Ribbed Knit Bodycon Midi Dress (Essential),"<p>High-demand Berrylush Berrylush Ribbed Knit Bodycon Midi Dress (Essential). Designed for superior performance, comfort and style. Sourced with USPS express air shipping (7-10 days).</p>",Berrylush,clothing,clothing,"women, clothing, women, dropshipping, bestseller",true,Color,Espresso Brown,Size,S,SY-SY-PROD-1440,500,shopify,14,deny,manual,45.72,74.87,true,true,https://images.unsplash.com/photo-1529139574466-a303027c1d8b?auto=format&fit=crop&w=800&q=80,1,active
sassafras-high-waist-wide-leg-sculpt-jeans-pro,Sassafras High-Waist Wide Leg Sculpt Jeans (Pro),"<p>High-demand Sassafras Sassafras High-Waist Wide Leg Sculpt Jeans (Pro). Designed for superior performance, comfort and style. Sourced with USPS express air shipping (7-10 days).</p>",Sassafras,clothing,clothing,"women, clothing, women, dropshipping, bestseller",true,Color,Vintage Light Wash,Size,26,SY-SY-PROD-1441,500,shopify,15,deny,manual,73.09,117.29,true,true,https://images.unsplash.com/photo-1539571696357-5a69c17a67c6?auto=format&fit=crop&w=800&q=80,1,active
tokyo-talkies-oversized-boyfriend-cotton-poplin-shirt-elite,Tokyo Talkies Oversized Boyfriend Cotton Poplin Shirt (Elite),"<p>High-demand Tokyo Talkies Tokyo Talkies Oversized Boyfriend Cotton Poplin Shirt (Elite). Designed for superior performance, comfort and style. Sourced with USPS express air shipping (7-10 days).</p>",Tokyo Talkies,clothing,clothing,"women, clothing, women, dropshipping, bestseller",true,Color,Stripe Blue,Size,S,SY-SY-PROD-1442,500,shopify,16,deny,manual,49.46,80.66,true,true,https://images.unsplash.com/photo-1509631179647-0177331693ae?auto=format&fit=crop&w=800&q=80,1,active
anouk-embroidered-anarkali-kurta-set-with-dupatta-classic,Anouk Embroidered Anarkali Kurta Set with Dupatta (Classic),"<p>High-demand Anouk Anouk Embroidered Anarkali Kurta Set with Dupatta (Classic). Designed for superior performance, comfort and style. Sourced with USPS express air shipping (7-10 days).</p>",Anouk,clothing,clothing,"women, clothing, women, dropshipping, bestseller",true,Color,Emerald Silk,Size,S,SY-SY-PROD-1443,500,shopify,17,deny,manual,90.83,144.79,true,true,https://images.unsplash.com/photo-1550614000-4895a10e1bfd?auto=format&fit=crop&w=800&q=80,1,active
vero-moda-double-breasted-tailored-long-blazer-series-2,Vero Moda Double-Breasted Tailored Long Blazer (Series 2),"<p>High-demand Vero Moda Vero Moda Double-Breasted Tailored Long Blazer (Series 2). Designed for superior performance, comfort and style. Sourced with USPS express air shipping (7-10 days).</p>",Vero Moda,clothing,clothing,"women, clothing, women, dropshipping, bestseller",true,Color,Camel Houndstooth,Size,XS,SY-SY-PROD-1444,500,shopify,18,deny,manual,129.20,204.26,true,true,https://images.unsplash.com/photo-1496747611176-843222e1e57c?auto=format&fit=crop&w=800&q=80,1,active
libas-high-performance-seamless-sculpt-leggings-air,Libas High-Performance Seamless Sculpt Leggings (Air),"<p>High-demand Libas Libas High-Performance Seamless Sculpt Leggings (Air). Designed for superior performance, comfort and style. Sourced with USPS express air shipping (7-10 days).</p>",Libas,clothing,clothing,"women, clothing, women, dropshipping, bestseller",true,Color,Mocha Brown,Size,XS,SY-SY-PROD-1445,500,shopify,19,deny,manual,32.57,54.48,true,true,https://images.unsplash.com/photo-1485230895905-ec40ba36b9bc?auto=format&fit=crop&w=800&q=80,1,active
sunnyeora-woman-satin-silk-cowl-neck-evening-top-signature,Sunnyeora Woman Satin Silk Cowl Neck Evening Top (Signature),"<p>High-demand Sunnyeora Woman Sunnyeora Woman Satin Silk Cowl Neck Evening Top (Signature). Designed for superior performance, comfort and style. Sourced with USPS express air shipping (7-10 days).</p>",Sunnyeora Woman,clothing,clothing,"women, clothing, women, dropshipping, bestseller",true,Color,Champagne Gold,Size,S,SY-SY-PROD-1446,500,shopify,5,deny,manual,31.94,53.51,true,true,https://images.unsplash.com/photo-1558769132-cb1aea458c5e?auto=format&fit=crop&w=800&q=80,1,active
berrylush-floral-tiered-bohemian-maxi-dress-v2,Berrylush Floral Tiered Bohemian Maxi Dress (V2),"<p>High-demand Berrylush Berrylush Floral Tiered Bohemian Maxi Dress (V2). Designed for superior performance, comfort and style. Sourced with USPS express air shipping (7-10 days).</p>",Berrylush,clothing,clothing,"women, clothing, women, dropshipping, bestseller",true,Color,Dusty Rose,Size,XS,SY-SY-PROD-1447,500,shopify,6,deny,manual,44.31,72.68,true,true,https://images.unsplash.com/photo-1515886657613-9f3515b0c78f?auto=format&fit=crop&w=800&q=80,1,active
sassafras-ribbed-knit-bodycon-midi-dress-luxe,Sassafras Ribbed Knit Bodycon Midi Dress (Luxe),"<p>High-demand Sassafras Sassafras Ribbed Knit Bodycon Midi Dress (Luxe). Designed for superior performance, comfort and style. Sourced with USPS express air shipping (7-10 days).</p>",Sassafras,clothing,clothing,"women, clothing, women, dropshipping, bestseller",true,Color,Espresso Brown,Size,S,SY-SY-PROD-1448,500,shopify,7,deny,manual,56.68,91.85,true,true,https://images.unsplash.com/photo-1529139574466-a303027c1d8b?auto=format&fit=crop&w=800&q=80,1,active
tokyo-talkies-high-waist-wide-leg-sculpt-jeans-pure,Tokyo Talkies High-Waist Wide Leg Sculpt Jeans (Pure),"<p>High-demand Tokyo Talkies Tokyo Talkies High-Waist Wide Leg Sculpt Jeans (Pure). Designed for superior performance, comfort and style. Sourced with USPS express air shipping (7-10 days).</p>",Tokyo Talkies,clothing,clothing,"women, clothing, women, dropshipping, bestseller",true,Color,Vintage Light Wash,Size,26,SY-SY-PROD-1449,500,shopify,8,deny,manual,84.05,134.28,true,true,https://images.unsplash.com/photo-1539571696357-5a69c17a67c6?auto=format&fit=crop&w=800&q=80,1,active
anouk-oversized-boyfriend-cotton-poplin-shirt-essential,Anouk Oversized Boyfriend Cotton Poplin Shirt (Essential),"<p>High-demand Anouk Anouk Oversized Boyfriend Cotton Poplin Shirt (Essential). Designed for superior performance, comfort and style. Sourced with USPS express air shipping (7-10 days).</p>",Anouk,clothing,clothing,"women, clothing, women, dropshipping, bestseller",true,Color,Stripe Blue,Size,S,SY-SY-PROD-1450,500,shopify,9,deny,manual,40.42,66.65,true,true,https://images.unsplash.com/photo-1509631179647-0177331693ae?auto=format&fit=crop&w=800&q=80,1,active
vero-moda-embroidered-anarkali-kurta-set-with-dupatta-pro,Vero Moda Embroidered Anarkali Kurta Set with Dupatta (Pro),"<p>High-demand Vero Moda Vero Moda Embroidered Anarkali Kurta Set with Dupatta (Pro). Designed for superior performance, comfort and style. Sourced with USPS express air shipping (7-10 days).</p>",Vero Moda,clothing,clothing,"women, clothing, women, dropshipping, bestseller",true,Color,Emerald Silk,Size,S,SY-SY-PROD-1451,500,shopify,10,deny,manual,101.79,161.77,true,true,https://images.unsplash.com/photo-1550614000-4895a10e1bfd?auto=format&fit=crop&w=800&q=80,1,active
libas-double-breasted-tailored-long-blazer-elite,Libas Double-Breasted Tailored Long Blazer (Elite),"<p>High-demand Libas Libas Double-Breasted Tailored Long Blazer (Elite). Designed for superior performance, comfort and style. Sourced with USPS express air shipping (7-10 days).</p>",Libas,clothing,clothing,"women, clothing, women, dropshipping, bestseller",true,Color,Camel Houndstooth,Size,XS,SY-SY-PROD-1452,500,shopify,11,deny,manual,79.16,126.70,true,true,https://images.unsplash.com/photo-1496747611176-843222e1e57c?auto=format&fit=crop&w=800&q=80,1,active
sunnyeora-woman-high-performance-seamless-sculpt-leggings-classic,Sunnyeora Woman High-Performance Seamless Sculpt Leggings (Classic),"<p>High-demand Sunnyeora Woman Sunnyeora Woman High-Performance Seamless Sculpt Leggings (Classic). Designed for superior performance, comfort and style. Sourced with USPS express air shipping (7-10 days).</p>",Sunnyeora Woman,clothing,clothing,"women, clothing, women, dropshipping, bestseller",true,Color,Mocha Brown,Size,XS,SY-SY-PROD-1453,500,shopify,12,deny,manual,43.53,71.47,true,true,https://images.unsplash.com/photo-1485230895905-ec40ba36b9bc?auto=format&fit=crop&w=800&q=80,1,active
berrylush-satin-silk-cowl-neck-evening-top-series-2,Berrylush Satin Silk Cowl Neck Evening Top (Series 2),"<p>High-demand Berrylush Berrylush Satin Silk Cowl Neck Evening Top (Series 2). Designed for superior performance, comfort and style. Sourced with USPS express air shipping (7-10 days).</p>",Berrylush,clothing,clothing,"women, clothing, women, dropshipping, bestseller",true,Color,Champagne Gold,Size,S,SY-SY-PROD-1454,500,shopify,13,deny,manual,42.90,70.50,true,true,https://images.unsplash.com/photo-1558769132-cb1aea458c5e?auto=format&fit=crop&w=800&q=80,1,active
sassafras-floral-tiered-bohemian-maxi-dress-air,Sassafras Floral Tiered Bohemian Maxi Dress (Air),"<p>High-demand Sassafras Sassafras Floral Tiered Bohemian Maxi Dress (Air). Designed for superior performance, comfort and style. Sourced with USPS express air shipping (7-10 days).</p>",Sassafras,clothing,clothing,"women, clothing, women, dropshipping, bestseller",true,Color,Dusty Rose,Size,XS,SY-SY-PROD-1455,500,shopify,14,deny,manual,55.27,89.67,true,true,https://images.unsplash.com/photo-1515886657613-9f3515b0c78f?auto=format&fit=crop&w=800&q=80,1,active
tokyo-talkies-ribbed-knit-bodycon-midi-dress-signature,Tokyo Talkies Ribbed Knit Bodycon Midi Dress (Signature),"<p>High-demand Tokyo Talkies Tokyo Talkies Ribbed Knit Bodycon Midi Dress (Signature). Designed for superior performance, comfort and style. Sourced with USPS express air shipping (7-10 days).</p>",Tokyo Talkies,clothing,clothing,"women, clothing, women, dropshipping, bestseller",true,Color,Espresso Brown,Size,S,SY-SY-PROD-1456,500,shopify,15,deny,manual,39.64,65.44,true,true,https://images.unsplash.com/photo-1529139574466-a303027c1d8b?auto=format&fit=crop&w=800&q=80,1,active
anouk-high-waist-wide-leg-sculpt-jeans-v2,Anouk High-Waist Wide Leg Sculpt Jeans (V2),"<p>High-demand Anouk Anouk High-Waist Wide Leg Sculpt Jeans (V2). Designed for superior performance, comfort and style. Sourced with USPS express air shipping (7-10 days).</p>",Anouk,clothing,clothing,"women, clothing, women, dropshipping, bestseller",true,Color,Vintage Light Wash,Size,26,SY-SY-PROD-1457,500,shopify,16,deny,manual,57.01,92.37,true,true,https://images.unsplash.com/photo-1539571696357-5a69c17a67c6?auto=format&fit=crop&w=800&q=80,1,active
vero-moda-oversized-boyfriend-cotton-poplin-shirt-luxe,Vero Moda Oversized Boyfriend Cotton Poplin Shirt (Luxe),"<p>High-demand Vero Moda Vero Moda Oversized Boyfriend Cotton Poplin Shirt (Luxe). Designed for superior performance, comfort and style. Sourced with USPS express air shipping (7-10 days).</p>",Vero Moda,clothing,clothing,"women, clothing, women, dropshipping, bestseller",true,Color,Stripe Blue,Size,S,SY-SY-PROD-1458,500,shopify,17,deny,manual,31.38,52.64,true,true,https://images.unsplash.com/photo-1509631179647-0177331693ae?auto=format&fit=crop&w=800&q=80,1,active
libas-embroidered-anarkali-kurta-set-with-dupatta-pure,Libas Embroidered Anarkali Kurta Set with Dupatta (Pure),"<p>High-demand Libas Libas Embroidered Anarkali Kurta Set with Dupatta (Pure). Designed for superior performance, comfort and style. Sourced with USPS express air shipping (7-10 days).</p>",Libas,clothing,clothing,"women, clothing, women, dropshipping, bestseller",true,Color,Emerald Silk,Size,S,SY-SY-PROD-1459,500,shopify,18,deny,manual,62.75,101.26,true,true,https://images.unsplash.com/photo-1550614000-4895a10e1bfd?auto=format&fit=crop&w=800&q=80,1,active
sunnyeora-woman-double-breasted-tailored-long-blazer-essential,Sunnyeora Woman Double-Breasted Tailored Long Blazer (Essential),"<p>High-demand Sunnyeora Woman Sunnyeora Woman Double-Breasted Tailored Long Blazer (Essential). Designed for superior performance, comfort and style. Sourced with USPS express air shipping (7-10 days).</p>",Sunnyeora Woman,clothing,clothing,"women, clothing, women, dropshipping, bestseller",true,Color,Camel Houndstooth,Size,XS,SY-SY-PROD-1460,500,shopify,19,deny,manual,90.12,143.69,true,true,https://images.unsplash.com/photo-1496747611176-843222e1e57c?auto=format&fit=crop&w=800&q=80,1,active
berrylush-high-performance-seamless-sculpt-leggings-pro,Berrylush High-Performance Seamless Sculpt Leggings (Pro),"<p>High-demand Berrylush Berrylush High-Performance Seamless Sculpt Leggings (Pro). Designed for superior performance, comfort and style. Sourced with USPS express air shipping (7-10 days).</p>",Berrylush,clothing,clothing,"women, clothing, women, dropshipping, bestseller",true,Color,Mocha Brown,Size,XS,SY-SY-PROD-1461,500,shopify,5,deny,manual,34.49,57.46,true,true,https://images.unsplash.com/photo-1485230895905-ec40ba36b9bc?auto=format&fit=crop&w=800&q=80,1,active
sassafras-satin-silk-cowl-neck-evening-top-elite,Sassafras Satin Silk Cowl Neck Evening Top (Elite),"<p>High-demand Sassafras Sassafras Satin Silk Cowl Neck Evening Top (Elite). Designed for superior performance, comfort and style. Sourced with USPS express air shipping (7-10 days).</p>",Sassafras,clothing,clothing,"women, clothing, women, dropshipping, bestseller",true,Color,Champagne Gold,Size,S,SY-SY-PROD-1462,500,shopify,6,deny,manual,35.86,59.58,true,true,https://images.unsplash.com/photo-1558769132-cb1aea458c5e?auto=format&fit=crop&w=800&q=80,1,active
tokyo-talkies-floral-tiered-bohemian-maxi-dress-classic,Tokyo Talkies Floral Tiered Bohemian Maxi Dress (Classic),"<p>High-demand Tokyo Talkies Tokyo Talkies Floral Tiered Bohemian Maxi Dress (Classic). Designed for superior performance, comfort and style. Sourced with USPS express air shipping (7-10 days).</p>",Tokyo Talkies,clothing,clothing,"women, clothing, women, dropshipping, bestseller",true,Color,Dusty Rose,Size,XS,SY-SY-PROD-1463,500,shopify,7,deny,manual,66.23,106.66,true,true,https://images.unsplash.com/photo-1515886657613-9f3515b0c78f?auto=format&fit=crop&w=800&q=80,1,active
anouk-ribbed-knit-bodycon-midi-dress-series-2,Anouk Ribbed Knit Bodycon Midi Dress (Series 2),"<p>High-demand Anouk Anouk Ribbed Knit Bodycon Midi Dress (Series 2). Designed for superior performance, comfort and style. Sourced with USPS express air shipping (7-10 days).</p>",Anouk,clothing,clothing,"women, clothing, women, dropshipping, bestseller",true,Color,Espresso Brown,Size,S,SY-SY-PROD-1464,500,shopify,8,deny,manual,50.60,82.43,true,true,https://images.unsplash.com/photo-1529139574466-a303027c1d8b?auto=format&fit=crop&w=800&q=80,1,active
vero-moda-high-waist-wide-leg-sculpt-jeans-air,Vero Moda High-Waist Wide Leg Sculpt Jeans (Air),"<p>High-demand Vero Moda Vero Moda High-Waist Wide Leg Sculpt Jeans (Air). Designed for superior performance, comfort and style. Sourced with USPS express air shipping (7-10 days).</p>",Vero Moda,clothing,clothing,"women, clothing, women, dropshipping, bestseller",true,Color,Vintage Light Wash,Size,26,SY-SY-PROD-1465,500,shopify,9,deny,manual,67.97,109.35,true,true,https://images.unsplash.com/photo-1539571696357-5a69c17a67c6?auto=format&fit=crop&w=800&q=80,1,active
libas-oversized-boyfriend-cotton-poplin-shirt-signature,Libas Oversized Boyfriend Cotton Poplin Shirt (Signature),"<p>High-demand Libas Libas Oversized Boyfriend Cotton Poplin Shirt (Signature). Designed for superior performance, comfort and style. Sourced with USPS express air shipping (7-10 days).</p>",Libas,clothing,clothing,"women, clothing, women, dropshipping, bestseller",true,Color,Stripe Blue,Size,S,SY-SY-PROD-1466,500,shopify,10,deny,manual,42.34,69.63,true,true,https://images.unsplash.com/photo-1509631179647-0177331693ae?auto=format&fit=crop&w=800&q=80,1,active
sunnyeora-woman-embroidered-anarkali-kurta-set-with-dupatta-v2,Sunnyeora Woman Embroidered Anarkali Kurta Set with Dupatta (V2),"<p>High-demand Sunnyeora Woman Sunnyeora Woman Embroidered Anarkali Kurta Set with Dupatta (V2). Designed for superior performance, comfort and style. Sourced with USPS express air shipping (7-10 days).</p>",Sunnyeora Woman,clothing,clothing,"women, clothing, women, dropshipping, bestseller",true,Color,Emerald Silk,Size,S,SY-SY-PROD-1467,500,shopify,11,deny,manual,73.71,118.25,true,true,https://images.unsplash.com/photo-1550614000-4895a10e1bfd?auto=format&fit=crop&w=800&q=80,1,active
berrylush-double-breasted-tailored-long-blazer-luxe,Berrylush Double-Breasted Tailored Long Blazer (Luxe),"<p>High-demand Berrylush Berrylush Double-Breasted Tailored Long Blazer (Luxe). Designed for superior performance, comfort and style. Sourced with USPS express air shipping (7-10 days).</p>",Berrylush,clothing,clothing,"women, clothing, women, dropshipping, bestseller",true,Color,Camel Houndstooth,Size,XS,SY-SY-PROD-1468,500,shopify,12,deny,manual,101.08,160.67,true,true,https://images.unsplash.com/photo-1496747611176-843222e1e57c?auto=format&fit=crop&w=800&q=80,1,active
sassafras-high-performance-seamless-sculpt-leggings-pure,Sassafras High-Performance Seamless Sculpt Leggings (Pure),"<p>High-demand Sassafras Sassafras High-Performance Seamless Sculpt Leggings (Pure). Designed for superior performance, comfort and style. Sourced with USPS express air shipping (7-10 days).</p>",Sassafras,clothing,clothing,"women, clothing, women, dropshipping, bestseller",true,Color,Mocha Brown,Size,XS,SY-SY-PROD-1469,500,shopify,13,deny,manual,45.45,74.45,true,true,https://images.unsplash.com/photo-1485230895905-ec40ba36b9bc?auto=format&fit=crop&w=800&q=80,1,active
tokyo-talkies-satin-silk-cowl-neck-evening-top-essential,Tokyo Talkies Satin Silk Cowl Neck Evening Top (Essential),"<p>High-demand Tokyo Talkies Tokyo Talkies Satin Silk Cowl Neck Evening Top (Essential). Designed for superior performance, comfort and style. Sourced with USPS express air shipping (7-10 days).</p>",Tokyo Talkies,clothing,clothing,"women, clothing, women, dropshipping, bestseller",true,Color,Champagne Gold,Size,S,SY-SY-PROD-1470,500,shopify,14,deny,manual,28.82,48.67,true,true,https://images.unsplash.com/photo-1558769132-cb1aea458c5e?auto=format&fit=crop&w=800&q=80,1,active
anouk-floral-tiered-bohemian-maxi-dress-pro,Anouk Floral Tiered Bohemian Maxi Dress (Pro),"<p>High-demand Anouk Anouk Floral Tiered Bohemian Maxi Dress (Pro). Designed for superior performance, comfort and style. Sourced with USPS express air shipping (7-10 days).</p>",Anouk,clothing,clothing,"women, clothing, women, dropshipping, bestseller",true,Color,Dusty Rose,Size,XS,SY-SY-PROD-1471,500,shopify,15,deny,manual,77.19,123.64,true,true,https://images.unsplash.com/photo-1515886657613-9f3515b0c78f?auto=format&fit=crop&w=800&q=80,1,active
vero-moda-ribbed-knit-bodycon-midi-dress-elite,Vero Moda Ribbed Knit Bodycon Midi Dress (Elite),"<p>High-demand Vero Moda Vero Moda Ribbed Knit Bodycon Midi Dress (Elite). Designed for superior performance, comfort and style. Sourced with USPS express air shipping (7-10 days).</p>",Vero Moda,clothing,clothing,"women, clothing, women, dropshipping, bestseller",true,Color,Espresso Brown,Size,S,SY-SY-PROD-1472,500,shopify,16,deny,manual,61.56,99.42,true,true,https://images.unsplash.com/photo-1529139574466-a303027c1d8b?auto=format&fit=crop&w=800&q=80,1,active
libas-high-waist-wide-leg-sculpt-jeans-classic,Libas High-Waist Wide Leg Sculpt Jeans (Classic),"<p>High-demand Libas Libas High-Waist Wide Leg Sculpt Jeans (Classic). Designed for superior performance, comfort and style. Sourced with USPS express air shipping (7-10 days).</p>",Libas,clothing,clothing,"women, clothing, women, dropshipping, bestseller",true,Color,Vintage Light Wash,Size,26,SY-SY-PROD-1473,500,shopify,17,deny,manual,78.93,126.34,true,true,https://images.unsplash.com/photo-1539571696357-5a69c17a67c6?auto=format&fit=crop&w=800&q=80,1,active
sunnyeora-woman-oversized-boyfriend-cotton-poplin-shirt-series-2,Sunnyeora Woman Oversized Boyfriend Cotton Poplin Shirt (Series 2),"<p>High-demand Sunnyeora Woman Sunnyeora Woman Oversized Boyfriend Cotton Poplin Shirt (Series 2). Designed for superior performance, comfort and style. Sourced with USPS express air shipping (7-10 days).</p>",Sunnyeora Woman,clothing,clothing,"women, clothing, women, dropshipping, bestseller",true,Color,Stripe Blue,Size,S,SY-SY-PROD-1474,500,shopify,18,deny,manual,33.30,55.61,true,true,https://images.unsplash.com/photo-1509631179647-0177331693ae?auto=format&fit=crop&w=800&q=80,1,active
berrylush-embroidered-anarkali-kurta-set-with-dupatta-air,Berrylush Embroidered Anarkali Kurta Set with Dupatta (Air),"<p>High-demand Berrylush Berrylush Embroidered Anarkali Kurta Set with Dupatta (Air). Designed for superior performance, comfort and style. Sourced with USPS express air shipping (7-10 days).</p>",Berrylush,clothing,clothing,"women, clothing, women, dropshipping, bestseller",true,Color,Emerald Silk,Size,S,SY-SY-PROD-1475,500,shopify,19,deny,manual,84.67,135.24,true,true,https://images.unsplash.com/photo-1550614000-4895a10e1bfd?auto=format&fit=crop&w=800&q=80,1,active
sassafras-double-breasted-tailored-long-blazer-signature,Sassafras Double-Breasted Tailored Long Blazer (Signature),"<p>High-demand Sassafras Sassafras Double-Breasted Tailored Long Blazer (Signature). Designed for superior performance, comfort and style. Sourced with USPS express air shipping (7-10 days).</p>",Sassafras,clothing,clothing,"women, clothing, women, dropshipping, bestseller",true,Color,Camel Houndstooth,Size,XS,SY-SY-PROD-1476,500,shopify,5,deny,manual,112.04,177.66,true,true,https://images.unsplash.com/photo-1496747611176-843222e1e57c?auto=format&fit=crop&w=800&q=80,1,active
tokyo-talkies-high-performance-seamless-sculpt-leggings-v2,Tokyo Talkies High-Performance Seamless Sculpt Leggings (V2),"<p>High-demand Tokyo Talkies Tokyo Talkies High-Performance Seamless Sculpt Leggings (V2). Designed for superior performance, comfort and style. Sourced with USPS express air shipping (7-10 days).</p>",Tokyo Talkies,clothing,clothing,"women, clothing, women, dropshipping, bestseller",true,Color,Mocha Brown,Size,XS,SY-SY-PROD-1477,500,shopify,6,deny,manual,36.41,60.44,true,true,https://images.unsplash.com/photo-1485230895905-ec40ba36b9bc?auto=format&fit=crop&w=800&q=80,1,active
anouk-satin-silk-cowl-neck-evening-top-luxe,Anouk Satin Silk Cowl Neck Evening Top (Luxe),"<p>High-demand Anouk Anouk Satin Silk Cowl Neck Evening Top (Luxe). Designed for superior performance, comfort and style. Sourced with USPS express air shipping (7-10 days).</p>",Anouk,clothing,clothing,"women, clothing, women, dropshipping, bestseller",true,Color,Champagne Gold,Size,S,SY-SY-PROD-1478,500,shopify,7,deny,manual,39.78,65.66,true,true,https://images.unsplash.com/photo-1558769132-cb1aea458c5e?auto=format&fit=crop&w=800&q=80,1,active
vero-moda-floral-tiered-bohemian-maxi-dress-pure,Vero Moda Floral Tiered Bohemian Maxi Dress (Pure),"<p>High-demand Vero Moda Vero Moda Floral Tiered Bohemian Maxi Dress (Pure). Designed for superior performance, comfort and style. Sourced with USPS express air shipping (7-10 days).</p>",Vero Moda,clothing,clothing,"women, clothing, women, dropshipping, bestseller",true,Color,Dusty Rose,Size,XS,SY-SY-PROD-1479,500,shopify,8,deny,manual,51.15,83.28,true,true,https://images.unsplash.com/photo-1515886657613-9f3515b0c78f?auto=format&fit=crop&w=800&q=80,1,active
libas-ribbed-knit-bodycon-midi-dress-essential,Libas Ribbed Knit Bodycon Midi Dress (Essential),"<p>High-demand Libas Libas Ribbed Knit Bodycon Midi Dress (Essential). Designed for superior performance, comfort and style. Sourced with USPS express air shipping (7-10 days).</p>",Libas,clothing,clothing,"women, clothing, women, dropshipping, bestseller",true,Color,Espresso Brown,Size,S,SY-SY-PROD-1480,500,shopify,9,deny,manual,44.52,73.01,true,true,https://images.unsplash.com/photo-1529139574466-a303027c1d8b?auto=format&fit=crop&w=800&q=80,1,active
sunnyeora-woman-high-waist-wide-leg-sculpt-jeans-pro,Sunnyeora Woman High-Waist Wide Leg Sculpt Jeans (Pro),"<p>High-demand Sunnyeora Woman Sunnyeora Woman High-Waist Wide Leg Sculpt Jeans (Pro). Designed for superior performance, comfort and style. Sourced with USPS express air shipping (7-10 days).</p>",Sunnyeora Woman,clothing,clothing,"women, clothing, women, dropshipping, bestseller",true,Color,Vintage Light Wash,Size,26,SY-SY-PROD-1481,500,shopify,10,deny,manual,51.89,84.43,true,true,https://images.unsplash.com/photo-1539571696357-5a69c17a67c6?auto=format&fit=crop&w=800&q=80,1,active
berrylush-oversized-boyfriend-cotton-poplin-shirt-elite,Berrylush Oversized Boyfriend Cotton Poplin Shirt (Elite),"<p>High-demand Berrylush Berrylush Oversized Boyfriend Cotton Poplin Shirt (Elite). Designed for superior performance, comfort and style. Sourced with USPS express air shipping (7-10 days).</p>",Berrylush,clothing,clothing,"women, clothing, women, dropshipping, bestseller",true,Color,Stripe Blue,Size,S,SY-SY-PROD-1482,500,shopify,11,deny,manual,44.26,72.60,true,true,https://images.unsplash.com/photo-1509631179647-0177331693ae?auto=format&fit=crop&w=800&q=80,1,active
sassafras-embroidered-anarkali-kurta-set-with-dupatta-classic,Sassafras Embroidered Anarkali Kurta Set with Dupatta (Classic),"<p>High-demand Sassafras Sassafras Embroidered Anarkali Kurta Set with Dupatta (Classic). Designed for superior performance, comfort and style. Sourced with USPS express air shipping (7-10 days).</p>",Sassafras,clothing,clothing,"women, clothing, women, dropshipping, bestseller",true,Color,Emerald Silk,Size,S,SY-SY-PROD-1483,500,shopify,12,deny,manual,95.63,152.23,true,true,https://images.unsplash.com/photo-1550614000-4895a10e1bfd?auto=format&fit=crop&w=800&q=80,1,active
tokyo-talkies-double-breasted-tailored-long-blazer-series-2,Tokyo Talkies Double-Breasted Tailored Long Blazer (Series 2),"<p>High-demand Tokyo Talkies Tokyo Talkies Double-Breasted Tailored Long Blazer (Series 2). Designed for superior performance, comfort and style. Sourced with USPS express air shipping (7-10 days).</p>",Tokyo Talkies,clothing,clothing,"women, clothing, women, dropshipping, bestseller",true,Color,Camel Houndstooth,Size,XS,SY-SY-PROD-1484,500,shopify,13,deny,manual,123.00,194.65,true,true,https://images.unsplash.com/photo-1496747611176-843222e1e57c?auto=format&fit=crop&w=800&q=80,1,active
anouk-high-performance-seamless-sculpt-leggings-air,Anouk High-Performance Seamless Sculpt Leggings (Air),"<p>High-demand Anouk Anouk High-Performance Seamless Sculpt Leggings (Air). Designed for superior performance, comfort and style. Sourced with USPS express air shipping (7-10 days).</p>",Anouk,clothing,clothing,"women, clothing, women, dropshipping, bestseller",true,Color,Mocha Brown,Size,XS,SY-SY-PROD-1485,500,shopify,14,deny,manual,47.37,77.42,true,true,https://images.unsplash.com/photo-1485230895905-ec40ba36b9bc?auto=format&fit=crop&w=800&q=80,1,active
vero-moda-satin-silk-cowl-neck-evening-top-signature,Vero Moda Satin Silk Cowl Neck Evening Top (Signature),"<p>High-demand Vero Moda Vero Moda Satin Silk Cowl Neck Evening Top (Signature). Designed for superior performance, comfort and style. Sourced with USPS express air shipping (7-10 days).</p>",Vero Moda,clothing,clothing,"women, clothing, women, dropshipping, bestseller",true,Color,Champagne Gold,Size,S,SY-SY-PROD-1486,500,shopify,15,deny,manual,32.74,54.75,true,true,https://images.unsplash.com/photo-1558769132-cb1aea458c5e?auto=format&fit=crop&w=800&q=80,1,active
libas-floral-tiered-bohemian-maxi-dress-v2,Libas Floral Tiered Bohemian Maxi Dress (V2),"<p>High-demand Libas Libas Floral Tiered Bohemian Maxi Dress (V2). Designed for superior performance, comfort and style. Sourced with USPS express air shipping (7-10 days).</p>",Libas,clothing,clothing,"women, clothing, women, dropshipping, bestseller",true,Color,Dusty Rose,Size,XS,SY-SY-PROD-1487,500,shopify,16,deny,manual,62.11,100.27,true,true,https://images.unsplash.com/photo-1515886657613-9f3515b0c78f?auto=format&fit=crop&w=800&q=80,1,active
sunnyeora-woman-ribbed-knit-bodycon-midi-dress-luxe,Sunnyeora Woman Ribbed Knit Bodycon Midi Dress (Luxe),"<p>High-demand Sunnyeora Woman Sunnyeora Woman Ribbed Knit Bodycon Midi Dress (Luxe). Designed for superior performance, comfort and style. Sourced with USPS express air shipping (7-10 days).</p>",Sunnyeora Woman,clothing,clothing,"women, clothing, women, dropshipping, bestseller",true,Color,Espresso Brown,Size,S,SY-SY-PROD-1488,500,shopify,17,deny,manual,55.48,89.99,true,true,https://images.unsplash.com/photo-1529139574466-a303027c1d8b?auto=format&fit=crop&w=800&q=80,1,active
berrylush-high-waist-wide-leg-sculpt-jeans-pure,Berrylush High-Waist Wide Leg Sculpt Jeans (Pure),"<p>High-demand Berrylush Berrylush High-Waist Wide Leg Sculpt Jeans (Pure). Designed for superior performance, comfort and style. Sourced with USPS express air shipping (7-10 days).</p>",Berrylush,clothing,clothing,"women, clothing, women, dropshipping, bestseller",true,Color,Vintage Light Wash,Size,26,SY-SY-PROD-1489,500,shopify,18,deny,manual,62.85,101.42,true,true,https://images.unsplash.com/photo-1539571696357-5a69c17a67c6?auto=format&fit=crop&w=800&q=80,1,active
sassafras-oversized-boyfriend-cotton-poplin-shirt-essential,Sassafras Oversized Boyfriend Cotton Poplin Shirt (Essential),"<p>High-demand Sassafras Sassafras Oversized Boyfriend Cotton Poplin Shirt (Essential). Designed for superior performance, comfort and style. Sourced with USPS express air shipping (7-10 days).</p>",Sassafras,clothing,clothing,"women, clothing, women, dropshipping, bestseller",true,Color,Stripe Blue,Size,S,SY-SY-PROD-1490,500,shopify,19,deny,manual,35.22,58.59,true,true,https://images.unsplash.com/photo-1509631179647-0177331693ae?auto=format&fit=crop&w=800&q=80,1,active
tokyo-talkies-embroidered-anarkali-kurta-set-with-dupatta-pro,Tokyo Talkies Embroidered Anarkali Kurta Set with Dupatta (Pro),"<p>High-demand Tokyo Talkies Tokyo Talkies Embroidered Anarkali Kurta Set with Dupatta (Pro). Designed for superior performance, comfort and style. Sourced with USPS express air shipping (7-10 days).</p>",Tokyo Talkies,clothing,clothing,"women, clothing, women, dropshipping, bestseller",true,Color,Emerald Silk,Size,S,SY-SY-PROD-1491,500,shopify,5,deny,manual,106.59,169.21,true,true,https://images.unsplash.com/photo-1550614000-4895a10e1bfd?auto=format&fit=crop&w=800&q=80,1,active
anouk-double-breasted-tailored-long-blazer-elite,Anouk Double-Breasted Tailored Long Blazer (Elite),"<p>High-demand Anouk Anouk Double-Breasted Tailored Long Blazer (Elite). Designed for superior performance, comfort and style. Sourced with USPS express air shipping (7-10 days).</p>",Anouk,clothing,clothing,"women, clothing, women, dropshipping, bestseller",true,Color,Camel Houndstooth,Size,XS,SY-SY-PROD-1492,500,shopify,6,deny,manual,72.96,117.09,true,true,https://images.unsplash.com/photo-1496747611176-843222e1e57c?auto=format&fit=crop&w=800&q=80,1,active
vero-moda-high-performance-seamless-sculpt-leggings-classic,Vero Moda High-Performance Seamless Sculpt Leggings (Classic),"<p>High-demand Vero Moda Vero Moda High-Performance Seamless Sculpt Leggings (Classic). Designed for superior performance, comfort and style. Sourced with USPS express air shipping (7-10 days).</p>",Vero Moda,clothing,clothing,"women, clothing, women, dropshipping, bestseller",true,Color,Mocha Brown,Size,XS,SY-SY-PROD-1493,500,shopify,7,deny,manual,38.33,63.41,true,true,https://images.unsplash.com/photo-1485230895905-ec40ba36b9bc?auto=format&fit=crop&w=800&q=80,1,active
libas-satin-silk-cowl-neck-evening-top-series-2,Libas Satin Silk Cowl Neck Evening Top (Series 2),"<p>High-demand Libas Libas Satin Silk Cowl Neck Evening Top (Series 2). Designed for superior performance, comfort and style. Sourced with USPS express air shipping (7-10 days).</p>",Libas,clothing,clothing,"women, clothing, women, dropshipping, bestseller",true,Color,Champagne Gold,Size,S,SY-SY-PROD-1494,500,shopify,8,deny,manual,43.70,71.73,true,true,https://images.unsplash.com/photo-1558769132-cb1aea458c5e?auto=format&fit=crop&w=800&q=80,1,active
sunnyeora-woman-floral-tiered-bohemian-maxi-dress-air,Sunnyeora Woman Floral Tiered Bohemian Maxi Dress (Air),"<p>High-demand Sunnyeora Woman Sunnyeora Woman Floral Tiered Bohemian Maxi Dress (Air). Designed for superior performance, comfort and style. Sourced with USPS express air shipping (7-10 days).</p>",Sunnyeora Woman,clothing,clothing,"women, clothing, women, dropshipping, bestseller",true,Color,Dusty Rose,Size,XS,SY-SY-PROD-1495,500,shopify,9,deny,manual,73.07,117.26,true,true,https://images.unsplash.com/photo-1515886657613-9f3515b0c78f?auto=format&fit=crop&w=800&q=80,1,active
berrylush-ribbed-knit-bodycon-midi-dress-signature,Berrylush Ribbed Knit Bodycon Midi Dress (Signature),"<p>High-demand Berrylush Berrylush Ribbed Knit Bodycon Midi Dress (Signature). Designed for superior performance, comfort and style. Sourced with USPS express air shipping (7-10 days).</p>",Berrylush,clothing,clothing,"women, clothing, women, dropshipping, bestseller",true,Color,Espresso Brown,Size,S,SY-SY-PROD-1496,500,shopify,10,deny,manual,38.44,63.58,true,true,https://images.unsplash.com/photo-1529139574466-a303027c1d8b?auto=format&fit=crop&w=800&q=80,1,active
sassafras-high-waist-wide-leg-sculpt-jeans-v2,Sassafras High-Waist Wide Leg Sculpt Jeans (V2),"<p>High-demand Sassafras Sassafras High-Waist Wide Leg Sculpt Jeans (V2). Designed for superior performance, comfort and style. Sourced with USPS express air shipping (7-10 days).</p>",Sassafras,clothing,clothing,"women, clothing, women, dropshipping, bestseller",true,Color,Vintage Light Wash,Size,26,SY-SY-PROD-1497,500,shopify,11,deny,manual,73.81,118.41,true,true,https://images.unsplash.com/photo-1539571696357-5a69c17a67c6?auto=format&fit=crop&w=800&q=80,1,active
tokyo-talkies-oversized-boyfriend-cotton-poplin-shirt-luxe,Tokyo Talkies Oversized Boyfriend Cotton Poplin Shirt (Luxe),"<p>High-demand Tokyo Talkies Tokyo Talkies Oversized Boyfriend Cotton Poplin Shirt (Luxe). Designed for superior performance, comfort and style. Sourced with USPS express air shipping (7-10 days).</p>",Tokyo Talkies,clothing,clothing,"women, clothing, women, dropshipping, bestseller",true,Color,Stripe Blue,Size,S,SY-SY-PROD-1498,500,shopify,12,deny,manual,46.18,75.58,true,true,https://images.unsplash.com/photo-1509631179647-0177331693ae?auto=format&fit=crop&w=800&q=80,1,active
anouk-embroidered-anarkali-kurta-set-with-dupatta-pure,Anouk Embroidered Anarkali Kurta Set with Dupatta (Pure),"<p>High-demand Anouk Anouk Embroidered Anarkali Kurta Set with Dupatta (Pure). Designed for superior performance, comfort and style. Sourced with USPS express air shipping (7-10 days).</p>",Anouk,clothing,clothing,"women, clothing, women, dropshipping, bestseller",true,Color,Emerald Silk,Size,S,SY-SY-PROD-1499,500,shopify,13,deny,manual,67.55,108.70,true,true,https://images.unsplash.com/photo-1550614000-4895a10e1bfd?auto=format&fit=crop&w=800&q=80,1,active
vero-moda-double-breasted-tailored-long-blazer-essential,Vero Moda Double-Breasted Tailored Long Blazer (Essential),"<p>High-demand Vero Moda Vero Moda Double-Breasted Tailored Long Blazer (Essential). Designed for superior performance, comfort and style. Sourced with USPS express air shipping (7-10 days).</p>",Vero Moda,clothing,clothing,"women, clothing, women, dropshipping, bestseller",true,Color,Camel Houndstooth,Size,XS,SY-SY-PROD-1500,500,shopify,14,deny,manual,83.92,134.08,true,true,https://images.unsplash.com/photo-1496747611176-843222e1e57c?auto=format&fit=crop&w=800&q=80,1,active
libas-high-performance-seamless-sculpt-leggings-pro,Libas High-Performance Seamless Sculpt Leggings (Pro),"<p>High-demand Libas Libas High-Performance Seamless Sculpt Leggings (Pro). Designed for superior performance, comfort and style. Sourced with USPS express air shipping (7-10 days).</p>",Libas,clothing,clothing,"women, clothing, women, dropshipping, bestseller",true,Color,Mocha Brown,Size,XS,SY-SY-PROD-1501,500,shopify,15,deny,manual,29.29,49.40,true,true,https://images.unsplash.com/photo-1485230895905-ec40ba36b9bc?auto=format&fit=crop&w=800&q=80,1,active
sunnyeora-woman-satin-silk-cowl-neck-evening-top-elite,Sunnyeora Woman Satin Silk Cowl Neck Evening Top (Elite),"<p>High-demand Sunnyeora Woman Sunnyeora Woman Satin Silk Cowl Neck Evening Top (Elite). Designed for superior performance, comfort and style. Sourced with USPS express air shipping (7-10 days).</p>",Sunnyeora Woman,clothing,clothing,"women, clothing, women, dropshipping, bestseller",true,Color,Champagne Gold,Size,S,SY-SY-PROD-1502,500,shopify,16,deny,manual,36.66,60.82,true,true,https://images.unsplash.com/photo-1558769132-cb1aea458c5e?auto=format&fit=crop&w=800&q=80,1,active
berrylush-floral-tiered-bohemian-maxi-dress-classic,Berrylush Floral Tiered Bohemian Maxi Dress (Classic),"<p>High-demand Berrylush Berrylush Floral Tiered Bohemian Maxi Dress (Classic). Designed for superior performance, comfort and style. Sourced with USPS express air shipping (7-10 days).</p>",Berrylush,clothing,clothing,"women, clothing, women, dropshipping, bestseller",true,Color,Dusty Rose,Size,XS,SY-SY-PROD-1503,500,shopify,17,deny,manual,47.03,76.90,true,true,https://images.unsplash.com/photo-1515886657613-9f3515b0c78f?auto=format&fit=crop&w=800&q=80,1,active
sassafras-ribbed-knit-bodycon-midi-dress-series-2,Sassafras Ribbed Knit Bodycon Midi Dress (Series 2),"<p>High-demand Sassafras Sassafras Ribbed Knit Bodycon Midi Dress (Series 2). Designed for superior performance, comfort and style. Sourced with USPS express air shipping (7-10 days).</p>",Sassafras,clothing,clothing,"women, clothing, women, dropshipping, bestseller",true,Color,Espresso Brown,Size,S,SY-SY-PROD-1504,500,shopify,18,deny,manual,49.40,80.57,true,true,https://images.unsplash.com/photo-1529139574466-a303027c1d8b?auto=format&fit=crop&w=800&q=80,1,active
tokyo-talkies-high-waist-wide-leg-sculpt-jeans-air,Tokyo Talkies High-Waist Wide Leg Sculpt Jeans (Air),"<p>High-demand Tokyo Talkies Tokyo Talkies High-Waist Wide Leg Sculpt Jeans (Air). Designed for superior performance, comfort and style. Sourced with USPS express air shipping (7-10 days).</p>",Tokyo Talkies,clothing,clothing,"women, clothing, women, dropshipping, bestseller",true,Color,Vintage Light Wash,Size,26,SY-SY-PROD-1505,500,shopify,19,deny,manual,84.77,135.39,true,true,https://images.unsplash.com/photo-1539571696357-5a69c17a67c6?auto=format&fit=crop&w=800&q=80,1,active
anouk-oversized-boyfriend-cotton-poplin-shirt-signature,Anouk Oversized Boyfriend Cotton Poplin Shirt (Signature),"<p>High-demand Anouk Anouk Oversized Boyfriend Cotton Poplin Shirt (Signature). Designed for superior performance, comfort and style. Sourced with USPS express air shipping (7-10 days).</p>",Anouk,clothing,clothing,"women, clothing, women, dropshipping, bestseller",true,Color,Stripe Blue,Size,S,SY-SY-PROD-1506,500,shopify,5,deny,manual,37.14,61.57,true,true,https://images.unsplash.com/photo-1509631179647-0177331693ae?auto=format&fit=crop&w=800&q=80,1,active
vero-moda-embroidered-anarkali-kurta-set-with-dupatta-v2,Vero Moda Embroidered Anarkali Kurta Set with Dupatta (V2),"<p>High-demand Vero Moda Vero Moda Embroidered Anarkali Kurta Set with Dupatta (V2). Designed for superior performance, comfort and style. Sourced with USPS express air shipping (7-10 days).</p>",Vero Moda,clothing,clothing,"women, clothing, women, dropshipping, bestseller",true,Color,Emerald Silk,Size,S,SY-SY-PROD-1507,500,shopify,6,deny,manual,78.51,125.69,true,true,https://images.unsplash.com/photo-1550614000-4895a10e1bfd?auto=format&fit=crop&w=800&q=80,1,active
libas-double-breasted-tailored-long-blazer-luxe,Libas Double-Breasted Tailored Long Blazer (Luxe),"<p>High-demand Libas Libas Double-Breasted Tailored Long Blazer (Luxe). Designed for superior performance, comfort and style. Sourced with USPS express air shipping (7-10 days).</p>",Libas,clothing,clothing,"women, clothing, women, dropshipping, bestseller",true,Color,Camel Houndstooth,Size,XS,SY-SY-PROD-1508,500,shopify,7,deny,manual,94.88,151.06,true,true,https://images.unsplash.com/photo-1496747611176-843222e1e57c?auto=format&fit=crop&w=800&q=80,1,active
sunnyeora-woman-high-performance-seamless-sculpt-leggings-pure,Sunnyeora Woman High-Performance Seamless Sculpt Leggings (Pure),"<p>High-demand Sunnyeora Woman Sunnyeora Woman High-Performance Seamless Sculpt Leggings (Pure). Designed for superior performance, comfort and style. Sourced with USPS express air shipping (7-10 days).</p>",Sunnyeora Woman,clothing,clothing,"women, clothing, women, dropshipping, bestseller",true,Color,Mocha Brown,Size,XS,SY-SY-PROD-1509,500,shopify,8,deny,manual,40.25,66.39,true,true,https://images.unsplash.com/photo-1485230895905-ec40ba36b9bc?auto=format&fit=crop&w=800&q=80,1,active
berrylush-satin-silk-cowl-neck-evening-top-essential,Berrylush Satin Silk Cowl Neck Evening Top (Essential),"<p>High-demand Berrylush Berrylush Satin Silk Cowl Neck Evening Top (Essential). Designed for superior performance, comfort and style. Sourced with USPS express air shipping (7-10 days).</p>",Berrylush,clothing,clothing,"women, clothing, women, dropshipping, bestseller",true,Color,Champagne Gold,Size,S,SY-SY-PROD-1510,500,shopify,9,deny,manual,29.62,49.91,true,true,https://images.unsplash.com/photo-1558769132-cb1aea458c5e?auto=format&fit=crop&w=800&q=80,1,active
sassafras-floral-tiered-bohemian-maxi-dress-pro,Sassafras Floral Tiered Bohemian Maxi Dress (Pro),"<p>High-demand Sassafras Sassafras Floral Tiered Bohemian Maxi Dress (Pro). Designed for superior performance, comfort and style. Sourced with USPS express air shipping (7-10 days).</p>",Sassafras,clothing,clothing,"women, clothing, women, dropshipping, bestseller",true,Color,Dusty Rose,Size,XS,SY-SY-PROD-1511,500,shopify,10,deny,manual,57.99,93.88,true,true,https://images.unsplash.com/photo-1515886657613-9f3515b0c78f?auto=format&fit=crop&w=800&q=80,1,active
tokyo-talkies-ribbed-knit-bodycon-midi-dress-elite,Tokyo Talkies Ribbed Knit Bodycon Midi Dress (Elite),"<p>High-demand Tokyo Talkies Tokyo Talkies Ribbed Knit Bodycon Midi Dress (Elite). Designed for superior performance, comfort and style. Sourced with USPS express air shipping (7-10 days).</p>",Tokyo Talkies,clothing,clothing,"women, clothing, women, dropshipping, bestseller",true,Color,Espresso Brown,Size,S,SY-SY-PROD-1512,500,shopify,11,deny,manual,60.36,97.56,true,true,https://images.unsplash.com/photo-1529139574466-a303027c1d8b?auto=format&fit=crop&w=800&q=80,1,active
anouk-high-waist-wide-leg-sculpt-jeans-classic,Anouk High-Waist Wide Leg Sculpt Jeans (Classic),"<p>High-demand Anouk Anouk High-Waist Wide Leg Sculpt Jeans (Classic). Designed for superior performance, comfort and style. Sourced with USPS express air shipping (7-10 days).</p>",Anouk,clothing,clothing,"women, clothing, women, dropshipping, bestseller",true,Color,Vintage Light Wash,Size,26,SY-SY-PROD-1513,500,shopify,12,deny,manual,57.73,93.48,true,true,https://images.unsplash.com/photo-1539571696357-5a69c17a67c6?auto=format&fit=crop&w=800&q=80,1,active
vero-moda-oversized-boyfriend-cotton-poplin-shirt-series-2,Vero Moda Oversized Boyfriend Cotton Poplin Shirt (Series 2),"<p>High-demand Vero Moda Vero Moda Oversized Boyfriend Cotton Poplin Shirt (Series 2). Designed for superior performance, comfort and style. Sourced with USPS express air shipping (7-10 days).</p>",Vero Moda,clothing,clothing,"women, clothing, women, dropshipping, bestseller",true,Color,Stripe Blue,Size,S,SY-SY-PROD-1514,500,shopify,13,deny,manual,48.10,78.56,true,true,https://images.unsplash.com/photo-1509631179647-0177331693ae?auto=format&fit=crop&w=800&q=80,1,active
libas-embroidered-anarkali-kurta-set-with-dupatta-air,Libas Embroidered Anarkali Kurta Set with Dupatta (Air),"<p>High-demand Libas Libas Embroidered Anarkali Kurta Set with Dupatta (Air). Designed for superior performance, comfort and style. Sourced with USPS express air shipping (7-10 days).</p>",Libas,clothing,clothing,"women, clothing, women, dropshipping, bestseller",true,Color,Emerald Silk,Size,S,SY-SY-PROD-1515,500,shopify,14,deny,manual,89.47,142.68,true,true,https://images.unsplash.com/photo-1550614000-4895a10e1bfd?auto=format&fit=crop&w=800&q=80,1,active
sunnyeora-woman-double-breasted-tailored-long-blazer-signature,Sunnyeora Woman Double-Breasted Tailored Long Blazer (Signature),"<p>High-demand Sunnyeora Woman Sunnyeora Woman Double-Breasted Tailored Long Blazer (Signature). Designed for superior performance, comfort and style. Sourced with USPS express air shipping (7-10 days).</p>",Sunnyeora Woman,clothing,clothing,"women, clothing, women, dropshipping, bestseller",true,Color,Camel Houndstooth,Size,XS,SY-SY-PROD-1516,500,shopify,15,deny,manual,105.84,168.05,true,true,https://images.unsplash.com/photo-1496747611176-843222e1e57c?auto=format&fit=crop&w=800&q=80,1,active
berrylush-high-performance-seamless-sculpt-leggings-v2,Berrylush High-Performance Seamless Sculpt Leggings (V2),"<p>High-demand Berrylush Berrylush High-Performance Seamless Sculpt Leggings (V2). Designed for superior performance, comfort and style. Sourced with USPS express air shipping (7-10 days).</p>",Berrylush,clothing,clothing,"women, clothing, women, dropshipping, bestseller",true,Color,Mocha Brown,Size,XS,SY-SY-PROD-1517,500,shopify,16,deny,manual,31.21,52.38,true,true,https://images.unsplash.com/photo-1485230895905-ec40ba36b9bc?auto=format&fit=crop&w=800&q=80,1,active
sassafras-satin-silk-cowl-neck-evening-top-luxe,Sassafras Satin Silk Cowl Neck Evening Top (Luxe),"<p>High-demand Sassafras Sassafras Satin Silk Cowl Neck Evening Top (Luxe). Designed for superior performance, comfort and style. Sourced with USPS express air shipping (7-10 days).</p>",Sassafras,clothing,clothing,"women, clothing, women, dropshipping, bestseller",true,Color,Champagne Gold,Size,S,SY-SY-PROD-1518,500,shopify,17,deny,manual,40.58,66.90,true,true,https://images.unsplash.com/photo-1558769132-cb1aea458c5e?auto=format&fit=crop&w=800&q=80,1,active
tokyo-talkies-floral-tiered-bohemian-maxi-dress-pure,Tokyo Talkies Floral Tiered Bohemian Maxi Dress (Pure),"<p>High-demand Tokyo Talkies Tokyo Talkies Floral Tiered Bohemian Maxi Dress (Pure). Designed for superior performance, comfort and style. Sourced with USPS express air shipping (7-10 days).</p>",Tokyo Talkies,clothing,clothing,"women, clothing, women, dropshipping, bestseller",true,Color,Dusty Rose,Size,XS,SY-SY-PROD-1519,500,shopify,18,deny,manual,68.95,110.87,true,true,https://images.unsplash.com/photo-1515886657613-9f3515b0c78f?auto=format&fit=crop&w=800&q=80,1,active
anouk-ribbed-knit-bodycon-midi-dress-essential,Anouk Ribbed Knit Bodycon Midi Dress (Essential),"<p>High-demand Anouk Anouk Ribbed Knit Bodycon Midi Dress (Essential). Designed for superior performance, comfort and style. Sourced with USPS express air shipping (7-10 days).</p>",Anouk,clothing,clothing,"women, clothing, women, dropshipping, bestseller",true,Color,Espresso Brown,Size,S,SY-SY-PROD-1520,500,shopify,19,deny,manual,43.32,71.15,true,true,https://images.unsplash.com/photo-1529139574466-a303027c1d8b?auto=format&fit=crop&w=800&q=80,1,active
vero-moda-high-waist-wide-leg-sculpt-jeans-pro,Vero Moda High-Waist Wide Leg Sculpt Jeans (Pro),"<p>High-demand Vero Moda Vero Moda High-Waist Wide Leg Sculpt Jeans (Pro). Designed for superior performance, comfort and style. Sourced with USPS express air shipping (7-10 days).</p>",Vero Moda,clothing,clothing,"women, clothing, women, dropshipping, bestseller",true,Color,Vintage Light Wash,Size,26,SY-SY-PROD-1521,500,shopify,5,deny,manual,68.69,110.47,true,true,https://images.unsplash.com/photo-1539571696357-5a69c17a67c6?auto=format&fit=crop&w=800&q=80,1,active
libas-oversized-boyfriend-cotton-poplin-shirt-elite,Libas Oversized Boyfriend Cotton Poplin Shirt (Elite),"<p>High-demand Libas Libas Oversized Boyfriend Cotton Poplin Shirt (Elite). Designed for superior performance, comfort and style. Sourced with USPS express air shipping (7-10 days).</p>",Libas,clothing,clothing,"women, clothing, women, dropshipping, bestseller",true,Color,Stripe Blue,Size,S,SY-SY-PROD-1522,500,shopify,6,deny,manual,39.06,64.54,true,true,https://images.unsplash.com/photo-1509631179647-0177331693ae?auto=format&fit=crop&w=800&q=80,1,active
sunnyeora-woman-embroidered-anarkali-kurta-set-with-dupatta-classic,Sunnyeora Woman Embroidered Anarkali Kurta Set with Dupatta (Classic),"<p>High-demand Sunnyeora Woman Sunnyeora Woman Embroidered Anarkali Kurta Set with Dupatta (Classic). Designed for superior performance, comfort and style. Sourced with USPS express air shipping (7-10 days).</p>",Sunnyeora Woman,clothing,clothing,"women, clothing, women, dropshipping, bestseller",true,Color,Emerald Silk,Size,S,SY-SY-PROD-1523,500,shopify,7,deny,manual,100.43,159.67,true,true,https://images.unsplash.com/photo-1550614000-4895a10e1bfd?auto=format&fit=crop&w=800&q=80,1,active
berrylush-double-breasted-tailored-long-blazer-series-2,Berrylush Double-Breasted Tailored Long Blazer (Series 2),"<p>High-demand Berrylush Berrylush Double-Breasted Tailored Long Blazer (Series 2). Designed for superior performance, comfort and style. Sourced with USPS express air shipping (7-10 days).</p>",Berrylush,clothing,clothing,"women, clothing, women, dropshipping, bestseller",true,Color,Camel Houndstooth,Size,XS,SY-SY-PROD-1524,500,shopify,8,deny,manual,116.80,185.04,true,true,https://images.unsplash.com/photo-1496747611176-843222e1e57c?auto=format&fit=crop&w=800&q=80,1,active
sassafras-high-performance-seamless-sculpt-leggings-air,Sassafras High-Performance Seamless Sculpt Leggings (Air),"<p>High-demand Sassafras Sassafras High-Performance Seamless Sculpt Leggings (Air). Designed for superior performance, comfort and style. Sourced with USPS express air shipping (7-10 days).</p>",Sassafras,clothing,clothing,"women, clothing, women, dropshipping, bestseller",true,Color,Mocha Brown,Size,XS,SY-SY-PROD-1525,500,shopify,9,deny,manual,42.17,69.36,true,true,https://images.unsplash.com/photo-1485230895905-ec40ba36b9bc?auto=format&fit=crop&w=800&q=80,1,active
tokyo-talkies-satin-silk-cowl-neck-evening-top-signature,Tokyo Talkies Satin Silk Cowl Neck Evening Top (Signature),"<p>High-demand Tokyo Talkies Tokyo Talkies Satin Silk Cowl Neck Evening Top (Signature). Designed for superior performance, comfort and style. Sourced with USPS express air shipping (7-10 days).</p>",Tokyo Talkies,clothing,clothing,"women, clothing, women, dropshipping, bestseller",true,Color,Champagne Gold,Size,S,SY-SY-PROD-1526,500,shopify,10,deny,manual,33.54,55.99,true,true,https://images.unsplash.com/photo-1558769132-cb1aea458c5e?auto=format&fit=crop&w=800&q=80,1,active
anouk-floral-tiered-bohemian-maxi-dress-v2,Anouk Floral Tiered Bohemian Maxi Dress (V2),"<p>High-demand Anouk Anouk Floral Tiered Bohemian Maxi Dress (V2). Designed for superior performance, comfort and style. Sourced with USPS express air shipping (7-10 days).</p>",Anouk,clothing,clothing,"women, clothing, women, dropshipping, bestseller",true,Color,Dusty Rose,Size,XS,SY-SY-PROD-1527,500,shopify,11,deny,manual,79.91,127.86,true,true,https://images.unsplash.com/photo-1515886657613-9f3515b0c78f?auto=format&fit=crop&w=800&q=80,1,active
vero-moda-ribbed-knit-bodycon-midi-dress-luxe,Vero Moda Ribbed Knit Bodycon Midi Dress (Luxe),"<p>High-demand Vero Moda Vero Moda Ribbed Knit Bodycon Midi Dress (Luxe). Designed for superior performance, comfort and style. Sourced with USPS express air shipping (7-10 days).</p>",Vero Moda,clothing,clothing,"women, clothing, women, dropshipping, bestseller",true,Color,Espresso Brown,Size,S,SY-SY-PROD-1528,500,shopify,12,deny,manual,54.28,88.13,true,true,https://images.unsplash.com/photo-1529139574466-a303027c1d8b?auto=format&fit=crop&w=800&q=80,1,active
libas-high-waist-wide-leg-sculpt-jeans-pure,Libas High-Waist Wide Leg Sculpt Jeans (Pure),"<p>High-demand Libas Libas High-Waist Wide Leg Sculpt Jeans (Pure). Designed for superior performance, comfort and style. Sourced with USPS express air shipping (7-10 days).</p>",Libas,clothing,clothing,"women, clothing, women, dropshipping, bestseller",true,Color,Vintage Light Wash,Size,26,SY-SY-PROD-1529,500,shopify,13,deny,manual,79.65,127.46,true,true,https://images.unsplash.com/photo-1539571696357-5a69c17a67c6?auto=format&fit=crop&w=800&q=80,1,active
sunnyeora-woman-oversized-boyfriend-cotton-poplin-shirt-essential,Sunnyeora Woman Oversized Boyfriend Cotton Poplin Shirt (Essential),"<p>High-demand Sunnyeora Woman Sunnyeora Woman Oversized Boyfriend Cotton Poplin Shirt (Essential). Designed for superior performance, comfort and style. Sourced with USPS express air shipping (7-10 days).</p>",Sunnyeora Woman,clothing,clothing,"women, clothing, women, dropshipping, bestseller",true,Color,Stripe Blue,Size,S,SY-SY-PROD-1530,500,shopify,14,deny,manual,30.02,50.53,true,true,https://images.unsplash.com/photo-1509631179647-0177331693ae?auto=format&fit=crop&w=800&q=80,1,active
berrylush-embroidered-anarkali-kurta-set-with-dupatta-pro,Berrylush Embroidered Anarkali Kurta Set with Dupatta (Pro),"<p>High-demand Berrylush Berrylush Embroidered Anarkali Kurta Set with Dupatta (Pro). Designed for superior performance, comfort and style. Sourced with USPS express air shipping (7-10 days).</p>",Berrylush,clothing,clothing,"women, clothing, women, dropshipping, bestseller",true,Color,Emerald Silk,Size,S,SY-SY-PROD-1531,500,shopify,15,deny,manual,61.39,99.15,true,true,https://images.unsplash.com/photo-1550614000-4895a10e1bfd?auto=format&fit=crop&w=800&q=80,1,active
sassafras-double-breasted-tailored-long-blazer-elite,Sassafras Double-Breasted Tailored Long Blazer (Elite),"<p>High-demand Sassafras Sassafras Double-Breasted Tailored Long Blazer (Elite). Designed for superior performance, comfort and style. Sourced with USPS express air shipping (7-10 days).</p>",Sassafras,clothing,clothing,"women, clothing, women, dropshipping, bestseller",true,Color,Camel Houndstooth,Size,XS,SY-SY-PROD-1532,500,shopify,16,deny,manual,127.76,202.03,true,true,https://images.unsplash.com/photo-1496747611176-843222e1e57c?auto=format&fit=crop&w=800&q=80,1,active
tokyo-talkies-high-performance-seamless-sculpt-leggings-classic,Tokyo Talkies High-Performance Seamless Sculpt Leggings (Classic),"<p>High-demand Tokyo Talkies Tokyo Talkies High-Performance Seamless Sculpt Leggings (Classic). Designed for superior performance, comfort and style. Sourced with USPS express air shipping (7-10 days).</p>",Tokyo Talkies,clothing,clothing,"women, clothing, women, dropshipping, bestseller",true,Color,Mocha Brown,Size,XS,SY-SY-PROD-1533,500,shopify,17,deny,manual,33.13,55.35,true,true,https://images.unsplash.com/photo-1485230895905-ec40ba36b9bc?auto=format&fit=crop&w=800&q=80,1,active
anouk-satin-silk-cowl-neck-evening-top-series-2,Anouk Satin Silk Cowl Neck Evening Top (Series 2),"<p>High-demand Anouk Anouk Satin Silk Cowl Neck Evening Top (Series 2). Designed for superior performance, comfort and style. Sourced with USPS express air shipping (7-10 days).</p>",Anouk,clothing,clothing,"women, clothing, women, dropshipping, bestseller",true,Color,Champagne Gold,Size,S,SY-SY-PROD-1534,500,shopify,18,deny,manual,44.50,72.98,true,true,https://images.unsplash.com/photo-1558769132-cb1aea458c5e?auto=format&fit=crop&w=800&q=80,1,active
vero-moda-floral-tiered-bohemian-maxi-dress-air,Vero Moda Floral Tiered Bohemian Maxi Dress (Air),"<p>High-demand Vero Moda Vero Moda Floral Tiered Bohemian Maxi Dress (Air). Designed for superior performance, comfort and style. Sourced with USPS express air shipping (7-10 days).</p>",Vero Moda,clothing,clothing,"women, clothing, women, dropshipping, bestseller",true,Color,Dusty Rose,Size,XS,SY-SY-PROD-1535,500,shopify,19,deny,manual,53.87,87.50,true,true,https://images.unsplash.com/photo-1515886657613-9f3515b0c78f?auto=format&fit=crop&w=800&q=80,1,active
libas-ribbed-knit-bodycon-midi-dress-signature,Libas Ribbed Knit Bodycon Midi Dress (Signature),"<p>High-demand Libas Libas Ribbed Knit Bodycon Midi Dress (Signature). Designed for superior performance, comfort and style. Sourced with USPS express air shipping (7-10 days).</p>",Libas,clothing,clothing,"women, clothing, women, dropshipping, bestseller",true,Color,Espresso Brown,Size,S,SY-SY-PROD-1536,500,shopify,5,deny,manual,37.24,61.72,true,true,https://images.unsplash.com/photo-1529139574466-a303027c1d8b?auto=format&fit=crop&w=800&q=80,1,active
sunnyeora-woman-high-waist-wide-leg-sculpt-jeans-v2,Sunnyeora Woman High-Waist Wide Leg Sculpt Jeans (V2),"<p>High-demand Sunnyeora Woman Sunnyeora Woman High-Waist Wide Leg Sculpt Jeans (V2). Designed for superior performance, comfort and style. Sourced with USPS express air shipping (7-10 days).</p>",Sunnyeora Woman,clothing,clothing,"women, clothing, women, dropshipping, bestseller",true,Color,Vintage Light Wash,Size,26,SY-SY-PROD-1537,500,shopify,6,deny,manual,52.61,85.55,true,true,https://images.unsplash.com/photo-1539571696357-5a69c17a67c6?auto=format&fit=crop&w=800&q=80,1,active
berrylush-oversized-boyfriend-cotton-poplin-shirt-luxe,Berrylush Oversized Boyfriend Cotton Poplin Shirt (Luxe),"<p>High-demand Berrylush Berrylush Oversized Boyfriend Cotton Poplin Shirt (Luxe). Designed for superior performance, comfort and style. Sourced with USPS express air shipping (7-10 days).</p>",Berrylush,clothing,clothing,"women, clothing, women, dropshipping, bestseller",true,Color,Stripe Blue,Size,S,SY-SY-PROD-1538,500,shopify,7,deny,manual,40.98,67.52,true,true,https://images.unsplash.com/photo-1509631179647-0177331693ae?auto=format&fit=crop&w=800&q=80,1,active
sassafras-embroidered-anarkali-kurta-set-with-dupatta-pure,Sassafras Embroidered Anarkali Kurta Set with Dupatta (Pure),"<p>High-demand Sassafras Sassafras Embroidered Anarkali Kurta Set with Dupatta (Pure). Designed for superior performance, comfort and style. Sourced with USPS express air shipping (7-10 days).</p>",Sassafras,clothing,clothing,"women, clothing, women, dropshipping, bestseller",true,Color,Emerald Silk,Size,S,SY-SY-PROD-1539,500,shopify,8,deny,manual,72.35,116.14,true,true,https://images.unsplash.com/photo-1550614000-4895a10e1bfd?auto=format&fit=crop&w=800&q=80,1,active
tokyo-talkies-double-breasted-tailored-long-blazer-essential,Tokyo Talkies Double-Breasted Tailored Long Blazer (Essential),"<p>High-demand Tokyo Talkies Tokyo Talkies Double-Breasted Tailored Long Blazer (Essential). Designed for superior performance, comfort and style. Sourced with USPS express air shipping (7-10 days).</p>",Tokyo Talkies,clothing,clothing,"women, clothing, women, dropshipping, bestseller",true,Color,Camel Houndstooth,Size,XS,SY-SY-PROD-1540,500,shopify,9,deny,manual,77.72,124.47,true,true,https://images.unsplash.com/photo-1496747611176-843222e1e57c?auto=format&fit=crop&w=800&q=80,1,active
anouk-high-performance-seamless-sculpt-leggings-pro,Anouk High-Performance Seamless Sculpt Leggings (Pro),"<p>High-demand Anouk Anouk High-Performance Seamless Sculpt Leggings (Pro). Designed for superior performance, comfort and style. Sourced with USPS express air shipping (7-10 days).</p>",Anouk,clothing,clothing,"women, clothing, women, dropshipping, bestseller",true,Color,Mocha Brown,Size,XS,SY-SY-PROD-1541,500,shopify,10,deny,manual,44.09,72.34,true,true,https://images.unsplash.com/photo-1485230895905-ec40ba36b9bc?auto=format&fit=crop&w=800&q=80,1,active
vero-moda-satin-silk-cowl-neck-evening-top-elite,Vero Moda Satin Silk Cowl Neck Evening Top (Elite),"<p>High-demand Vero Moda Vero Moda Satin Silk Cowl Neck Evening Top (Elite). Designed for superior performance, comfort and style. Sourced with USPS express air shipping (7-10 days).</p>",Vero Moda,clothing,clothing,"women, clothing, women, dropshipping, bestseller",true,Color,Champagne Gold,Size,S,SY-SY-PROD-1542,500,shopify,11,deny,manual,37.46,62.06,true,true,https://images.unsplash.com/photo-1558769132-cb1aea458c5e?auto=format&fit=crop&w=800&q=80,1,active
libas-floral-tiered-bohemian-maxi-dress-classic,Libas Floral Tiered Bohemian Maxi Dress (Classic),"<p>High-demand Libas Libas Floral Tiered Bohemian Maxi Dress (Classic). Designed for superior performance, comfort and style. Sourced with USPS express air shipping (7-10 days).</p>",Libas,clothing,clothing,"women, clothing, women, dropshipping, bestseller",true,Color,Dusty Rose,Size,XS,SY-SY-PROD-1543,500,shopify,12,deny,manual,64.83,104.49,true,true,https://images.unsplash.com/photo-1515886657613-9f3515b0c78f?auto=format&fit=crop&w=800&q=80,1,active
sunnyeora-woman-ribbed-knit-bodycon-midi-dress-series-2,Sunnyeora Woman Ribbed Knit Bodycon Midi Dress (Series 2),"<p>High-demand Sunnyeora Woman Sunnyeora Woman Ribbed Knit Bodycon Midi Dress (Series 2). Designed for superior performance, comfort and style. Sourced with USPS express air shipping (7-10 days).</p>",Sunnyeora Woman,clothing,clothing,"women, clothing, women, dropshipping, bestseller",true,Color,Espresso Brown,Size,S,SY-SY-PROD-1544,500,shopify,13,deny,manual,48.20,78.71,true,true,https://images.unsplash.com/photo-1529139574466-a303027c1d8b?auto=format&fit=crop&w=800&q=80,1,active
berrylush-high-waist-wide-leg-sculpt-jeans-air,Berrylush High-Waist Wide Leg Sculpt Jeans (Air),"<p>High-demand Berrylush Berrylush High-Waist Wide Leg Sculpt Jeans (Air). Designed for superior performance, comfort and style. Sourced with USPS express air shipping (7-10 days).</p>",Berrylush,clothing,clothing,"women, clothing, women, dropshipping, bestseller",true,Color,Vintage Light Wash,Size,26,SY-SY-PROD-1545,500,shopify,14,deny,manual,63.57,102.53,true,true,https://images.unsplash.com/photo-1539571696357-5a69c17a67c6?auto=format&fit=crop&w=800&q=80,1,active
sassafras-oversized-boyfriend-cotton-poplin-shirt-signature,Sassafras Oversized Boyfriend Cotton Poplin Shirt (Signature),"<p>High-demand Sassafras Sassafras Oversized Boyfriend Cotton Poplin Shirt (Signature). Designed for superior performance, comfort and style. Sourced with USPS express air shipping (7-10 days).</p>",Sassafras,clothing,clothing,"women, clothing, women, dropshipping, bestseller",true,Color,Stripe Blue,Size,S,SY-SY-PROD-1546,500,shopify,15,deny,manual,31.94,53.51,true,true,https://images.unsplash.com/photo-1509631179647-0177331693ae?auto=format&fit=crop&w=800&q=80,1,active
tokyo-talkies-embroidered-anarkali-kurta-set-with-dupatta-v2,Tokyo Talkies Embroidered Anarkali Kurta Set with Dupatta (V2),"<p>High-demand Tokyo Talkies Tokyo Talkies Embroidered Anarkali Kurta Set with Dupatta (V2). Designed for superior performance, comfort and style. Sourced with USPS express air shipping (7-10 days).</p>",Tokyo Talkies,clothing,clothing,"women, clothing, women, dropshipping, bestseller",true,Color,Emerald Silk,Size,S,SY-SY-PROD-1547,500,shopify,16,deny,manual,83.31,133.13,true,true,https://images.unsplash.com/photo-1550614000-4895a10e1bfd?auto=format&fit=crop&w=800&q=80,1,active
anouk-double-breasted-tailored-long-blazer-luxe,Anouk Double-Breasted Tailored Long Blazer (Luxe),"<p>High-demand Anouk Anouk Double-Breasted Tailored Long Blazer (Luxe). Designed for superior performance, comfort and style. Sourced with USPS express air shipping (7-10 days).</p>",Anouk,clothing,clothing,"women, clothing, women, dropshipping, bestseller",true,Color,Camel Houndstooth,Size,XS,SY-SY-PROD-1548,500,shopify,17,deny,manual,88.68,141.45,true,true,https://images.unsplash.com/photo-1496747611176-843222e1e57c?auto=format&fit=crop&w=800&q=80,1,active
vero-moda-high-performance-seamless-sculpt-leggings-pure,Vero Moda High-Performance Seamless Sculpt Leggings (Pure),"<p>High-demand Vero Moda Vero Moda High-Performance Seamless Sculpt Leggings (Pure). Designed for superior performance, comfort and style. Sourced with USPS express air shipping (7-10 days).</p>",Vero Moda,clothing,clothing,"women, clothing, women, dropshipping, bestseller",true,Color,Mocha Brown,Size,XS,SY-SY-PROD-1549,500,shopify,18,deny,manual,35.05,58.33,true,true,https://images.unsplash.com/photo-1485230895905-ec40ba36b9bc?auto=format&fit=crop&w=800&q=80,1,active
libas-satin-silk-cowl-neck-evening-top-essential,Libas Satin Silk Cowl Neck Evening Top (Essential),"<p>High-demand Libas Libas Satin Silk Cowl Neck Evening Top (Essential). Designed for superior performance, comfort and style. Sourced with USPS express air shipping (7-10 days).</p>",Libas,clothing,clothing,"women, clothing, women, dropshipping, bestseller",true,Color,Champagne Gold,Size,S,SY-SY-PROD-1550,500,shopify,19,deny,manual,30.42,51.15,true,true,https://images.unsplash.com/photo-1558769132-cb1aea458c5e?auto=format&fit=crop&w=800&q=80,1,active
sunnyeora-woman-floral-tiered-bohemian-maxi-dress-pro,Sunnyeora Woman Floral Tiered Bohemian Maxi Dress (Pro),"<p>High-demand Sunnyeora Woman Sunnyeora Woman Floral Tiered Bohemian Maxi Dress (Pro). Designed for superior performance, comfort and style. Sourced with USPS express air shipping (7-10 days).</p>",Sunnyeora Woman,clothing,clothing,"women, clothing, women, dropshipping, bestseller",true,Color,Dusty Rose,Size,XS,SY-SY-PROD-1551,500,shopify,5,deny,manual,75.79,121.47,true,true,https://images.unsplash.com/photo-1515886657613-9f3515b0c78f?auto=format&fit=crop&w=800&q=80,1,active
berrylush-ribbed-knit-bodycon-midi-dress-elite,Berrylush Ribbed Knit Bodycon Midi Dress (Elite),"<p>High-demand Berrylush Berrylush Ribbed Knit Bodycon Midi Dress (Elite). Designed for superior performance, comfort and style. Sourced with USPS express air shipping (7-10 days).</p>",Berrylush,clothing,clothing,"women, clothing, women, dropshipping, bestseller",true,Color,Espresso Brown,Size,S,SY-SY-PROD-1552,500,shopify,6,deny,manual,59.16,95.70,true,true,https://images.unsplash.com/photo-1529139574466-a303027c1d8b?auto=format&fit=crop&w=800&q=80,1,active
sassafras-high-waist-wide-leg-sculpt-jeans-classic,Sassafras High-Waist Wide Leg Sculpt Jeans (Classic),"<p>High-demand Sassafras Sassafras High-Waist Wide Leg Sculpt Jeans (Classic). Designed for superior performance, comfort and style. Sourced with USPS express air shipping (7-10 days).</p>",Sassafras,clothing,clothing,"women, clothing, women, dropshipping, bestseller",true,Color,Vintage Light Wash,Size,26,SY-SY-PROD-1553,500,shopify,7,deny,manual,74.53,119.52,true,true,https://images.unsplash.com/photo-1539571696357-5a69c17a67c6?auto=format&fit=crop&w=800&q=80,1,active
tokyo-talkies-oversized-boyfriend-cotton-poplin-shirt-series-2,Tokyo Talkies Oversized Boyfriend Cotton Poplin Shirt (Series 2),"<p>High-demand Tokyo Talkies Tokyo Talkies Oversized Boyfriend Cotton Poplin Shirt (Series 2). Designed for superior performance, comfort and style. Sourced with USPS express air shipping (7-10 days).</p>",Tokyo Talkies,clothing,clothing,"women, clothing, women, dropshipping, bestseller",true,Color,Stripe Blue,Size,S,SY-SY-PROD-1554,500,shopify,8,deny,manual,42.90,70.50,true,true,https://images.unsplash.com/photo-1509631179647-0177331693ae?auto=format&fit=crop&w=800&q=80,1,active
anouk-embroidered-anarkali-kurta-set-with-dupatta-air,Anouk Embroidered Anarkali Kurta Set with Dupatta (Air),"<p>High-demand Anouk Anouk Embroidered Anarkali Kurta Set with Dupatta (Air). Designed for superior performance, comfort and style. Sourced with USPS express air shipping (7-10 days).</p>",Anouk,clothing,clothing,"women, clothing, women, dropshipping, bestseller",true,Color,Emerald Silk,Size,S,SY-SY-PROD-1555,500,shopify,9,deny,manual,94.27,150.12,true,true,https://images.unsplash.com/photo-1550614000-4895a10e1bfd?auto=format&fit=crop&w=800&q=80,1,active
vero-moda-double-breasted-tailored-long-blazer-signature,Vero Moda Double-Breasted Tailored Long Blazer (Signature),"<p>High-demand Vero Moda Vero Moda Double-Breasted Tailored Long Blazer (Signature). Designed for superior performance, comfort and style. Sourced with USPS express air shipping (7-10 days).</p>",Vero Moda,clothing,clothing,"women, clothing, women, dropshipping, bestseller",true,Color,Camel Houndstooth,Size,XS,SY-SY-PROD-1556,500,shopify,10,deny,manual,99.64,158.44,true,true,https://images.unsplash.com/photo-1496747611176-843222e1e57c?auto=format&fit=crop&w=800&q=80,1,active
libas-high-performance-seamless-sculpt-leggings-v2,Libas High-Performance Seamless Sculpt Leggings (V2),"<p>High-demand Libas Libas High-Performance Seamless Sculpt Leggings (V2). Designed for superior performance, comfort and style. Sourced with USPS express air shipping (7-10 days).</p>",Libas,clothing,clothing,"women, clothing, women, dropshipping, bestseller",true,Color,Mocha Brown,Size,XS,SY-SY-PROD-1557,500,shopify,11,deny,manual,46.01,75.32,true,true,https://images.unsplash.com/photo-1485230895905-ec40ba36b9bc?auto=format&fit=crop&w=800&q=80,1,active
sunnyeora-woman-satin-silk-cowl-neck-evening-top-luxe,Sunnyeora Woman Satin Silk Cowl Neck Evening Top (Luxe),"<p>High-demand Sunnyeora Woman Sunnyeora Woman Satin Silk Cowl Neck Evening Top (Luxe). Designed for superior performance, comfort and style. Sourced with USPS express air shipping (7-10 days).</p>",Sunnyeora Woman,clothing,clothing,"women, clothing, women, dropshipping, bestseller",true,Color,Champagne Gold,Size,S,SY-SY-PROD-1558,500,shopify,12,deny,manual,41.38,68.14,true,true,https://images.unsplash.com/photo-1558769132-cb1aea458c5e?auto=format&fit=crop&w=800&q=80,1,active
berrylush-floral-tiered-bohemian-maxi-dress-pure,Berrylush Floral Tiered Bohemian Maxi Dress (Pure),"<p>High-demand Berrylush Berrylush Floral Tiered Bohemian Maxi Dress (Pure). Designed for superior performance, comfort and style. Sourced with USPS express air shipping (7-10 days).</p>",Berrylush,clothing,clothing,"women, clothing, women, dropshipping, bestseller",true,Color,Dusty Rose,Size,XS,SY-SY-PROD-1559,500,shopify,13,deny,manual,49.75,81.11,true,true,https://images.unsplash.com/photo-1515886657613-9f3515b0c78f?auto=format&fit=crop&w=800&q=80,1,active
sassafras-ribbed-knit-bodycon-midi-dress-essential,Sassafras Ribbed Knit Bodycon Midi Dress (Essential),"<p>High-demand Sassafras Sassafras Ribbed Knit Bodycon Midi Dress (Essential). Designed for superior performance, comfort and style. Sourced with USPS express air shipping (7-10 days).</p>",Sassafras,clothing,clothing,"women, clothing, women, dropshipping, bestseller",true,Color,Espresso Brown,Size,S,SY-SY-PROD-1560,500,shopify,14,deny,manual,42.12,69.29,true,true,https://images.unsplash.com/photo-1529139574466-a303027c1d8b?auto=format&fit=crop&w=800&q=80,1,active
tokyo-talkies-high-waist-wide-leg-sculpt-jeans-pro,Tokyo Talkies High-Waist Wide Leg Sculpt Jeans (Pro),"<p>High-demand Tokyo Talkies Tokyo Talkies High-Waist Wide Leg Sculpt Jeans (Pro). Designed for superior performance, comfort and style. Sourced with USPS express air shipping (7-10 days).</p>",Tokyo Talkies,clothing,clothing,"women, clothing, women, dropshipping, bestseller",true,Color,Vintage Light Wash,Size,26,SY-SY-PROD-1561,500,shopify,15,deny,manual,47.49,77.61,true,true,https://images.unsplash.com/photo-1539571696357-5a69c17a67c6?auto=format&fit=crop&w=800&q=80,1,active
anouk-oversized-boyfriend-cotton-poplin-shirt-elite,Anouk Oversized Boyfriend Cotton Poplin Shirt (Elite),"<p>High-demand Anouk Anouk Oversized Boyfriend Cotton Poplin Shirt (Elite). Designed for superior performance, comfort and style. Sourced with USPS express air shipping (7-10 days).</p>",Anouk,clothing,clothing,"women, clothing, women, dropshipping, bestseller",true,Color,Stripe Blue,Size,S,SY-SY-PROD-1562,500,shopify,16,deny,manual,33.86,56.48,true,true,https://images.unsplash.com/photo-1509631179647-0177331693ae?auto=format&fit=crop&w=800&q=80,1,active
vero-moda-embroidered-anarkali-kurta-set-with-dupatta-classic,Vero Moda Embroidered Anarkali Kurta Set with Dupatta (Classic),"<p>High-demand Vero Moda Vero Moda Embroidered Anarkali Kurta Set with Dupatta (Classic). Designed for superior performance, comfort and style. Sourced with USPS express air shipping (7-10 days).</p>",Vero Moda,clothing,clothing,"women, clothing, women, dropshipping, bestseller",true,Color,Emerald Silk,Size,S,SY-SY-PROD-1563,500,shopify,17,deny,manual,105.23,167.11,true,true,https://images.unsplash.com/photo-1550614000-4895a10e1bfd?auto=format&fit=crop&w=800&q=80,1,active
libas-double-breasted-tailored-long-blazer-series-2,Libas Double-Breasted Tailored Long Blazer (Series 2),"<p>High-demand Libas Libas Double-Breasted Tailored Long Blazer (Series 2). Designed for superior performance, comfort and style. Sourced with USPS express air shipping (7-10 days).</p>",Libas,clothing,clothing,"women, clothing, women, dropshipping, bestseller",true,Color,Camel Houndstooth,Size,XS,SY-SY-PROD-1564,500,shopify,18,deny,manual,110.60,175.43,true,true,https://images.unsplash.com/photo-1496747611176-843222e1e57c?auto=format&fit=crop&w=800&q=80,1,active
sunnyeora-woman-high-performance-seamless-sculpt-leggings-air,Sunnyeora Woman High-Performance Seamless Sculpt Leggings (Air),"<p>High-demand Sunnyeora Woman Sunnyeora Woman High-Performance Seamless Sculpt Leggings (Air). Designed for superior performance, comfort and style. Sourced with USPS express air shipping (7-10 days).</p>",Sunnyeora Woman,clothing,clothing,"women, clothing, women, dropshipping, bestseller",true,Color,Mocha Brown,Size,XS,SY-SY-PROD-1565,500,shopify,19,deny,manual,36.97,61.30,true,true,https://images.unsplash.com/photo-1485230895905-ec40ba36b9bc?auto=format&fit=crop&w=800&q=80,1,active
berrylush-satin-silk-cowl-neck-evening-top-signature,Berrylush Satin Silk Cowl Neck Evening Top (Signature),"<p>High-demand Berrylush Berrylush Satin Silk Cowl Neck Evening Top (Signature). Designed for superior performance, comfort and style. Sourced with USPS express air shipping (7-10 days).</p>",Berrylush,clothing,clothing,"women, clothing, women, dropshipping, bestseller",true,Color,Champagne Gold,Size,S,SY-SY-PROD-1566,500,shopify,5,deny,manual,34.34,57.23,true,true,https://images.unsplash.com/photo-1558769132-cb1aea458c5e?auto=format&fit=crop&w=800&q=80,1,active
sassafras-floral-tiered-bohemian-maxi-dress-v2,Sassafras Floral Tiered Bohemian Maxi Dress (V2),"<p>High-demand Sassafras Sassafras Floral Tiered Bohemian Maxi Dress (V2). Designed for superior performance, comfort and style. Sourced with USPS express air shipping (7-10 days).</p>",Sassafras,clothing,clothing,"women, clothing, women, dropshipping, bestseller",true,Color,Dusty Rose,Size,XS,SY-SY-PROD-1567,500,shopify,6,deny,manual,60.71,98.10,true,true,https://images.unsplash.com/photo-1515886657613-9f3515b0c78f?auto=format&fit=crop&w=800&q=80,1,active
tokyo-talkies-ribbed-knit-bodycon-midi-dress-luxe,Tokyo Talkies Ribbed Knit Bodycon Midi Dress (Luxe),"<p>High-demand Tokyo Talkies Tokyo Talkies Ribbed Knit Bodycon Midi Dress (Luxe). Designed for superior performance, comfort and style. Sourced with USPS express air shipping (7-10 days).</p>",Tokyo Talkies,clothing,clothing,"women, clothing, women, dropshipping, bestseller",true,Color,Espresso Brown,Size,S,SY-SY-PROD-1568,500,shopify,7,deny,manual,53.08,86.27,true,true,https://images.unsplash.com/photo-1529139574466-a303027c1d8b?auto=format&fit=crop&w=800&q=80,1,active
anouk-high-waist-wide-leg-sculpt-jeans-pure,Anouk High-Waist Wide Leg Sculpt Jeans (Pure),"<p>High-demand Anouk Anouk High-Waist Wide Leg Sculpt Jeans (Pure). Designed for superior performance, comfort and style. Sourced with USPS express air shipping (7-10 days).</p>",Anouk,clothing,clothing,"women, clothing, women, dropshipping, bestseller",true,Color,Vintage Light Wash,Size,26,SY-SY-PROD-1569,500,shopify,8,deny,manual,58.45,94.60,true,true,https://images.unsplash.com/photo-1539571696357-5a69c17a67c6?auto=format&fit=crop&w=800&q=80,1,active
vero-moda-oversized-boyfriend-cotton-poplin-shirt-essential,Vero Moda Oversized Boyfriend Cotton Poplin Shirt (Essential),"<p>High-demand Vero Moda Vero Moda Oversized Boyfriend Cotton Poplin Shirt (Essential). Designed for superior performance, comfort and style. Sourced with USPS express air shipping (7-10 days).</p>",Vero Moda,clothing,clothing,"women, clothing, women, dropshipping, bestseller",true,Color,Stripe Blue,Size,S,SY-SY-PROD-1570,500,shopify,9,deny,manual,44.82,73.47,true,true,https://images.unsplash.com/photo-1509631179647-0177331693ae?auto=format&fit=crop&w=800&q=80,1,active
libas-embroidered-anarkali-kurta-set-with-dupatta-pro,Libas Embroidered Anarkali Kurta Set with Dupatta (Pro),"<p>High-demand Libas Libas Embroidered Anarkali Kurta Set with Dupatta (Pro). Designed for superior performance, comfort and style. Sourced with USPS express air shipping (7-10 days).</p>",Libas,clothing,clothing,"women, clothing, women, dropshipping, bestseller",true,Color,Emerald Silk,Size,S,SY-SY-PROD-1571,500,shopify,10,deny,manual,66.19,106.59,true,true,https://images.unsplash.com/photo-1550614000-4895a10e1bfd?auto=format&fit=crop&w=800&q=80,1,active
sunnyeora-woman-double-breasted-tailored-long-blazer-elite,Sunnyeora Woman Double-Breasted Tailored Long Blazer (Elite),"<p>High-demand Sunnyeora Woman Sunnyeora Woman Double-Breasted Tailored Long Blazer (Elite). Designed for superior performance, comfort and style. Sourced with USPS express air shipping (7-10 days).</p>",Sunnyeora Woman,clothing,clothing,"women, clothing, women, dropshipping, bestseller",true,Color,Camel Houndstooth,Size,XS,SY-SY-PROD-1572,500,shopify,11,deny,manual,121.56,192.42,true,true,https://images.unsplash.com/photo-1496747611176-843222e1e57c?auto=format&fit=crop&w=800&q=80,1,active
berrylush-high-performance-seamless-sculpt-leggings-classic,Berrylush High-Performance Seamless Sculpt Leggings (Classic),"<p>High-demand Berrylush Berrylush High-Performance Seamless Sculpt Leggings (Classic). Designed for superior performance, comfort and style. Sourced with USPS express air shipping (7-10 days).</p>",Berrylush,clothing,clothing,"women, clothing, women, dropshipping, bestseller",true,Color,Mocha Brown,Size,XS,SY-SY-PROD-1573,500,shopify,12,deny,manual,47.93,78.29,true,true,https://images.unsplash.com/photo-1485230895905-ec40ba36b9bc?auto=format&fit=crop&w=800&q=80,1,active
sassafras-satin-silk-cowl-neck-evening-top-series-2,Sassafras Satin Silk Cowl Neck Evening Top (Series 2),"<p>High-demand Sassafras Sassafras Satin Silk Cowl Neck Evening Top (Series 2). Designed for superior performance, comfort and style. Sourced with USPS express air shipping (7-10 days).</p>",Sassafras,clothing,clothing,"women, clothing, women, dropshipping, bestseller",true,Color,Champagne Gold,Size,S,SY-SY-PROD-1574,500,shopify,13,deny,manual,27.30,46.32,true,true,https://images.unsplash.com/photo-1558769132-cb1aea458c5e?auto=format&fit=crop&w=800&q=80,1,active
tokyo-talkies-floral-tiered-bohemian-maxi-dress-air,Tokyo Talkies Floral Tiered Bohemian Maxi Dress (Air),"<p>High-demand Tokyo Talkies Tokyo Talkies Floral Tiered Bohemian Maxi Dress (Air). Designed for superior performance, comfort and style. Sourced with USPS express air shipping (7-10 days).</p>",Tokyo Talkies,clothing,clothing,"women, clothing, women, dropshipping, bestseller",true,Color,Dusty Rose,Size,XS,SY-SY-PROD-1575,500,shopify,14,deny,manual,71.67,115.09,true,true,https://images.unsplash.com/photo-1515886657613-9f3515b0c78f?auto=format&fit=crop&w=800&q=80,1,active
anouk-ribbed-knit-bodycon-midi-dress-signature,Anouk Ribbed Knit Bodycon Midi Dress (Signature),"<p>High-demand Anouk Anouk Ribbed Knit Bodycon Midi Dress (Signature). Designed for superior performance, comfort and style. Sourced with USPS express air shipping (7-10 days).</p>",Anouk,clothing,clothing,"women, clothing, women, dropshipping, bestseller",true,Color,Espresso Brown,Size,S,SY-SY-PROD-1576,500,shopify,15,deny,manual,64.04,103.26,true,true,https://images.unsplash.com/photo-1529139574466-a303027c1d8b?auto=format&fit=crop&w=800&q=80,1,active
vero-moda-high-waist-wide-leg-sculpt-jeans-v2,Vero Moda High-Waist Wide Leg Sculpt Jeans (V2),"<p>High-demand Vero Moda Vero Moda High-Waist Wide Leg Sculpt Jeans (V2). Designed for superior performance, comfort and style. Sourced with USPS express air shipping (7-10 days).</p>",Vero Moda,clothing,clothing,"women, clothing, women, dropshipping, bestseller",true,Color,Vintage Light Wash,Size,26,SY-SY-PROD-1577,500,shopify,16,deny,manual,69.41,111.59,true,true,https://images.unsplash.com/photo-1539571696357-5a69c17a67c6?auto=format&fit=crop&w=800&q=80,1,active
libas-oversized-boyfriend-cotton-poplin-shirt-luxe,Libas Oversized Boyfriend Cotton Poplin Shirt (Luxe),"<p>High-demand Libas Libas Oversized Boyfriend Cotton Poplin Shirt (Luxe). Designed for superior performance, comfort and style. Sourced with USPS express air shipping (7-10 days).</p>",Libas,clothing,clothing,"women, clothing, women, dropshipping, bestseller",true,Color,Stripe Blue,Size,S,SY-SY-PROD-1578,500,shopify,17,deny,manual,35.78,59.46,true,true,https://images.unsplash.com/photo-1509631179647-0177331693ae?auto=format&fit=crop&w=800&q=80,1,active
sunnyeora-woman-embroidered-anarkali-kurta-set-with-dupatta-pure,Sunnyeora Woman Embroidered Anarkali Kurta Set with Dupatta (Pure),"<p>High-demand Sunnyeora Woman Sunnyeora Woman Embroidered Anarkali Kurta Set with Dupatta (Pure). Designed for superior performance, comfort and style. Sourced with USPS express air shipping (7-10 days).</p>",Sunnyeora Woman,clothing,clothing,"women, clothing, women, dropshipping, bestseller",true,Color,Emerald Silk,Size,S,SY-SY-PROD-1579,500,shopify,18,deny,manual,77.15,123.58,true,true,https://images.unsplash.com/photo-1550614000-4895a10e1bfd?auto=format&fit=crop&w=800&q=80,1,active
berrylush-double-breasted-tailored-long-blazer-essential,Berrylush Double-Breasted Tailored Long Blazer (Essential),"<p>High-demand Berrylush Berrylush Double-Breasted Tailored Long Blazer (Essential). Designed for superior performance, comfort and style. Sourced with USPS express air shipping (7-10 days).</p>",Berrylush,clothing,clothing,"women, clothing, women, dropshipping, bestseller",true,Color,Camel Houndstooth,Size,XS,SY-SY-PROD-1580,500,shopify,19,deny,manual,71.52,114.86,true,true,https://images.unsplash.com/photo-1496747611176-843222e1e57c?auto=format&fit=crop&w=800&q=80,1,active
sassafras-high-performance-seamless-sculpt-leggings-pro,Sassafras High-Performance Seamless Sculpt Leggings (Pro),"<p>High-demand Sassafras Sassafras High-Performance Seamless Sculpt Leggings (Pro). Designed for superior performance, comfort and style. Sourced with USPS express air shipping (7-10 days).</p>",Sassafras,clothing,clothing,"women, clothing, women, dropshipping, bestseller",true,Color,Mocha Brown,Size,XS,SY-SY-PROD-1581,500,shopify,5,deny,manual,38.89,64.28,true,true,https://images.unsplash.com/photo-1485230895905-ec40ba36b9bc?auto=format&fit=crop&w=800&q=80,1,active
tokyo-talkies-satin-silk-cowl-neck-evening-top-elite,Tokyo Talkies Satin Silk Cowl Neck Evening Top (Elite),"<p>High-demand Tokyo Talkies Tokyo Talkies Satin Silk Cowl Neck Evening Top (Elite). Designed for superior performance, comfort and style. Sourced with USPS express air shipping (7-10 days).</p>",Tokyo Talkies,clothing,clothing,"women, clothing, women, dropshipping, bestseller",true,Color,Champagne Gold,Size,S,SY-SY-PROD-1582,500,shopify,6,deny,manual,38.26,63.30,true,true,https://images.unsplash.com/photo-1558769132-cb1aea458c5e?auto=format&fit=crop&w=800&q=80,1,active
anouk-floral-tiered-bohemian-maxi-dress-classic,Anouk Floral Tiered Bohemian Maxi Dress (Classic),"<p>High-demand Anouk Anouk Floral Tiered Bohemian Maxi Dress (Classic). Designed for superior performance, comfort and style. Sourced with USPS express air shipping (7-10 days).</p>",Anouk,clothing,clothing,"women, clothing, women, dropshipping, bestseller",true,Color,Dusty Rose,Size,XS,SY-SY-PROD-1583,500,shopify,7,deny,manual,45.63,74.73,true,true,https://images.unsplash.com/photo-1515886657613-9f3515b0c78f?auto=format&fit=crop&w=800&q=80,1,active
vero-moda-ribbed-knit-bodycon-midi-dress-series-2,Vero Moda Ribbed Knit Bodycon Midi Dress (Series 2),"<p>High-demand Vero Moda Vero Moda Ribbed Knit Bodycon Midi Dress (Series 2). Designed for superior performance, comfort and style. Sourced with USPS express air shipping (7-10 days).</p>",Vero Moda,clothing,clothing,"women, clothing, women, dropshipping, bestseller",true,Color,Espresso Brown,Size,S,SY-SY-PROD-1584,500,shopify,8,deny,manual,47.00,76.85,true,true,https://images.unsplash.com/photo-1529139574466-a303027c1d8b?auto=format&fit=crop&w=800&q=80,1,active
libas-high-waist-wide-leg-sculpt-jeans-air,Libas High-Waist Wide Leg Sculpt Jeans (Air),"<p>High-demand Libas Libas High-Waist Wide Leg Sculpt Jeans (Air). Designed for superior performance, comfort and style. Sourced with USPS express air shipping (7-10 days).</p>",Libas,clothing,clothing,"women, clothing, women, dropshipping, bestseller",true,Color,Vintage Light Wash,Size,26,SY-SY-PROD-1585,500,shopify,9,deny,manual,80.37,128.57,true,true,https://images.unsplash.com/photo-1539571696357-5a69c17a67c6?auto=format&fit=crop&w=800&q=80,1,active
sunnyeora-woman-oversized-boyfriend-cotton-poplin-shirt-signature,Sunnyeora Woman Oversized Boyfriend Cotton Poplin Shirt (Signature),"<p>High-demand Sunnyeora Woman Sunnyeora Woman Oversized Boyfriend Cotton Poplin Shirt (Signature). Designed for superior performance, comfort and style. Sourced with USPS express air shipping (7-10 days).</p>",Sunnyeora Woman,clothing,clothing,"women, clothing, women, dropshipping, bestseller",true,Color,Stripe Blue,Size,S,SY-SY-PROD-1586,500,shopify,10,deny,manual,46.74,76.45,true,true,https://images.unsplash.com/photo-1509631179647-0177331693ae?auto=format&fit=crop&w=800&q=80,1,active
berrylush-embroidered-anarkali-kurta-set-with-dupatta-v2,Berrylush Embroidered Anarkali Kurta Set with Dupatta (V2),"<p>High-demand Berrylush Berrylush Embroidered Anarkali Kurta Set with Dupatta (V2). Designed for superior performance, comfort and style. Sourced with USPS express air shipping (7-10 days).</p>",Berrylush,clothing,clothing,"women, clothing, women, dropshipping, bestseller",true,Color,Emerald Silk,Size,S,SY-SY-PROD-1587,500,shopify,11,deny,manual,88.11,140.57,true,true,https://images.unsplash.com/photo-1550614000-4895a10e1bfd?auto=format&fit=crop&w=800&q=80,1,active
sassafras-double-breasted-tailored-long-blazer-luxe,Sassafras Double-Breasted Tailored Long Blazer (Luxe),"<p>High-demand Sassafras Sassafras Double-Breasted Tailored Long Blazer (Luxe). Designed for superior performance, comfort and style. Sourced with USPS express air shipping (7-10 days).</p>",Sassafras,clothing,clothing,"women, clothing, women, dropshipping, bestseller",true,Color,Camel Houndstooth,Size,XS,SY-SY-PROD-1588,500,shopify,12,deny,manual,82.48,131.84,true,true,https://images.unsplash.com/photo-1496747611176-843222e1e57c?auto=format&fit=crop&w=800&q=80,1,active
tokyo-talkies-high-performance-seamless-sculpt-leggings-pure,Tokyo Talkies High-Performance Seamless Sculpt Leggings (Pure),"<p>High-demand Tokyo Talkies Tokyo Talkies High-Performance Seamless Sculpt Leggings (Pure). Designed for superior performance, comfort and style. Sourced with USPS express air shipping (7-10 days).</p>",Tokyo Talkies,clothing,clothing,"women, clothing, women, dropshipping, bestseller",true,Color,Mocha Brown,Size,XS,SY-SY-PROD-1589,500,shopify,13,deny,manual,29.85,50.27,true,true,https://images.unsplash.com/photo-1485230895905-ec40ba36b9bc?auto=format&fit=crop&w=800&q=80,1,active
anouk-satin-silk-cowl-neck-evening-top-essential,Anouk Satin Silk Cowl Neck Evening Top (Essential),"<p>High-demand Anouk Anouk Satin Silk Cowl Neck Evening Top (Essential). Designed for superior performance, comfort and style. Sourced with USPS express air shipping (7-10 days).</p>",Anouk,clothing,clothing,"women, clothing, women, dropshipping, bestseller",true,Color,Champagne Gold,Size,S,SY-SY-PROD-1590,500,shopify,14,deny,manual,31.22,52.39,true,true,https://images.unsplash.com/photo-1558769132-cb1aea458c5e?auto=format&fit=crop&w=800&q=80,1,active
vero-moda-floral-tiered-bohemian-maxi-dress-pro,Vero Moda Floral Tiered Bohemian Maxi Dress (Pro),"<p>High-demand Vero Moda Vero Moda Floral Tiered Bohemian Maxi Dress (Pro). Designed for superior performance, comfort and style. Sourced with USPS express air shipping (7-10 days).</p>",Vero Moda,clothing,clothing,"women, clothing, women, dropshipping, bestseller",true,Color,Dusty Rose,Size,XS,SY-SY-PROD-1591,500,shopify,15,deny,manual,56.59,91.71,true,true,https://images.unsplash.com/photo-1515886657613-9f3515b0c78f?auto=format&fit=crop&w=800&q=80,1,active
libas-ribbed-knit-bodycon-midi-dress-elite,Libas Ribbed Knit Bodycon Midi Dress (Elite),"<p>High-demand Libas Libas Ribbed Knit Bodycon Midi Dress (Elite). Designed for superior performance, comfort and style. Sourced with USPS express air shipping (7-10 days).</p>",Libas,clothing,clothing,"women, clothing, women, dropshipping, bestseller",true,Color,Espresso Brown,Size,S,SY-SY-PROD-1592,500,shopify,16,deny,manual,57.96,93.84,true,true,https://images.unsplash.com/photo-1529139574466-a303027c1d8b?auto=format&fit=crop&w=800&q=80,1,active
sunnyeora-woman-high-waist-wide-leg-sculpt-jeans-classic,Sunnyeora Woman High-Waist Wide Leg Sculpt Jeans (Classic),"<p>High-demand Sunnyeora Woman Sunnyeora Woman High-Waist Wide Leg Sculpt Jeans (Classic). Designed for superior performance, comfort and style. Sourced with USPS express air shipping (7-10 days).</p>",Sunnyeora Woman,clothing,clothing,"women, clothing, women, dropshipping, bestseller",true,Color,Vintage Light Wash,Size,26,SY-SY-PROD-1593,500,shopify,17,deny,manual,53.33,86.66,true,true,https://images.unsplash.com/photo-1539571696357-5a69c17a67c6?auto=format&fit=crop&w=800&q=80,1,active
berrylush-oversized-boyfriend-cotton-poplin-shirt-series-2,Berrylush Oversized Boyfriend Cotton Poplin Shirt (Series 2),"<p>High-demand Berrylush Berrylush Oversized Boyfriend Cotton Poplin Shirt (Series 2). Designed for superior performance, comfort and style. Sourced with USPS express air shipping (7-10 days).</p>",Berrylush,clothing,clothing,"women, clothing, women, dropshipping, bestseller",true,Color,Stripe Blue,Size,S,SY-SY-PROD-1594,500,shopify,18,deny,manual,37.70,62.44,true,true,https://images.unsplash.com/photo-1509631179647-0177331693ae?auto=format&fit=crop&w=800&q=80,1,active
sassafras-embroidered-anarkali-kurta-set-with-dupatta-air,Sassafras Embroidered Anarkali Kurta Set with Dupatta (Air),"<p>High-demand Sassafras Sassafras Embroidered Anarkali Kurta Set with Dupatta (Air). Designed for superior performance, comfort and style. Sourced with USPS express air shipping (7-10 days).</p>",Sassafras,clothing,clothing,"women, clothing, women, dropshipping, bestseller",true,Color,Emerald Silk,Size,S,SY-SY-PROD-1595,500,shopify,19,deny,manual,99.07,157.56,true,true,https://images.unsplash.com/photo-1550614000-4895a10e1bfd?auto=format&fit=crop&w=800&q=80,1,active
tokyo-talkies-double-breasted-tailored-long-blazer-signature,Tokyo Talkies Double-Breasted Tailored Long Blazer (Signature),"<p>High-demand Tokyo Talkies Tokyo Talkies Double-Breasted Tailored Long Blazer (Signature). Designed for superior performance, comfort and style. Sourced with USPS express air shipping (7-10 days).</p>",Tokyo Talkies,clothing,clothing,"women, clothing, women, dropshipping, bestseller",true,Color,Camel Houndstooth,Size,XS,SY-SY-PROD-1596,500,shopify,5,deny,manual,93.44,148.83,true,true,https://images.unsplash.com/photo-1496747611176-843222e1e57c?auto=format&fit=crop&w=800&q=80,1,active
anouk-high-performance-seamless-sculpt-leggings-v2,Anouk High-Performance Seamless Sculpt Leggings (V2),"<p>High-demand Anouk Anouk High-Performance Seamless Sculpt Leggings (V2). Designed for superior performance, comfort and style. Sourced with USPS express air shipping (7-10 days).</p>",Anouk,clothing,clothing,"women, clothing, women, dropshipping, bestseller",true,Color,Mocha Brown,Size,XS,SY-SY-PROD-1597,500,shopify,6,deny,manual,40.81,67.26,true,true,https://images.unsplash.com/photo-1485230895905-ec40ba36b9bc?auto=format&fit=crop&w=800&q=80,1,active
vero-moda-satin-silk-cowl-neck-evening-top-luxe,Vero Moda Satin Silk Cowl Neck Evening Top (Luxe),"<p>High-demand Vero Moda Vero Moda Satin Silk Cowl Neck Evening Top (Luxe). Designed for superior performance, comfort and style. Sourced with USPS express air shipping (7-10 days).</p>",Vero Moda,clothing,clothing,"women, clothing, women, dropshipping, bestseller",true,Color,Champagne Gold,Size,S,SY-SY-PROD-1598,500,shopify,7,deny,manual,42.18,69.38,true,true,https://images.unsplash.com/photo-1558769132-cb1aea458c5e?auto=format&fit=crop&w=800&q=80,1,active
libas-floral-tiered-bohemian-maxi-dress-pure,Libas Floral Tiered Bohemian Maxi Dress (Pure),"<p>High-demand Libas Libas Floral Tiered Bohemian Maxi Dress (Pure). Designed for superior performance, comfort and style. Sourced with USPS express air shipping (7-10 days).</p>",Libas,clothing,clothing,"women, clothing, women, dropshipping, bestseller",true,Color,Dusty Rose,Size,XS,SY-SY-PROD-1599,500,shopify,8,deny,manual,67.55,108.70,true,true,https://images.unsplash.com/photo-1515886657613-9f3515b0c78f?auto=format&fit=crop&w=800&q=80,1,active
sunnyeora-woman-ribbed-knit-bodycon-midi-dress-essential,Sunnyeora Woman Ribbed Knit Bodycon Midi Dress (Essential),"<p>High-demand Sunnyeora Woman Sunnyeora Woman Ribbed Knit Bodycon Midi Dress (Essential). Designed for superior performance, comfort and style. Sourced with USPS express air shipping (7-10 days).</p>",Sunnyeora Woman,clothing,clothing,"women, clothing, women, dropshipping, bestseller",true,Color,Espresso Brown,Size,S,SY-SY-PROD-1600,500,shopify,9,deny,manual,40.92,67.43,true,true,https://images.unsplash.com/photo-1529139574466-a303027c1d8b?auto=format&fit=crop&w=800&q=80,1,active
berrylush-high-waist-wide-leg-sculpt-jeans-pro,Berrylush High-Waist Wide Leg Sculpt Jeans (Pro),"<p>High-demand Berrylush Berrylush High-Waist Wide Leg Sculpt Jeans (Pro). Designed for superior performance, comfort and style. Sourced with USPS express air shipping (7-10 days).</p>",Berrylush,clothing,clothing,"women, clothing, women, dropshipping, bestseller",true,Color,Vintage Light Wash,Size,26,SY-SY-PROD-1601,500,shopify,10,deny,manual,64.29,103.65,true,true,https://images.unsplash.com/photo-1539571696357-5a69c17a67c6?auto=format&fit=crop&w=800&q=80,1,active
sassafras-oversized-boyfriend-cotton-poplin-shirt-elite,Sassafras Oversized Boyfriend Cotton Poplin Shirt (Elite),"<p>High-demand Sassafras Sassafras Oversized Boyfriend Cotton Poplin Shirt (Elite). Designed for superior performance, comfort and style. Sourced with USPS express air shipping (7-10 days).</p>",Sassafras,clothing,clothing,"women, clothing, women, dropshipping, bestseller",true,Color,Stripe Blue,Size,S,SY-SY-PROD-1602,500,shopify,11,deny,manual,48.66,79.42,true,true,https://images.unsplash.com/photo-1509631179647-0177331693ae?auto=format&fit=crop&w=800&q=80,1,active
tokyo-talkies-embroidered-anarkali-kurta-set-with-dupatta-classic,Tokyo Talkies Embroidered Anarkali Kurta Set with Dupatta (Classic),"<p>High-demand Tokyo Talkies Tokyo Talkies Embroidered Anarkali Kurta Set with Dupatta (Classic). Designed for superior performance, comfort and style. Sourced with USPS express air shipping (7-10 days).</p>",Tokyo Talkies,clothing,clothing,"women, clothing, women, dropshipping, bestseller",true,Color,Emerald Silk,Size,S,SY-SY-PROD-1603,500,shopify,12,deny,manual,60.03,97.05,true,true,https://images.unsplash.com/photo-1550614000-4895a10e1bfd?auto=format&fit=crop&w=800&q=80,1,active
anouk-double-breasted-tailored-long-blazer-series-2,Anouk Double-Breasted Tailored Long Blazer (Series 2),"<p>High-demand Anouk Anouk Double-Breasted Tailored Long Blazer (Series 2). Designed for superior performance, comfort and style. Sourced with USPS express air shipping (7-10 days).</p>",Anouk,clothing,clothing,"women, clothing, women, dropshipping, bestseller",true,Color,Camel Houndstooth,Size,XS,SY-SY-PROD-1604,500,shopify,13,deny,manual,104.40,165.82,true,true,https://images.unsplash.com/photo-1496747611176-843222e1e57c?auto=format&fit=crop&w=800&q=80,1,active
vero-moda-high-performance-seamless-sculpt-leggings-air,Vero Moda High-Performance Seamless Sculpt Leggings (Air),"<p>High-demand Vero Moda Vero Moda High-Performance Seamless Sculpt Leggings (Air). Designed for superior performance, comfort and style. Sourced with USPS express air shipping (7-10 days).</p>",Vero Moda,clothing,clothing,"women, clothing, women, dropshipping, bestseller",true,Color,Mocha Brown,Size,XS,SY-SY-PROD-1605,500,shopify,14,deny,manual,31.77,53.24,true,true,https://images.unsplash.com/photo-1485230895905-ec40ba36b9bc?auto=format&fit=crop&w=800&q=80,1,active
libas-satin-silk-cowl-neck-evening-top-signature,Libas Satin Silk Cowl Neck Evening Top (Signature),"<p>High-demand Libas Libas Satin Silk Cowl Neck Evening Top (Signature). Designed for superior performance, comfort and style. Sourced with USPS express air shipping (7-10 days).</p>",Libas,clothing,clothing,"women, clothing, women, dropshipping, bestseller",true,Color,Champagne Gold,Size,S,SY-SY-PROD-1606,500,shopify,15,deny,manual,35.14,58.47,true,true,https://images.unsplash.com/photo-1558769132-cb1aea458c5e?auto=format&fit=crop&w=800&q=80,1,active
sunnyeora-woman-floral-tiered-bohemian-maxi-dress-v2,Sunnyeora Woman Floral Tiered Bohemian Maxi Dress (V2),"<p>High-demand Sunnyeora Woman Sunnyeora Woman Floral Tiered Bohemian Maxi Dress (V2). Designed for superior performance, comfort and style. Sourced with USPS express air shipping (7-10 days).</p>",Sunnyeora Woman,clothing,clothing,"women, clothing, women, dropshipping, bestseller",true,Color,Dusty Rose,Size,XS,SY-SY-PROD-1607,500,shopify,16,deny,manual,78.51,125.69,true,true,https://images.unsplash.com/photo-1515886657613-9f3515b0c78f?auto=format&fit=crop&w=800&q=80,1,active
berrylush-ribbed-knit-bodycon-midi-dress-luxe,Berrylush Ribbed Knit Bodycon Midi Dress (Luxe),"<p>High-demand Berrylush Berrylush Ribbed Knit Bodycon Midi Dress (Luxe). Designed for superior performance, comfort and style. Sourced with USPS express air shipping (7-10 days).</p>",Berrylush,clothing,clothing,"women, clothing, women, dropshipping, bestseller",true,Color,Espresso Brown,Size,S,SY-SY-PROD-1608,500,shopify,17,deny,manual,51.88,84.41,true,true,https://images.unsplash.com/photo-1529139574466-a303027c1d8b?auto=format&fit=crop&w=800&q=80,1,active
sassafras-high-waist-wide-leg-sculpt-jeans-pure,Sassafras High-Waist Wide Leg Sculpt Jeans (Pure),"<p>High-demand Sassafras Sassafras High-Waist Wide Leg Sculpt Jeans (Pure). Designed for superior performance, comfort and style. Sourced with USPS express air shipping (7-10 days).</p>",Sassafras,clothing,clothing,"women, clothing, women, dropshipping, bestseller",true,Color,Vintage Light Wash,Size,26,SY-SY-PROD-1609,500,shopify,18,deny,manual,75.25,120.64,true,true,https://images.unsplash.com/photo-1539571696357-5a69c17a67c6?auto=format&fit=crop&w=800&q=80,1,active
tokyo-talkies-oversized-boyfriend-cotton-poplin-shirt-essential,Tokyo Talkies Oversized Boyfriend Cotton Poplin Shirt (Essential),"<p>High-demand Tokyo Talkies Tokyo Talkies Oversized Boyfriend Cotton Poplin Shirt (Essential). Designed for superior performance, comfort and style. Sourced with USPS express air shipping (7-10 days).</p>",Tokyo Talkies,clothing,clothing,"women, clothing, women, dropshipping, bestseller",true,Color,Stripe Blue,Size,S,SY-SY-PROD-1610,500,shopify,19,deny,manual,39.62,65.41,true,true,https://images.unsplash.com/photo-1509631179647-0177331693ae?auto=format&fit=crop&w=800&q=80,1,active
anouk-embroidered-anarkali-kurta-set-with-dupatta-pro,Anouk Embroidered Anarkali Kurta Set with Dupatta (Pro),"<p>High-demand Anouk Anouk Embroidered Anarkali Kurta Set with Dupatta (Pro). Designed for superior performance, comfort and style. Sourced with USPS express air shipping (7-10 days).</p>",Anouk,clothing,clothing,"women, clothing, women, dropshipping, bestseller",true,Color,Emerald Silk,Size,S,SY-SY-PROD-1611,500,shopify,5,deny,manual,70.99,114.03,true,true,https://images.unsplash.com/photo-1550614000-4895a10e1bfd?auto=format&fit=crop&w=800&q=80,1,active
vero-moda-double-breasted-tailored-long-blazer-elite,Vero Moda Double-Breasted Tailored Long Blazer (Elite),"<p>High-demand Vero Moda Vero Moda Double-Breasted Tailored Long Blazer (Elite). Designed for superior performance, comfort and style. Sourced with USPS express air shipping (7-10 days).</p>",Vero Moda,clothing,clothing,"women, clothing, women, dropshipping, bestseller",true,Color,Camel Houndstooth,Size,XS,SY-SY-PROD-1612,500,shopify,6,deny,manual,115.36,182.81,true,true,https://images.unsplash.com/photo-1496747611176-843222e1e57c?auto=format&fit=crop&w=800&q=80,1,active
libas-high-performance-seamless-sculpt-leggings-classic,Libas High-Performance Seamless Sculpt Leggings (Classic),"<p>High-demand Libas Libas High-Performance Seamless Sculpt Leggings (Classic). Designed for superior performance, comfort and style. Sourced with USPS express air shipping (7-10 days).</p>",Libas,clothing,clothing,"women, clothing, women, dropshipping, bestseller",true,Color,Mocha Brown,Size,XS,SY-SY-PROD-1613,500,shopify,7,deny,manual,42.73,70.23,true,true,https://images.unsplash.com/photo-1485230895905-ec40ba36b9bc?auto=format&fit=crop&w=800&q=80,1,active
sunnyeora-woman-satin-silk-cowl-neck-evening-top-series-2,Sunnyeora Woman Satin Silk Cowl Neck Evening Top (Series 2),"<p>High-demand Sunnyeora Woman Sunnyeora Woman Satin Silk Cowl Neck Evening Top (Series 2). Designed for superior performance, comfort and style. Sourced with USPS express air shipping (7-10 days).</p>",Sunnyeora Woman,clothing,clothing,"women, clothing, women, dropshipping, bestseller",true,Color,Champagne Gold,Size,S,SY-SY-PROD-1614,500,shopify,8,deny,manual,28.10,47.56,true,true,https://images.unsplash.com/photo-1558769132-cb1aea458c5e?auto=format&fit=crop&w=800&q=80,1,active
berrylush-floral-tiered-bohemian-maxi-dress-air,Berrylush Floral Tiered Bohemian Maxi Dress (Air),"<p>High-demand Berrylush Berrylush Floral Tiered Bohemian Maxi Dress (Air). Designed for superior performance, comfort and style. Sourced with USPS express air shipping (7-10 days).</p>",Berrylush,clothing,clothing,"women, clothing, women, dropshipping, bestseller",true,Color,Dusty Rose,Size,XS,SY-SY-PROD-1615,500,shopify,9,deny,manual,52.47,85.33,true,true,https://images.unsplash.com/photo-1515886657613-9f3515b0c78f?auto=format&fit=crop&w=800&q=80,1,active
sassafras-ribbed-knit-bodycon-midi-dress-signature,Sassafras Ribbed Knit Bodycon Midi Dress (Signature),"<p>High-demand Sassafras Sassafras Ribbed Knit Bodycon Midi Dress (Signature). Designed for superior performance, comfort and style. Sourced with USPS express air shipping (7-10 days).</p>",Sassafras,clothing,clothing,"women, clothing, women, dropshipping, bestseller",true,Color,Espresso Brown,Size,S,SY-SY-PROD-1616,500,shopify,10,deny,manual,62.84,101.40,true,true,https://images.unsplash.com/photo-1529139574466-a303027c1d8b?auto=format&fit=crop&w=800&q=80,1,active
tokyo-talkies-high-waist-wide-leg-sculpt-jeans-v2,Tokyo Talkies High-Waist Wide Leg Sculpt Jeans (V2),"<p>High-demand Tokyo Talkies Tokyo Talkies High-Waist Wide Leg Sculpt Jeans (V2). Designed for superior performance, comfort and style. Sourced with USPS express air shipping (7-10 days).</p>",Tokyo Talkies,clothing,clothing,"women, clothing, women, dropshipping, bestseller",true,Color,Vintage Light Wash,Size,26,SY-SY-PROD-1617,500,shopify,11,deny,manual,48.21,78.73,true,true,https://images.unsplash.com/photo-1539571696357-5a69c17a67c6?auto=format&fit=crop&w=800&q=80,1,active
anouk-oversized-boyfriend-cotton-poplin-shirt-luxe,Anouk Oversized Boyfriend Cotton Poplin Shirt (Luxe),"<p>High-demand Anouk Anouk Oversized Boyfriend Cotton Poplin Shirt (Luxe). Designed for superior performance, comfort and style. Sourced with USPS express air shipping (7-10 days).</p>",Anouk,clothing,clothing,"women, clothing, women, dropshipping, bestseller",true,Color,Stripe Blue,Size,S,SY-SY-PROD-1618,500,shopify,12,deny,manual,30.58,51.40,true,true,https://images.unsplash.com/photo-1509631179647-0177331693ae?auto=format&fit=crop&w=800&q=80,1,active
vero-moda-embroidered-anarkali-kurta-set-with-dupatta-pure,Vero Moda Embroidered Anarkali Kurta Set with Dupatta (Pure),"<p>High-demand Vero Moda Vero Moda Embroidered Anarkali Kurta Set with Dupatta (Pure). Designed for superior performance, comfort and style. Sourced with USPS express air shipping (7-10 days).</p>",Vero Moda,clothing,clothing,"women, clothing, women, dropshipping, bestseller",true,Color,Emerald Silk,Size,S,SY-SY-PROD-1619,500,shopify,13,deny,manual,81.95,131.02,true,true,https://images.unsplash.com/photo-1550614000-4895a10e1bfd?auto=format&fit=crop&w=800&q=80,1,active
libas-double-breasted-tailored-long-blazer-essential,Libas Double-Breasted Tailored Long Blazer (Essential),"<p>High-demand Libas Libas Double-Breasted Tailored Long Blazer (Essential). Designed for superior performance, comfort and style. Sourced with USPS express air shipping (7-10 days).</p>",Libas,clothing,clothing,"women, clothing, women, dropshipping, bestseller",true,Color,Camel Houndstooth,Size,XS,SY-SY-PROD-1620,500,shopify,14,deny,manual,126.32,199.80,true,true,https://images.unsplash.com/photo-1496747611176-843222e1e57c?auto=format&fit=crop&w=800&q=80,1,active