Handle,Title,Body (HTML),Vendor,Product Category,Type,Tags,Published,Option1 Name,Option1 Value,Option2 Name,Option2 Value,Variant SKU,Variant Grams,Variant Inventory Tracker,Variant Inventory Qty,Variant Inventory Policy,Variant Fulfillment Service,Variant Price,Variant Compare At Price,Variant Requires Shipping,Variant Taxable,Image Src,Image Position,Status
urbanpulse-oversized-heavyweight-hoodie-pro,UrbanPulse Oversized Heavyweight Hoodie (Pro),"<p>High-demand UrbanPulse UrbanPulse Oversized Heavyweight Hoodie (Pro). Designed for superior performance, comfort and style. Sourced with USPS express air shipping (7-10 days).</p>",UrbanPulse,clothing,clothing,"men, clothing, men, dropshipping, bestseller",true,Color,Jet Black,Size,S,SY-SY-PROD-1001,500,shopify,5,deny,manual,39.99,65.98,true,true,https://images.unsplash.com/photo-1521572267360-ee0c2909d518?auto=format&fit=crop&w=800&q=80,1,active
dennis-lingo-slim-fit-stretch-denim-jeans-elite,Dennis Lingo Slim-Fit Stretch Denim Jeans (Elite),"<p>High-demand Dennis Lingo Dennis Lingo Slim-Fit Stretch Denim Jeans (Elite). Designed for superior performance, comfort and style. Sourced with USPS express air shipping (7-10 days).</p>",Dennis Lingo,clothing,clothing,"men, clothing, men, dropshipping, bestseller",true,Color,Vintage Indigo,Size,30,SY-SY-PROD-1002,500,shopify,6,deny,manual,46.36,75.86,true,true,https://images.unsplash.com/photo-1617137984095-74e4e5e3613f?auto=format&fit=crop&w=800&q=80,1,active
sunnyeora-man-premium-pima-cotton-crew-t-shirt-classic,Sunnyeora Man Premium Pima Cotton Crew T-Shirt (Classic),"<p>High-demand Sunnyeora Man Sunnyeora Man Premium Pima Cotton Crew T-Shirt (Classic). Designed for superior performance, comfort and style. Sourced with USPS express air shipping (7-10 days).</p>",Sunnyeora Man,clothing,clothing,"men, clothing, men, dropshipping, bestseller",true,Color,Optic White,Size,S,SY-SY-PROD-1003,500,shopify,7,deny,manual,27.73,46.98,true,true,https://images.unsplash.com/photo-1602810318383-e386cc2a3ccf?auto=format&fit=crop&w=800&q=80,1,active
aeroflex-casual-linen-blend-button-down-shirt-series-2,AeroFlex Casual Linen Blend Button-Down Shirt (Series 2),"<p>High-demand AeroFlex AeroFlex Casual Linen Blend Button-Down Shirt (Series 2). Designed for superior performance, comfort and style. Sourced with USPS express air shipping (7-10 days).</p>",AeroFlex,clothing,clothing,"men, clothing, men, dropshipping, bestseller",true,Color,Sky Blue,Size,M,SY-SY-PROD-1004,500,shopify,8,deny,manual,39.10,64.61,true,true,https://images.unsplash.com/photo-1503342217505-b0a15ec3261c?auto=format&fit=crop&w=800&q=80,1,active
highlander-tactical-multi-pocket-cargo-pants-air,Highlander Tactical Multi-Pocket Cargo Pants (Air),"<p>High-demand Highlander Highlander Tactical Multi-Pocket Cargo Pants (Air). Designed for superior performance, comfort and style. Sourced with USPS express air shipping (7-10 days).</p>",Highlander,clothing,clothing,"men, clothing, men, dropshipping, bestseller",true,Color,Military Green,Size,30,SY-SY-PROD-1005,500,shopify,9,deny,manual,55.47,89.98,true,true,https://images.unsplash.com/photo-1593030761757-71fae45fa0e7?auto=format&fit=crop&w=800&q=80,1,active
roadstyler-zip-up-quilted-flight-bomber-jacket-signature,Roadstyler Zip-Up Quilted Flight Bomber Jacket (Signature),"<p>High-demand Roadstyler Roadstyler Zip-Up Quilted Flight Bomber Jacket (Signature). Designed for superior performance, comfort and style. Sourced with USPS express air shipping (7-10 days).</p>",Roadstyler,clothing,clothing,"men, clothing, men, dropshipping, bestseller",true,Color,Gunmetal Gray,Size,M,SY-SY-PROD-1006,500,shopify,10,deny,manual,76.84,123.10,true,true,https://images.unsplash.com/photo-1618354691373-d851c5c3a990?auto=format&fit=crop&w=800&q=80,1,active
mast-harbour-thermal-fleece-athleisure-joggers-v2,Mast & Harbour Thermal Fleece Athleisure Joggers (V2),"<p>High-demand Mast & Harbour Mast & Harbour Thermal Fleece Athleisure Joggers (V2). Designed for superior performance, comfort and style. Sourced with USPS express air shipping (7-10 days).</p>",Mast & Harbour,clothing,clothing,"men, clothing, men, dropshipping, bestseller",true,Color,Heather Charcoal,Size,S,SY-SY-PROD-1007,500,shopify,11,deny,manual,41.21,67.88,true,true,https://images.unsplash.com/photo-1576995853123-5a10305d93c0?auto=format&fit=crop&w=800&q=80,1,active
urbanpulse-modern-mandarin-collar-linen-kurta-luxe,UrbanPulse Modern Mandarin Collar Linen Kurta (Luxe),"<p>High-demand UrbanPulse UrbanPulse Modern Mandarin Collar Linen Kurta (Luxe). Designed for superior performance, comfort and style. Sourced with USPS express air shipping (7-10 days).</p>",UrbanPulse,clothing,clothing,"men, clothing, men, dropshipping, bestseller",true,Color,Royal Blue,Size,M,SY-SY-PROD-1008,500,shopify,12,deny,manual,48.58,79.30,true,true,https://images.unsplash.com/photo-1620799140408-edc6dcb6d633?auto=format&fit=crop&w=800&q=80,1,active
dennis-lingo-oversized-heavyweight-hoodie-pure,Dennis Lingo Oversized Heavyweight Hoodie (Pure),"<p>High-demand Dennis Lingo Dennis Lingo Oversized Heavyweight Hoodie (Pure). Designed for superior performance, comfort and style. Sourced with USPS express air shipping (7-10 days).</p>",Dennis Lingo,clothing,clothing,"men, clothing, men, dropshipping, bestseller",true,Color,Jet Black,Size,S,SY-SY-PROD-1009,500,shopify,13,deny,manual,50.95,82.97,true,true,https://images.unsplash.com/photo-1521572267360-ee0c2909d518?auto=format&fit=crop&w=800&q=80,1,active
sunnyeora-man-slim-fit-stretch-denim-jeans-essential,Sunnyeora Man Slim-Fit Stretch Denim Jeans (Essential),"<p>High-demand Sunnyeora Man Sunnyeora Man Slim-Fit Stretch Denim Jeans (Essential). Designed for superior performance, comfort and style. Sourced with USPS express air shipping (7-10 days).</p>",Sunnyeora Man,clothing,clothing,"men, clothing, men, dropshipping, bestseller",true,Color,Vintage Indigo,Size,30,SY-SY-PROD-1010,500,shopify,14,deny,manual,57.32,92.85,true,true,https://images.unsplash.com/photo-1617137984095-74e4e5e3613f?auto=format&fit=crop&w=800&q=80,1,active
aeroflex-premium-pima-cotton-crew-t-shirt-pro,AeroFlex Premium Pima Cotton Crew T-Shirt (Pro),"<p>High-demand AeroFlex AeroFlex Premium Pima Cotton Crew T-Shirt (Pro). Designed for superior performance, comfort and style. Sourced with USPS express air shipping (7-10 days).</p>",AeroFlex,clothing,clothing,"men, clothing, men, dropshipping, bestseller",true,Color,Optic White,Size,S,SY-SY-PROD-1011,500,shopify,15,deny,manual,38.69,63.97,true,true,https://images.unsplash.com/photo-1602810318383-e386cc2a3ccf?auto=format&fit=crop&w=800&q=80,1,active
highlander-casual-linen-blend-button-down-shirt-elite,Highlander Casual Linen Blend Button-Down Shirt (Elite),"<p>High-demand Highlander Highlander Casual Linen Blend Button-Down Shirt (Elite). Designed for superior performance, comfort and style. Sourced with USPS express air shipping (7-10 days).</p>",Highlander,clothing,clothing,"men, clothing, men, dropshipping, bestseller",true,Color,Sky Blue,Size,M,SY-SY-PROD-1012,500,shopify,16,deny,manual,50.06,81.59,true,true,https://images.unsplash.com/photo-1503342217505-b0a15ec3261c?auto=format&fit=crop&w=800&q=80,1,active
roadstyler-tactical-multi-pocket-cargo-pants-classic,Roadstyler Tactical Multi-Pocket Cargo Pants (Classic),"<p>High-demand Roadstyler Roadstyler Tactical Multi-Pocket Cargo Pants (Classic). Designed for superior performance, comfort and style. Sourced with USPS express air shipping (7-10 days).</p>",Roadstyler,clothing,clothing,"men, clothing, men, dropshipping, bestseller",true,Color,Military Green,Size,30,SY-SY-PROD-1013,500,shopify,17,deny,manual,66.43,106.97,true,true,https://images.unsplash.com/photo-1593030761757-71fae45fa0e7?auto=format&fit=crop&w=800&q=80,1,active
mast-harbour-zip-up-quilted-flight-bomber-jacket-series-2,Mast & Harbour Zip-Up Quilted Flight Bomber Jacket (Series 2),"<p>High-demand Mast & Harbour Mast & Harbour Zip-Up Quilted Flight Bomber Jacket (Series 2). Designed for superior performance, comfort and style. Sourced with USPS express air shipping (7-10 days).</p>",Mast & Harbour,clothing,clothing,"men, clothing, men, dropshipping, bestseller",true,Color,Gunmetal Gray,Size,M,SY-SY-PROD-1014,500,shopify,18,deny,manual,87.80,140.09,true,true,https://images.unsplash.com/photo-1618354691373-d851c5c3a990?auto=format&fit=crop&w=800&q=80,1,active
urbanpulse-thermal-fleece-athleisure-joggers-air,UrbanPulse Thermal Fleece Athleisure Joggers (Air),"<p>High-demand UrbanPulse UrbanPulse Thermal Fleece Athleisure Joggers (Air). Designed for superior performance, comfort and style. Sourced with USPS express air shipping (7-10 days).</p>",UrbanPulse,clothing,clothing,"men, clothing, men, dropshipping, bestseller",true,Color,Heather Charcoal,Size,S,SY-SY-PROD-1015,500,shopify,19,deny,manual,52.17,84.86,true,true,https://images.unsplash.com/photo-1576995853123-5a10305d93c0?auto=format&fit=crop&w=800&q=80,1,active
dennis-lingo-modern-mandarin-collar-linen-kurta-signature,Dennis Lingo Modern Mandarin Collar Linen Kurta (Signature),"<p>High-demand Dennis Lingo Dennis Lingo Modern Mandarin Collar Linen Kurta (Signature). Designed for superior performance, comfort and style. Sourced with USPS express air shipping (7-10 days).</p>",Dennis Lingo,clothing,clothing,"men, clothing, men, dropshipping, bestseller",true,Color,Royal Blue,Size,M,SY-SY-PROD-1016,500,shopify,5,deny,manual,59.54,96.29,true,true,https://images.unsplash.com/photo-1620799140408-edc6dcb6d633?auto=format&fit=crop&w=800&q=80,1,active
sunnyeora-man-oversized-heavyweight-hoodie-v2,Sunnyeora Man Oversized Heavyweight Hoodie (V2),"<p>High-demand Sunnyeora Man Sunnyeora Man Oversized Heavyweight Hoodie (V2). Designed for superior performance, comfort and style. Sourced with USPS express air shipping (7-10 days).</p>",Sunnyeora Man,clothing,clothing,"men, clothing, men, dropshipping, bestseller",true,Color,Jet Black,Size,S,SY-SY-PROD-1017,500,shopify,6,deny,manual,61.91,99.96,true,true,https://images.unsplash.com/photo-1521572267360-ee0c2909d518?auto=format&fit=crop&w=800&q=80,1,active
aeroflex-slim-fit-stretch-denim-jeans-luxe,AeroFlex Slim-Fit Stretch Denim Jeans (Luxe),"<p>High-demand AeroFlex AeroFlex Slim-Fit Stretch Denim Jeans (Luxe). Designed for superior performance, comfort and style. Sourced with USPS express air shipping (7-10 days).</p>",AeroFlex,clothing,clothing,"men, clothing, men, dropshipping, bestseller",true,Color,Vintage Indigo,Size,30,SY-SY-PROD-1018,500,shopify,7,deny,manual,68.28,109.83,true,true,https://images.unsplash.com/photo-1617137984095-74e4e5e3613f?auto=format&fit=crop&w=800&q=80,1,active
highlander-premium-pima-cotton-crew-t-shirt-pure,Highlander Premium Pima Cotton Crew T-Shirt (Pure),"<p>High-demand Highlander Highlander Premium Pima Cotton Crew T-Shirt (Pure). Designed for superior performance, comfort and style. Sourced with USPS express air shipping (7-10 days).</p>",Highlander,clothing,clothing,"men, clothing, men, dropshipping, bestseller",true,Color,Optic White,Size,S,SY-SY-PROD-1019,500,shopify,8,deny,manual,34.65,57.71,true,true,https://images.unsplash.com/photo-1602810318383-e386cc2a3ccf?auto=format&fit=crop&w=800&q=80,1,active
roadstyler-casual-linen-blend-button-down-shirt-essential,Roadstyler Casual Linen Blend Button-Down Shirt (Essential),"<p>High-demand Roadstyler Roadstyler Casual Linen Blend Button-Down Shirt (Essential). Designed for superior performance, comfort and style. Sourced with USPS express air shipping (7-10 days).</p>",Roadstyler,clothing,clothing,"men, clothing, men, dropshipping, bestseller",true,Color,Sky Blue,Size,M,SY-SY-PROD-1020,500,shopify,9,deny,manual,36.02,59.83,true,true,https://images.unsplash.com/photo-1503342217505-b0a15ec3261c?auto=format&fit=crop&w=800&q=80,1,active
mast-harbour-tactical-multi-pocket-cargo-pants-pro,Mast & Harbour Tactical Multi-Pocket Cargo Pants (Pro),"<p>High-demand Mast & Harbour Mast & Harbour Tactical Multi-Pocket Cargo Pants (Pro). Designed for superior performance, comfort and style. Sourced with USPS express air shipping (7-10 days).</p>",Mast & Harbour,clothing,clothing,"men, clothing, men, dropshipping, bestseller",true,Color,Military Green,Size,30,SY-SY-PROD-1021,500,shopify,10,deny,manual,77.39,123.95,true,true,https://images.unsplash.com/photo-1593030761757-71fae45fa0e7?auto=format&fit=crop&w=800&q=80,1,active
urbanpulse-zip-up-quilted-flight-bomber-jacket-elite,UrbanPulse Zip-Up Quilted Flight Bomber Jacket (Elite),"<p>High-demand UrbanPulse UrbanPulse Zip-Up Quilted Flight Bomber Jacket (Elite). Designed for superior performance, comfort and style. Sourced with USPS express air shipping (7-10 days).</p>",UrbanPulse,clothing,clothing,"men, clothing, men, dropshipping, bestseller",true,Color,Gunmetal Gray,Size,M,SY-SY-PROD-1022,500,shopify,11,deny,manual,98.76,157.08,true,true,https://images.unsplash.com/photo-1618354691373-d851c5c3a990?auto=format&fit=crop&w=800&q=80,1,active
dennis-lingo-thermal-fleece-athleisure-joggers-classic,Dennis Lingo Thermal Fleece Athleisure Joggers (Classic),"<p>High-demand Dennis Lingo Dennis Lingo Thermal Fleece Athleisure Joggers (Classic). Designed for superior performance, comfort and style. Sourced with USPS express air shipping (7-10 days).</p>",Dennis Lingo,clothing,clothing,"men, clothing, men, dropshipping, bestseller",true,Color,Heather Charcoal,Size,S,SY-SY-PROD-1023,500,shopify,12,deny,manual,41.13,67.75,true,true,https://images.unsplash.com/photo-1576995853123-5a10305d93c0?auto=format&fit=crop&w=800&q=80,1,active
sunnyeora-man-modern-mandarin-collar-linen-kurta-series-2,Sunnyeora Man Modern Mandarin Collar Linen Kurta (Series 2),"<p>High-demand Sunnyeora Man Sunnyeora Man Modern Mandarin Collar Linen Kurta (Series 2). Designed for superior performance, comfort and style. Sourced with USPS express air shipping (7-10 days).</p>",Sunnyeora Man,clothing,clothing,"men, clothing, men, dropshipping, bestseller",true,Color,Royal Blue,Size,M,SY-SY-PROD-1024,500,shopify,13,deny,manual,44.50,72.98,true,true,https://images.unsplash.com/photo-1620799140408-edc6dcb6d633?auto=format&fit=crop&w=800&q=80,1,active
aeroflex-oversized-heavyweight-hoodie-air,AeroFlex Oversized Heavyweight Hoodie (Air),"<p>High-demand AeroFlex AeroFlex Oversized Heavyweight Hoodie (Air). Designed for superior performance, comfort and style. Sourced with USPS express air shipping (7-10 days).</p>",AeroFlex,clothing,clothing,"men, clothing, men, dropshipping, bestseller",true,Color,Jet Black,Size,S,SY-SY-PROD-1025,500,shopify,14,deny,manual,42.87,70.45,true,true,https://images.unsplash.com/photo-1521572267360-ee0c2909d518?auto=format&fit=crop&w=800&q=80,1,active
highlander-slim-fit-stretch-denim-jeans-signature,Highlander Slim-Fit Stretch Denim Jeans (Signature),"<p>High-demand Highlander Highlander Slim-Fit Stretch Denim Jeans (Signature). Designed for superior performance, comfort and style. Sourced with USPS express air shipping (7-10 days).</p>",Highlander,clothing,clothing,"men, clothing, men, dropshipping, bestseller",true,Color,Vintage Indigo,Size,30,SY-SY-PROD-1026,500,shopify,15,deny,manual,79.24,126.82,true,true,https://images.unsplash.com/photo-1617137984095-74e4e5e3613f?auto=format&fit=crop&w=800&q=80,1,active
roadstyler-premium-pima-cotton-crew-t-shirt-v2,Roadstyler Premium Pima Cotton Crew T-Shirt (V2),"<p>High-demand Roadstyler Roadstyler Premium Pima Cotton Crew T-Shirt (V2). Designed for superior performance, comfort and style. Sourced with USPS express air shipping (7-10 days).</p>",Roadstyler,clothing,clothing,"men, clothing, men, dropshipping, bestseller",true,Color,Optic White,Size,S,SY-SY-PROD-1027,500,shopify,16,deny,manual,30.61,51.45,true,true,https://images.unsplash.com/photo-1602810318383-e386cc2a3ccf?auto=format&fit=crop&w=800&q=80,1,active
mast-harbour-casual-linen-blend-button-down-shirt-luxe,Mast & Harbour Casual Linen Blend Button-Down Shirt (Luxe),"<p>High-demand Mast & Harbour Mast & Harbour Casual Linen Blend Button-Down Shirt (Luxe). Designed for superior performance, comfort and style. Sourced with USPS express air shipping (7-10 days).</p>",Mast & Harbour,clothing,clothing,"men, clothing, men, dropshipping, bestseller",true,Color,Sky Blue,Size,M,SY-SY-PROD-1028,500,shopify,17,deny,manual,46.98,76.82,true,true,https://images.unsplash.com/photo-1503342217505-b0a15ec3261c?auto=format&fit=crop&w=800&q=80,1,active
urbanpulse-tactical-multi-pocket-cargo-pants-pure,UrbanPulse Tactical Multi-Pocket Cargo Pants (Pure),"<p>High-demand UrbanPulse UrbanPulse Tactical Multi-Pocket Cargo Pants (Pure). Designed for superior performance, comfort and style. Sourced with USPS express air shipping (7-10 days).</p>",UrbanPulse,clothing,clothing,"men, clothing, men, dropshipping, bestseller",true,Color,Military Green,Size,30,SY-SY-PROD-1029,500,shopify,18,deny,manual,88.35,140.94,true,true,https://images.unsplash.com/photo-1593030761757-71fae45fa0e7?auto=format&fit=crop&w=800&q=80,1,active
dennis-lingo-zip-up-quilted-flight-bomber-jacket-essential,Dennis Lingo Zip-Up Quilted Flight Bomber Jacket (Essential),"<p>High-demand Dennis Lingo Dennis Lingo Zip-Up Quilted Flight Bomber Jacket (Essential). Designed for superior performance, comfort and style. Sourced with USPS express air shipping (7-10 days).</p>",Dennis Lingo,clothing,clothing,"men, clothing, men, dropshipping, bestseller",true,Color,Gunmetal Gray,Size,M,SY-SY-PROD-1030,500,shopify,19,deny,manual,109.72,174.07,true,true,https://images.unsplash.com/photo-1618354691373-d851c5c3a990?auto=format&fit=crop&w=800&q=80,1,active
sunnyeora-man-thermal-fleece-athleisure-joggers-pro,Sunnyeora Man Thermal Fleece Athleisure Joggers (Pro),"<p>High-demand Sunnyeora Man Sunnyeora Man Thermal Fleece Athleisure Joggers (Pro). Designed for superior performance, comfort and style. Sourced with USPS express air shipping (7-10 days).</p>",Sunnyeora Man,clothing,clothing,"men, clothing, men, dropshipping, bestseller",true,Color,Heather Charcoal,Size,S,SY-SY-PROD-1031,500,shopify,5,deny,manual,52.09,84.74,true,true,https://images.unsplash.com/photo-1576995853123-5a10305d93c0?auto=format&fit=crop&w=800&q=80,1,active
aeroflex-modern-mandarin-collar-linen-kurta-elite,AeroFlex Modern Mandarin Collar Linen Kurta (Elite),"<p>High-demand AeroFlex AeroFlex Modern Mandarin Collar Linen Kurta (Elite). Designed for superior performance, comfort and style. Sourced with USPS express air shipping (7-10 days).</p>",AeroFlex,clothing,clothing,"men, clothing, men, dropshipping, bestseller",true,Color,Royal Blue,Size,M,SY-SY-PROD-1032,500,shopify,6,deny,manual,55.46,89.96,true,true,https://images.unsplash.com/photo-1620799140408-edc6dcb6d633?auto=format&fit=crop&w=800&q=80,1,active
highlander-oversized-heavyweight-hoodie-classic,Highlander Oversized Heavyweight Hoodie (Classic),"<p>High-demand Highlander Highlander Oversized Heavyweight Hoodie (Classic). Designed for superior performance, comfort and style. Sourced with USPS express air shipping (7-10 days).</p>",Highlander,clothing,clothing,"men, clothing, men, dropshipping, bestseller",true,Color,Jet Black,Size,S,SY-SY-PROD-1033,500,shopify,7,deny,manual,53.83,87.44,true,true,https://images.unsplash.com/photo-1521572267360-ee0c2909d518?auto=format&fit=crop&w=800&q=80,1,active
roadstyler-slim-fit-stretch-denim-jeans-series-2,Roadstyler Slim-Fit Stretch Denim Jeans (Series 2),"<p>High-demand Roadstyler Roadstyler Slim-Fit Stretch Denim Jeans (Series 2). Designed for superior performance, comfort and style. Sourced with USPS express air shipping (7-10 days).</p>",Roadstyler,clothing,clothing,"men, clothing, men, dropshipping, bestseller",true,Color,Vintage Indigo,Size,30,SY-SY-PROD-1034,500,shopify,8,deny,manual,55.20,89.56,true,true,https://images.unsplash.com/photo-1617137984095-74e4e5e3613f?auto=format&fit=crop&w=800&q=80,1,active
mast-harbour-premium-pima-cotton-crew-t-shirt-air,Mast & Harbour Premium Pima Cotton Crew T-Shirt (Air),"<p>High-demand Mast & Harbour Mast & Harbour Premium Pima Cotton Crew T-Shirt (Air). Designed for superior performance, comfort and style. Sourced with USPS express air shipping (7-10 days).</p>",Mast & Harbour,clothing,clothing,"men, clothing, men, dropshipping, bestseller",true,Color,Optic White,Size,S,SY-SY-PROD-1035,500,shopify,9,deny,manual,26.57,45.18,true,true,https://images.unsplash.com/photo-1602810318383-e386cc2a3ccf?auto=format&fit=crop&w=800&q=80,1,active
urbanpulse-casual-linen-blend-button-down-shirt-signature,UrbanPulse Casual Linen Blend Button-Down Shirt (Signature),"<p>High-demand UrbanPulse UrbanPulse Casual Linen Blend Button-Down Shirt (Signature). Designed for superior performance, comfort and style. Sourced with USPS express air shipping (7-10 days).</p>",UrbanPulse,clothing,clothing,"men, clothing, men, dropshipping, bestseller",true,Color,Sky Blue,Size,M,SY-SY-PROD-1036,500,shopify,10,deny,manual,57.94,93.81,true,true,https://images.unsplash.com/photo-1503342217505-b0a15ec3261c?auto=format&fit=crop&w=800&q=80,1,active
dennis-lingo-tactical-multi-pocket-cargo-pants-v2,Dennis Lingo Tactical Multi-Pocket Cargo Pants (V2),"<p>High-demand Dennis Lingo Dennis Lingo Tactical Multi-Pocket Cargo Pants (V2). Designed for superior performance, comfort and style. Sourced with USPS express air shipping (7-10 days).</p>",Dennis Lingo,clothing,clothing,"men, clothing, men, dropshipping, bestseller",true,Color,Military Green,Size,30,SY-SY-PROD-1037,500,shopify,11,deny,manual,59.31,95.93,true,true,https://images.unsplash.com/photo-1593030761757-71fae45fa0e7?auto=format&fit=crop&w=800&q=80,1,active
sunnyeora-man-zip-up-quilted-flight-bomber-jacket-luxe,Sunnyeora Man Zip-Up Quilted Flight Bomber Jacket (Luxe),"<p>High-demand Sunnyeora Man Sunnyeora Man Zip-Up Quilted Flight Bomber Jacket (Luxe). Designed for superior performance, comfort and style. Sourced with USPS express air shipping (7-10 days).</p>",Sunnyeora Man,clothing,clothing,"men, clothing, men, dropshipping, bestseller",true,Color,Gunmetal Gray,Size,M,SY-SY-PROD-1038,500,shopify,12,deny,manual,70.68,113.55,true,true,https://images.unsplash.com/photo-1618354691373-d851c5c3a990?auto=format&fit=crop&w=800&q=80,1,active
aeroflex-thermal-fleece-athleisure-joggers-pure,AeroFlex Thermal Fleece Athleisure Joggers (Pure),"<p>High-demand AeroFlex AeroFlex Thermal Fleece Athleisure Joggers (Pure). Designed for superior performance, comfort and style. Sourced with USPS express air shipping (7-10 days).</p>",AeroFlex,clothing,clothing,"men, clothing, men, dropshipping, bestseller",true,Color,Heather Charcoal,Size,S,SY-SY-PROD-1039,500,shopify,13,deny,manual,41.05,67.63,true,true,https://images.unsplash.com/photo-1576995853123-5a10305d93c0?auto=format&fit=crop&w=800&q=80,1,active
highlander-modern-mandarin-collar-linen-kurta-essential,Highlander Modern Mandarin Collar Linen Kurta (Essential),"<p>High-demand Highlander Highlander Modern Mandarin Collar Linen Kurta (Essential). Designed for superior performance, comfort and style. Sourced with USPS express air shipping (7-10 days).</p>",Highlander,clothing,clothing,"men, clothing, men, dropshipping, bestseller",true,Color,Royal Blue,Size,M,SY-SY-PROD-1040,500,shopify,14,deny,manual,40.42,66.65,true,true,https://images.unsplash.com/photo-1620799140408-edc6dcb6d633?auto=format&fit=crop&w=800&q=80,1,active
roadstyler-oversized-heavyweight-hoodie-pro,Roadstyler Oversized Heavyweight Hoodie (Pro),"<p>High-demand Roadstyler Roadstyler Oversized Heavyweight Hoodie (Pro). Designed for superior performance, comfort and style. Sourced with USPS express air shipping (7-10 days).</p>",Roadstyler,clothing,clothing,"men, clothing, men, dropshipping, bestseller",true,Color,Jet Black,Size,S,SY-SY-PROD-1041,500,shopify,15,deny,manual,64.79,104.42,true,true,https://images.unsplash.com/photo-1521572267360-ee0c2909d518?auto=format&fit=crop&w=800&q=80,1,active
mast-harbour-slim-fit-stretch-denim-jeans-elite,Mast & Harbour Slim-Fit Stretch Denim Jeans (Elite),"<p>High-demand Mast & Harbour Mast & Harbour Slim-Fit Stretch Denim Jeans (Elite). Designed for superior performance, comfort and style. Sourced with USPS express air shipping (7-10 days).</p>",Mast & Harbour,clothing,clothing,"men, clothing, men, dropshipping, bestseller",true,Color,Vintage Indigo,Size,30,SY-SY-PROD-1042,500,shopify,16,deny,manual,66.16,106.55,true,true,https://images.unsplash.com/photo-1617137984095-74e4e5e3613f?auto=format&fit=crop&w=800&q=80,1,active
urbanpulse-premium-pima-cotton-crew-t-shirt-classic,UrbanPulse Premium Pima Cotton Crew T-Shirt (Classic),"<p>High-demand UrbanPulse UrbanPulse Premium Pima Cotton Crew T-Shirt (Classic). Designed for superior performance, comfort and style. Sourced with USPS express air shipping (7-10 days).</p>",UrbanPulse,clothing,clothing,"men, clothing, men, dropshipping, bestseller",true,Color,Optic White,Size,S,SY-SY-PROD-1043,500,shopify,17,deny,manual,37.53,62.17,true,true,https://images.unsplash.com/photo-1602810318383-e386cc2a3ccf?auto=format&fit=crop&w=800&q=80,1,active
dennis-lingo-casual-linen-blend-button-down-shirt-series-2,Dennis Lingo Casual Linen Blend Button-Down Shirt (Series 2),"<p>High-demand Dennis Lingo Dennis Lingo Casual Linen Blend Button-Down Shirt (Series 2). Designed for superior performance, comfort and style. Sourced with USPS express air shipping (7-10 days).</p>",Dennis Lingo,clothing,clothing,"men, clothing, men, dropshipping, bestseller",true,Color,Sky Blue,Size,M,SY-SY-PROD-1044,500,shopify,18,deny,manual,43.90,72.05,true,true,https://images.unsplash.com/photo-1503342217505-b0a15ec3261c?auto=format&fit=crop&w=800&q=80,1,active
sunnyeora-man-tactical-multi-pocket-cargo-pants-air,Sunnyeora Man Tactical Multi-Pocket Cargo Pants (Air),"<p>High-demand Sunnyeora Man Sunnyeora Man Tactical Multi-Pocket Cargo Pants (Air). Designed for superior performance, comfort and style. Sourced with USPS express air shipping (7-10 days).</p>",Sunnyeora Man,clothing,clothing,"men, clothing, men, dropshipping, bestseller",true,Color,Military Green,Size,30,SY-SY-PROD-1045,500,shopify,19,deny,manual,70.27,112.92,true,true,https://images.unsplash.com/photo-1593030761757-71fae45fa0e7?auto=format&fit=crop&w=800&q=80,1,active
aeroflex-zip-up-quilted-flight-bomber-jacket-signature,AeroFlex Zip-Up Quilted Flight Bomber Jacket (Signature),"<p>High-demand AeroFlex AeroFlex Zip-Up Quilted Flight Bomber Jacket (Signature). Designed for superior performance, comfort and style. Sourced with USPS express air shipping (7-10 days).</p>",AeroFlex,clothing,clothing,"men, clothing, men, dropshipping, bestseller",true,Color,Gunmetal Gray,Size,M,SY-SY-PROD-1046,500,shopify,5,deny,manual,81.64,130.54,true,true,https://images.unsplash.com/photo-1618354691373-d851c5c3a990?auto=format&fit=crop&w=800&q=80,1,active
highlander-thermal-fleece-athleisure-joggers-v2,Highlander Thermal Fleece Athleisure Joggers (V2),"<p>High-demand Highlander Highlander Thermal Fleece Athleisure Joggers (V2). Designed for superior performance, comfort and style. Sourced with USPS express air shipping (7-10 days).</p>",Highlander,clothing,clothing,"men, clothing, men, dropshipping, bestseller",true,Color,Heather Charcoal,Size,S,SY-SY-PROD-1047,500,shopify,6,deny,manual,52.01,84.62,true,true,https://images.unsplash.com/photo-1576995853123-5a10305d93c0?auto=format&fit=crop&w=800&q=80,1,active
roadstyler-modern-mandarin-collar-linen-kurta-luxe,Roadstyler Modern Mandarin Collar Linen Kurta (Luxe),"<p>High-demand Roadstyler Roadstyler Modern Mandarin Collar Linen Kurta (Luxe). Designed for superior performance, comfort and style. Sourced with USPS express air shipping (7-10 days).</p>",Roadstyler,clothing,clothing,"men, clothing, men, dropshipping, bestseller",true,Color,Royal Blue,Size,M,SY-SY-PROD-1048,500,shopify,7,deny,manual,51.38,83.64,true,true,https://images.unsplash.com/photo-1620799140408-edc6dcb6d633?auto=format&fit=crop&w=800&q=80,1,active
mast-harbour-oversized-heavyweight-hoodie-pure,Mast & Harbour Oversized Heavyweight Hoodie (Pure),"<p>High-demand Mast & Harbour Mast & Harbour Oversized Heavyweight Hoodie (Pure). Designed for superior performance, comfort and style. Sourced with USPS express air shipping (7-10 days).</p>",Mast & Harbour,clothing,clothing,"men, clothing, men, dropshipping, bestseller",true,Color,Jet Black,Size,S,SY-SY-PROD-1049,500,shopify,8,deny,manual,45.75,74.91,true,true,https://images.unsplash.com/photo-1521572267360-ee0c2909d518?auto=format&fit=crop&w=800&q=80,1,active
urbanpulse-slim-fit-stretch-denim-jeans-essential,UrbanPulse Slim-Fit Stretch Denim Jeans (Essential),"<p>High-demand UrbanPulse UrbanPulse Slim-Fit Stretch Denim Jeans (Essential). Designed for superior performance, comfort and style. Sourced with USPS express air shipping (7-10 days).</p>",UrbanPulse,clothing,clothing,"men, clothing, men, dropshipping, bestseller",true,Color,Vintage Indigo,Size,30,SY-SY-PROD-1050,500,shopify,9,deny,manual,77.12,123.54,true,true,https://images.unsplash.com/photo-1617137984095-74e4e5e3613f?auto=format&fit=crop&w=800&q=80,1,active
dennis-lingo-premium-pima-cotton-crew-t-shirt-pro,Dennis Lingo Premium Pima Cotton Crew T-Shirt (Pro),"<p>High-demand Dennis Lingo Dennis Lingo Premium Pima Cotton Crew T-Shirt (Pro). Designed for superior performance, comfort and style. Sourced with USPS express air shipping (7-10 days).</p>",Dennis Lingo,clothing,clothing,"men, clothing, men, dropshipping, bestseller",true,Color,Optic White,Size,S,SY-SY-PROD-1051,500,shopify,10,deny,manual,33.49,55.91,true,true,https://images.unsplash.com/photo-1602810318383-e386cc2a3ccf?auto=format&fit=crop&w=800&q=80,1,active
sunnyeora-man-casual-linen-blend-button-down-shirt-elite,Sunnyeora Man Casual Linen Blend Button-Down Shirt (Elite),"<p>High-demand Sunnyeora Man Sunnyeora Man Casual Linen Blend Button-Down Shirt (Elite). Designed for superior performance, comfort and style. Sourced with USPS express air shipping (7-10 days).</p>",Sunnyeora Man,clothing,clothing,"men, clothing, men, dropshipping, bestseller",true,Color,Sky Blue,Size,M,SY-SY-PROD-1052,500,shopify,11,deny,manual,54.86,89.03,true,true,https://images.unsplash.com/photo-1503342217505-b0a15ec3261c?auto=format&fit=crop&w=800&q=80,1,active
aeroflex-tactical-multi-pocket-cargo-pants-classic,AeroFlex Tactical Multi-Pocket Cargo Pants (Classic),"<p>High-demand AeroFlex AeroFlex Tactical Multi-Pocket Cargo Pants (Classic). Designed for superior performance, comfort and style. Sourced with USPS express air shipping (7-10 days).</p>",AeroFlex,clothing,clothing,"men, clothing, men, dropshipping, bestseller",true,Color,Military Green,Size,30,SY-SY-PROD-1053,500,shopify,12,deny,manual,81.23,129.91,true,true,https://images.unsplash.com/photo-1593030761757-71fae45fa0e7?auto=format&fit=crop&w=800&q=80,1,active
highlander-zip-up-quilted-flight-bomber-jacket-series-2,Highlander Zip-Up Quilted Flight Bomber Jacket (Series 2),"<p>High-demand Highlander Highlander Zip-Up Quilted Flight Bomber Jacket (Series 2). Designed for superior performance, comfort and style. Sourced with USPS express air shipping (7-10 days).</p>",Highlander,clothing,clothing,"men, clothing, men, dropshipping, bestseller",true,Color,Gunmetal Gray,Size,M,SY-SY-PROD-1054,500,shopify,13,deny,manual,92.60,147.53,true,true,https://images.unsplash.com/photo-1618354691373-d851c5c3a990?auto=format&fit=crop&w=800&q=80,1,active
roadstyler-thermal-fleece-athleisure-joggers-air,Roadstyler Thermal Fleece Athleisure Joggers (Air),"<p>High-demand Roadstyler Roadstyler Thermal Fleece Athleisure Joggers (Air). Designed for superior performance, comfort and style. Sourced with USPS express air shipping (7-10 days).</p>",Roadstyler,clothing,clothing,"men, clothing, men, dropshipping, bestseller",true,Color,Heather Charcoal,Size,S,SY-SY-PROD-1055,500,shopify,14,deny,manual,40.97,67.50,true,true,https://images.unsplash.com/photo-1576995853123-5a10305d93c0?auto=format&fit=crop&w=800&q=80,1,active
mast-harbour-modern-mandarin-collar-linen-kurta-signature,Mast & Harbour Modern Mandarin Collar Linen Kurta (Signature),"<p>High-demand Mast & Harbour Mast & Harbour Modern Mandarin Collar Linen Kurta (Signature). Designed for superior performance, comfort and style. Sourced with USPS express air shipping (7-10 days).</p>",Mast & Harbour,clothing,clothing,"men, clothing, men, dropshipping, bestseller",true,Color,Royal Blue,Size,M,SY-SY-PROD-1056,500,shopify,15,deny,manual,62.34,100.63,true,true,https://images.unsplash.com/photo-1620799140408-edc6dcb6d633?auto=format&fit=crop&w=800&q=80,1,active
urbanpulse-oversized-heavyweight-hoodie-v2,UrbanPulse Oversized Heavyweight Hoodie (V2),"<p>High-demand UrbanPulse UrbanPulse Oversized Heavyweight Hoodie (V2). Designed for superior performance, comfort and style. Sourced with USPS express air shipping (7-10 days).</p>",UrbanPulse,clothing,clothing,"men, clothing, men, dropshipping, bestseller",true,Color,Jet Black,Size,S,SY-SY-PROD-1057,500,shopify,16,deny,manual,56.71,91.90,true,true,https://images.unsplash.com/photo-1521572267360-ee0c2909d518?auto=format&fit=crop&w=800&q=80,1,active
dennis-lingo-slim-fit-stretch-denim-jeans-luxe,Dennis Lingo Slim-Fit Stretch Denim Jeans (Luxe),"<p>High-demand Dennis Lingo Dennis Lingo Slim-Fit Stretch Denim Jeans (Luxe). Designed for superior performance, comfort and style. Sourced with USPS express air shipping (7-10 days).</p>",Dennis Lingo,clothing,clothing,"men, clothing, men, dropshipping, bestseller",true,Color,Vintage Indigo,Size,30,SY-SY-PROD-1058,500,shopify,17,deny,manual,53.08,86.27,true,true,https://images.unsplash.com/photo-1617137984095-74e4e5e3613f?auto=format&fit=crop&w=800&q=80,1,active
sunnyeora-man-premium-pima-cotton-crew-t-shirt-pure,Sunnyeora Man Premium Pima Cotton Crew T-Shirt (Pure),"<p>High-demand Sunnyeora Man Sunnyeora Man Premium Pima Cotton Crew T-Shirt (Pure). Designed for superior performance, comfort and style. Sourced with USPS express air shipping (7-10 days).</p>",Sunnyeora Man,clothing,clothing,"men, clothing, men, dropshipping, bestseller",true,Color,Optic White,Size,S,SY-SY-PROD-1059,500,shopify,18,deny,manual,29.45,49.65,true,true,https://images.unsplash.com/photo-1602810318383-e386cc2a3ccf?auto=format&fit=crop&w=800&q=80,1,active
aeroflex-casual-linen-blend-button-down-shirt-essential,AeroFlex Casual Linen Blend Button-Down Shirt (Essential),"<p>High-demand AeroFlex AeroFlex Casual Linen Blend Button-Down Shirt (Essential). Designed for superior performance, comfort and style. Sourced with USPS express air shipping (7-10 days).</p>",AeroFlex,clothing,clothing,"men, clothing, men, dropshipping, bestseller",true,Color,Sky Blue,Size,M,SY-SY-PROD-1060,500,shopify,19,deny,manual,40.82,67.27,true,true,https://images.unsplash.com/photo-1503342217505-b0a15ec3261c?auto=format&fit=crop&w=800&q=80,1,active
highlander-tactical-multi-pocket-cargo-pants-pro,Highlander Tactical Multi-Pocket Cargo Pants (Pro),"<p>High-demand Highlander Highlander Tactical Multi-Pocket Cargo Pants (Pro). Designed for superior performance, comfort and style. Sourced with USPS express air shipping (7-10 days).</p>",Highlander,clothing,clothing,"men, clothing, men, dropshipping, bestseller",true,Color,Military Green,Size,30,SY-SY-PROD-1061,500,shopify,5,deny,manual,52.19,84.89,true,true,https://images.unsplash.com/photo-1593030761757-71fae45fa0e7?auto=format&fit=crop&w=800&q=80,1,active
roadstyler-zip-up-quilted-flight-bomber-jacket-elite,Roadstyler Zip-Up Quilted Flight Bomber Jacket (Elite),"<p>High-demand Roadstyler Roadstyler Zip-Up Quilted Flight Bomber Jacket (Elite). Designed for superior performance, comfort and style. Sourced with USPS express air shipping (7-10 days).</p>",Roadstyler,clothing,clothing,"men, clothing, men, dropshipping, bestseller",true,Color,Gunmetal Gray,Size,M,SY-SY-PROD-1062,500,shopify,6,deny,manual,103.56,164.52,true,true,https://images.unsplash.com/photo-1618354691373-d851c5c3a990?auto=format&fit=crop&w=800&q=80,1,active
mast-harbour-thermal-fleece-athleisure-joggers-classic,Mast & Harbour Thermal Fleece Athleisure Joggers (Classic),"<p>High-demand Mast & Harbour Mast & Harbour Thermal Fleece Athleisure Joggers (Classic). Designed for superior performance, comfort and style. Sourced with USPS express air shipping (7-10 days).</p>",Mast & Harbour,clothing,clothing,"men, clothing, men, dropshipping, bestseller",true,Color,Heather Charcoal,Size,S,SY-SY-PROD-1063,500,shopify,7,deny,manual,51.93,84.49,true,true,https://images.unsplash.com/photo-1576995853123-5a10305d93c0?auto=format&fit=crop&w=800&q=80,1,active
urbanpulse-modern-mandarin-collar-linen-kurta-series-2,UrbanPulse Modern Mandarin Collar Linen Kurta (Series 2),"<p>High-demand UrbanPulse UrbanPulse Modern Mandarin Collar Linen Kurta (Series 2). Designed for superior performance, comfort and style. Sourced with USPS express air shipping (7-10 days).</p>",UrbanPulse,clothing,clothing,"men, clothing, men, dropshipping, bestseller",true,Color,Royal Blue,Size,M,SY-SY-PROD-1064,500,shopify,8,deny,manual,47.30,77.31,true,true,https://images.unsplash.com/photo-1620799140408-edc6dcb6d633?auto=format&fit=crop&w=800&q=80,1,active
dennis-lingo-oversized-heavyweight-hoodie-air,Dennis Lingo Oversized Heavyweight Hoodie (Air),"<p>High-demand Dennis Lingo Dennis Lingo Oversized Heavyweight Hoodie (Air). Designed for superior performance, comfort and style. Sourced with USPS express air shipping (7-10 days).</p>",Dennis Lingo,clothing,clothing,"men, clothing, men, dropshipping, bestseller",true,Color,Jet Black,Size,S,SY-SY-PROD-1065,500,shopify,9,deny,manual,67.67,108.89,true,true,https://images.unsplash.com/photo-1521572267360-ee0c2909d518?auto=format&fit=crop&w=800&q=80,1,active
sunnyeora-man-slim-fit-stretch-denim-jeans-signature,Sunnyeora Man Slim-Fit Stretch Denim Jeans (Signature),"<p>High-demand Sunnyeora Man Sunnyeora Man Slim-Fit Stretch Denim Jeans (Signature). Designed for superior performance, comfort and style. Sourced with USPS express air shipping (7-10 days).</p>",Sunnyeora Man,clothing,clothing,"men, clothing, men, dropshipping, bestseller",true,Color,Vintage Indigo,Size,30,SY-SY-PROD-1066,500,shopify,10,deny,manual,64.04,103.26,true,true,https://images.unsplash.com/photo-1617137984095-74e4e5e3613f?auto=format&fit=crop&w=800&q=80,1,active
aeroflex-premium-pima-cotton-crew-t-shirt-v2,AeroFlex Premium Pima Cotton Crew T-Shirt (V2),"<p>High-demand AeroFlex AeroFlex Premium Pima Cotton Crew T-Shirt (V2). Designed for superior performance, comfort and style. Sourced with USPS express air shipping (7-10 days).</p>",AeroFlex,clothing,clothing,"men, clothing, men, dropshipping, bestseller",true,Color,Optic White,Size,S,SY-SY-PROD-1067,500,shopify,11,deny,manual,25.41,43.39,true,true,https://images.unsplash.com/photo-1602810318383-e386cc2a3ccf?auto=format&fit=crop&w=800&q=80,1,active
highlander-casual-linen-blend-button-down-shirt-luxe,Highlander Casual Linen Blend Button-Down Shirt (Luxe),"<p>High-demand Highlander Highlander Casual Linen Blend Button-Down Shirt (Luxe). Designed for superior performance, comfort and style. Sourced with USPS express air shipping (7-10 days).</p>",Highlander,clothing,clothing,"men, clothing, men, dropshipping, bestseller",true,Color,Sky Blue,Size,M,SY-SY-PROD-1068,500,shopify,12,deny,manual,51.78,84.26,true,true,https://images.unsplash.com/photo-1503342217505-b0a15ec3261c?auto=format&fit=crop&w=800&q=80,1,active
roadstyler-tactical-multi-pocket-cargo-pants-pure,Roadstyler Tactical Multi-Pocket Cargo Pants (Pure),"<p>High-demand Roadstyler Roadstyler Tactical Multi-Pocket Cargo Pants (Pure). Designed for superior performance, comfort and style. Sourced with USPS express air shipping (7-10 days).</p>",Roadstyler,clothing,clothing,"men, clothing, men, dropshipping, bestseller",true,Color,Military Green,Size,30,SY-SY-PROD-1069,500,shopify,13,deny,manual,63.15,101.88,true,true,https://images.unsplash.com/photo-1593030761757-71fae45fa0e7?auto=format&fit=crop&w=800&q=80,1,active
mast-harbour-zip-up-quilted-flight-bomber-jacket-essential,Mast & Harbour Zip-Up Quilted Flight Bomber Jacket (Essential),"<p>High-demand Mast & Harbour Mast & Harbour Zip-Up Quilted Flight Bomber Jacket (Essential). Designed for superior performance, comfort and style. Sourced with USPS express air shipping (7-10 days).</p>",Mast & Harbour,clothing,clothing,"men, clothing, men, dropshipping, bestseller",true,Color,Gunmetal Gray,Size,M,SY-SY-PROD-1070,500,shopify,14,deny,manual,114.52,181.51,true,true,https://images.unsplash.com/photo-1618354691373-d851c5c3a990?auto=format&fit=crop&w=800&q=80,1,active
urbanpulse-thermal-fleece-athleisure-joggers-pro,UrbanPulse Thermal Fleece Athleisure Joggers (Pro),"<p>High-demand UrbanPulse UrbanPulse Thermal Fleece Athleisure Joggers (Pro). Designed for superior performance, comfort and style. Sourced with USPS express air shipping (7-10 days).</p>",UrbanPulse,clothing,clothing,"men, clothing, men, dropshipping, bestseller",true,Color,Heather Charcoal,Size,S,SY-SY-PROD-1071,500,shopify,15,deny,manual,40.89,67.38,true,true,https://images.unsplash.com/photo-1576995853123-5a10305d93c0?auto=format&fit=crop&w=800&q=80,1,active
dennis-lingo-modern-mandarin-collar-linen-kurta-elite,Dennis Lingo Modern Mandarin Collar Linen Kurta (Elite),"<p>High-demand Dennis Lingo Dennis Lingo Modern Mandarin Collar Linen Kurta (Elite). Designed for superior performance, comfort and style. Sourced with USPS express air shipping (7-10 days).</p>",Dennis Lingo,clothing,clothing,"men, clothing, men, dropshipping, bestseller",true,Color,Royal Blue,Size,M,SY-SY-PROD-1072,500,shopify,16,deny,manual,58.26,94.30,true,true,https://images.unsplash.com/photo-1620799140408-edc6dcb6d633?auto=format&fit=crop&w=800&q=80,1,active
sunnyeora-man-oversized-heavyweight-hoodie-classic,Sunnyeora Man Oversized Heavyweight Hoodie (Classic),"<p>High-demand Sunnyeora Man Sunnyeora Man Oversized Heavyweight Hoodie (Classic). Designed for superior performance, comfort and style. Sourced with USPS express air shipping (7-10 days).</p>",Sunnyeora Man,clothing,clothing,"men, clothing, men, dropshipping, bestseller",true,Color,Jet Black,Size,S,SY-SY-PROD-1073,500,shopify,17,deny,manual,48.63,79.38,true,true,https://images.unsplash.com/photo-1521572267360-ee0c2909d518?auto=format&fit=crop&w=800&q=80,1,active
aeroflex-slim-fit-stretch-denim-jeans-series-2,AeroFlex Slim-Fit Stretch Denim Jeans (Series 2),"<p>High-demand AeroFlex AeroFlex Slim-Fit Stretch Denim Jeans (Series 2). Designed for superior performance, comfort and style. Sourced with USPS express air shipping (7-10 days).</p>",AeroFlex,clothing,clothing,"men, clothing, men, dropshipping, bestseller",true,Color,Vintage Indigo,Size,30,SY-SY-PROD-1074,500,shopify,18,deny,manual,75.00,120.25,true,true,https://images.unsplash.com/photo-1617137984095-74e4e5e3613f?auto=format&fit=crop&w=800&q=80,1,active
highlander-premium-pima-cotton-crew-t-shirt-air,Highlander Premium Pima Cotton Crew T-Shirt (Air),"<p>High-demand Highlander Highlander Premium Pima Cotton Crew T-Shirt (Air). Designed for superior performance, comfort and style. Sourced with USPS express air shipping (7-10 days).</p>",Highlander,clothing,clothing,"men, clothing, men, dropshipping, bestseller",true,Color,Optic White,Size,S,SY-SY-PROD-1075,500,shopify,19,deny,manual,36.37,60.37,true,true,https://images.unsplash.com/photo-1602810318383-e386cc2a3ccf?auto=format&fit=crop&w=800&q=80,1,active
roadstyler-casual-linen-blend-button-down-shirt-signature,Roadstyler Casual Linen Blend Button-Down Shirt (Signature),"<p>High-demand Roadstyler Roadstyler Casual Linen Blend Button-Down Shirt (Signature). Designed for superior performance, comfort and style. Sourced with USPS express air shipping (7-10 days).</p>",Roadstyler,clothing,clothing,"men, clothing, men, dropshipping, bestseller",true,Color,Sky Blue,Size,M,SY-SY-PROD-1076,500,shopify,5,deny,manual,37.74,62.50,true,true,https://images.unsplash.com/photo-1503342217505-b0a15ec3261c?auto=format&fit=crop&w=800&q=80,1,active
mast-harbour-tactical-multi-pocket-cargo-pants-v2,Mast & Harbour Tactical Multi-Pocket Cargo Pants (V2),"<p>High-demand Mast & Harbour Mast & Harbour Tactical Multi-Pocket Cargo Pants (V2). Designed for superior performance, comfort and style. Sourced with USPS express air shipping (7-10 days).</p>",Mast & Harbour,clothing,clothing,"men, clothing, men, dropshipping, bestseller",true,Color,Military Green,Size,30,SY-SY-PROD-1077,500,shopify,6,deny,manual,74.11,118.87,true,true,https://images.unsplash.com/photo-1593030761757-71fae45fa0e7?auto=format&fit=crop&w=800&q=80,1,active
urbanpulse-zip-up-quilted-flight-bomber-jacket-luxe,UrbanPulse Zip-Up Quilted Flight Bomber Jacket (Luxe),"<p>High-demand UrbanPulse UrbanPulse Zip-Up Quilted Flight Bomber Jacket (Luxe). Designed for superior performance, comfort and style. Sourced with USPS express air shipping (7-10 days).</p>",UrbanPulse,clothing,clothing,"men, clothing, men, dropshipping, bestseller",true,Color,Gunmetal Gray,Size,M,SY-SY-PROD-1078,500,shopify,7,deny,manual,75.48,120.99,true,true,https://images.unsplash.com/photo-1618354691373-d851c5c3a990?auto=format&fit=crop&w=800&q=80,1,active
dennis-lingo-thermal-fleece-athleisure-joggers-pure,Dennis Lingo Thermal Fleece Athleisure Joggers (Pure),"<p>High-demand Dennis Lingo Dennis Lingo Thermal Fleece Athleisure Joggers (Pure). Designed for superior performance, comfort and style. Sourced with USPS express air shipping (7-10 days).</p>",Dennis Lingo,clothing,clothing,"men, clothing, men, dropshipping, bestseller",true,Color,Heather Charcoal,Size,S,SY-SY-PROD-1079,500,shopify,8,deny,manual,51.85,84.37,true,true,https://images.unsplash.com/photo-1576995853123-5a10305d93c0?auto=format&fit=crop&w=800&q=80,1,active
sunnyeora-man-modern-mandarin-collar-linen-kurta-essential,Sunnyeora Man Modern Mandarin Collar Linen Kurta (Essential),"<p>High-demand Sunnyeora Man Sunnyeora Man Modern Mandarin Collar Linen Kurta (Essential). Designed for superior performance, comfort and style. Sourced with USPS express air shipping (7-10 days).</p>",Sunnyeora Man,clothing,clothing,"men, clothing, men, dropshipping, bestseller",true,Color,Royal Blue,Size,M,SY-SY-PROD-1080,500,shopify,9,deny,manual,43.22,70.99,true,true,https://images.unsplash.com/photo-1620799140408-edc6dcb6d633?auto=format&fit=crop&w=800&q=80,1,active
aeroflex-oversized-heavyweight-hoodie-pro,AeroFlex Oversized Heavyweight Hoodie (Pro),"<p>High-demand AeroFlex AeroFlex Oversized Heavyweight Hoodie (Pro). Designed for superior performance, comfort and style. Sourced with USPS express air shipping (7-10 days).</p>",AeroFlex,clothing,clothing,"men, clothing, men, dropshipping, bestseller",true,Color,Jet Black,Size,S,SY-SY-PROD-1081,500,shopify,10,deny,manual,59.59,96.36,true,true,https://images.unsplash.com/photo-1521572267360-ee0c2909d518?auto=format&fit=crop&w=800&q=80,1,active
highlander-slim-fit-stretch-denim-jeans-elite,Highlander Slim-Fit Stretch Denim Jeans (Elite),"<p>High-demand Highlander Highlander Slim-Fit Stretch Denim Jeans (Elite). Designed for superior performance, comfort and style. Sourced with USPS express air shipping (7-10 days).</p>",Highlander,clothing,clothing,"men, clothing, men, dropshipping, bestseller",true,Color,Vintage Indigo,Size,30,SY-SY-PROD-1082,500,shopify,11,deny,manual,50.96,82.99,true,true,https://images.unsplash.com/photo-1617137984095-74e4e5e3613f?auto=format&fit=crop&w=800&q=80,1,active
roadstyler-premium-pima-cotton-crew-t-shirt-classic,Roadstyler Premium Pima Cotton Crew T-Shirt (Classic),"<p>High-demand Roadstyler Roadstyler Premium Pima Cotton Crew T-Shirt (Classic). Designed for superior performance, comfort and style. Sourced with USPS express air shipping (7-10 days).</p>",Roadstyler,clothing,clothing,"men, clothing, men, dropshipping, bestseller",true,Color,Optic White,Size,S,SY-SY-PROD-1083,500,shopify,12,deny,manual,32.33,54.11,true,true,https://images.unsplash.com/photo-1602810318383-e386cc2a3ccf?auto=format&fit=crop&w=800&q=80,1,active
mast-harbour-casual-linen-blend-button-down-shirt-series-2,Mast & Harbour Casual Linen Blend Button-Down Shirt (Series 2),"<p>High-demand Mast & Harbour Mast & Harbour Casual Linen Blend Button-Down Shirt (Series 2). Designed for superior performance, comfort and style. Sourced with USPS express air shipping (7-10 days).</p>",Mast & Harbour,clothing,clothing,"men, clothing, men, dropshipping, bestseller",true,Color,Sky Blue,Size,M,SY-SY-PROD-1084,500,shopify,13,deny,manual,48.70,79.49,true,true,https://images.unsplash.com/photo-1503342217505-b0a15ec3261c?auto=format&fit=crop&w=800&q=80,1,active
urbanpulse-tactical-multi-pocket-cargo-pants-air,UrbanPulse Tactical Multi-Pocket Cargo Pants (Air),"<p>High-demand UrbanPulse UrbanPulse Tactical Multi-Pocket Cargo Pants (Air). Designed for superior performance, comfort and style. Sourced with USPS express air shipping (7-10 days).</p>",UrbanPulse,clothing,clothing,"men, clothing, men, dropshipping, bestseller",true,Color,Military Green,Size,30,SY-SY-PROD-1085,500,shopify,14,deny,manual,85.07,135.86,true,true,https://images.unsplash.com/photo-1593030761757-71fae45fa0e7?auto=format&fit=crop&w=800&q=80,1,active
dennis-lingo-zip-up-quilted-flight-bomber-jacket-signature,Dennis Lingo Zip-Up Quilted Flight Bomber Jacket (Signature),"<p>High-demand Dennis Lingo Dennis Lingo Zip-Up Quilted Flight Bomber Jacket (Signature). Designed for superior performance, comfort and style. Sourced with USPS express air shipping (7-10 days).</p>",Dennis Lingo,clothing,clothing,"men, clothing, men, dropshipping, bestseller",true,Color,Gunmetal Gray,Size,M,SY-SY-PROD-1086,500,shopify,15,deny,manual,86.44,137.98,true,true,https://images.unsplash.com/photo-1618354691373-d851c5c3a990?auto=format&fit=crop&w=800&q=80,1,active
sunnyeora-man-thermal-fleece-athleisure-joggers-v2,Sunnyeora Man Thermal Fleece Athleisure Joggers (V2),"<p>High-demand Sunnyeora Man Sunnyeora Man Thermal Fleece Athleisure Joggers (V2). Designed for superior performance, comfort and style. Sourced with USPS express air shipping (7-10 days).</p>",Sunnyeora Man,clothing,clothing,"men, clothing, men, dropshipping, bestseller",true,Color,Heather Charcoal,Size,S,SY-SY-PROD-1087,500,shopify,16,deny,manual,40.81,67.26,true,true,https://images.unsplash.com/photo-1576995853123-5a10305d93c0?auto=format&fit=crop&w=800&q=80,1,active
aeroflex-modern-mandarin-collar-linen-kurta-luxe,AeroFlex Modern Mandarin Collar Linen Kurta (Luxe),"<p>High-demand AeroFlex AeroFlex Modern Mandarin Collar Linen Kurta (Luxe). Designed for superior performance, comfort and style. Sourced with USPS express air shipping (7-10 days).</p>",AeroFlex,clothing,clothing,"men, clothing, men, dropshipping, bestseller",true,Color,Royal Blue,Size,M,SY-SY-PROD-1088,500,shopify,17,deny,manual,54.18,87.98,true,true,https://images.unsplash.com/photo-1620799140408-edc6dcb6d633?auto=format&fit=crop&w=800&q=80,1,active
highlander-oversized-heavyweight-hoodie-pure,Highlander Oversized Heavyweight Hoodie (Pure),"<p>High-demand Highlander Highlander Oversized Heavyweight Hoodie (Pure). Designed for superior performance, comfort and style. Sourced with USPS express air shipping (7-10 days).</p>",Highlander,clothing,clothing,"men, clothing, men, dropshipping, bestseller",true,Color,Jet Black,Size,S,SY-SY-PROD-1089,500,shopify,18,deny,manual,40.55,66.85,true,true,https://images.unsplash.com/photo-1521572267360-ee0c2909d518?auto=format&fit=crop&w=800&q=80,1,active
roadstyler-slim-fit-stretch-denim-jeans-essential,Roadstyler Slim-Fit Stretch Denim Jeans (Essential),"<p>High-demand Roadstyler Roadstyler Slim-Fit Stretch Denim Jeans (Essential). Designed for superior performance, comfort and style. Sourced with USPS express air shipping (7-10 days).</p>",Roadstyler,clothing,clothing,"men, clothing, men, dropshipping, bestseller",true,Color,Vintage Indigo,Size,30,SY-SY-PROD-1090,500,shopify,19,deny,manual,61.92,99.98,true,true,https://images.unsplash.com/photo-1617137984095-74e4e5e3613f?auto=format&fit=crop&w=800&q=80,1,active
mast-harbour-premium-pima-cotton-crew-t-shirt-pro,Mast & Harbour Premium Pima Cotton Crew T-Shirt (Pro),"<p>High-demand Mast & Harbour Mast & Harbour Premium Pima Cotton Crew T-Shirt (Pro). Designed for superior performance, comfort and style. Sourced with USPS express air shipping (7-10 days).</p>",Mast & Harbour,clothing,clothing,"men, clothing, men, dropshipping, bestseller",true,Color,Optic White,Size,S,SY-SY-PROD-1091,500,shopify,5,deny,manual,28.29,47.85,true,true,https://images.unsplash.com/photo-1602810318383-e386cc2a3ccf?auto=format&fit=crop&w=800&q=80,1,active
urbanpulse-casual-linen-blend-button-down-shirt-elite,UrbanPulse Casual Linen Blend Button-Down Shirt (Elite),"<p>High-demand UrbanPulse UrbanPulse Casual Linen Blend Button-Down Shirt (Elite). Designed for superior performance, comfort and style. Sourced with USPS express air shipping (7-10 days).</p>",UrbanPulse,clothing,clothing,"men, clothing, men, dropshipping, bestseller",true,Color,Sky Blue,Size,M,SY-SY-PROD-1092,500,shopify,6,deny,manual,59.66,96.47,true,true,https://images.unsplash.com/photo-1503342217505-b0a15ec3261c?auto=format&fit=crop&w=800&q=80,1,active
dennis-lingo-tactical-multi-pocket-cargo-pants-classic,Dennis Lingo Tactical Multi-Pocket Cargo Pants (Classic),"<p>High-demand Dennis Lingo Dennis Lingo Tactical Multi-Pocket Cargo Pants (Classic). Designed for superior performance, comfort and style. Sourced with USPS express air shipping (7-10 days).</p>",Dennis Lingo,clothing,clothing,"men, clothing, men, dropshipping, bestseller",true,Color,Military Green,Size,30,SY-SY-PROD-1093,500,shopify,7,deny,manual,56.03,90.85,true,true,https://images.unsplash.com/photo-1593030761757-71fae45fa0e7?auto=format&fit=crop&w=800&q=80,1,active
sunnyeora-man-zip-up-quilted-flight-bomber-jacket-series-2,Sunnyeora Man Zip-Up Quilted Flight Bomber Jacket (Series 2),"<p>High-demand Sunnyeora Man Sunnyeora Man Zip-Up Quilted Flight Bomber Jacket (Series 2). Designed for superior performance, comfort and style. Sourced with USPS express air shipping (7-10 days).</p>",Sunnyeora Man,clothing,clothing,"men, clothing, men, dropshipping, bestseller",true,Color,Gunmetal Gray,Size,M,SY-SY-PROD-1094,500,shopify,8,deny,manual,97.40,154.97,true,true,https://images.unsplash.com/photo-1618354691373-d851c5c3a990?auto=format&fit=crop&w=800&q=80,1,active
aeroflex-thermal-fleece-athleisure-joggers-air,AeroFlex Thermal Fleece Athleisure Joggers (Air),"<p>High-demand AeroFlex AeroFlex Thermal Fleece Athleisure Joggers (Air). Designed for superior performance, comfort and style. Sourced with USPS express air shipping (7-10 days).</p>",AeroFlex,clothing,clothing,"men, clothing, men, dropshipping, bestseller",true,Color,Heather Charcoal,Size,S,SY-SY-PROD-1095,500,shopify,9,deny,manual,51.77,84.24,true,true,https://images.unsplash.com/photo-1576995853123-5a10305d93c0?auto=format&fit=crop&w=800&q=80,1,active
highlander-modern-mandarin-collar-linen-kurta-signature,Highlander Modern Mandarin Collar Linen Kurta (Signature),"<p>High-demand Highlander Highlander Modern Mandarin Collar Linen Kurta (Signature). Designed for superior performance, comfort and style. Sourced with USPS express air shipping (7-10 days).</p>",Highlander,clothing,clothing,"men, clothing, men, dropshipping, bestseller",true,Color,Royal Blue,Size,M,SY-SY-PROD-1096,500,shopify,10,deny,manual,39.14,64.67,true,true,https://images.unsplash.com/photo-1620799140408-edc6dcb6d633?auto=format&fit=crop&w=800&q=80,1,active
roadstyler-oversized-heavyweight-hoodie-v2,Roadstyler Oversized Heavyweight Hoodie (V2),"<p>High-demand Roadstyler Roadstyler Oversized Heavyweight Hoodie (V2). Designed for superior performance, comfort and style. Sourced with USPS express air shipping (7-10 days).</p>",Roadstyler,clothing,clothing,"men, clothing, men, dropshipping, bestseller",true,Color,Jet Black,Size,S,SY-SY-PROD-1097,500,shopify,11,deny,manual,51.51,83.84,true,true,https://images.unsplash.com/photo-1521572267360-ee0c2909d518?auto=format&fit=crop&w=800&q=80,1,active
mast-harbour-slim-fit-stretch-denim-jeans-luxe,Mast & Harbour Slim-Fit Stretch Denim Jeans (Luxe),"<p>High-demand Mast & Harbour Mast & Harbour Slim-Fit Stretch Denim Jeans (Luxe). Designed for superior performance, comfort and style. Sourced with USPS express air shipping (7-10 days).</p>",Mast & Harbour,clothing,clothing,"men, clothing, men, dropshipping, bestseller",true,Color,Vintage Indigo,Size,30,SY-SY-PROD-1098,500,shopify,12,deny,manual,72.88,116.96,true,true,https://images.unsplash.com/photo-1617137984095-74e4e5e3613f?auto=format&fit=crop&w=800&q=80,1,active
urbanpulse-premium-pima-cotton-crew-t-shirt-pure,UrbanPulse Premium Pima Cotton Crew T-Shirt (Pure),"<p>High-demand UrbanPulse UrbanPulse Premium Pima Cotton Crew T-Shirt (Pure). Designed for superior performance, comfort and style. Sourced with USPS express air shipping (7-10 days).</p>",UrbanPulse,clothing,clothing,"men, clothing, men, dropshipping, bestseller",true,Color,Optic White,Size,S,SY-SY-PROD-1099,500,shopify,13,deny,manual,39.25,64.84,true,true,https://images.unsplash.com/photo-1602810318383-e386cc2a3ccf?auto=format&fit=crop&w=800&q=80,1,active
dennis-lingo-casual-linen-blend-button-down-shirt-essential,Dennis Lingo Casual Linen Blend Button-Down Shirt (Essential),"<p>High-demand Dennis Lingo Dennis Lingo Casual Linen Blend Button-Down Shirt (Essential). Designed for superior performance, comfort and style. Sourced with USPS express air shipping (7-10 days).</p>",Dennis Lingo,clothing,clothing,"men, clothing, men, dropshipping, bestseller",true,Color,Sky Blue,Size,M,SY-SY-PROD-1100,500,shopify,14,deny,manual,45.62,74.71,true,true,https://images.unsplash.com/photo-1503342217505-b0a15ec3261c?auto=format&fit=crop&w=800&q=80,1,active
sunnyeora-man-tactical-multi-pocket-cargo-pants-pro,Sunnyeora Man Tactical Multi-Pocket Cargo Pants (Pro),"<p>High-demand Sunnyeora Man Sunnyeora Man Tactical Multi-Pocket Cargo Pants (Pro). Designed for superior performance, comfort and style. Sourced with USPS express air shipping (7-10 days).</p>",Sunnyeora Man,clothing,clothing,"men, clothing, men, dropshipping, bestseller",true,Color,Military Green,Size,30,SY-SY-PROD-1101,500,shopify,15,deny,manual,66.99,107.83,true,true,https://images.unsplash.com/photo-1593030761757-71fae45fa0e7?auto=format&fit=crop&w=800&q=80,1,active
aeroflex-zip-up-quilted-flight-bomber-jacket-elite,AeroFlex Zip-Up Quilted Flight Bomber Jacket (Elite),"<p>High-demand AeroFlex AeroFlex Zip-Up Quilted Flight Bomber Jacket (Elite). Designed for superior performance, comfort and style. Sourced with USPS express air shipping (7-10 days).</p>",AeroFlex,clothing,clothing,"men, clothing, men, dropshipping, bestseller",true,Color,Gunmetal Gray,Size,M,SY-SY-PROD-1102,500,shopify,16,deny,manual,108.36,171.96,true,true,https://images.unsplash.com/photo-1618354691373-d851c5c3a990?auto=format&fit=crop&w=800&q=80,1,active
highlander-thermal-fleece-athleisure-joggers-classic,Highlander Thermal Fleece Athleisure Joggers (Classic),"<p>High-demand Highlander Highlander Thermal Fleece Athleisure Joggers (Classic). Designed for superior performance, comfort and style. Sourced with USPS express air shipping (7-10 days).</p>",Highlander,clothing,clothing,"men, clothing, men, dropshipping, bestseller",true,Color,Heather Charcoal,Size,S,SY-SY-PROD-1103,500,shopify,17,deny,manual,40.73,67.13,true,true,https://images.unsplash.com/photo-1576995853123-5a10305d93c0?auto=format&fit=crop&w=800&q=80,1,active
roadstyler-modern-mandarin-collar-linen-kurta-series-2,Roadstyler Modern Mandarin Collar Linen Kurta (Series 2),"<p>High-demand Roadstyler Roadstyler Modern Mandarin Collar Linen Kurta (Series 2). Designed for superior performance, comfort and style. Sourced with USPS express air shipping (7-10 days).</p>",Roadstyler,clothing,clothing,"men, clothing, men, dropshipping, bestseller",true,Color,Royal Blue,Size,M,SY-SY-PROD-1104,500,shopify,18,deny,manual,50.10,81.66,true,true,https://images.unsplash.com/photo-1620799140408-edc6dcb6d633?auto=format&fit=crop&w=800&q=80,1,active
mast-harbour-oversized-heavyweight-hoodie-air,Mast & Harbour Oversized Heavyweight Hoodie (Air),"<p>High-demand Mast & Harbour Mast & Harbour Oversized Heavyweight Hoodie (Air). Designed for superior performance, comfort and style. Sourced with USPS express air shipping (7-10 days).</p>",Mast & Harbour,clothing,clothing,"men, clothing, men, dropshipping, bestseller",true,Color,Jet Black,Size,S,SY-SY-PROD-1105,500,shopify,19,deny,manual,62.47,100.83,true,true,https://images.unsplash.com/photo-1521572267360-ee0c2909d518?auto=format&fit=crop&w=800&q=80,1,active
urbanpulse-slim-fit-stretch-denim-jeans-signature,UrbanPulse Slim-Fit Stretch Denim Jeans (Signature),"<p>High-demand UrbanPulse UrbanPulse Slim-Fit Stretch Denim Jeans (Signature). Designed for superior performance, comfort and style. Sourced with USPS express air shipping (7-10 days).</p>",UrbanPulse,clothing,clothing,"men, clothing, men, dropshipping, bestseller",true,Color,Vintage Indigo,Size,30,SY-SY-PROD-1106,500,shopify,5,deny,manual,48.84,79.70,true,true,https://images.unsplash.com/photo-1617137984095-74e4e5e3613f?auto=format&fit=crop&w=800&q=80,1,active
dennis-lingo-premium-pima-cotton-crew-t-shirt-v2,Dennis Lingo Premium Pima Cotton Crew T-Shirt (V2),"<p>High-demand Dennis Lingo Dennis Lingo Premium Pima Cotton Crew T-Shirt (V2). Designed for superior performance, comfort and style. Sourced with USPS express air shipping (7-10 days).</p>",Dennis Lingo,clothing,clothing,"men, clothing, men, dropshipping, bestseller",true,Color,Optic White,Size,S,SY-SY-PROD-1107,500,shopify,6,deny,manual,35.21,58.58,true,true,https://images.unsplash.com/photo-1602810318383-e386cc2a3ccf?auto=format&fit=crop&w=800&q=80,1,active
sunnyeora-man-casual-linen-blend-button-down-shirt-luxe,Sunnyeora Man Casual Linen Blend Button-Down Shirt (Luxe),"<p>High-demand Sunnyeora Man Sunnyeora Man Casual Linen Blend Button-Down Shirt (Luxe). Designed for superior performance, comfort and style. Sourced with USPS express air shipping (7-10 days).</p>",Sunnyeora Man,clothing,clothing,"men, clothing, men, dropshipping, bestseller",true,Color,Sky Blue,Size,M,SY-SY-PROD-1108,500,shopify,7,deny,manual,56.58,91.70,true,true,https://images.unsplash.com/photo-1503342217505-b0a15ec3261c?auto=format&fit=crop&w=800&q=80,1,active
aeroflex-tactical-multi-pocket-cargo-pants-pure,AeroFlex Tactical Multi-Pocket Cargo Pants (Pure),"<p>High-demand AeroFlex AeroFlex Tactical Multi-Pocket Cargo Pants (Pure). Designed for superior performance, comfort and style. Sourced with USPS express air shipping (7-10 days).</p>",AeroFlex,clothing,clothing,"men, clothing, men, dropshipping, bestseller",true,Color,Military Green,Size,30,SY-SY-PROD-1109,500,shopify,8,deny,manual,77.95,124.82,true,true,https://images.unsplash.com/photo-1593030761757-71fae45fa0e7?auto=format&fit=crop&w=800&q=80,1,active
highlander-zip-up-quilted-flight-bomber-jacket-essential,Highlander Zip-Up Quilted Flight Bomber Jacket (Essential),"<p>High-demand Highlander Highlander Zip-Up Quilted Flight Bomber Jacket (Essential). Designed for superior performance, comfort and style. Sourced with USPS express air shipping (7-10 days).</p>",Highlander,clothing,clothing,"men, clothing, men, dropshipping, bestseller",true,Color,Gunmetal Gray,Size,M,SY-SY-PROD-1110,500,shopify,9,deny,manual,119.32,188.95,true,true,https://images.unsplash.com/photo-1618354691373-d851c5c3a990?auto=format&fit=crop&w=800&q=80,1,active
roadstyler-thermal-fleece-athleisure-joggers-pro,Roadstyler Thermal Fleece Athleisure Joggers (Pro),"<p>High-demand Roadstyler Roadstyler Thermal Fleece Athleisure Joggers (Pro). Designed for superior performance, comfort and style. Sourced with USPS express air shipping (7-10 days).</p>",Roadstyler,clothing,clothing,"men, clothing, men, dropshipping, bestseller",true,Color,Heather Charcoal,Size,S,SY-SY-PROD-1111,500,shopify,10,deny,manual,51.69,84.12,true,true,https://images.unsplash.com/photo-1576995853123-5a10305d93c0?auto=format&fit=crop&w=800&q=80,1,active
mast-harbour-modern-mandarin-collar-linen-kurta-elite,Mast & Harbour Modern Mandarin Collar Linen Kurta (Elite),"<p>High-demand Mast & Harbour Mast & Harbour Modern Mandarin Collar Linen Kurta (Elite). Designed for superior performance, comfort and style. Sourced with USPS express air shipping (7-10 days).</p>",Mast & Harbour,clothing,clothing,"men, clothing, men, dropshipping, bestseller",true,Color,Royal Blue,Size,M,SY-SY-PROD-1112,500,shopify,11,deny,manual,61.06,98.64,true,true,https://images.unsplash.com/photo-1620799140408-edc6dcb6d633?auto=format&fit=crop&w=800&q=80,1,active
urbanpulse-oversized-heavyweight-hoodie-classic,UrbanPulse Oversized Heavyweight Hoodie (Classic),"<p>High-demand UrbanPulse UrbanPulse Oversized Heavyweight Hoodie (Classic). Designed for superior performance, comfort and style. Sourced with USPS express air shipping (7-10 days).</p>",UrbanPulse,clothing,clothing,"men, clothing, men, dropshipping, bestseller",true,Color,Jet Black,Size,S,SY-SY-PROD-1113,500,shopify,12,deny,manual,43.43,71.32,true,true,https://images.unsplash.com/photo-1521572267360-ee0c2909d518?auto=format&fit=crop&w=800&q=80,1,active
dennis-lingo-slim-fit-stretch-denim-jeans-series-2,Dennis Lingo Slim-Fit Stretch Denim Jeans (Series 2),"<p>High-demand Dennis Lingo Dennis Lingo Slim-Fit Stretch Denim Jeans (Series 2). Designed for superior performance, comfort and style. Sourced with USPS express air shipping (7-10 days).</p>",Dennis Lingo,clothing,clothing,"men, clothing, men, dropshipping, bestseller",true,Color,Vintage Indigo,Size,30,SY-SY-PROD-1114,500,shopify,13,deny,manual,59.80,96.69,true,true,https://images.unsplash.com/photo-1617137984095-74e4e5e3613f?auto=format&fit=crop&w=800&q=80,1,active
sunnyeora-man-premium-pima-cotton-crew-t-shirt-air,Sunnyeora Man Premium Pima Cotton Crew T-Shirt (Air),"<p>High-demand Sunnyeora Man Sunnyeora Man Premium Pima Cotton Crew T-Shirt (Air). Designed for superior performance, comfort and style. Sourced with USPS express air shipping (7-10 days).</p>",Sunnyeora Man,clothing,clothing,"men, clothing, men, dropshipping, bestseller",true,Color,Optic White,Size,S,SY-SY-PROD-1115,500,shopify,14,deny,manual,31.17,52.31,true,true,https://images.unsplash.com/photo-1602810318383-e386cc2a3ccf?auto=format&fit=crop&w=800&q=80,1,active
aeroflex-casual-linen-blend-button-down-shirt-signature,AeroFlex Casual Linen Blend Button-Down Shirt (Signature),"<p>High-demand AeroFlex AeroFlex Casual Linen Blend Button-Down Shirt (Signature). Designed for superior performance, comfort and style. Sourced with USPS express air shipping (7-10 days).</p>",AeroFlex,clothing,clothing,"men, clothing, men, dropshipping, bestseller",true,Color,Sky Blue,Size,M,SY-SY-PROD-1116,500,shopify,15,deny,manual,42.54,69.94,true,true,https://images.unsplash.com/photo-1503342217505-b0a15ec3261c?auto=format&fit=crop&w=800&q=80,1,active
highlander-tactical-multi-pocket-cargo-pants-v2,Highlander Tactical Multi-Pocket Cargo Pants (V2),"<p>High-demand Highlander Highlander Tactical Multi-Pocket Cargo Pants (V2). Designed for superior performance, comfort and style. Sourced with USPS express air shipping (7-10 days).</p>",Highlander,clothing,clothing,"men, clothing, men, dropshipping, bestseller",true,Color,Military Green,Size,30,SY-SY-PROD-1117,500,shopify,16,deny,manual,88.91,141.81,true,true,https://images.unsplash.com/photo-1593030761757-71fae45fa0e7?auto=format&fit=crop&w=800&q=80,1,active
roadstyler-zip-up-quilted-flight-bomber-jacket-luxe,Roadstyler Zip-Up Quilted Flight Bomber Jacket (Luxe),"<p>High-demand Roadstyler Roadstyler Zip-Up Quilted Flight Bomber Jacket (Luxe). Designed for superior performance, comfort and style. Sourced with USPS express air shipping (7-10 days).</p>",Roadstyler,clothing,clothing,"men, clothing, men, dropshipping, bestseller",true,Color,Gunmetal Gray,Size,M,SY-SY-PROD-1118,500,shopify,17,deny,manual,80.28,128.43,true,true,https://images.unsplash.com/photo-1618354691373-d851c5c3a990?auto=format&fit=crop&w=800&q=80,1,active
mast-harbour-thermal-fleece-athleisure-joggers-pure,Mast & Harbour Thermal Fleece Athleisure Joggers (Pure),"<p>High-demand Mast & Harbour Mast & Harbour Thermal Fleece Athleisure Joggers (Pure). Designed for superior performance, comfort and style. Sourced with USPS express air shipping (7-10 days).</p>",Mast & Harbour,clothing,clothing,"men, clothing, men, dropshipping, bestseller",true,Color,Heather Charcoal,Size,S,SY-SY-PROD-1119,500,shopify,18,deny,manual,40.65,67.01,true,true,https://images.unsplash.com/photo-1576995853123-5a10305d93c0?auto=format&fit=crop&w=800&q=80,1,active
urbanpulse-modern-mandarin-collar-linen-kurta-essential,UrbanPulse Modern Mandarin Collar Linen Kurta (Essential),"<p>High-demand UrbanPulse UrbanPulse Modern Mandarin Collar Linen Kurta (Essential). Designed for superior performance, comfort and style. Sourced with USPS express air shipping (7-10 days).</p>",UrbanPulse,clothing,clothing,"men, clothing, men, dropshipping, bestseller",true,Color,Royal Blue,Size,M,SY-SY-PROD-1120,500,shopify,19,deny,manual,46.02,75.33,true,true,https://images.unsplash.com/photo-1620799140408-edc6dcb6d633?auto=format&fit=crop&w=800&q=80,1,active
dennis-lingo-oversized-heavyweight-hoodie-pro,Dennis Lingo Oversized Heavyweight Hoodie (Pro),"<p>High-demand Dennis Lingo Dennis Lingo Oversized Heavyweight Hoodie (Pro). Designed for superior performance, comfort and style. Sourced with USPS express air shipping (7-10 days).</p>",Dennis Lingo,clothing,clothing,"men, clothing, men, dropshipping, bestseller",true,Color,Jet Black,Size,S,SY-SY-PROD-1121,500,shopify,5,deny,manual,54.39,88.30,true,true,https://images.unsplash.com/photo-1521572267360-ee0c2909d518?auto=format&fit=crop&w=800&q=80,1,active
sunnyeora-man-slim-fit-stretch-denim-jeans-elite,Sunnyeora Man Slim-Fit Stretch Denim Jeans (Elite),"<p>High-demand Sunnyeora Man Sunnyeora Man Slim-Fit Stretch Denim Jeans (Elite). Designed for superior performance, comfort and style. Sourced with USPS express air shipping (7-10 days).</p>",Sunnyeora Man,clothing,clothing,"men, clothing, men, dropshipping, bestseller",true,Color,Vintage Indigo,Size,30,SY-SY-PROD-1122,500,shopify,6,deny,manual,70.76,113.68,true,true,https://images.unsplash.com/photo-1617137984095-74e4e5e3613f?auto=format&fit=crop&w=800&q=80,1,active
aeroflex-premium-pima-cotton-crew-t-shirt-classic,AeroFlex Premium Pima Cotton Crew T-Shirt (Classic),"<p>High-demand AeroFlex AeroFlex Premium Pima Cotton Crew T-Shirt (Classic). Designed for superior performance, comfort and style. Sourced with USPS express air shipping (7-10 days).</p>",AeroFlex,clothing,clothing,"men, clothing, men, dropshipping, bestseller",true,Color,Optic White,Size,S,SY-SY-PROD-1123,500,shopify,7,deny,manual,27.13,46.05,true,true,https://images.unsplash.com/photo-1602810318383-e386cc2a3ccf?auto=format&fit=crop&w=800&q=80,1,active
highlander-casual-linen-blend-button-down-shirt-series-2,Highlander Casual Linen Blend Button-Down Shirt (Series 2),"<p>High-demand Highlander Highlander Casual Linen Blend Button-Down Shirt (Series 2). Designed for superior performance, comfort and style. Sourced with USPS express air shipping (7-10 days).</p>",Highlander,clothing,clothing,"men, clothing, men, dropshipping, bestseller",true,Color,Sky Blue,Size,M,SY-SY-PROD-1124,500,shopify,8,deny,manual,53.50,86.92,true,true,https://images.unsplash.com/photo-1503342217505-b0a15ec3261c?auto=format&fit=crop&w=800&q=80,1,active
roadstyler-tactical-multi-pocket-cargo-pants-air,Roadstyler Tactical Multi-Pocket Cargo Pants (Air),"<p>High-demand Roadstyler Roadstyler Tactical Multi-Pocket Cargo Pants (Air). Designed for superior performance, comfort and style. Sourced with USPS express air shipping (7-10 days).</p>",Roadstyler,clothing,clothing,"men, clothing, men, dropshipping, bestseller",true,Color,Military Green,Size,30,SY-SY-PROD-1125,500,shopify,9,deny,manual,59.87,96.80,true,true,https://images.unsplash.com/photo-1593030761757-71fae45fa0e7?auto=format&fit=crop&w=800&q=80,1,active
mast-harbour-zip-up-quilted-flight-bomber-jacket-signature,Mast & Harbour Zip-Up Quilted Flight Bomber Jacket (Signature),"<p>High-demand Mast & Harbour Mast & Harbour Zip-Up Quilted Flight Bomber Jacket (Signature). Designed for superior performance, comfort and style. Sourced with USPS express air shipping (7-10 days).</p>",Mast & Harbour,clothing,clothing,"men, clothing, men, dropshipping, bestseller",true,Color,Gunmetal Gray,Size,M,SY-SY-PROD-1126,500,shopify,10,deny,manual,91.24,145.42,true,true,https://images.unsplash.com/photo-1618354691373-d851c5c3a990?auto=format&fit=crop&w=800&q=80,1,active
urbanpulse-thermal-fleece-athleisure-joggers-v2,UrbanPulse Thermal Fleece Athleisure Joggers (V2),"<p>High-demand UrbanPulse UrbanPulse Thermal Fleece Athleisure Joggers (V2). Designed for superior performance, comfort and style. Sourced with USPS express air shipping (7-10 days).</p>",UrbanPulse,clothing,clothing,"men, clothing, men, dropshipping, bestseller",true,Color,Heather Charcoal,Size,S,SY-SY-PROD-1127,500,shopify,11,deny,manual,51.61,84.00,true,true,https://images.unsplash.com/photo-1576995853123-5a10305d93c0?auto=format&fit=crop&w=800&q=80,1,active
dennis-lingo-modern-mandarin-collar-linen-kurta-luxe,Dennis Lingo Modern Mandarin Collar Linen Kurta (Luxe),"<p>High-demand Dennis Lingo Dennis Lingo Modern Mandarin Collar Linen Kurta (Luxe). Designed for superior performance, comfort and style. Sourced with USPS express air shipping (7-10 days).</p>",Dennis Lingo,clothing,clothing,"men, clothing, men, dropshipping, bestseller",true,Color,Royal Blue,Size,M,SY-SY-PROD-1128,500,shopify,12,deny,manual,56.98,92.32,true,true,https://images.unsplash.com/photo-1620799140408-edc6dcb6d633?auto=format&fit=crop&w=800&q=80,1,active
sunnyeora-man-oversized-heavyweight-hoodie-pure,Sunnyeora Man Oversized Heavyweight Hoodie (Pure),"<p>High-demand Sunnyeora Man Sunnyeora Man Oversized Heavyweight Hoodie (Pure). Designed for superior performance, comfort and style. Sourced with USPS express air shipping (7-10 days).</p>",Sunnyeora Man,clothing,clothing,"men, clothing, men, dropshipping, bestseller",true,Color,Jet Black,Size,S,SY-SY-PROD-1129,500,shopify,13,deny,manual,65.35,105.29,true,true,https://images.unsplash.com/photo-1521572267360-ee0c2909d518?auto=format&fit=crop&w=800&q=80,1,active
aeroflex-slim-fit-stretch-denim-jeans-essential,AeroFlex Slim-Fit Stretch Denim Jeans (Essential),"<p>High-demand AeroFlex AeroFlex Slim-Fit Stretch Denim Jeans (Essential). Designed for superior performance, comfort and style. Sourced with USPS express air shipping (7-10 days).</p>",AeroFlex,clothing,clothing,"men, clothing, men, dropshipping, bestseller",true,Color,Vintage Indigo,Size,30,SY-SY-PROD-1130,500,shopify,14,deny,manual,46.72,76.42,true,true,https://images.unsplash.com/photo-1617137984095-74e4e5e3613f?auto=format&fit=crop&w=800&q=80,1,active
highlander-premium-pima-cotton-crew-t-shirt-pro,Highlander Premium Pima Cotton Crew T-Shirt (Pro),"<p>High-demand Highlander Highlander Premium Pima Cotton Crew T-Shirt (Pro). Designed for superior performance, comfort and style. Sourced with USPS express air shipping (7-10 days).</p>",Highlander,clothing,clothing,"men, clothing, men, dropshipping, bestseller",true,Color,Optic White,Size,S,SY-SY-PROD-1131,500,shopify,15,deny,manual,38.09,63.04,true,true,https://images.unsplash.com/photo-1602810318383-e386cc2a3ccf?auto=format&fit=crop&w=800&q=80,1,active
roadstyler-casual-linen-blend-button-down-shirt-elite,Roadstyler Casual Linen Blend Button-Down Shirt (Elite),"<p>High-demand Roadstyler Roadstyler Casual Linen Blend Button-Down Shirt (Elite). Designed for superior performance, comfort and style. Sourced with USPS express air shipping (7-10 days).</p>",Roadstyler,clothing,clothing,"men, clothing, men, dropshipping, bestseller",true,Color,Sky Blue,Size,M,SY-SY-PROD-1132,500,shopify,16,deny,manual,39.46,65.16,true,true,https://images.unsplash.com/photo-1503342217505-b0a15ec3261c?auto=format&fit=crop&w=800&q=80,1,active
mast-harbour-tactical-multi-pocket-cargo-pants-classic,Mast & Harbour Tactical Multi-Pocket Cargo Pants (Classic),"<p>High-demand Mast & Harbour Mast & Harbour Tactical Multi-Pocket Cargo Pants (Classic). Designed for superior performance, comfort and style. Sourced with USPS express air shipping (7-10 days).</p>",Mast & Harbour,clothing,clothing,"men, clothing, men, dropshipping, bestseller",true,Color,Military Green,Size,30,SY-SY-PROD-1133,500,shopify,17,deny,manual,70.83,113.79,true,true,https://images.unsplash.com/photo-1593030761757-71fae45fa0e7?auto=format&fit=crop&w=800&q=80,1,active
urbanpulse-zip-up-quilted-flight-bomber-jacket-series-2,UrbanPulse Zip-Up Quilted Flight Bomber Jacket (Series 2),"<p>High-demand UrbanPulse UrbanPulse Zip-Up Quilted Flight Bomber Jacket (Series 2). Designed for superior performance, comfort and style. Sourced with USPS express air shipping (7-10 days).</p>",UrbanPulse,clothing,clothing,"men, clothing, men, dropshipping, bestseller",true,Color,Gunmetal Gray,Size,M,SY-SY-PROD-1134,500,shopify,18,deny,manual,102.20,162.41,true,true,https://images.unsplash.com/photo-1618354691373-d851c5c3a990?auto=format&fit=crop&w=800&q=80,1,active
dennis-lingo-thermal-fleece-athleisure-joggers-air,Dennis Lingo Thermal Fleece Athleisure Joggers (Air),"<p>High-demand Dennis Lingo Dennis Lingo Thermal Fleece Athleisure Joggers (Air). Designed for superior performance, comfort and style. Sourced with USPS express air shipping (7-10 days).</p>",Dennis Lingo,clothing,clothing,"men, clothing, men, dropshipping, bestseller",true,Color,Heather Charcoal,Size,S,SY-SY-PROD-1135,500,shopify,19,deny,manual,40.57,66.88,true,true,https://images.unsplash.com/photo-1576995853123-5a10305d93c0?auto=format&fit=crop&w=800&q=80,1,active
sunnyeora-man-modern-mandarin-collar-linen-kurta-signature,Sunnyeora Man Modern Mandarin Collar Linen Kurta (Signature),"<p>High-demand Sunnyeora Man Sunnyeora Man Modern Mandarin Collar Linen Kurta (Signature). Designed for superior performance, comfort and style. Sourced with USPS express air shipping (7-10 days).</p>",Sunnyeora Man,clothing,clothing,"men, clothing, men, dropshipping, bestseller",true,Color,Royal Blue,Size,M,SY-SY-PROD-1136,500,shopify,5,deny,manual,41.94,69.01,true,true,https://images.unsplash.com/photo-1620799140408-edc6dcb6d633?auto=format&fit=crop&w=800&q=80,1,active
aeroflex-oversized-heavyweight-hoodie-v2,AeroFlex Oversized Heavyweight Hoodie (V2),"<p>High-demand AeroFlex AeroFlex Oversized Heavyweight Hoodie (V2). Designed for superior performance, comfort and style. Sourced with USPS express air shipping (7-10 days).</p>",AeroFlex,clothing,clothing,"men, clothing, men, dropshipping, bestseller",true,Color,Jet Black,Size,S,SY-SY-PROD-1137,500,shopify,6,deny,manual,46.31,75.78,true,true,https://images.unsplash.com/photo-1521572267360-ee0c2909d518?auto=format&fit=crop&w=800&q=80,1,active
highlander-slim-fit-stretch-denim-jeans-luxe,Highlander Slim-Fit Stretch Denim Jeans (Luxe),"<p>High-demand Highlander Highlander Slim-Fit Stretch Denim Jeans (Luxe). Designed for superior performance, comfort and style. Sourced with USPS express air shipping (7-10 days).</p>",Highlander,clothing,clothing,"men, clothing, men, dropshipping, bestseller",true,Color,Vintage Indigo,Size,30,SY-SY-PROD-1138,500,shopify,7,deny,manual,57.68,93.40,true,true,https://images.unsplash.com/photo-1617137984095-74e4e5e3613f?auto=format&fit=crop&w=800&q=80,1,active
roadstyler-premium-pima-cotton-crew-t-shirt-pure,Roadstyler Premium Pima Cotton Crew T-Shirt (Pure),"<p>High-demand Roadstyler Roadstyler Premium Pima Cotton Crew T-Shirt (Pure). Designed for superior performance, comfort and style. Sourced with USPS express air shipping (7-10 days).</p>",Roadstyler,clothing,clothing,"men, clothing, men, dropshipping, bestseller",true,Color,Optic White,Size,S,SY-SY-PROD-1139,500,shopify,8,deny,manual,34.05,56.78,true,true,https://images.unsplash.com/photo-1602810318383-e386cc2a3ccf?auto=format&fit=crop&w=800&q=80,1,active
mast-harbour-casual-linen-blend-button-down-shirt-essential,Mast & Harbour Casual Linen Blend Button-Down Shirt (Essential),"<p>High-demand Mast & Harbour Mast & Harbour Casual Linen Blend Button-Down Shirt (Essential). Designed for superior performance, comfort and style. Sourced with USPS express air shipping (7-10 days).</p>",Mast & Harbour,clothing,clothing,"men, clothing, men, dropshipping, bestseller",true,Color,Sky Blue,Size,M,SY-SY-PROD-1140,500,shopify,9,deny,manual,50.42,82.15,true,true,https://images.unsplash.com/photo-1503342217505-b0a15ec3261c?auto=format&fit=crop&w=800&q=80,1,active
urbanpulse-tactical-multi-pocket-cargo-pants-pro,UrbanPulse Tactical Multi-Pocket Cargo Pants (Pro),"<p>High-demand UrbanPulse UrbanPulse Tactical Multi-Pocket Cargo Pants (Pro). Designed for superior performance, comfort and style. Sourced with USPS express air shipping (7-10 days).</p>",UrbanPulse,clothing,clothing,"men, clothing, men, dropshipping, bestseller",true,Color,Military Green,Size,30,SY-SY-PROD-1141,500,shopify,10,deny,manual,81.79,130.77,true,true,https://images.unsplash.com/photo-1593030761757-71fae45fa0e7?auto=format&fit=crop&w=800&q=80,1,active
dennis-lingo-zip-up-quilted-flight-bomber-jacket-elite,Dennis Lingo Zip-Up Quilted Flight Bomber Jacket (Elite),"<p>High-demand Dennis Lingo Dennis Lingo Zip-Up Quilted Flight Bomber Jacket (Elite). Designed for superior performance, comfort and style. Sourced with USPS express air shipping (7-10 days).</p>",Dennis Lingo,clothing,clothing,"men, clothing, men, dropshipping, bestseller",true,Color,Gunmetal Gray,Size,M,SY-SY-PROD-1142,500,shopify,11,deny,manual,113.16,179.40,true,true,https://images.unsplash.com/photo-1618354691373-d851c5c3a990?auto=format&fit=crop&w=800&q=80,1,active
sunnyeora-man-thermal-fleece-athleisure-joggers-classic,Sunnyeora Man Thermal Fleece Athleisure Joggers (Classic),"<p>High-demand Sunnyeora Man Sunnyeora Man Thermal Fleece Athleisure Joggers (Classic). Designed for superior performance, comfort and style. Sourced with USPS express air shipping (7-10 days).</p>",Sunnyeora Man,clothing,clothing,"men, clothing, men, dropshipping, bestseller",true,Color,Heather Charcoal,Size,S,SY-SY-PROD-1143,500,shopify,12,deny,manual,51.53,83.87,true,true,https://images.unsplash.com/photo-1576995853123-5a10305d93c0?auto=format&fit=crop&w=800&q=80,1,active
aeroflex-modern-mandarin-collar-linen-kurta-series-2,AeroFlex Modern Mandarin Collar Linen Kurta (Series 2),"<p>High-demand AeroFlex AeroFlex Modern Mandarin Collar Linen Kurta (Series 2). Designed for superior performance, comfort and style. Sourced with USPS express air shipping (7-10 days).</p>",AeroFlex,clothing,clothing,"men, clothing, men, dropshipping, bestseller",true,Color,Royal Blue,Size,M,SY-SY-PROD-1144,500,shopify,13,deny,manual,52.90,86.00,true,true,https://images.unsplash.com/photo-1620799140408-edc6dcb6d633?auto=format&fit=crop&w=800&q=80,1,active
highlander-oversized-heavyweight-hoodie-air,Highlander Oversized Heavyweight Hoodie (Air),"<p>High-demand Highlander Highlander Oversized Heavyweight Hoodie (Air). Designed for superior performance, comfort and style. Sourced with USPS express air shipping (7-10 days).</p>",Highlander,clothing,clothing,"men, clothing, men, dropshipping, bestseller",true,Color,Jet Black,Size,S,SY-SY-PROD-1145,500,shopify,14,deny,manual,57.27,92.77,true,true,https://images.unsplash.com/photo-1521572267360-ee0c2909d518?auto=format&fit=crop&w=800&q=80,1,active
roadstyler-slim-fit-stretch-denim-jeans-signature,Roadstyler Slim-Fit Stretch Denim Jeans (Signature),"<p>High-demand Roadstyler Roadstyler Slim-Fit Stretch Denim Jeans (Signature). Designed for superior performance, comfort and style. Sourced with USPS express air shipping (7-10 days).</p>",Roadstyler,clothing,clothing,"men, clothing, men, dropshipping, bestseller",true,Color,Vintage Indigo,Size,30,SY-SY-PROD-1146,500,shopify,15,deny,manual,68.64,110.39,true,true,https://images.unsplash.com/photo-1617137984095-74e4e5e3613f?auto=format&fit=crop&w=800&q=80,1,active
mast-harbour-premium-pima-cotton-crew-t-shirt-v2,Mast & Harbour Premium Pima Cotton Crew T-Shirt (V2),"<p>High-demand Mast & Harbour Mast & Harbour Premium Pima Cotton Crew T-Shirt (V2). Designed for superior performance, comfort and style. Sourced with USPS express air shipping (7-10 days).</p>",Mast & Harbour,clothing,clothing,"men, clothing, men, dropshipping, bestseller",true,Color,Optic White,Size,S,SY-SY-PROD-1147,500,shopify,16,deny,manual,30.01,50.52,true,true,https://images.unsplash.com/photo-1602810318383-e386cc2a3ccf?auto=format&fit=crop&w=800&q=80,1,active
urbanpulse-casual-linen-blend-button-down-shirt-luxe,UrbanPulse Casual Linen Blend Button-Down Shirt (Luxe),"<p>High-demand UrbanPulse UrbanPulse Casual Linen Blend Button-Down Shirt (Luxe). Designed for superior performance, comfort and style. Sourced with USPS express air shipping (7-10 days).</p>",UrbanPulse,clothing,clothing,"men, clothing, men, dropshipping, bestseller",true,Color,Sky Blue,Size,M,SY-SY-PROD-1148,500,shopify,17,deny,manual,36.38,60.39,true,true,https://images.unsplash.com/photo-1503342217505-b0a15ec3261c?auto=format&fit=crop&w=800&q=80,1,active
dennis-lingo-tactical-multi-pocket-cargo-pants-pure,Dennis Lingo Tactical Multi-Pocket Cargo Pants (Pure),"<p>High-demand Dennis Lingo Dennis Lingo Tactical Multi-Pocket Cargo Pants (Pure). Designed for superior performance, comfort and style. Sourced with USPS express air shipping (7-10 days).</p>",Dennis Lingo,clothing,clothing,"men, clothing, men, dropshipping, bestseller",true,Color,Military Green,Size,30,SY-SY-PROD-1149,500,shopify,18,deny,manual,52.75,85.76,true,true,https://images.unsplash.com/photo-1593030761757-71fae45fa0e7?auto=format&fit=crop&w=800&q=80,1,active
sunnyeora-man-zip-up-quilted-flight-bomber-jacket-essential,Sunnyeora Man Zip-Up Quilted Flight Bomber Jacket (Essential),"<p>High-demand Sunnyeora Man Sunnyeora Man Zip-Up Quilted Flight Bomber Jacket (Essential). Designed for superior performance, comfort and style. Sourced with USPS express air shipping (7-10 days).</p>",Sunnyeora Man,clothing,clothing,"men, clothing, men, dropshipping, bestseller",true,Color,Gunmetal Gray,Size,M,SY-SY-PROD-1150,500,shopify,19,deny,manual,74.12,118.89,true,true,https://images.unsplash.com/photo-1618354691373-d851c5c3a990?auto=format&fit=crop&w=800&q=80,1,active
aeroflex-thermal-fleece-athleisure-joggers-pro,AeroFlex Thermal Fleece Athleisure Joggers (Pro),"<p>High-demand AeroFlex AeroFlex Thermal Fleece Athleisure Joggers (Pro). Designed for superior performance, comfort and style. Sourced with USPS express air shipping (7-10 days).</p>",AeroFlex,clothing,clothing,"men, clothing, men, dropshipping, bestseller",true,Color,Heather Charcoal,Size,S,SY-SY-PROD-1151,500,shopify,5,deny,manual,40.49,66.76,true,true,https://images.unsplash.com/photo-1576995853123-5a10305d93c0?auto=format&fit=crop&w=800&q=80,1,active
highlander-modern-mandarin-collar-linen-kurta-elite,Highlander Modern Mandarin Collar Linen Kurta (Elite),"<p>High-demand Highlander Highlander Modern Mandarin Collar Linen Kurta (Elite). Designed for superior performance, comfort and style. Sourced with USPS express air shipping (7-10 days).</p>",Highlander,clothing,clothing,"men, clothing, men, dropshipping, bestseller",true,Color,Royal Blue,Size,M,SY-SY-PROD-1152,500,shopify,6,deny,manual,63.86,102.98,true,true,https://images.unsplash.com/photo-1620799140408-edc6dcb6d633?auto=format&fit=crop&w=800&q=80,1,active
roadstyler-oversized-heavyweight-hoodie-classic,Roadstyler Oversized Heavyweight Hoodie (Classic),"<p>High-demand Roadstyler Roadstyler Oversized Heavyweight Hoodie (Classic). Designed for superior performance, comfort and style. Sourced with USPS express air shipping (7-10 days).</p>",Roadstyler,clothing,clothing,"men, clothing, men, dropshipping, bestseller",true,Color,Jet Black,Size,S,SY-SY-PROD-1153,500,shopify,7,deny,manual,68.23,109.76,true,true,https://images.unsplash.com/photo-1521572267360-ee0c2909d518?auto=format&fit=crop&w=800&q=80,1,active
mast-harbour-slim-fit-stretch-denim-jeans-series-2,Mast & Harbour Slim-Fit Stretch Denim Jeans (Series 2),"<p>High-demand Mast & Harbour Mast & Harbour Slim-Fit Stretch Denim Jeans (Series 2). Designed for superior performance, comfort and style. Sourced with USPS express air shipping (7-10 days).</p>",Mast & Harbour,clothing,clothing,"men, clothing, men, dropshipping, bestseller",true,Color,Vintage Indigo,Size,30,SY-SY-PROD-1154,500,shopify,8,deny,manual,79.60,127.38,true,true,https://images.unsplash.com/photo-1617137984095-74e4e5e3613f?auto=format&fit=crop&w=800&q=80,1,active
urbanpulse-premium-pima-cotton-crew-t-shirt-air,UrbanPulse Premium Pima Cotton Crew T-Shirt (Air),"<p>High-demand UrbanPulse UrbanPulse Premium Pima Cotton Crew T-Shirt (Air). Designed for superior performance, comfort and style. Sourced with USPS express air shipping (7-10 days).</p>",UrbanPulse,clothing,clothing,"men, clothing, men, dropshipping, bestseller",true,Color,Optic White,Size,S,SY-SY-PROD-1155,500,shopify,9,deny,manual,25.97,44.25,true,true,https://images.unsplash.com/photo-1602810318383-e386cc2a3ccf?auto=format&fit=crop&w=800&q=80,1,active
dennis-lingo-casual-linen-blend-button-down-shirt-signature,Dennis Lingo Casual Linen Blend Button-Down Shirt (Signature),"<p>High-demand Dennis Lingo Dennis Lingo Casual Linen Blend Button-Down Shirt (Signature). Designed for superior performance, comfort and style. Sourced with USPS express air shipping (7-10 days).</p>",Dennis Lingo,clothing,clothing,"men, clothing, men, dropshipping, bestseller",true,Color,Sky Blue,Size,M,SY-SY-PROD-1156,500,shopify,10,deny,manual,47.34,77.38,true,true,https://images.unsplash.com/photo-1503342217505-b0a15ec3261c?auto=format&fit=crop&w=800&q=80,1,active
sunnyeora-man-tactical-multi-pocket-cargo-pants-v2,Sunnyeora Man Tactical Multi-Pocket Cargo Pants (V2),"<p>High-demand Sunnyeora Man Sunnyeora Man Tactical Multi-Pocket Cargo Pants (V2). Designed for superior performance, comfort and style. Sourced with USPS express air shipping (7-10 days).</p>",Sunnyeora Man,clothing,clothing,"men, clothing, men, dropshipping, bestseller",true,Color,Military Green,Size,30,SY-SY-PROD-1157,500,shopify,11,deny,manual,63.71,102.75,true,true,https://images.unsplash.com/photo-1593030761757-71fae45fa0e7?auto=format&fit=crop&w=800&q=80,1,active
aeroflex-zip-up-quilted-flight-bomber-jacket-luxe,AeroFlex Zip-Up Quilted Flight Bomber Jacket (Luxe),"<p>High-demand AeroFlex AeroFlex Zip-Up Quilted Flight Bomber Jacket (Luxe). Designed for superior performance, comfort and style. Sourced with USPS express air shipping (7-10 days).</p>",AeroFlex,clothing,clothing,"men, clothing, men, dropshipping, bestseller",true,Color,Gunmetal Gray,Size,M,SY-SY-PROD-1158,500,shopify,12,deny,manual,85.08,135.87,true,true,https://images.unsplash.com/photo-1618354691373-d851c5c3a990?auto=format&fit=crop&w=800&q=80,1,active
highlander-thermal-fleece-athleisure-joggers-pure,Highlander Thermal Fleece Athleisure Joggers (Pure),"<p>High-demand Highlander Highlander Thermal Fleece Athleisure Joggers (Pure). Designed for superior performance, comfort and style. Sourced with USPS express air shipping (7-10 days).</p>",Highlander,clothing,clothing,"men, clothing, men, dropshipping, bestseller",true,Color,Heather Charcoal,Size,S,SY-SY-PROD-1159,500,shopify,13,deny,manual,51.45,83.75,true,true,https://images.unsplash.com/photo-1576995853123-5a10305d93c0?auto=format&fit=crop&w=800&q=80,1,active
roadstyler-modern-mandarin-collar-linen-kurta-essential,Roadstyler Modern Mandarin Collar Linen Kurta (Essential),"<p>High-demand Roadstyler Roadstyler Modern Mandarin Collar Linen Kurta (Essential). Designed for superior performance, comfort and style. Sourced with USPS express air shipping (7-10 days).</p>",Roadstyler,clothing,clothing,"men, clothing, men, dropshipping, bestseller",true,Color,Royal Blue,Size,M,SY-SY-PROD-1160,500,shopify,14,deny,manual,48.82,79.67,true,true,https://images.unsplash.com/photo-1620799140408-edc6dcb6d633?auto=format&fit=crop&w=800&q=80,1,active
mast-harbour-oversized-heavyweight-hoodie-pro,Mast & Harbour Oversized Heavyweight Hoodie (Pro),"<p>High-demand Mast & Harbour Mast & Harbour Oversized Heavyweight Hoodie (Pro). Designed for superior performance, comfort and style. Sourced with USPS express air shipping (7-10 days).</p>",Mast & Harbour,clothing,clothing,"men, clothing, men, dropshipping, bestseller",true,Color,Jet Black,Size,S,SY-SY-PROD-1161,500,shopify,15,deny,manual,49.19,80.24,true,true,https://images.unsplash.com/photo-1521572267360-ee0c2909d518?auto=format&fit=crop&w=800&q=80,1,active
urbanpulse-slim-fit-stretch-denim-jeans-elite,UrbanPulse Slim-Fit Stretch Denim Jeans (Elite),"<p>High-demand UrbanPulse UrbanPulse Slim-Fit Stretch Denim Jeans (Elite). Designed for superior performance, comfort and style. Sourced with USPS express air shipping (7-10 days).</p>",UrbanPulse,clothing,clothing,"men, clothing, men, dropshipping, bestseller",true,Color,Vintage Indigo,Size,30,SY-SY-PROD-1162,500,shopify,16,deny,manual,55.56,90.12,true,true,https://images.unsplash.com/photo-1617137984095-74e4e5e3613f?auto=format&fit=crop&w=800&q=80,1,active
dennis-lingo-premium-pima-cotton-crew-t-shirt-classic,Dennis Lingo Premium Pima Cotton Crew T-Shirt (Classic),"<p>High-demand Dennis Lingo Dennis Lingo Premium Pima Cotton Crew T-Shirt (Classic). Designed for superior performance, comfort and style. Sourced with USPS express air shipping (7-10 days).</p>",Dennis Lingo,clothing,clothing,"men, clothing, men, dropshipping, bestseller",true,Color,Optic White,Size,S,SY-SY-PROD-1163,500,shopify,17,deny,manual,36.93,61.24,true,true,https://images.unsplash.com/photo-1602810318383-e386cc2a3ccf?auto=format&fit=crop&w=800&q=80,1,active
sunnyeora-man-casual-linen-blend-button-down-shirt-series-2,Sunnyeora Man Casual Linen Blend Button-Down Shirt (Series 2),"<p>High-demand Sunnyeora Man Sunnyeora Man Casual Linen Blend Button-Down Shirt (Series 2). Designed for superior performance, comfort and style. Sourced with USPS express air shipping (7-10 days).</p>",Sunnyeora Man,clothing,clothing,"men, clothing, men, dropshipping, bestseller",true,Color,Sky Blue,Size,M,SY-SY-PROD-1164,500,shopify,18,deny,manual,58.30,94.36,true,true,https://images.unsplash.com/photo-1503342217505-b0a15ec3261c?auto=format&fit=crop&w=800&q=80,1,active
aeroflex-tactical-multi-pocket-cargo-pants-air,AeroFlex Tactical Multi-Pocket Cargo Pants (Air),"<p>High-demand AeroFlex AeroFlex Tactical Multi-Pocket Cargo Pants (Air). Designed for superior performance, comfort and style. Sourced with USPS express air shipping (7-10 days).</p>",AeroFlex,clothing,clothing,"men, clothing, men, dropshipping, bestseller",true,Color,Military Green,Size,30,SY-SY-PROD-1165,500,shopify,19,deny,manual,74.67,119.74,true,true,https://images.unsplash.com/photo-1593030761757-71fae45fa0e7?auto=format&fit=crop&w=800&q=80,1,active
highlander-zip-up-quilted-flight-bomber-jacket-signature,Highlander Zip-Up Quilted Flight Bomber Jacket (Signature),"<p>High-demand Highlander Highlander Zip-Up Quilted Flight Bomber Jacket (Signature). Designed for superior performance, comfort and style. Sourced with USPS express air shipping (7-10 days).</p>",Highlander,clothing,clothing,"men, clothing, men, dropshipping, bestseller",true,Color,Gunmetal Gray,Size,M,SY-SY-PROD-1166,500,shopify,5,deny,manual,96.04,152.86,true,true,https://images.unsplash.com/photo-1618354691373-d851c5c3a990?auto=format&fit=crop&w=800&q=80,1,active
roadstyler-thermal-fleece-athleisure-joggers-v2,Roadstyler Thermal Fleece Athleisure Joggers (V2),"<p>High-demand Roadstyler Roadstyler Thermal Fleece Athleisure Joggers (V2). Designed for superior performance, comfort and style. Sourced with USPS express air shipping (7-10 days).</p>",Roadstyler,clothing,clothing,"men, clothing, men, dropshipping, bestseller",true,Color,Heather Charcoal,Size,S,SY-SY-PROD-1167,500,shopify,6,deny,manual,40.41,66.64,true,true,https://images.unsplash.com/photo-1576995853123-5a10305d93c0?auto=format&fit=crop&w=800&q=80,1,active
mast-harbour-modern-mandarin-collar-linen-kurta-luxe,Mast & Harbour Modern Mandarin Collar Linen Kurta (Luxe),"<p>High-demand Mast & Harbour Mast & Harbour Modern Mandarin Collar Linen Kurta (Luxe). Designed for superior performance, comfort and style. Sourced with USPS express air shipping (7-10 days).</p>",Mast & Harbour,clothing,clothing,"men, clothing, men, dropshipping, bestseller",true,Color,Royal Blue,Size,M,SY-SY-PROD-1168,500,shopify,7,deny,manual,59.78,96.66,true,true,https://images.unsplash.com/photo-1620799140408-edc6dcb6d633?auto=format&fit=crop&w=800&q=80,1,active
urbanpulse-oversized-heavyweight-hoodie-pure,UrbanPulse Oversized Heavyweight Hoodie (Pure),"<p>High-demand UrbanPulse UrbanPulse Oversized Heavyweight Hoodie (Pure). Designed for superior performance, comfort and style. Sourced with USPS express air shipping (7-10 days).</p>",UrbanPulse,clothing,clothing,"men, clothing, men, dropshipping, bestseller",true,Color,Jet Black,Size,S,SY-SY-PROD-1169,500,shopify,8,deny,manual,60.15,97.23,true,true,https://images.unsplash.com/photo-1521572267360-ee0c2909d518?auto=format&fit=crop&w=800&q=80,1,active
dennis-lingo-slim-fit-stretch-denim-jeans-essential,Dennis Lingo Slim-Fit Stretch Denim Jeans (Essential),"<p>High-demand Dennis Lingo Dennis Lingo Slim-Fit Stretch Denim Jeans (Essential). Designed for superior performance, comfort and style. Sourced with USPS express air shipping (7-10 days).</p>",Dennis Lingo,clothing,clothing,"men, clothing, men, dropshipping, bestseller",true,Color,Vintage Indigo,Size,30,SY-SY-PROD-1170,500,shopify,9,deny,manual,66.52,107.11,true,true,https://images.unsplash.com/photo-1617137984095-74e4e5e3613f?auto=format&fit=crop&w=800&q=80,1,active
sunnyeora-man-premium-pima-cotton-crew-t-shirt-pro,Sunnyeora Man Premium Pima Cotton Crew T-Shirt (Pro),"<p>High-demand Sunnyeora Man Sunnyeora Man Premium Pima Cotton Crew T-Shirt (Pro). Designed for superior performance, comfort and style. Sourced with USPS express air shipping (7-10 days).</p>",Sunnyeora Man,clothing,clothing,"men, clothing, men, dropshipping, bestseller",true,Color,Optic White,Size,S,SY-SY-PROD-1171,500,shopify,10,deny,manual,32.89,54.98,true,true,https://images.unsplash.com/photo-1602810318383-e386cc2a3ccf?auto=format&fit=crop&w=800&q=80,1,active
aeroflex-casual-linen-blend-button-down-shirt-elite,AeroFlex Casual Linen Blend Button-Down Shirt (Elite),"<p>High-demand AeroFlex AeroFlex Casual Linen Blend Button-Down Shirt (Elite). Designed for superior performance, comfort and style. Sourced with USPS express air shipping (7-10 days).</p>",AeroFlex,clothing,clothing,"men, clothing, men, dropshipping, bestseller",true,Color,Sky Blue,Size,M,SY-SY-PROD-1172,500,shopify,11,deny,manual,44.26,72.60,true,true,https://images.unsplash.com/photo-1503342217505-b0a15ec3261c?auto=format&fit=crop&w=800&q=80,1,active
highlander-tactical-multi-pocket-cargo-pants-classic,Highlander Tactical Multi-Pocket Cargo Pants (Classic),"<p>High-demand Highlander Highlander Tactical Multi-Pocket Cargo Pants (Classic). Designed for superior performance, comfort and style. Sourced with USPS express air shipping (7-10 days).</p>",Highlander,clothing,clothing,"men, clothing, men, dropshipping, bestseller",true,Color,Military Green,Size,30,SY-SY-PROD-1173,500,shopify,12,deny,manual,85.63,136.73,true,true,https://images.unsplash.com/photo-1593030761757-71fae45fa0e7?auto=format&fit=crop&w=800&q=80,1,active
roadstyler-zip-up-quilted-flight-bomber-jacket-series-2,Roadstyler Zip-Up Quilted Flight Bomber Jacket (Series 2),"<p>High-demand Roadstyler Roadstyler Zip-Up Quilted Flight Bomber Jacket (Series 2). Designed for superior performance, comfort and style. Sourced with USPS express air shipping (7-10 days).</p>",Roadstyler,clothing,clothing,"men, clothing, men, dropshipping, bestseller",true,Color,Gunmetal Gray,Size,M,SY-SY-PROD-1174,500,shopify,13,deny,manual,107.00,169.85,true,true,https://images.unsplash.com/photo-1618354691373-d851c5c3a990?auto=format&fit=crop&w=800&q=80,1,active
mast-harbour-thermal-fleece-athleisure-joggers-air,Mast & Harbour Thermal Fleece Athleisure Joggers (Air),"<p>High-demand Mast & Harbour Mast & Harbour Thermal Fleece Athleisure Joggers (Air). Designed for superior performance, comfort and style. Sourced with USPS express air shipping (7-10 days).</p>",Mast & Harbour,clothing,clothing,"men, clothing, men, dropshipping, bestseller",true,Color,Heather Charcoal,Size,S,SY-SY-PROD-1175,500,shopify,14,deny,manual,51.37,83.62,true,true,https://images.unsplash.com/photo-1576995853123-5a10305d93c0?auto=format&fit=crop&w=800&q=80,1,active
urbanpulse-modern-mandarin-collar-linen-kurta-signature,UrbanPulse Modern Mandarin Collar Linen Kurta (Signature),"<p>High-demand UrbanPulse UrbanPulse Modern Mandarin Collar Linen Kurta (Signature). Designed for superior performance, comfort and style. Sourced with USPS express air shipping (7-10 days).</p>",UrbanPulse,clothing,clothing,"men, clothing, men, dropshipping, bestseller",true,Color,Royal Blue,Size,M,SY-SY-PROD-1176,500,shopify,15,deny,manual,44.74,73.35,true,true,https://images.unsplash.com/photo-1620799140408-edc6dcb6d633?auto=format&fit=crop&w=800&q=80,1,active
dennis-lingo-oversized-heavyweight-hoodie-v2,Dennis Lingo Oversized Heavyweight Hoodie (V2),"<p>High-demand Dennis Lingo Dennis Lingo Oversized Heavyweight Hoodie (V2). Designed for superior performance, comfort and style. Sourced with USPS express air shipping (7-10 days).</p>",Dennis Lingo,clothing,clothing,"men, clothing, men, dropshipping, bestseller",true,Color,Jet Black,Size,S,SY-SY-PROD-1177,500,shopify,16,deny,manual,41.11,67.72,true,true,https://images.unsplash.com/photo-1521572267360-ee0c2909d518?auto=format&fit=crop&w=800&q=80,1,active
sunnyeora-man-slim-fit-stretch-denim-jeans-luxe,Sunnyeora Man Slim-Fit Stretch Denim Jeans (Luxe),"<p>High-demand Sunnyeora Man Sunnyeora Man Slim-Fit Stretch Denim Jeans (Luxe). Designed for superior performance, comfort and style. Sourced with USPS express air shipping (7-10 days).</p>",Sunnyeora Man,clothing,clothing,"men, clothing, men, dropshipping, bestseller",true,Color,Vintage Indigo,Size,30,SY-SY-PROD-1178,500,shopify,17,deny,manual,77.48,124.09,true,true,https://images.unsplash.com/photo-1617137984095-74e4e5e3613f?auto=format&fit=crop&w=800&q=80,1,active
aeroflex-premium-pima-cotton-crew-t-shirt-pure,AeroFlex Premium Pima Cotton Crew T-Shirt (Pure),"<p>High-demand AeroFlex AeroFlex Premium Pima Cotton Crew T-Shirt (Pure). Designed for superior performance, comfort and style. Sourced with USPS express air shipping (7-10 days).</p>",AeroFlex,clothing,clothing,"men, clothing, men, dropshipping, bestseller",true,Color,Optic White,Size,S,SY-SY-PROD-1179,500,shopify,18,deny,manual,28.85,48.72,true,true,https://images.unsplash.com/photo-1602810318383-e386cc2a3ccf?auto=format&fit=crop&w=800&q=80,1,active
highlander-casual-linen-blend-button-down-shirt-essential,Highlander Casual Linen Blend Button-Down Shirt (Essential),"<p>High-demand Highlander Highlander Casual Linen Blend Button-Down Shirt (Essential). Designed for superior performance, comfort and style. Sourced with USPS express air shipping (7-10 days).</p>",Highlander,clothing,clothing,"men, clothing, men, dropshipping, bestseller",true,Color,Sky Blue,Size,M,SY-SY-PROD-1180,500,shopify,19,deny,manual,55.22,89.59,true,true,https://images.unsplash.com/photo-1503342217505-b0a15ec3261c?auto=format&fit=crop&w=800&q=80,1,active
roadstyler-tactical-multi-pocket-cargo-pants-pro,Roadstyler Tactical Multi-Pocket Cargo Pants (Pro),"<p>High-demand Roadstyler Roadstyler Tactical Multi-Pocket Cargo Pants (Pro). Designed for superior performance, comfort and style. Sourced with USPS express air shipping (7-10 days).</p>",Roadstyler,clothing,clothing,"men, clothing, men, dropshipping, bestseller",true,Color,Military Green,Size,30,SY-SY-PROD-1181,500,shopify,5,deny,manual,56.59,91.71,true,true,https://images.unsplash.com/photo-1593030761757-71fae45fa0e7?auto=format&fit=crop&w=800&q=80,1,active
mast-harbour-zip-up-quilted-flight-bomber-jacket-elite,Mast & Harbour Zip-Up Quilted Flight Bomber Jacket (Elite),"<p>High-demand Mast & Harbour Mast & Harbour Zip-Up Quilted Flight Bomber Jacket (Elite). Designed for superior performance, comfort and style. Sourced with USPS express air shipping (7-10 days).</p>",Mast & Harbour,clothing,clothing,"men, clothing, men, dropshipping, bestseller",true,Color,Gunmetal Gray,Size,M,SY-SY-PROD-1182,500,shopify,6,deny,manual,117.96,186.84,true,true,https://images.unsplash.com/photo-1618354691373-d851c5c3a990?auto=format&fit=crop&w=800&q=80,1,active
urbanpulse-thermal-fleece-athleisure-joggers-classic,UrbanPulse Thermal Fleece Athleisure Joggers (Classic),"<p>High-demand UrbanPulse UrbanPulse Thermal Fleece Athleisure Joggers (Classic). Designed for superior performance, comfort and style. Sourced with USPS express air shipping (7-10 days).</p>",UrbanPulse,clothing,clothing,"men, clothing, men, dropshipping, bestseller",true,Color,Heather Charcoal,Size,S,SY-SY-PROD-1183,500,shopify,7,deny,manual,40.33,66.51,true,true,https://images.unsplash.com/photo-1576995853123-5a10305d93c0?auto=format&fit=crop&w=800&q=80,1,active
dennis-lingo-modern-mandarin-collar-linen-kurta-series-2,Dennis Lingo Modern Mandarin Collar Linen Kurta (Series 2),"<p>High-demand Dennis Lingo Dennis Lingo Modern Mandarin Collar Linen Kurta (Series 2). Designed for superior performance, comfort and style. Sourced with USPS express air shipping (7-10 days).</p>",Dennis Lingo,clothing,clothing,"men, clothing, men, dropshipping, bestseller",true,Color,Royal Blue,Size,M,SY-SY-PROD-1184,500,shopify,8,deny,manual,55.70,90.34,true,true,https://images.unsplash.com/photo-1620799140408-edc6dcb6d633?auto=format&fit=crop&w=800&q=80,1,active
sunnyeora-man-oversized-heavyweight-hoodie-air,Sunnyeora Man Oversized Heavyweight Hoodie (Air),"<p>High-demand Sunnyeora Man Sunnyeora Man Oversized Heavyweight Hoodie (Air). Designed for superior performance, comfort and style. Sourced with USPS express air shipping (7-10 days).</p>",Sunnyeora Man,clothing,clothing,"men, clothing, men, dropshipping, bestseller",true,Color,Jet Black,Size,S,SY-SY-PROD-1185,500,shopify,9,deny,manual,52.07,84.71,true,true,https://images.unsplash.com/photo-1521572267360-ee0c2909d518?auto=format&fit=crop&w=800&q=80,1,active
aeroflex-slim-fit-stretch-denim-jeans-signature,AeroFlex Slim-Fit Stretch Denim Jeans (Signature),"<p>High-demand AeroFlex AeroFlex Slim-Fit Stretch Denim Jeans (Signature). Designed for superior performance, comfort and style. Sourced with USPS express air shipping (7-10 days).</p>",AeroFlex,clothing,clothing,"men, clothing, men, dropshipping, bestseller",true,Color,Vintage Indigo,Size,30,SY-SY-PROD-1186,500,shopify,10,deny,manual,53.44,86.83,true,true,https://images.unsplash.com/photo-1617137984095-74e4e5e3613f?auto=format&fit=crop&w=800&q=80,1,active
highlander-premium-pima-cotton-crew-t-shirt-v2,Highlander Premium Pima Cotton Crew T-Shirt (V2),"<p>High-demand Highlander Highlander Premium Pima Cotton Crew T-Shirt (V2). Designed for superior performance, comfort and style. Sourced with USPS express air shipping (7-10 days).</p>",Highlander,clothing,clothing,"men, clothing, men, dropshipping, bestseller",true,Color,Optic White,Size,S,SY-SY-PROD-1187,500,shopify,11,deny,manual,39.81,65.71,true,true,https://images.unsplash.com/photo-1602810318383-e386cc2a3ccf?auto=format&fit=crop&w=800&q=80,1,active
roadstyler-casual-linen-blend-button-down-shirt-luxe,Roadstyler Casual Linen Blend Button-Down Shirt (Luxe),"<p>High-demand Roadstyler Roadstyler Casual Linen Blend Button-Down Shirt (Luxe). Designed for superior performance, comfort and style. Sourced with USPS express air shipping (7-10 days).</p>",Roadstyler,clothing,clothing,"men, clothing, men, dropshipping, bestseller",true,Color,Sky Blue,Size,M,SY-SY-PROD-1188,500,shopify,12,deny,manual,41.18,67.83,true,true,https://images.unsplash.com/photo-1503342217505-b0a15ec3261c?auto=format&fit=crop&w=800&q=80,1,active
mast-harbour-tactical-multi-pocket-cargo-pants-pure,Mast & Harbour Tactical Multi-Pocket Cargo Pants (Pure),"<p>High-demand Mast & Harbour Mast & Harbour Tactical Multi-Pocket Cargo Pants (Pure). Designed for superior performance, comfort and style. Sourced with USPS express air shipping (7-10 days).</p>",Mast & Harbour,clothing,clothing,"men, clothing, men, dropshipping, bestseller",true,Color,Military Green,Size,30,SY-SY-PROD-1189,500,shopify,13,deny,manual,67.55,108.70,true,true,https://images.unsplash.com/photo-1593030761757-71fae45fa0e7?auto=format&fit=crop&w=800&q=80,1,active
urbanpulse-zip-up-quilted-flight-bomber-jacket-essential,UrbanPulse Zip-Up Quilted Flight Bomber Jacket (Essential),"<p>High-demand UrbanPulse UrbanPulse Zip-Up Quilted Flight Bomber Jacket (Essential). Designed for superior performance, comfort and style. Sourced with USPS express air shipping (7-10 days).</p>",UrbanPulse,clothing,clothing,"men, clothing, men, dropshipping, bestseller",true,Color,Gunmetal Gray,Size,M,SY-SY-PROD-1190,500,shopify,14,deny,manual,78.92,126.33,true,true,https://images.unsplash.com/photo-1618354691373-d851c5c3a990?auto=format&fit=crop&w=800&q=80,1,active
dennis-lingo-thermal-fleece-athleisure-joggers-pro,Dennis Lingo Thermal Fleece Athleisure Joggers (Pro),"<p>High-demand Dennis Lingo Dennis Lingo Thermal Fleece Athleisure Joggers (Pro). Designed for superior performance, comfort and style. Sourced with USPS express air shipping (7-10 days).</p>",Dennis Lingo,clothing,clothing,"men, clothing, men, dropshipping, bestseller",true,Color,Heather Charcoal,Size,S,SY-SY-PROD-1191,500,shopify,15,deny,manual,51.29,83.50,true,true,https://images.unsplash.com/photo-1576995853123-5a10305d93c0?auto=format&fit=crop&w=800&q=80,1,active
sunnyeora-man-modern-mandarin-collar-linen-kurta-elite,Sunnyeora Man Modern Mandarin Collar Linen Kurta (Elite),"<p>High-demand Sunnyeora Man Sunnyeora Man Modern Mandarin Collar Linen Kurta (Elite). Designed for superior performance, comfort and style. Sourced with USPS express air shipping (7-10 days).</p>",Sunnyeora Man,clothing,clothing,"men, clothing, men, dropshipping, bestseller",true,Color,Royal Blue,Size,M,SY-SY-PROD-1192,500,shopify,16,deny,manual,40.66,67.02,true,true,https://images.unsplash.com/photo-1620799140408-edc6dcb6d633?auto=format&fit=crop&w=800&q=80,1,active
aeroflex-oversized-heavyweight-hoodie-classic,AeroFlex Oversized Heavyweight Hoodie (Classic),"<p>High-demand AeroFlex AeroFlex Oversized Heavyweight Hoodie (Classic). Designed for superior performance, comfort and style. Sourced with USPS express air shipping (7-10 days).</p>",AeroFlex,clothing,clothing,"men, clothing, men, dropshipping, bestseller",true,Color,Jet Black,Size,S,SY-SY-PROD-1193,500,shopify,17,deny,manual,63.03,101.70,true,true,https://images.unsplash.com/photo-1521572267360-ee0c2909d518?auto=format&fit=crop&w=800&q=80,1,active
highlander-slim-fit-stretch-denim-jeans-series-2,Highlander Slim-Fit Stretch Denim Jeans (Series 2),"<p>High-demand Highlander Highlander Slim-Fit Stretch Denim Jeans (Series 2). Designed for superior performance, comfort and style. Sourced with USPS express air shipping (7-10 days).</p>",Highlander,clothing,clothing,"men, clothing, men, dropshipping, bestseller",true,Color,Vintage Indigo,Size,30,SY-SY-PROD-1194,500,shopify,18,deny,manual,64.40,103.82,true,true,https://images.unsplash.com/photo-1617137984095-74e4e5e3613f?auto=format&fit=crop&w=800&q=80,1,active
roadstyler-premium-pima-cotton-crew-t-shirt-air,Roadstyler Premium Pima Cotton Crew T-Shirt (Air),"<p>High-demand Roadstyler Roadstyler Premium Pima Cotton Crew T-Shirt (Air). Designed for superior performance, comfort and style. Sourced with USPS express air shipping (7-10 days).</p>",Roadstyler,clothing,clothing,"men, clothing, men, dropshipping, bestseller",true,Color,Optic White,Size,S,SY-SY-PROD-1195,500,shopify,19,deny,manual,35.77,59.44,true,true,https://images.unsplash.com/photo-1602810318383-e386cc2a3ccf?auto=format&fit=crop&w=800&q=80,1,active
mast-harbour-casual-linen-blend-button-down-shirt-signature,Mast & Harbour Casual Linen Blend Button-Down Shirt (Signature),"<p>High-demand Mast & Harbour Mast & Harbour Casual Linen Blend Button-Down Shirt (Signature). Designed for superior performance, comfort and style. Sourced with USPS express air shipping (7-10 days).</p>",Mast & Harbour,clothing,clothing,"men, clothing, men, dropshipping, bestseller",true,Color,Sky Blue,Size,M,SY-SY-PROD-1196,500,shopify,5,deny,manual,52.14,84.82,true,true,https://images.unsplash.com/photo-1503342217505-b0a15ec3261c?auto=format&fit=crop&w=800&q=80,1,active
urbanpulse-tactical-multi-pocket-cargo-pants-v2,UrbanPulse Tactical Multi-Pocket Cargo Pants (V2),"<p>High-demand UrbanPulse UrbanPulse Tactical Multi-Pocket Cargo Pants (V2). Designed for superior performance, comfort and style. Sourced with USPS express air shipping (7-10 days).</p>",UrbanPulse,clothing,clothing,"men, clothing, men, dropshipping, bestseller",true,Color,Military Green,Size,30,SY-SY-PROD-1197,500,shopify,6,deny,manual,78.51,125.69,true,true,https://images.unsplash.com/photo-1593030761757-71fae45fa0e7?auto=format&fit=crop&w=800&q=80,1,active
dennis-lingo-zip-up-quilted-flight-bomber-jacket-luxe,Dennis Lingo Zip-Up Quilted Flight Bomber Jacket (Luxe),"<p>High-demand Dennis Lingo Dennis Lingo Zip-Up Quilted Flight Bomber Jacket (Luxe). Designed for superior performance, comfort and style. Sourced with USPS express air shipping (7-10 days).</p>",Dennis Lingo,clothing,clothing,"men, clothing, men, dropshipping, bestseller",true,Color,Gunmetal Gray,Size,M,SY-SY-PROD-1198,500,shopify,7,deny,manual,89.88,143.31,true,true,https://images.unsplash.com/photo-1618354691373-d851c5c3a990?auto=format&fit=crop&w=800&q=80,1,active
sunnyeora-man-thermal-fleece-athleisure-joggers-pure,Sunnyeora Man Thermal Fleece Athleisure Joggers (Pure),"<p>High-demand Sunnyeora Man Sunnyeora Man Thermal Fleece Athleisure Joggers (Pure). Designed for superior performance, comfort and style. Sourced with USPS express air shipping (7-10 days).</p>",Sunnyeora Man,clothing,clothing,"men, clothing, men, dropshipping, bestseller",true,Color,Heather Charcoal,Size,S,SY-SY-PROD-1199,500,shopify,8,deny,manual,40.25,66.39,true,true,https://images.unsplash.com/photo-1576995853123-5a10305d93c0?auto=format&fit=crop&w=800&q=80,1,active
aeroflex-modern-mandarin-collar-linen-kurta-essential,AeroFlex Modern Mandarin Collar Linen Kurta (Essential),"<p>High-demand AeroFlex AeroFlex Modern Mandarin Collar Linen Kurta (Essential). Designed for superior performance, comfort and style. Sourced with USPS express air shipping (7-10 days).</p>",AeroFlex,clothing,clothing,"men, clothing, men, dropshipping, bestseller",true,Color,Royal Blue,Size,M,SY-SY-PROD-1200,500,shopify,9,deny,manual,51.62,84.01,true,true,https://images.unsplash.com/photo-1620799140408-edc6dcb6d633?auto=format&fit=crop&w=800&q=80,1,active
highlander-oversized-heavyweight-hoodie-pro,Highlander Oversized Heavyweight Hoodie (Pro),"<p>High-demand Highlander Highlander Oversized Heavyweight Hoodie (Pro). Designed for superior performance, comfort and style. Sourced with USPS express air shipping (7-10 days).</p>",Highlander,clothing,clothing,"men, clothing, men, dropshipping, bestseller",true,Color,Jet Black,Size,S,SY-SY-PROD-1201,500,shopify,10,deny,manual,43.99,72.18,true,true,https://images.unsplash.com/photo-1521572267360-ee0c2909d518?auto=format&fit=crop&w=800&q=80,1,active
roadstyler-slim-fit-stretch-denim-jeans-elite,Roadstyler Slim-Fit Stretch Denim Jeans (Elite),"<p>High-demand Roadstyler Roadstyler Slim-Fit Stretch Denim Jeans (Elite). Designed for superior performance, comfort and style. Sourced with USPS express air shipping (7-10 days).</p>",Roadstyler,clothing,clothing,"men, clothing, men, dropshipping, bestseller",true,Color,Vintage Indigo,Size,30,SY-SY-PROD-1202,500,shopify,11,deny,manual,75.36,120.81,true,true,https://images.unsplash.com/photo-1617137984095-74e4e5e3613f?auto=format&fit=crop&w=800&q=80,1,active
mast-harbour-premium-pima-cotton-crew-t-shirt-classic,Mast & Harbour Premium Pima Cotton Crew T-Shirt (Classic),"<p>High-demand Mast & Harbour Mast & Harbour Premium Pima Cotton Crew T-Shirt (Classic). Designed for superior performance, comfort and style. Sourced with USPS express air shipping (7-10 days).</p>",Mast & Harbour,clothing,clothing,"men, clothing, men, dropshipping, bestseller",true,Color,Optic White,Size,S,SY-SY-PROD-1203,500,shopify,12,deny,manual,31.73,53.18,true,true,https://images.unsplash.com/photo-1602810318383-e386cc2a3ccf?auto=format&fit=crop&w=800&q=80,1,active
urbanpulse-casual-linen-blend-button-down-shirt-series-2,UrbanPulse Casual Linen Blend Button-Down Shirt (Series 2),"<p>High-demand UrbanPulse UrbanPulse Casual Linen Blend Button-Down Shirt (Series 2). Designed for superior performance, comfort and style. Sourced with USPS express air shipping (7-10 days).</p>",UrbanPulse,clothing,clothing,"men, clothing, men, dropshipping, bestseller",true,Color,Sky Blue,Size,M,SY-SY-PROD-1204,500,shopify,13,deny,manual,38.10,63.06,true,true,https://images.unsplash.com/photo-1503342217505-b0a15ec3261c?auto=format&fit=crop&w=800&q=80,1,active
dennis-lingo-tactical-multi-pocket-cargo-pants-air,Dennis Lingo Tactical Multi-Pocket Cargo Pants (Air),"<p>High-demand Dennis Lingo Dennis Lingo Tactical Multi-Pocket Cargo Pants (Air). Designed for superior performance, comfort and style. Sourced with USPS express air shipping (7-10 days).</p>",Dennis Lingo,clothing,clothing,"men, clothing, men, dropshipping, bestseller",true,Color,Military Green,Size,30,SY-SY-PROD-1205,500,shopify,14,deny,manual,89.47,142.68,true,true,https://images.unsplash.com/photo-1593030761757-71fae45fa0e7?auto=format&fit=crop&w=800&q=80,1,active
sunnyeora-man-zip-up-quilted-flight-bomber-jacket-signature,Sunnyeora Man Zip-Up Quilted Flight Bomber Jacket (Signature),"<p>High-demand Sunnyeora Man Sunnyeora Man Zip-Up Quilted Flight Bomber Jacket (Signature). Designed for superior performance, comfort and style. Sourced with USPS express air shipping (7-10 days).</p>",Sunnyeora Man,clothing,clothing,"men, clothing, men, dropshipping, bestseller",true,Color,Gunmetal Gray,Size,M,SY-SY-PROD-1206,500,shopify,15,deny,manual,100.84,160.30,true,true,https://images.unsplash.com/photo-1618354691373-d851c5c3a990?auto=format&fit=crop&w=800&q=80,1,active
aeroflex-thermal-fleece-athleisure-joggers-v2,AeroFlex Thermal Fleece Athleisure Joggers (V2),"<p>High-demand AeroFlex AeroFlex Thermal Fleece Athleisure Joggers (V2). Designed for superior performance, comfort and style. Sourced with USPS express air shipping (7-10 days).</p>",AeroFlex,clothing,clothing,"men, clothing, men, dropshipping, bestseller",true,Color,Heather Charcoal,Size,S,SY-SY-PROD-1207,500,shopify,16,deny,manual,51.21,83.38,true,true,https://images.unsplash.com/photo-1576995853123-5a10305d93c0?auto=format&fit=crop&w=800&q=80,1,active
highlander-modern-mandarin-collar-linen-kurta-luxe,Highlander Modern Mandarin Collar Linen Kurta (Luxe),"<p>High-demand Highlander Highlander Modern Mandarin Collar Linen Kurta (Luxe). Designed for superior performance, comfort and style. Sourced with USPS express air shipping (7-10 days).</p>",Highlander,clothing,clothing,"men, clothing, men, dropshipping, bestseller",true,Color,Royal Blue,Size,M,SY-SY-PROD-1208,500,shopify,17,deny,manual,62.58,101.00,true,true,https://images.unsplash.com/photo-1620799140408-edc6dcb6d633?auto=format&fit=crop&w=800&q=80,1,active
roadstyler-oversized-heavyweight-hoodie-pure,Roadstyler Oversized Heavyweight Hoodie (Pure),"<p>High-demand Roadstyler Roadstyler Oversized Heavyweight Hoodie (Pure). Designed for superior performance, comfort and style. Sourced with USPS express air shipping (7-10 days).</p>",Roadstyler,clothing,clothing,"men, clothing, men, dropshipping, bestseller",true,Color,Jet Black,Size,S,SY-SY-PROD-1209,500,shopify,18,deny,manual,54.95,89.17,true,true,https://images.unsplash.com/photo-1521572267360-ee0c2909d518?auto=format&fit=crop&w=800&q=80,1,active
mast-harbour-slim-fit-stretch-denim-jeans-essential,Mast & Harbour Slim-Fit Stretch Denim Jeans (Essential),"<p>High-demand Mast & Harbour Mast & Harbour Slim-Fit Stretch Denim Jeans (Essential). Designed for superior performance, comfort and style. Sourced with USPS express air shipping (7-10 days).</p>",Mast & Harbour,clothing,clothing,"men, clothing, men, dropshipping, bestseller",true,Color,Vintage Indigo,Size,30,SY-SY-PROD-1210,500,shopify,19,deny,manual,51.32,83.55,true,true,https://images.unsplash.com/photo-1617137984095-74e4e5e3613f?auto=format&fit=crop&w=800&q=80,1,active
urbanpulse-premium-pima-cotton-crew-t-shirt-pro,UrbanPulse Premium Pima Cotton Crew T-Shirt (Pro),"<p>High-demand UrbanPulse UrbanPulse Premium Pima Cotton Crew T-Shirt (Pro). Designed for superior performance, comfort and style. Sourced with USPS express air shipping (7-10 days).</p>",UrbanPulse,clothing,clothing,"men, clothing, men, dropshipping, bestseller",true,Color,Optic White,Size,S,SY-SY-PROD-1211,500,shopify,5,deny,manual,27.69,46.92,true,true,https://images.unsplash.com/photo-1602810318383-e386cc2a3ccf?auto=format&fit=crop&w=800&q=80,1,active
dennis-lingo-casual-linen-blend-button-down-shirt-elite,Dennis Lingo Casual Linen Blend Button-Down Shirt (Elite),"<p>High-demand Dennis Lingo Dennis Lingo Casual Linen Blend Button-Down Shirt (Elite). Designed for superior performance, comfort and style. Sourced with USPS express air shipping (7-10 days).</p>",Dennis Lingo,clothing,clothing,"men, clothing, men, dropshipping, bestseller",true,Color,Sky Blue,Size,M,SY-SY-PROD-1212,500,shopify,6,deny,manual,49.06,80.04,true,true,https://images.unsplash.com/photo-1503342217505-b0a15ec3261c?auto=format&fit=crop&w=800&q=80,1,active
sunnyeora-man-tactical-multi-pocket-cargo-pants-classic,Sunnyeora Man Tactical Multi-Pocket Cargo Pants (Classic),"<p>High-demand Sunnyeora Man Sunnyeora Man Tactical Multi-Pocket Cargo Pants (Classic). Designed for superior performance, comfort and style. Sourced with USPS express air shipping (7-10 days).</p>",Sunnyeora Man,clothing,clothing,"men, clothing, men, dropshipping, bestseller",true,Color,Military Green,Size,30,SY-SY-PROD-1213,500,shopify,7,deny,manual,60.43,97.67,true,true,https://images.unsplash.com/photo-1593030761757-71fae45fa0e7?auto=format&fit=crop&w=800&q=80,1,active
aeroflex-zip-up-quilted-flight-bomber-jacket-series-2,AeroFlex Zip-Up Quilted Flight Bomber Jacket (Series 2),"<p>High-demand AeroFlex AeroFlex Zip-Up Quilted Flight Bomber Jacket (Series 2). Designed for superior performance, comfort and style. Sourced with USPS express air shipping (7-10 days).</p>",AeroFlex,clothing,clothing,"men, clothing, men, dropshipping, bestseller",true,Color,Gunmetal Gray,Size,M,SY-SY-PROD-1214,500,shopify,8,deny,manual,111.80,177.29,true,true,https://images.unsplash.com/photo-1618354691373-d851c5c3a990?auto=format&fit=crop&w=800&q=80,1,active
highlander-thermal-fleece-athleisure-joggers-air,Highlander Thermal Fleece Athleisure Joggers (Air),"<p>High-demand Highlander Highlander Thermal Fleece Athleisure Joggers (Air). Designed for superior performance, comfort and style. Sourced with USPS express air shipping (7-10 days).</p>",Highlander,clothing,clothing,"men, clothing, men, dropshipping, bestseller",true,Color,Heather Charcoal,Size,S,SY-SY-PROD-1215,500,shopify,9,deny,manual,40.17,66.26,true,true,https://images.unsplash.com/photo-1576995853123-5a10305d93c0?auto=format&fit=crop&w=800&q=80,1,active
roadstyler-modern-mandarin-collar-linen-kurta-signature,Roadstyler Modern Mandarin Collar Linen Kurta (Signature),"<p>High-demand Roadstyler Roadstyler Modern Mandarin Collar Linen Kurta (Signature). Designed for superior performance, comfort and style. Sourced with USPS express air shipping (7-10 days).</p>",Roadstyler,clothing,clothing,"men, clothing, men, dropshipping, bestseller",true,Color,Royal Blue,Size,M,SY-SY-PROD-1216,500,shopify,10,deny,manual,47.54,77.69,true,true,https://images.unsplash.com/photo-1620799140408-edc6dcb6d633?auto=format&fit=crop&w=800&q=80,1,active
mast-harbour-oversized-heavyweight-hoodie-v2,Mast & Harbour Oversized Heavyweight Hoodie (V2),"<p>High-demand Mast & Harbour Mast & Harbour Oversized Heavyweight Hoodie (V2). Designed for superior performance, comfort and style. Sourced with USPS express air shipping (7-10 days).</p>",Mast & Harbour,clothing,clothing,"men, clothing, men, dropshipping, bestseller",true,Color,Jet Black,Size,S,SY-SY-PROD-1217,500,shopify,11,deny,manual,65.91,106.16,true,true,https://images.unsplash.com/photo-1521572267360-ee0c2909d518?auto=format&fit=crop&w=800&q=80,1,active
urbanpulse-slim-fit-stretch-denim-jeans-luxe,UrbanPulse Slim-Fit Stretch Denim Jeans (Luxe),"<p>High-demand UrbanPulse UrbanPulse Slim-Fit Stretch Denim Jeans (Luxe). Designed for superior performance, comfort and style. Sourced with USPS express air shipping (7-10 days).</p>",UrbanPulse,clothing,clothing,"men, clothing, men, dropshipping, bestseller",true,Color,Vintage Indigo,Size,30,SY-SY-PROD-1218,500,shopify,12,deny,manual,62.28,100.53,true,true,https://images.unsplash.com/photo-1617137984095-74e4e5e3613f?auto=format&fit=crop&w=800&q=80,1,active
dennis-lingo-premium-pima-cotton-crew-t-shirt-pure,Dennis Lingo Premium Pima Cotton Crew T-Shirt (Pure),"<p>High-demand Dennis Lingo Dennis Lingo Premium Pima Cotton Crew T-Shirt (Pure). Designed for superior performance, comfort and style. Sourced with USPS express air shipping (7-10 days).</p>",Dennis Lingo,clothing,clothing,"men, clothing, men, dropshipping, bestseller",true,Color,Optic White,Size,S,SY-SY-PROD-1219,500,shopify,13,deny,manual,38.65,63.91,true,true,https://images.unsplash.com/photo-1602810318383-e386cc2a3ccf?auto=format&fit=crop&w=800&q=80,1,active
sunnyeora-man-casual-linen-blend-button-down-shirt-essential,Sunnyeora Man Casual Linen Blend Button-Down Shirt (Essential),"<p>High-demand Sunnyeora Man Sunnyeora Man Casual Linen Blend Button-Down Shirt (Essential). Designed for superior performance, comfort and style. Sourced with USPS express air shipping (7-10 days).</p>",Sunnyeora Man,clothing,clothing,"men, clothing, men, dropshipping, bestseller",true,Color,Sky Blue,Size,M,SY-SY-PROD-1220,500,shopify,14,deny,manual,35.02,58.28,true,true,https://images.unsplash.com/photo-1503342217505-b0a15ec3261c?auto=format&fit=crop&w=800&q=80,1,active
aeroflex-tactical-multi-pocket-cargo-pants-pro,AeroFlex Tactical Multi-Pocket Cargo Pants (Pro),"<p>High-demand AeroFlex AeroFlex Tactical Multi-Pocket Cargo Pants (Pro). Designed for superior performance, comfort and style. Sourced with USPS express air shipping (7-10 days).</p>",AeroFlex,clothing,clothing,"men, clothing, men, dropshipping, bestseller",true,Color,Military Green,Size,30,SY-SY-PROD-1221,500,shopify,15,deny,manual,71.39,114.65,true,true,https://images.unsplash.com/photo-1593030761757-71fae45fa0e7?auto=format&fit=crop&w=800&q=80,1,active
highlander-zip-up-quilted-flight-bomber-jacket-elite,Highlander Zip-Up Quilted Flight Bomber Jacket (Elite),"<p>High-demand Highlander Highlander Zip-Up Quilted Flight Bomber Jacket (Elite). Designed for superior performance, comfort and style. Sourced with USPS express air shipping (7-10 days).</p>",Highlander,clothing,clothing,"men, clothing, men, dropshipping, bestseller",true,Color,Gunmetal Gray,Size,M,SY-SY-PROD-1222,500,shopify,16,deny,manual,72.76,116.78,true,true,https://images.unsplash.com/photo-1618354691373-d851c5c3a990?auto=format&fit=crop&w=800&q=80,1,active
roadstyler-thermal-fleece-athleisure-joggers-classic,Roadstyler Thermal Fleece Athleisure Joggers (Classic),"<p>High-demand Roadstyler Roadstyler Thermal Fleece Athleisure Joggers (Classic). Designed for superior performance, comfort and style. Sourced with USPS express air shipping (7-10 days).</p>",Roadstyler,clothing,clothing,"men, clothing, men, dropshipping, bestseller",true,Color,Heather Charcoal,Size,S,SY-SY-PROD-1223,500,shopify,17,deny,manual,51.13,83.25,true,true,https://images.unsplash.com/photo-1576995853123-5a10305d93c0?auto=format&fit=crop&w=800&q=80,1,active
mast-harbour-modern-mandarin-collar-linen-kurta-series-2,Mast & Harbour Modern Mandarin Collar Linen Kurta (Series 2),"<p>High-demand Mast & Harbour Mast & Harbour Modern Mandarin Collar Linen Kurta (Series 2). Designed for superior performance, comfort and style. Sourced with USPS express air shipping (7-10 days).</p>",Mast & Harbour,clothing,clothing,"men, clothing, men, dropshipping, bestseller",true,Color,Royal Blue,Size,M,SY-SY-PROD-1224,500,shopify,18,deny,manual,58.50,94.67,true,true,https://images.unsplash.com/photo-1620799140408-edc6dcb6d633?auto=format&fit=crop&w=800&q=80,1,active
urbanpulse-oversized-heavyweight-hoodie-air,UrbanPulse Oversized Heavyweight Hoodie (Air),"<p>High-demand UrbanPulse UrbanPulse Oversized Heavyweight Hoodie (Air). Designed for superior performance, comfort and style. Sourced with USPS express air shipping (7-10 days).</p>",UrbanPulse,clothing,clothing,"men, clothing, men, dropshipping, bestseller",true,Color,Jet Black,Size,S,SY-SY-PROD-1225,500,shopify,19,deny,manual,46.87,76.65,true,true,https://images.unsplash.com/photo-1521572267360-ee0c2909d518?auto=format&fit=crop&w=800&q=80,1,active
dennis-lingo-slim-fit-stretch-denim-jeans-signature,Dennis Lingo Slim-Fit Stretch Denim Jeans (Signature),"<p>High-demand Dennis Lingo Dennis Lingo Slim-Fit Stretch Denim Jeans (Signature). Designed for superior performance, comfort and style. Sourced with USPS express air shipping (7-10 days).</p>",Dennis Lingo,clothing,clothing,"men, clothing, men, dropshipping, bestseller",true,Color,Vintage Indigo,Size,30,SY-SY-PROD-1226,500,shopify,5,deny,manual,73.24,117.52,true,true,https://images.unsplash.com/photo-1617137984095-74e4e5e3613f?auto=format&fit=crop&w=800&q=80,1,active
sunnyeora-man-premium-pima-cotton-crew-t-shirt-v2,Sunnyeora Man Premium Pima Cotton Crew T-Shirt (V2),"<p>High-demand Sunnyeora Man Sunnyeora Man Premium Pima Cotton Crew T-Shirt (V2). Designed for superior performance, comfort and style. Sourced with USPS express air shipping (7-10 days).</p>",Sunnyeora Man,clothing,clothing,"men, clothing, men, dropshipping, bestseller",true,Color,Optic White,Size,S,SY-SY-PROD-1227,500,shopify,6,deny,manual,34.61,57.65,true,true,https://images.unsplash.com/photo-1602810318383-e386cc2a3ccf?auto=format&fit=crop&w=800&q=80,1,active
aeroflex-casual-linen-blend-button-down-shirt-luxe,AeroFlex Casual Linen Blend Button-Down Shirt (Luxe),"<p>High-demand AeroFlex AeroFlex Casual Linen Blend Button-Down Shirt (Luxe). Designed for superior performance, comfort and style. Sourced with USPS express air shipping (7-10 days).</p>",AeroFlex,clothing,clothing,"men, clothing, men, dropshipping, bestseller",true,Color,Sky Blue,Size,M,SY-SY-PROD-1228,500,shopify,7,deny,manual,45.98,75.27,true,true,https://images.unsplash.com/photo-1503342217505-b0a15ec3261c?auto=format&fit=crop&w=800&q=80,1,active
highlander-tactical-multi-pocket-cargo-pants-pure,Highlander Tactical Multi-Pocket Cargo Pants (Pure),"<p>High-demand Highlander Highlander Tactical Multi-Pocket Cargo Pants (Pure). Designed for superior performance, comfort and style. Sourced with USPS express air shipping (7-10 days).</p>",Highlander,clothing,clothing,"men, clothing, men, dropshipping, bestseller",true,Color,Military Green,Size,30,SY-SY-PROD-1229,500,shopify,8,deny,manual,82.35,131.64,true,true,https://images.unsplash.com/photo-1593030761757-71fae45fa0e7?auto=format&fit=crop&w=800&q=80,1,active
roadstyler-zip-up-quilted-flight-bomber-jacket-essential,Roadstyler Zip-Up Quilted Flight Bomber Jacket (Essential),"<p>High-demand Roadstyler Roadstyler Zip-Up Quilted Flight Bomber Jacket (Essential). Designed for superior performance, comfort and style. Sourced with USPS express air shipping (7-10 days).</p>",Roadstyler,clothing,clothing,"men, clothing, men, dropshipping, bestseller",true,Color,Gunmetal Gray,Size,M,SY-SY-PROD-1230,500,shopify,9,deny,manual,83.72,133.77,true,true,https://images.unsplash.com/photo-1618354691373-d851c5c3a990?auto=format&fit=crop&w=800&q=80,1,active
mast-harbour-thermal-fleece-athleisure-joggers-pro,Mast & Harbour Thermal Fleece Athleisure Joggers (Pro),"<p>High-demand Mast & Harbour Mast & Harbour Thermal Fleece Athleisure Joggers (Pro). Designed for superior performance, comfort and style. Sourced with USPS express air shipping (7-10 days).</p>",Mast & Harbour,clothing,clothing,"men, clothing, men, dropshipping, bestseller",true,Color,Heather Charcoal,Size,S,SY-SY-PROD-1231,500,shopify,10,deny,manual,40.09,66.14,true,true,https://images.unsplash.com/photo-1576995853123-5a10305d93c0?auto=format&fit=crop&w=800&q=80,1,active
urbanpulse-modern-mandarin-collar-linen-kurta-elite,UrbanPulse Modern Mandarin Collar Linen Kurta (Elite),"<p>High-demand UrbanPulse UrbanPulse Modern Mandarin Collar Linen Kurta (Elite). Designed for superior performance, comfort and style. Sourced with USPS express air shipping (7-10 days).</p>",UrbanPulse,clothing,clothing,"men, clothing, men, dropshipping, bestseller",true,Color,Royal Blue,Size,M,SY-SY-PROD-1232,500,shopify,11,deny,manual,43.46,71.36,true,true,https://images.unsplash.com/photo-1620799140408-edc6dcb6d633?auto=format&fit=crop&w=800&q=80,1,active
dennis-lingo-oversized-heavyweight-hoodie-classic,Dennis Lingo Oversized Heavyweight Hoodie (Classic),"<p>High-demand Dennis Lingo Dennis Lingo Oversized Heavyweight Hoodie (Classic). Designed for superior performance, comfort and style. Sourced with USPS express air shipping (7-10 days).</p>",Dennis Lingo,clothing,clothing,"men, clothing, men, dropshipping, bestseller",true,Color,Jet Black,Size,S,SY-SY-PROD-1233,500,shopify,12,deny,manual,57.83,93.64,true,true,https://images.unsplash.com/photo-1521572267360-ee0c2909d518?auto=format&fit=crop&w=800&q=80,1,active
sunnyeora-man-slim-fit-stretch-denim-jeans-series-2,Sunnyeora Man Slim-Fit Stretch Denim Jeans (Series 2),"<p>High-demand Sunnyeora Man Sunnyeora Man Slim-Fit Stretch Denim Jeans (Series 2). Designed for superior performance, comfort and style. Sourced with USPS express air shipping (7-10 days).</p>",Sunnyeora Man,clothing,clothing,"men, clothing, men, dropshipping, bestseller",true,Color,Vintage Indigo,Size,30,SY-SY-PROD-1234,500,shopify,13,deny,manual,49.20,80.26,true,true,https://images.unsplash.com/photo-1617137984095-74e4e5e3613f?auto=format&fit=crop&w=800&q=80,1,active
aeroflex-premium-pima-cotton-crew-t-shirt-air,AeroFlex Premium Pima Cotton Crew T-Shirt (Air),"<p>High-demand AeroFlex AeroFlex Premium Pima Cotton Crew T-Shirt (Air). Designed for superior performance, comfort and style. Sourced with USPS express air shipping (7-10 days).</p>",AeroFlex,clothing,clothing,"men, clothing, men, dropshipping, bestseller",true,Color,Optic White,Size,S,SY-SY-PROD-1235,500,shopify,14,deny,manual,30.57,51.38,true,true,https://images.unsplash.com/photo-1602810318383-e386cc2a3ccf?auto=format&fit=crop&w=800&q=80,1,active
highlander-casual-linen-blend-button-down-shirt-signature,Highlander Casual Linen Blend Button-Down Shirt (Signature),"<p>High-demand Highlander Highlander Casual Linen Blend Button-Down Shirt (Signature). Designed for superior performance, comfort and style. Sourced with USPS express air shipping (7-10 days).</p>",Highlander,clothing,clothing,"men, clothing, men, dropshipping, bestseller",true,Color,Sky Blue,Size,M,SY-SY-PROD-1236,500,shopify,15,deny,manual,56.94,92.26,true,true,https://images.unsplash.com/photo-1503342217505-b0a15ec3261c?auto=format&fit=crop&w=800&q=80,1,active
roadstyler-tactical-multi-pocket-cargo-pants-v2,Roadstyler Tactical Multi-Pocket Cargo Pants (V2),"<p>High-demand Roadstyler Roadstyler Tactical Multi-Pocket Cargo Pants (V2). Designed for superior performance, comfort and style. Sourced with USPS express air shipping (7-10 days).</p>",Roadstyler,clothing,clothing,"men, clothing, men, dropshipping, bestseller",true,Color,Military Green,Size,30,SY-SY-PROD-1237,500,shopify,16,deny,manual,53.31,86.63,true,true,https://images.unsplash.com/photo-1593030761757-71fae45fa0e7?auto=format&fit=crop&w=800&q=80,1,active
mast-harbour-zip-up-quilted-flight-bomber-jacket-luxe,Mast & Harbour Zip-Up Quilted Flight Bomber Jacket (Luxe),"<p>High-demand Mast & Harbour Mast & Harbour Zip-Up Quilted Flight Bomber Jacket (Luxe). Designed for superior performance, comfort and style. Sourced with USPS express air shipping (7-10 days).</p>",Mast & Harbour,clothing,clothing,"men, clothing, men, dropshipping, bestseller",true,Color,Gunmetal Gray,Size,M,SY-SY-PROD-1238,500,shopify,17,deny,manual,94.68,150.75,true,true,https://images.unsplash.com/photo-1618354691373-d851c5c3a990?auto=format&fit=crop&w=800&q=80,1,active
urbanpulse-thermal-fleece-athleisure-joggers-pure,UrbanPulse Thermal Fleece Athleisure Joggers (Pure),"<p>High-demand UrbanPulse UrbanPulse Thermal Fleece Athleisure Joggers (Pure). Designed for superior performance, comfort and style. Sourced with USPS express air shipping (7-10 days).</p>",UrbanPulse,clothing,clothing,"men, clothing, men, dropshipping, bestseller",true,Color,Heather Charcoal,Size,S,SY-SY-PROD-1239,500,shopify,18,deny,manual,51.05,83.13,true,true,https://images.unsplash.com/photo-1576995853123-5a10305d93c0?auto=format&fit=crop&w=800&q=80,1,active
dennis-lingo-modern-mandarin-collar-linen-kurta-essential,Dennis Lingo Modern Mandarin Collar Linen Kurta (Essential),"<p>High-demand Dennis Lingo Dennis Lingo Modern Mandarin Collar Linen Kurta (Essential). Designed for superior performance, comfort and style. Sourced with USPS express air shipping (7-10 days).</p>",Dennis Lingo,clothing,clothing,"men, clothing, men, dropshipping, bestseller",true,Color,Royal Blue,Size,M,SY-SY-PROD-1240,500,shopify,19,deny,manual,54.42,88.35,true,true,https://images.unsplash.com/photo-1620799140408-edc6dcb6d633?auto=format&fit=crop&w=800&q=80,1,active
sunnyeora-man-oversized-heavyweight-hoodie-pro,Sunnyeora Man Oversized Heavyweight Hoodie (Pro),"<p>High-demand Sunnyeora Man Sunnyeora Man Oversized Heavyweight Hoodie (Pro). Designed for superior performance, comfort and style. Sourced with USPS express air shipping (7-10 days).</p>",Sunnyeora Man,clothing,clothing,"men, clothing, men, dropshipping, bestseller",true,Color,Jet Black,Size,S,SY-SY-PROD-1241,500,shopify,5,deny,manual,68.79,110.62,true,true,https://images.unsplash.com/photo-1521572267360-ee0c2909d518?auto=format&fit=crop&w=800&q=80,1,active
aeroflex-slim-fit-stretch-denim-jeans-elite,AeroFlex Slim-Fit Stretch Denim Jeans (Elite),"<p>High-demand AeroFlex AeroFlex Slim-Fit Stretch Denim Jeans (Elite). Designed for superior performance, comfort and style. Sourced with USPS express air shipping (7-10 days).</p>",AeroFlex,clothing,clothing,"men, clothing, men, dropshipping, bestseller",true,Color,Vintage Indigo,Size,30,SY-SY-PROD-1242,500,shopify,6,deny,manual,60.16,97.25,true,true,https://images.unsplash.com/photo-1617137984095-74e4e5e3613f?auto=format&fit=crop&w=800&q=80,1,active
highlander-premium-pima-cotton-crew-t-shirt-classic,Highlander Premium Pima Cotton Crew T-Shirt (Classic),"<p>High-demand Highlander Highlander Premium Pima Cotton Crew T-Shirt (Classic). Designed for superior performance, comfort and style. Sourced with USPS express air shipping (7-10 days).</p>",Highlander,clothing,clothing,"men, clothing, men, dropshipping, bestseller",true,Color,Optic White,Size,S,SY-SY-PROD-1243,500,shopify,7,deny,manual,26.53,45.12,true,true,https://images.unsplash.com/photo-1602810318383-e386cc2a3ccf?auto=format&fit=crop&w=800&q=80,1,active
roadstyler-casual-linen-blend-button-down-shirt-series-2,Roadstyler Casual Linen Blend Button-Down Shirt (Series 2),"<p>High-demand Roadstyler Roadstyler Casual Linen Blend Button-Down Shirt (Series 2). Designed for superior performance, comfort and style. Sourced with USPS express air shipping (7-10 days).</p>",Roadstyler,clothing,clothing,"men, clothing, men, dropshipping, bestseller",true,Color,Sky Blue,Size,M,SY-SY-PROD-1244,500,shopify,8,deny,manual,42.90,70.50,true,true,https://images.unsplash.com/photo-1503342217505-b0a15ec3261c?auto=format&fit=crop&w=800&q=80,1,active
mast-harbour-tactical-multi-pocket-cargo-pants-air,Mast & Harbour Tactical Multi-Pocket Cargo Pants (Air),"<p>High-demand Mast & Harbour Mast & Harbour Tactical Multi-Pocket Cargo Pants (Air). Designed for superior performance, comfort and style. Sourced with USPS express air shipping (7-10 days).</p>",Mast & Harbour,clothing,clothing,"men, clothing, men, dropshipping, bestseller",true,Color,Military Green,Size,30,SY-SY-PROD-1245,500,shopify,9,deny,manual,64.27,103.62,true,true,https://images.unsplash.com/photo-1593030761757-71fae45fa0e7?auto=format&fit=crop&w=800&q=80,1,active
urbanpulse-zip-up-quilted-flight-bomber-jacket-signature,UrbanPulse Zip-Up Quilted Flight Bomber Jacket (Signature),"<p>High-demand UrbanPulse UrbanPulse Zip-Up Quilted Flight Bomber Jacket (Signature). Designed for superior performance, comfort and style. Sourced with USPS express air shipping (7-10 days).</p>",UrbanPulse,clothing,clothing,"men, clothing, men, dropshipping, bestseller",true,Color,Gunmetal Gray,Size,M,SY-SY-PROD-1246,500,shopify,10,deny,manual,105.64,167.74,true,true,https://images.unsplash.com/photo-1618354691373-d851c5c3a990?auto=format&fit=crop&w=800&q=80,1,active
dennis-lingo-thermal-fleece-athleisure-joggers-v2,Dennis Lingo Thermal Fleece Athleisure Joggers (V2),"<p>High-demand Dennis Lingo Dennis Lingo Thermal Fleece Athleisure Joggers (V2). Designed for superior performance, comfort and style. Sourced with USPS express air shipping (7-10 days).</p>",Dennis Lingo,clothing,clothing,"men, clothing, men, dropshipping, bestseller",true,Color,Heather Charcoal,Size,S,SY-SY-PROD-1247,500,shopify,11,deny,manual,40.01,66.02,true,true,https://images.unsplash.com/photo-1576995853123-5a10305d93c0?auto=format&fit=crop&w=800&q=80,1,active
sunnyeora-man-modern-mandarin-collar-linen-kurta-luxe,Sunnyeora Man Modern Mandarin Collar Linen Kurta (Luxe),"<p>High-demand Sunnyeora Man Sunnyeora Man Modern Mandarin Collar Linen Kurta (Luxe). Designed for superior performance, comfort and style. Sourced with USPS express air shipping (7-10 days).</p>",Sunnyeora Man,clothing,clothing,"men, clothing, men, dropshipping, bestseller",true,Color,Royal Blue,Size,M,SY-SY-PROD-1248,500,shopify,12,deny,manual,39.38,65.04,true,true,https://images.unsplash.com/photo-1620799140408-edc6dcb6d633?auto=format&fit=crop&w=800&q=80,1,active
aeroflex-oversized-heavyweight-hoodie-pure,AeroFlex Oversized Heavyweight Hoodie (Pure),"<p>High-demand AeroFlex AeroFlex Oversized Heavyweight Hoodie (Pure). Designed for superior performance, comfort and style. Sourced with USPS express air shipping (7-10 days).</p>",AeroFlex,clothing,clothing,"men, clothing, men, dropshipping, bestseller",true,Color,Jet Black,Size,S,SY-SY-PROD-1249,500,shopify,13,deny,manual,49.75,81.11,true,true,https://images.unsplash.com/photo-1521572267360-ee0c2909d518?auto=format&fit=crop&w=800&q=80,1,active
highlander-slim-fit-stretch-denim-jeans-essential,Highlander Slim-Fit Stretch Denim Jeans (Essential),"<p>High-demand Highlander Highlander Slim-Fit Stretch Denim Jeans (Essential). Designed for superior performance, comfort and style. Sourced with USPS express air shipping (7-10 days).</p>",Highlander,clothing,clothing,"men, clothing, men, dropshipping, bestseller",true,Color,Vintage Indigo,Size,30,SY-SY-PROD-1250,500,shopify,14,deny,manual,71.12,114.24,true,true,https://images.unsplash.com/photo-1617137984095-74e4e5e3613f?auto=format&fit=crop&w=800&q=80,1,active
roadstyler-premium-pima-cotton-crew-t-shirt-pro,Roadstyler Premium Pima Cotton Crew T-Shirt (Pro),"<p>High-demand Roadstyler Roadstyler Premium Pima Cotton Crew T-Shirt (Pro). Designed for superior performance, comfort and style. Sourced with USPS express air shipping (7-10 days).</p>",Roadstyler,clothing,clothing,"men, clothing, men, dropshipping, bestseller",true,Color,Optic White,Size,S,SY-SY-PROD-1251,500,shopify,15,deny,manual,37.49,62.11,true,true,https://images.unsplash.com/photo-1602810318383-e386cc2a3ccf?auto=format&fit=crop&w=800&q=80,1,active
mast-harbour-casual-linen-blend-button-down-shirt-elite,Mast & Harbour Casual Linen Blend Button-Down Shirt (Elite),"<p>High-demand Mast & Harbour Mast & Harbour Casual Linen Blend Button-Down Shirt (Elite). Designed for superior performance, comfort and style. Sourced with USPS express air shipping (7-10 days).</p>",Mast & Harbour,clothing,clothing,"men, clothing, men, dropshipping, bestseller",true,Color,Sky Blue,Size,M,SY-SY-PROD-1252,500,shopify,16,deny,manual,53.86,87.48,true,true,https://images.unsplash.com/photo-1503342217505-b0a15ec3261c?auto=format&fit=crop&w=800&q=80,1,active
urbanpulse-tactical-multi-pocket-cargo-pants-classic,UrbanPulse Tactical Multi-Pocket Cargo Pants (Classic),"<p>High-demand UrbanPulse UrbanPulse Tactical Multi-Pocket Cargo Pants (Classic). Designed for superior performance, comfort and style. Sourced with USPS express air shipping (7-10 days).</p>",UrbanPulse,clothing,clothing,"men, clothing, men, dropshipping, bestseller",true,Color,Military Green,Size,30,SY-SY-PROD-1253,500,shopify,17,deny,manual,75.23,120.61,true,true,https://images.unsplash.com/photo-1593030761757-71fae45fa0e7?auto=format&fit=crop&w=800&q=80,1,active
dennis-lingo-zip-up-quilted-flight-bomber-jacket-series-2,Dennis Lingo Zip-Up Quilted Flight Bomber Jacket (Series 2),"<p>High-demand Dennis Lingo Dennis Lingo Zip-Up Quilted Flight Bomber Jacket (Series 2). Designed for superior performance, comfort and style. Sourced with USPS express air shipping (7-10 days).</p>",Dennis Lingo,clothing,clothing,"men, clothing, men, dropshipping, bestseller",true,Color,Gunmetal Gray,Size,M,SY-SY-PROD-1254,500,shopify,18,deny,manual,116.60,184.73,true,true,https://images.unsplash.com/photo-1618354691373-d851c5c3a990?auto=format&fit=crop&w=800&q=80,1,active
sunnyeora-man-thermal-fleece-athleisure-joggers-air,Sunnyeora Man Thermal Fleece Athleisure Joggers (Air),"<p>High-demand Sunnyeora Man Sunnyeora Man Thermal Fleece Athleisure Joggers (Air). Designed for superior performance, comfort and style. Sourced with USPS express air shipping (7-10 days).</p>",Sunnyeora Man,clothing,clothing,"men, clothing, men, dropshipping, bestseller",true,Color,Heather Charcoal,Size,S,SY-SY-PROD-1255,500,shopify,19,deny,manual,50.97,83.00,true,true,https://images.unsplash.com/photo-1576995853123-5a10305d93c0?auto=format&fit=crop&w=800&q=80,1,active
aeroflex-modern-mandarin-collar-linen-kurta-signature,AeroFlex Modern Mandarin Collar Linen Kurta (Signature),"<p>High-demand AeroFlex AeroFlex Modern Mandarin Collar Linen Kurta (Signature). Designed for superior performance, comfort and style. Sourced with USPS express air shipping (7-10 days).</p>",AeroFlex,clothing,clothing,"men, clothing, men, dropshipping, bestseller",true,Color,Royal Blue,Size,M,SY-SY-PROD-1256,500,shopify,5,deny,manual,50.34,82.03,true,true,https://images.unsplash.com/photo-1620799140408-edc6dcb6d633?auto=format&fit=crop&w=800&q=80,1,active
highlander-oversized-heavyweight-hoodie-v2,Highlander Oversized Heavyweight Hoodie (V2),"<p>High-demand Highlander Highlander Oversized Heavyweight Hoodie (V2). Designed for superior performance, comfort and style. Sourced with USPS express air shipping (7-10 days).</p>",Highlander,clothing,clothing,"men, clothing, men, dropshipping, bestseller",true,Color,Jet Black,Size,S,SY-SY-PROD-1257,500,shopify,6,deny,manual,60.71,98.10,true,true,https://images.unsplash.com/photo-1521572267360-ee0c2909d518?auto=format&fit=crop&w=800&q=80,1,active
roadstyler-slim-fit-stretch-denim-jeans-luxe,Roadstyler Slim-Fit Stretch Denim Jeans (Luxe),"<p>High-demand Roadstyler Roadstyler Slim-Fit Stretch Denim Jeans (Luxe). Designed for superior performance, comfort and style. Sourced with USPS express air shipping (7-10 days).</p>",Roadstyler,clothing,clothing,"men, clothing, men, dropshipping, bestseller",true,Color,Vintage Indigo,Size,30,SY-SY-PROD-1258,500,shopify,7,deny,manual,47.08,76.97,true,true,https://images.unsplash.com/photo-1617137984095-74e4e5e3613f?auto=format&fit=crop&w=800&q=80,1,active
mast-harbour-premium-pima-cotton-crew-t-shirt-pure,Mast & Harbour Premium Pima Cotton Crew T-Shirt (Pure),"<p>High-demand Mast & Harbour Mast & Harbour Premium Pima Cotton Crew T-Shirt (Pure). Designed for superior performance, comfort and style. Sourced with USPS express air shipping (7-10 days).</p>",Mast & Harbour,clothing,clothing,"men, clothing, men, dropshipping, bestseller",true,Color,Optic White,Size,S,SY-SY-PROD-1259,500,shopify,8,deny,manual,33.45,55.85,true,true,https://images.unsplash.com/photo-1602810318383-e386cc2a3ccf?auto=format&fit=crop&w=800&q=80,1,active
urbanpulse-casual-linen-blend-button-down-shirt-essential,UrbanPulse Casual Linen Blend Button-Down Shirt (Essential),"<p>High-demand UrbanPulse UrbanPulse Casual Linen Blend Button-Down Shirt (Essential). Designed for superior performance, comfort and style. Sourced with USPS express air shipping (7-10 days).</p>",UrbanPulse,clothing,clothing,"men, clothing, men, dropshipping, bestseller",true,Color,Sky Blue,Size,M,SY-SY-PROD-1260,500,shopify,9,deny,manual,39.82,65.72,true,true,https://images.unsplash.com/photo-1503342217505-b0a15ec3261c?auto=format&fit=crop&w=800&q=80,1,active
dennis-lingo-tactical-multi-pocket-cargo-pants-pro,Dennis Lingo Tactical Multi-Pocket Cargo Pants (Pro),"<p>High-demand Dennis Lingo Dennis Lingo Tactical Multi-Pocket Cargo Pants (Pro). Designed for superior performance, comfort and style. Sourced with USPS express air shipping (7-10 days).</p>",Dennis Lingo,clothing,clothing,"men, clothing, men, dropshipping, bestseller",true,Color,Military Green,Size,30,SY-SY-PROD-1261,500,shopify,10,deny,manual,86.19,137.59,true,true,https://images.unsplash.com/photo-1593030761757-71fae45fa0e7?auto=format&fit=crop&w=800&q=80,1,active
sunnyeora-man-zip-up-quilted-flight-bomber-jacket-elite,Sunnyeora Man Zip-Up Quilted Flight Bomber Jacket (Elite),"<p>High-demand Sunnyeora Man Sunnyeora Man Zip-Up Quilted Flight Bomber Jacket (Elite). Designed for superior performance, comfort and style. Sourced with USPS express air shipping (7-10 days).</p>",Sunnyeora Man,clothing,clothing,"men, clothing, men, dropshipping, bestseller",true,Color,Gunmetal Gray,Size,M,SY-SY-PROD-1262,500,shopify,11,deny,manual,77.56,124.22,true,true,https://images.unsplash.com/photo-1618354691373-d851c5c3a990?auto=format&fit=crop&w=800&q=80,1,active
aeroflex-thermal-fleece-athleisure-joggers-classic,AeroFlex Thermal Fleece Athleisure Joggers (Classic),"<p>High-demand AeroFlex AeroFlex Thermal Fleece Athleisure Joggers (Classic). Designed for superior performance, comfort and style. Sourced with USPS express air shipping (7-10 days).</p>",AeroFlex,clothing,clothing,"men, clothing, men, dropshipping, bestseller",true,Color,Heather Charcoal,Size,S,SY-SY-PROD-1263,500,shopify,12,deny,manual,39.93,65.89,true,true,https://images.unsplash.com/photo-1576995853123-5a10305d93c0?auto=format&fit=crop&w=800&q=80,1,active
highlander-modern-mandarin-collar-linen-kurta-series-2,Highlander Modern Mandarin Collar Linen Kurta (Series 2),"<p>High-demand Highlander Highlander Modern Mandarin Collar Linen Kurta (Series 2). Designed for superior performance, comfort and style. Sourced with USPS express air shipping (7-10 days).</p>",Highlander,clothing,clothing,"men, clothing, men, dropshipping, bestseller",true,Color,Royal Blue,Size,M,SY-SY-PROD-1264,500,shopify,13,deny,manual,61.30,99.02,true,true,https://images.unsplash.com/photo-1620799140408-edc6dcb6d633?auto=format&fit=crop&w=800&q=80,1,active
roadstyler-oversized-heavyweight-hoodie-air,Roadstyler Oversized Heavyweight Hoodie (Air),"<p>High-demand Roadstyler Roadstyler Oversized Heavyweight Hoodie (Air). Designed for superior performance, comfort and style. Sourced with USPS express air shipping (7-10 days).</p>",Roadstyler,clothing,clothing,"men, clothing, men, dropshipping, bestseller",true,Color,Jet Black,Size,S,SY-SY-PROD-1265,500,shopify,14,deny,manual,41.67,68.59,true,true,https://images.unsplash.com/photo-1521572267360-ee0c2909d518?auto=format&fit=crop&w=800&q=80,1,active
mast-harbour-slim-fit-stretch-denim-jeans-signature,Mast & Harbour Slim-Fit Stretch Denim Jeans (Signature),"<p>High-demand Mast & Harbour Mast & Harbour Slim-Fit Stretch Denim Jeans (Signature). Designed for superior performance, comfort and style. Sourced with USPS express air shipping (7-10 days).</p>",Mast & Harbour,clothing,clothing,"men, clothing, men, dropshipping, bestseller",true,Color,Vintage Indigo,Size,30,SY-SY-PROD-1266,500,shopify,15,deny,manual,58.04,93.96,true,true,https://images.unsplash.com/photo-1617137984095-74e4e5e3613f?auto=format&fit=crop&w=800&q=80,1,active
urbanpulse-premium-pima-cotton-crew-t-shirt-v2,UrbanPulse Premium Pima Cotton Crew T-Shirt (V2),"<p>High-demand UrbanPulse UrbanPulse Premium Pima Cotton Crew T-Shirt (V2). Designed for superior performance, comfort and style. Sourced with USPS express air shipping (7-10 days).</p>",UrbanPulse,clothing,clothing,"men, clothing, men, dropshipping, bestseller",true,Color,Optic White,Size,S,SY-SY-PROD-1267,500,shopify,16,deny,manual,29.41,49.59,true,true,https://images.unsplash.com/photo-1602810318383-e386cc2a3ccf?auto=format&fit=crop&w=800&q=80,1,active
dennis-lingo-casual-linen-blend-button-down-shirt-luxe,Dennis Lingo Casual Linen Blend Button-Down Shirt (Luxe),"<p>High-demand Dennis Lingo Dennis Lingo Casual Linen Blend Button-Down Shirt (Luxe). Designed for superior performance, comfort and style. Sourced with USPS express air shipping (7-10 days).</p>",Dennis Lingo,clothing,clothing,"men, clothing, men, dropshipping, bestseller",true,Color,Sky Blue,Size,M,SY-SY-PROD-1268,500,shopify,17,deny,manual,50.78,82.71,true,true,https://images.unsplash.com/photo-1503342217505-b0a15ec3261c?auto=format&fit=crop&w=800&q=80,1,active
sunnyeora-man-tactical-multi-pocket-cargo-pants-pure,Sunnyeora Man Tactical Multi-Pocket Cargo Pants (Pure),"<p>High-demand Sunnyeora Man Sunnyeora Man Tactical Multi-Pocket Cargo Pants (Pure). Designed for superior performance, comfort and style. Sourced with USPS express air shipping (7-10 days).</p>",Sunnyeora Man,clothing,clothing,"men, clothing, men, dropshipping, bestseller",true,Color,Military Green,Size,30,SY-SY-PROD-1269,500,shopify,18,deny,manual,57.15,92.58,true,true,https://images.unsplash.com/photo-1593030761757-71fae45fa0e7?auto=format&fit=crop&w=800&q=80,1,active
aeroflex-zip-up-quilted-flight-bomber-jacket-essential,AeroFlex Zip-Up Quilted Flight Bomber Jacket (Essential),"<p>High-demand AeroFlex AeroFlex Zip-Up Quilted Flight Bomber Jacket (Essential). Designed for superior performance, comfort and style. Sourced with USPS express air shipping (7-10 days).</p>",AeroFlex,clothing,clothing,"men, clothing, men, dropshipping, bestseller",true,Color,Gunmetal Gray,Size,M,SY-SY-PROD-1270,500,shopify,19,deny,manual,88.52,141.21,true,true,https://images.unsplash.com/photo-1618354691373-d851c5c3a990?auto=format&fit=crop&w=800&q=80,1,active
highlander-thermal-fleece-athleisure-joggers-pro,Highlander Thermal Fleece Athleisure Joggers (Pro),"<p>High-demand Highlander Highlander Thermal Fleece Athleisure Joggers (Pro). Designed for superior performance, comfort and style. Sourced with USPS express air shipping (7-10 days).</p>",Highlander,clothing,clothing,"men, clothing, men, dropshipping, bestseller",true,Color,Heather Charcoal,Size,S,SY-SY-PROD-1271,500,shopify,5,deny,manual,50.89,82.88,true,true,https://images.unsplash.com/photo-1576995853123-5a10305d93c0?auto=format&fit=crop&w=800&q=80,1,active
roadstyler-modern-mandarin-collar-linen-kurta-elite,Roadstyler Modern Mandarin Collar Linen Kurta (Elite),"<p>High-demand Roadstyler Roadstyler Modern Mandarin Collar Linen Kurta (Elite). Designed for superior performance, comfort and style. Sourced with USPS express air shipping (7-10 days).</p>",Roadstyler,clothing,clothing,"men, clothing, men, dropshipping, bestseller",true,Color,Royal Blue,Size,M,SY-SY-PROD-1272,500,shopify,6,deny,manual,46.26,75.70,true,true,https://images.unsplash.com/photo-1620799140408-edc6dcb6d633?auto=format&fit=crop&w=800&q=80,1,active
mast-harbour-oversized-heavyweight-hoodie-classic,Mast & Harbour Oversized Heavyweight Hoodie (Classic),"<p>High-demand Mast & Harbour Mast & Harbour Oversized Heavyweight Hoodie (Classic). Designed for superior performance, comfort and style. Sourced with USPS express air shipping (7-10 days).</p>",Mast & Harbour,clothing,clothing,"men, clothing, men, dropshipping, bestseller",true,Color,Jet Black,Size,S,SY-SY-PROD-1273,500,shopify,7,deny,manual,52.63,85.58,true,true,https://images.unsplash.com/photo-1521572267360-ee0c2909d518?auto=format&fit=crop&w=800&q=80,1,active
urbanpulse-slim-fit-stretch-denim-jeans-series-2,UrbanPulse Slim-Fit Stretch Denim Jeans (Series 2),"<p>High-demand UrbanPulse UrbanPulse Slim-Fit Stretch Denim Jeans (Series 2). Designed for superior performance, comfort and style. Sourced with USPS express air shipping (7-10 days).</p>",UrbanPulse,clothing,clothing,"men, clothing, men, dropshipping, bestseller",true,Color,Vintage Indigo,Size,30,SY-SY-PROD-1274,500,shopify,8,deny,manual,69.00,110.95,true,true,https://images.unsplash.com/photo-1617137984095-74e4e5e3613f?auto=format&fit=crop&w=800&q=80,1,active
dennis-lingo-premium-pima-cotton-crew-t-shirt-air,Dennis Lingo Premium Pima Cotton Crew T-Shirt (Air),"<p>High-demand Dennis Lingo Dennis Lingo Premium Pima Cotton Crew T-Shirt (Air). Designed for superior performance, comfort and style. Sourced with USPS express air shipping (7-10 days).</p>",Dennis Lingo,clothing,clothing,"men, clothing, men, dropshipping, bestseller",true,Color,Optic White,Size,S,SY-SY-PROD-1275,500,shopify,9,deny,manual,25.37,43.32,true,true,https://images.unsplash.com/photo-1602810318383-e386cc2a3ccf?auto=format&fit=crop&w=800&q=80,1,active
sunnyeora-man-casual-linen-blend-button-down-shirt-signature,Sunnyeora Man Casual Linen Blend Button-Down Shirt (Signature),"<p>High-demand Sunnyeora Man Sunnyeora Man Casual Linen Blend Button-Down Shirt (Signature). Designed for superior performance, comfort and style. Sourced with USPS express air shipping (7-10 days).</p>",Sunnyeora Man,clothing,clothing,"men, clothing, men, dropshipping, bestseller",true,Color,Sky Blue,Size,M,SY-SY-PROD-1276,500,shopify,10,deny,manual,36.74,60.95,true,true,https://images.unsplash.com/photo-1503342217505-b0a15ec3261c?auto=format&fit=crop&w=800&q=80,1,active
aeroflex-tactical-multi-pocket-cargo-pants-v2,AeroFlex Tactical Multi-Pocket Cargo Pants (V2),"<p>High-demand AeroFlex AeroFlex Tactical Multi-Pocket Cargo Pants (V2). Designed for superior performance, comfort and style. Sourced with USPS express air shipping (7-10 days).</p>",AeroFlex,clothing,clothing,"men, clothing, men, dropshipping, bestseller",true,Color,Military Green,Size,30,SY-SY-PROD-1277,500,shopify,11,deny,manual,68.11,109.57,true,true,https://images.unsplash.com/photo-1593030761757-71fae45fa0e7?auto=format&fit=crop&w=800&q=80,1,active
highlander-zip-up-quilted-flight-bomber-jacket-luxe,Highlander Zip-Up Quilted Flight Bomber Jacket (Luxe),"<p>High-demand Highlander Highlander Zip-Up Quilted Flight Bomber Jacket (Luxe). Designed for superior performance, comfort and style. Sourced with USPS express air shipping (7-10 days).</p>",Highlander,clothing,clothing,"men, clothing, men, dropshipping, bestseller",true,Color,Gunmetal Gray,Size,M,SY-SY-PROD-1278,500,shopify,12,deny,manual,99.48,158.19,true,true,https://images.unsplash.com/photo-1618354691373-d851c5c3a990?auto=format&fit=crop&w=800&q=80,1,active
roadstyler-thermal-fleece-athleisure-joggers-pure,Roadstyler Thermal Fleece Athleisure Joggers (Pure),"<p>High-demand Roadstyler Roadstyler Thermal Fleece Athleisure Joggers (Pure). Designed for superior performance, comfort and style. Sourced with USPS express air shipping (7-10 days).</p>",Roadstyler,clothing,clothing,"men, clothing, men, dropshipping, bestseller",true,Color,Heather Charcoal,Size,S,SY-SY-PROD-1279,500,shopify,13,deny,manual,39.85,65.77,true,true,https://images.unsplash.com/photo-1576995853123-5a10305d93c0?auto=format&fit=crop&w=800&q=80,1,active
mast-harbour-modern-mandarin-collar-linen-kurta-essential,Mast & Harbour Modern Mandarin Collar Linen Kurta (Essential),"<p>High-demand Mast & Harbour Mast & Harbour Modern Mandarin Collar Linen Kurta (Essential). Designed for superior performance, comfort and style. Sourced with USPS express air shipping (7-10 days).</p>",Mast & Harbour,clothing,clothing,"men, clothing, men, dropshipping, bestseller",true,Color,Royal Blue,Size,M,SY-SY-PROD-1280,500,shopify,14,deny,manual,57.22,92.69,true,true,https://images.unsplash.com/photo-1620799140408-edc6dcb6d633?auto=format&fit=crop&w=800&q=80,1,active
urbanpulse-oversized-heavyweight-hoodie-pro,UrbanPulse Oversized Heavyweight Hoodie (Pro),"<p>High-demand UrbanPulse UrbanPulse Oversized Heavyweight Hoodie (Pro). Designed for superior performance, comfort and style. Sourced with USPS express air shipping (7-10 days).</p>",UrbanPulse,clothing,clothing,"men, clothing, men, dropshipping, bestseller",true,Color,Jet Black,Size,S,SY-SY-PROD-1281,500,shopify,15,deny,manual,63.59,102.56,true,true,https://images.unsplash.com/photo-1521572267360-ee0c2909d518?auto=format&fit=crop&w=800&q=80,1,active
dennis-lingo-slim-fit-stretch-denim-jeans-elite,Dennis Lingo Slim-Fit Stretch Denim Jeans (Elite),"<p>High-demand Dennis Lingo Dennis Lingo Slim-Fit Stretch Denim Jeans (Elite). Designed for superior performance, comfort and style. Sourced with USPS express air shipping (7-10 days).</p>",Dennis Lingo,clothing,clothing,"men, clothing, men, dropshipping, bestseller",true,Color,Vintage Indigo,Size,30,SY-SY-PROD-1282,500,shopify,16,deny,manual,79.96,127.94,true,true,https://images.unsplash.com/photo-1617137984095-74e4e5e3613f?auto=format&fit=crop&w=800&q=80,1,active
sunnyeora-man-premium-pima-cotton-crew-t-shirt-classic,Sunnyeora Man Premium Pima Cotton Crew T-Shirt (Classic),"<p>High-demand Sunnyeora Man Sunnyeora Man Premium Pima Cotton Crew T-Shirt (Classic). Designed for superior performance, comfort and style. Sourced with USPS express air shipping (7-10 days).</p>",Sunnyeora Man,clothing,clothing,"men, clothing, men, dropshipping, bestseller",true,Color,Optic White,Size,S,SY-SY-PROD-1283,500,shopify,17,deny,manual,36.33,60.31,true,true,https://images.unsplash.com/photo-1602810318383-e386cc2a3ccf?auto=format&fit=crop&w=800&q=80,1,active
aeroflex-casual-linen-blend-button-down-shirt-series-2,AeroFlex Casual Linen Blend Button-Down Shirt (Series 2),"<p>High-demand AeroFlex AeroFlex Casual Linen Blend Button-Down Shirt (Series 2). Designed for superior performance, comfort and style. Sourced with USPS express air shipping (7-10 days).</p>",AeroFlex,clothing,clothing,"men, clothing, men, dropshipping, bestseller",true,Color,Sky Blue,Size,M,SY-SY-PROD-1284,500,shopify,18,deny,manual,47.70,77.94,true,true,https://images.unsplash.com/photo-1503342217505-b0a15ec3261c?auto=format&fit=crop&w=800&q=80,1,active
highlander-tactical-multi-pocket-cargo-pants-air,Highlander Tactical Multi-Pocket Cargo Pants (Air),"<p>High-demand Highlander Highlander Tactical Multi-Pocket Cargo Pants (Air). Designed for superior performance, comfort and style. Sourced with USPS express air shipping (7-10 days).</p>",Highlander,clothing,clothing,"men, clothing, men, dropshipping, bestseller",true,Color,Military Green,Size,30,SY-SY-PROD-1285,500,shopify,19,deny,manual,79.07,126.56,true,true,https://images.unsplash.com/photo-1593030761757-71fae45fa0e7?auto=format&fit=crop&w=800&q=80,1,active
roadstyler-zip-up-quilted-flight-bomber-jacket-signature,Roadstyler Zip-Up Quilted Flight Bomber Jacket (Signature),"<p>High-demand Roadstyler Roadstyler Zip-Up Quilted Flight Bomber Jacket (Signature). Designed for superior performance, comfort and style. Sourced with USPS express air shipping (7-10 days).</p>",Roadstyler,clothing,clothing,"men, clothing, men, dropshipping, bestseller",true,Color,Gunmetal Gray,Size,M,SY-SY-PROD-1286,500,shopify,5,deny,manual,110.44,175.18,true,true,https://images.unsplash.com/photo-1618354691373-d851c5c3a990?auto=format&fit=crop&w=800&q=80,1,active
mast-harbour-thermal-fleece-athleisure-joggers-v2,Mast & Harbour Thermal Fleece Athleisure Joggers (V2),"<p>High-demand Mast & Harbour Mast & Harbour Thermal Fleece Athleisure Joggers (V2). Designed for superior performance, comfort and style. Sourced with USPS express air shipping (7-10 days).</p>",Mast & Harbour,clothing,clothing,"men, clothing, men, dropshipping, bestseller",true,Color,Heather Charcoal,Size,S,SY-SY-PROD-1287,500,shopify,6,deny,manual,50.81,82.76,true,true,https://images.unsplash.com/photo-1576995853123-5a10305d93c0?auto=format&fit=crop&w=800&q=80,1,active
urbanpulse-modern-mandarin-collar-linen-kurta-luxe,UrbanPulse Modern Mandarin Collar Linen Kurta (Luxe),"<p>High-demand UrbanPulse UrbanPulse Modern Mandarin Collar Linen Kurta (Luxe). Designed for superior performance, comfort and style. Sourced with USPS express air shipping (7-10 days).</p>",UrbanPulse,clothing,clothing,"men, clothing, men, dropshipping, bestseller",true,Color,Royal Blue,Size,M,SY-SY-PROD-1288,500,shopify,7,deny,manual,42.18,69.38,true,true,https://images.unsplash.com/photo-1620799140408-edc6dcb6d633?auto=format&fit=crop&w=800&q=80,1,active
dennis-lingo-oversized-heavyweight-hoodie-pure,Dennis Lingo Oversized Heavyweight Hoodie (Pure),"<p>High-demand Dennis Lingo Dennis Lingo Oversized Heavyweight Hoodie (Pure). Designed for superior performance, comfort and style. Sourced with USPS express air shipping (7-10 days).</p>",Dennis Lingo,clothing,clothing,"men, clothing, men, dropshipping, bestseller",true,Color,Jet Black,Size,S,SY-SY-PROD-1289,500,shopify,8,deny,manual,44.55,73.05,true,true,https://images.unsplash.com/photo-1521572267360-ee0c2909d518?auto=format&fit=crop&w=800&q=80,1,active
sunnyeora-man-slim-fit-stretch-denim-jeans-essential,Sunnyeora Man Slim-Fit Stretch Denim Jeans (Essential),"<p>High-demand Sunnyeora Man Sunnyeora Man Slim-Fit Stretch Denim Jeans (Essential). Designed for superior performance, comfort and style. Sourced with USPS express air shipping (7-10 days).</p>",Sunnyeora Man,clothing,clothing,"men, clothing, men, dropshipping, bestseller",true,Color,Vintage Indigo,Size,30,SY-SY-PROD-1290,500,shopify,9,deny,manual,55.92,90.68,true,true,https://images.unsplash.com/photo-1617137984095-74e4e5e3613f?auto=format&fit=crop&w=800&q=80,1,active
aeroflex-premium-pima-cotton-crew-t-shirt-pro,AeroFlex Premium Pima Cotton Crew T-Shirt (Pro),"<p>High-demand AeroFlex AeroFlex Premium Pima Cotton Crew T-Shirt (Pro). Designed for superior performance, comfort and style. Sourced with USPS express air shipping (7-10 days).</p>",AeroFlex,clothing,clothing,"men, clothing, men, dropshipping, bestseller",true,Color,Optic White,Size,S,SY-SY-PROD-1291,500,shopify,10,deny,manual,32.29,54.05,true,true,https://images.unsplash.com/photo-1602810318383-e386cc2a3ccf?auto=format&fit=crop&w=800&q=80,1,active
highlander-casual-linen-blend-button-down-shirt-elite,Highlander Casual Linen Blend Button-Down Shirt (Elite),"<p>High-demand Highlander Highlander Casual Linen Blend Button-Down Shirt (Elite). Designed for superior performance, comfort and style. Sourced with USPS express air shipping (7-10 days).</p>",Highlander,clothing,clothing,"men, clothing, men, dropshipping, bestseller",true,Color,Sky Blue,Size,M,SY-SY-PROD-1292,500,shopify,11,deny,manual,58.66,94.92,true,true,https://images.unsplash.com/photo-1503342217505-b0a15ec3261c?auto=format&fit=crop&w=800&q=80,1,active
roadstyler-tactical-multi-pocket-cargo-pants-classic,Roadstyler Tactical Multi-Pocket Cargo Pants (Classic),"<p>High-demand Roadstyler Roadstyler Tactical Multi-Pocket Cargo Pants (Classic). Designed for superior performance, comfort and style. Sourced with USPS express air shipping (7-10 days).</p>",Roadstyler,clothing,clothing,"men, clothing, men, dropshipping, bestseller",true,Color,Military Green,Size,30,SY-SY-PROD-1293,500,shopify,12,deny,manual,50.03,81.55,true,true,https://images.unsplash.com/photo-1593030761757-71fae45fa0e7?auto=format&fit=crop&w=800&q=80,1,active
mast-harbour-zip-up-quilted-flight-bomber-jacket-series-2,Mast & Harbour Zip-Up Quilted Flight Bomber Jacket (Series 2),"<p>High-demand Mast & Harbour Mast & Harbour Zip-Up Quilted Flight Bomber Jacket (Series 2). Designed for superior performance, comfort and style. Sourced with USPS express air shipping (7-10 days).</p>",Mast & Harbour,clothing,clothing,"men, clothing, men, dropshipping, bestseller",true,Color,Gunmetal Gray,Size,M,SY-SY-PROD-1294,500,shopify,13,deny,manual,71.40,114.67,true,true,https://images.unsplash.com/photo-1618354691373-d851c5c3a990?auto=format&fit=crop&w=800&q=80,1,active
urbanpulse-thermal-fleece-athleisure-joggers-air,UrbanPulse Thermal Fleece Athleisure Joggers (Air),"<p>High-demand UrbanPulse UrbanPulse Thermal Fleece Athleisure Joggers (Air). Designed for superior performance, comfort and style. Sourced with USPS express air shipping (7-10 days).</p>",UrbanPulse,clothing,clothing,"men, clothing, men, dropshipping, bestseller",true,Color,Heather Charcoal,Size,S,SY-SY-PROD-1295,500,shopify,14,deny,manual,39.77,65.64,true,true,https://images.unsplash.com/photo-1576995853123-5a10305d93c0?auto=format&fit=crop&w=800&q=80,1,active
dennis-lingo-modern-mandarin-collar-linen-kurta-signature,Dennis Lingo Modern Mandarin Collar Linen Kurta (Signature),"<p>High-demand Dennis Lingo Dennis Lingo Modern Mandarin Collar Linen Kurta (Signature). Designed for superior performance, comfort and style. Sourced with USPS express air shipping (7-10 days).</p>",Dennis Lingo,clothing,clothing,"men, clothing, men, dropshipping, bestseller",true,Color,Royal Blue,Size,M,SY-SY-PROD-1296,500,shopify,15,deny,manual,53.14,86.37,true,true,https://images.unsplash.com/photo-1620799140408-edc6dcb6d633?auto=format&fit=crop&w=800&q=80,1,active
sunnyeora-man-oversized-heavyweight-hoodie-v2,Sunnyeora Man Oversized Heavyweight Hoodie (V2),"<p>High-demand Sunnyeora Man Sunnyeora Man Oversized Heavyweight Hoodie (V2). Designed for superior performance, comfort and style. Sourced with USPS express air shipping (7-10 days).</p>",Sunnyeora Man,clothing,clothing,"men, clothing, men, dropshipping, bestseller",true,Color,Jet Black,Size,S,SY-SY-PROD-1297,500,shopify,16,deny,manual,55.51,90.04,true,true,https://images.unsplash.com/photo-1521572267360-ee0c2909d518?auto=format&fit=crop&w=800&q=80,1,active
aeroflex-slim-fit-stretch-denim-jeans-luxe,AeroFlex Slim-Fit Stretch Denim Jeans (Luxe),"<p>High-demand AeroFlex AeroFlex Slim-Fit Stretch Denim Jeans (Luxe). Designed for superior performance, comfort and style. Sourced with USPS express air shipping (7-10 days).</p>",AeroFlex,clothing,clothing,"men, clothing, men, dropshipping, bestseller",true,Color,Vintage Indigo,Size,30,SY-SY-PROD-1298,500,shopify,17,deny,manual,66.88,107.66,true,true,https://images.unsplash.com/photo-1617137984095-74e4e5e3613f?auto=format&fit=crop&w=800&q=80,1,active
highlander-premium-pima-cotton-crew-t-shirt-pure,Highlander Premium Pima Cotton Crew T-Shirt (Pure),"<p>High-demand Highlander Highlander Premium Pima Cotton Crew T-Shirt (Pure). Designed for superior performance, comfort and style. Sourced with USPS express air shipping (7-10 days).</p>",Highlander,clothing,clothing,"men, clothing, men, dropshipping, bestseller",true,Color,Optic White,Size,S,SY-SY-PROD-1299,500,shopify,18,deny,manual,28.25,47.79,true,true,https://images.unsplash.com/photo-1602810318383-e386cc2a3ccf?auto=format&fit=crop&w=800&q=80,1,active
roadstyler-casual-linen-blend-button-down-shirt-essential,Roadstyler Casual Linen Blend Button-Down Shirt (Essential),"<p>High-demand Roadstyler Roadstyler Casual Linen Blend Button-Down Shirt (Essential). Designed for superior performance, comfort and style. Sourced with USPS express air shipping (7-10 days).</p>",Roadstyler,clothing,clothing,"men, clothing, men, dropshipping, bestseller",true,Color,Sky Blue,Size,M,SY-SY-PROD-1300,500,shopify,19,deny,manual,44.62,73.16,true,true,https://images.unsplash.com/photo-1503342217505-b0a15ec3261c?auto=format&fit=crop&w=800&q=80,1,active
mast-harbour-tactical-multi-pocket-cargo-pants-pro,Mast & Harbour Tactical Multi-Pocket Cargo Pants (Pro),"<p>High-demand Mast & Harbour Mast & Harbour Tactical Multi-Pocket Cargo Pants (Pro). Designed for superior performance, comfort and style. Sourced with USPS express air shipping (7-10 days).</p>",Mast & Harbour,clothing,clothing,"men, clothing, men, dropshipping, bestseller",true,Color,Military Green,Size,30,SY-SY-PROD-1301,500,shopify,5,deny,manual,60.99,98.53,true,true,https://images.unsplash.com/photo-1593030761757-71fae45fa0e7?auto=format&fit=crop&w=800&q=80,1,active
urbanpulse-zip-up-quilted-flight-bomber-jacket-elite,UrbanPulse Zip-Up Quilted Flight Bomber Jacket (Elite),"<p>High-demand UrbanPulse UrbanPulse Zip-Up Quilted Flight Bomber Jacket (Elite). Designed for superior performance, comfort and style. Sourced with USPS express air shipping (7-10 days).</p>",UrbanPulse,clothing,clothing,"men, clothing, men, dropshipping, bestseller",true,Color,Gunmetal Gray,Size,M,SY-SY-PROD-1302,500,shopify,6,deny,manual,82.36,131.66,true,true,https://images.unsplash.com/photo-1618354691373-d851c5c3a990?auto=format&fit=crop&w=800&q=80,1,active
dennis-lingo-thermal-fleece-athleisure-joggers-classic,Dennis Lingo Thermal Fleece Athleisure Joggers (Classic),"<p>High-demand Dennis Lingo Dennis Lingo Thermal Fleece Athleisure Joggers (Classic). Designed for superior performance, comfort and style. Sourced with USPS express air shipping (7-10 days).</p>",Dennis Lingo,clothing,clothing,"men, clothing, men, dropshipping, bestseller",true,Color,Heather Charcoal,Size,S,SY-SY-PROD-1303,500,shopify,7,deny,manual,50.73,82.63,true,true,https://images.unsplash.com/photo-1576995853123-5a10305d93c0?auto=format&fit=crop&w=800&q=80,1,active
sunnyeora-man-modern-mandarin-collar-linen-kurta-series-2,Sunnyeora Man Modern Mandarin Collar Linen Kurta (Series 2),"<p>High-demand Sunnyeora Man Sunnyeora Man Modern Mandarin Collar Linen Kurta (Series 2). Designed for superior performance, comfort and style. Sourced with USPS express air shipping (7-10 days).</p>",Sunnyeora Man,clothing,clothing,"men, clothing, men, dropshipping, bestseller",true,Color,Royal Blue,Size,M,SY-SY-PROD-1304,500,shopify,8,deny,manual,64.10,103.35,true,true,https://images.unsplash.com/photo-1620799140408-edc6dcb6d633?auto=format&fit=crop&w=800&q=80,1,active
aeroflex-oversized-heavyweight-hoodie-air,AeroFlex Oversized Heavyweight Hoodie (Air),"<p>High-demand AeroFlex AeroFlex Oversized Heavyweight Hoodie (Air). Designed for superior performance, comfort and style. Sourced with USPS express air shipping (7-10 days).</p>",AeroFlex,clothing,clothing,"men, clothing, men, dropshipping, bestseller",true,Color,Jet Black,Size,S,SY-SY-PROD-1305,500,shopify,9,deny,manual,66.47,107.03,true,true,https://images.unsplash.com/photo-1521572267360-ee0c2909d518?auto=format&fit=crop&w=800&q=80,1,active
highlander-slim-fit-stretch-denim-jeans-signature,Highlander Slim-Fit Stretch Denim Jeans (Signature),"<p>High-demand Highlander Highlander Slim-Fit Stretch Denim Jeans (Signature). Designed for superior performance, comfort and style. Sourced with USPS express air shipping (7-10 days).</p>",Highlander,clothing,clothing,"men, clothing, men, dropshipping, bestseller",true,Color,Vintage Indigo,Size,30,SY-SY-PROD-1306,500,shopify,10,deny,manual,77.84,124.65,true,true,https://images.unsplash.com/photo-1617137984095-74e4e5e3613f?auto=format&fit=crop&w=800&q=80,1,active
roadstyler-premium-pima-cotton-crew-t-shirt-v2,Roadstyler Premium Pima Cotton Crew T-Shirt (V2),"<p>High-demand Roadstyler Roadstyler Premium Pima Cotton Crew T-Shirt (V2). Designed for superior performance, comfort and style. Sourced with USPS express air shipping (7-10 days).</p>",Roadstyler,clothing,clothing,"men, clothing, men, dropshipping, bestseller",true,Color,Optic White,Size,S,SY-SY-PROD-1307,500,shopify,11,deny,manual,39.21,64.78,true,true,https://images.unsplash.com/photo-1602810318383-e386cc2a3ccf?auto=format&fit=crop&w=800&q=80,1,active
mast-harbour-casual-linen-blend-button-down-shirt-luxe,Mast & Harbour Casual Linen Blend Button-Down Shirt (Luxe),"<p>High-demand Mast & Harbour Mast & Harbour Casual Linen Blend Button-Down Shirt (Luxe). Designed for superior performance, comfort and style. Sourced with USPS express air shipping (7-10 days).</p>",Mast & Harbour,clothing,clothing,"men, clothing, men, dropshipping, bestseller",true,Color,Sky Blue,Size,M,SY-SY-PROD-1308,500,shopify,12,deny,manual,55.58,90.15,true,true,https://images.unsplash.com/photo-1503342217505-b0a15ec3261c?auto=format&fit=crop&w=800&q=80,1,active
urbanpulse-tactical-multi-pocket-cargo-pants-pure,UrbanPulse Tactical Multi-Pocket Cargo Pants (Pure),"<p>High-demand UrbanPulse UrbanPulse Tactical Multi-Pocket Cargo Pants (Pure). Designed for superior performance, comfort and style. Sourced with USPS express air shipping (7-10 days).</p>",UrbanPulse,clothing,clothing,"men, clothing, men, dropshipping, bestseller",true,Color,Military Green,Size,30,SY-SY-PROD-1309,500,shopify,13,deny,manual,71.95,115.52,true,true,https://images.unsplash.com/photo-1593030761757-71fae45fa0e7?auto=format&fit=crop&w=800&q=80,1,active
dennis-lingo-zip-up-quilted-flight-bomber-jacket-essential,Dennis Lingo Zip-Up Quilted Flight Bomber Jacket (Essential),"<p>High-demand Dennis Lingo Dennis Lingo Zip-Up Quilted Flight Bomber Jacket (Essential). Designed for superior performance, comfort and style. Sourced with USPS express air shipping (7-10 days).</p>",Dennis Lingo,clothing,clothing,"men, clothing, men, dropshipping, bestseller",true,Color,Gunmetal Gray,Size,M,SY-SY-PROD-1310,500,shopify,14,deny,manual,93.32,148.65,true,true,https://images.unsplash.com/photo-1618354691373-d851c5c3a990?auto=format&fit=crop&w=800&q=80,1,active