Handle,Title,Body (HTML),Vendor,Product Category,Type,Tags,Published,Option1 Name,Option1 Value,Option2 Name,Option2 Value,Variant SKU,Variant Grams,Variant Inventory Tracker,Variant Inventory Qty,Variant Inventory Policy,Variant Fulfillment Service,Variant Price,Variant Compare At Price,Variant Requires Shipping,Variant Taxable,Image Src,Image Position,Status
caprese-luxe-minimalist-slim-rfid-blocking-carbon-fiber-wallet-pro,Caprese Luxe Minimalist Slim RFID-Blocking Carbon Fiber Wallet (Pro),"<p>High-demand Caprese Luxe Caprese Luxe Minimalist Slim RFID-Blocking Carbon Fiber Wallet (Pro). Designed for superior performance, comfort and style. Sourced with USPS express air shipping (7-10 days).</p>",Caprese Luxe,accessories,accessories,"accessories, accessories, unisex, dropshipping, bestseller",true,Color,Matte Carbon Black,Size,Card & Cash Clip,SY-SY-PROD-2851,500,shopify,5,deny,manual,22.99,39.63,true,true,https://images.unsplash.com/photo-1627123424574-724758594e93?auto=format&fit=crop&w=800&q=80,1,active
fossil-style-polarized-military-aviator-sunglasses-uv400-elite,Fossil Style Polarized Military Aviator Sunglasses (UV400) (Elite),"<p>High-demand Fossil Style Fossil Style Polarized Military Aviator Sunglasses (UV400) (Elite). Designed for superior performance, comfort and style. Sourced with USPS express air shipping (7-10 days).</p>",Fossil Style,accessories,accessories,"accessories, accessories, unisex, dropshipping, bestseller",true,Color,Gold / Gradient Brown,Size,Standard Frame,SY-SY-PROD-2852,500,shopify,6,deny,manual,28.36,47.96,true,true,https://images.unsplash.com/photo-1553062407-98eeb64c6a62?auto=format&fit=crop&w=800&q=80,1,active
caprese-luxe-automatic-skeleton-mechanical-luxury-wristwatch-classic,Caprese Luxe Automatic Skeleton Mechanical Luxury Wristwatch (Classic),"<p>High-demand Caprese Luxe Caprese Luxe Automatic Skeleton Mechanical Luxury Wristwatch (Classic). Designed for superior performance, comfort and style. Sourced with USPS express air shipping (7-10 days).</p>",Caprese Luxe,accessories,accessories,"accessories, accessories, unisex, dropshipping, bestseller",true,Color,Rose Gold Leather,Size,42mm Case,SY-SY-PROD-2853,500,shopify,7,deny,manual,72.73,116.73,true,true,https://images.unsplash.com/photo-1522335789203-aabd1fc54bc9?auto=format&fit=crop&w=800&q=80,1,active
fossil-style-water-resistant-anti-theft-business-travel-backpack-usb-port-series-2,Fossil Style Water-Resistant Anti-Theft Business Travel Backpack (USB Port) (Series 2),"<p>High-demand Fossil Style Fossil Style Water-Resistant Anti-Theft Business Travel Backpack (USB Port) (Series 2). Designed for superior performance, comfort and style. Sourced with USPS express air shipping (7-10 days).</p>",Fossil Style,accessories,accessories,"accessories, accessories, unisex, dropshipping, bestseller",true,Color,Obsidian Black,Size,"15.6"" Laptop Fit",SY-SY-PROD-2854,500,shopify,8,deny,manual,51.10,83.20,true,true,https://images.unsplash.com/photo-1511499767150-a48a237f0083?auto=format&fit=crop&w=800&q=80,1,active
caprese-luxe-vegan-saffiano-leather-structured-shoulder-tote-bag-air,Caprese Luxe Vegan Saffiano Leather Structured Shoulder Tote Bag (Air),"<p>High-demand Caprese Luxe Caprese Luxe Vegan Saffiano Leather Structured Shoulder Tote Bag (Air). Designed for superior performance, comfort and style. Sourced with USPS express air shipping (7-10 days).</p>",Caprese Luxe,accessories,accessories,"accessories, accessories, unisex, dropshipping, bestseller",true,Color,Nude Tan,Size,"Large 14"" Capacity",SY-SY-PROD-2855,500,shopify,9,deny,manual,50.47,82.23,true,true,https://images.unsplash.com/photo-1524805444758-089113d48a6d?auto=format&fit=crop&w=800&q=80,1,active
fossil-style-reversible-genuine-full-grain-leather-dress-belt-signature,Fossil Style Reversible Genuine Full-Grain Leather Dress Belt (Signature),"<p>High-demand Fossil Style Fossil Style Reversible Genuine Full-Grain Leather Dress Belt (Signature). Designed for superior performance, comfort and style. Sourced with USPS express air shipping (7-10 days).</p>",Fossil Style,accessories,accessories,"accessories, accessories, unisex, dropshipping, bestseller",true,Color,Black / Cognac Dual Tone,Size,32,SY-SY-PROD-2856,500,shopify,10,deny,manual,31.84,53.35,true,true,https://images.unsplash.com/photo-1627123424574-724758594e93?auto=format&fit=crop&w=800&q=80,1,active
caprese-luxe-minimalist-18k-gold-plated-herringbone-chain-necklace-v2,Caprese Luxe Minimalist 18K Gold-Plated Herringbone Chain Necklace (V2),"<p>High-demand Caprese Luxe Caprese Luxe Minimalist 18K Gold-Plated Herringbone Chain Necklace (V2). Designed for superior performance, comfort and style. Sourced with USPS express air shipping (7-10 days).</p>",Caprese Luxe,accessories,accessories,"accessories, accessories, unisex, dropshipping, bestseller",true,Color,Polished Yellow Gold,Size,18-Inch Chain,SY-SY-PROD-2857,500,shopify,11,deny,manual,28.21,47.73,true,true,https://images.unsplash.com/photo-1553062407-98eeb64c6a62?auto=format&fit=crop&w=800&q=80,1,active
fossil-style-minimalist-slim-rfid-blocking-carbon-fiber-wallet-luxe,Fossil Style Minimalist Slim RFID-Blocking Carbon Fiber Wallet (Luxe),"<p>High-demand Fossil Style Fossil Style Minimalist Slim RFID-Blocking Carbon Fiber Wallet (Luxe). Designed for superior performance, comfort and style. Sourced with USPS express air shipping (7-10 days).</p>",Fossil Style,accessories,accessories,"accessories, accessories, unisex, dropshipping, bestseller",true,Color,Matte Carbon Black,Size,Card & Cash Clip,SY-SY-PROD-2858,500,shopify,12,deny,manual,32.58,54.50,true,true,https://images.unsplash.com/photo-1522335789203-aabd1fc54bc9?auto=format&fit=crop&w=800&q=80,1,active
caprese-luxe-polarized-military-aviator-sunglasses-uv400-pure,Caprese Luxe Polarized Military Aviator Sunglasses (UV400) (Pure),"<p>High-demand Caprese Luxe Caprese Luxe Polarized Military Aviator Sunglasses (UV400) (Pure). Designed for superior performance, comfort and style. Sourced with USPS express air shipping (7-10 days).</p>",Caprese Luxe,accessories,accessories,"accessories, accessories, unisex, dropshipping, bestseller",true,Color,Gold / Gradient Brown,Size,Standard Frame,SY-SY-PROD-2859,500,shopify,13,deny,manual,37.95,62.82,true,true,https://images.unsplash.com/photo-1511499767150-a48a237f0083?auto=format&fit=crop&w=800&q=80,1,active
fossil-style-automatic-skeleton-mechanical-luxury-wristwatch-essential,Fossil Style Automatic Skeleton Mechanical Luxury Wristwatch (Essential),"<p>High-demand Fossil Style Fossil Style Automatic Skeleton Mechanical Luxury Wristwatch (Essential). Designed for superior performance, comfort and style. Sourced with USPS express air shipping (7-10 days).</p>",Fossil Style,accessories,accessories,"accessories, accessories, unisex, dropshipping, bestseller",true,Color,Rose Gold Leather,Size,42mm Case,SY-SY-PROD-2860,500,shopify,14,deny,manual,82.32,131.60,true,true,https://images.unsplash.com/photo-1524805444758-089113d48a6d?auto=format&fit=crop&w=800&q=80,1,active
caprese-luxe-water-resistant-anti-theft-business-travel-backpack-usb-port-pro,Caprese Luxe Water-Resistant Anti-Theft Business Travel Backpack (USB Port) (Pro),"<p>High-demand Caprese Luxe Caprese Luxe Water-Resistant Anti-Theft Business Travel Backpack (USB Port) (Pro). Designed for superior performance, comfort and style. Sourced with USPS express air shipping (7-10 days).</p>",Caprese Luxe,accessories,accessories,"accessories, accessories, unisex, dropshipping, bestseller",true,Color,Obsidian Black,Size,"15.6"" Laptop Fit",SY-SY-PROD-2861,500,shopify,15,deny,manual,60.69,98.07,true,true,https://images.unsplash.com/photo-1627123424574-724758594e93?auto=format&fit=crop&w=800&q=80,1,active
fossil-style-vegan-saffiano-leather-structured-shoulder-tote-bag-elite,Fossil Style Vegan Saffiano Leather Structured Shoulder Tote Bag (Elite),"<p>High-demand Fossil Style Fossil Style Vegan Saffiano Leather Structured Shoulder Tote Bag (Elite). Designed for superior performance, comfort and style. Sourced with USPS express air shipping (7-10 days).</p>",Fossil Style,accessories,accessories,"accessories, accessories, unisex, dropshipping, bestseller",true,Color,Nude Tan,Size,"Large 14"" Capacity",SY-SY-PROD-2862,500,shopify,16,deny,manual,60.06,97.09,true,true,https://images.unsplash.com/photo-1553062407-98eeb64c6a62?auto=format&fit=crop&w=800&q=80,1,active
caprese-luxe-reversible-genuine-full-grain-leather-dress-belt-classic,Caprese Luxe Reversible Genuine Full-Grain Leather Dress Belt (Classic),"<p>High-demand Caprese Luxe Caprese Luxe Reversible Genuine Full-Grain Leather Dress Belt (Classic). Designed for superior performance, comfort and style. Sourced with USPS express air shipping (7-10 days).</p>",Caprese Luxe,accessories,accessories,"accessories, accessories, unisex, dropshipping, bestseller",true,Color,Black / Cognac Dual Tone,Size,32,SY-SY-PROD-2863,500,shopify,17,deny,manual,26.43,44.97,true,true,https://images.unsplash.com/photo-1522335789203-aabd1fc54bc9?auto=format&fit=crop&w=800&q=80,1,active
fossil-style-minimalist-18k-gold-plated-herringbone-chain-necklace-series-2,Fossil Style Minimalist 18K Gold-Plated Herringbone Chain Necklace (Series 2),"<p>High-demand Fossil Style Fossil Style Minimalist 18K Gold-Plated Herringbone Chain Necklace (Series 2). Designed for superior performance, comfort and style. Sourced with USPS express air shipping (7-10 days).</p>",Fossil Style,accessories,accessories,"accessories, accessories, unisex, dropshipping, bestseller",true,Color,Polished Yellow Gold,Size,18-Inch Chain,SY-SY-PROD-2864,500,shopify,18,deny,manual,20.80,36.24,true,true,https://images.unsplash.com/photo-1511499767150-a48a237f0083?auto=format&fit=crop&w=800&q=80,1,active
caprese-luxe-minimalist-slim-rfid-blocking-carbon-fiber-wallet-air,Caprese Luxe Minimalist Slim RFID-Blocking Carbon Fiber Wallet (Air),"<p>High-demand Caprese Luxe Caprese Luxe Minimalist Slim RFID-Blocking Carbon Fiber Wallet (Air). Designed for superior performance, comfort and style. Sourced with USPS express air shipping (7-10 days).</p>",Caprese Luxe,accessories,accessories,"accessories, accessories, unisex, dropshipping, bestseller",true,Color,Matte Carbon Black,Size,Card & Cash Clip,SY-SY-PROD-2865,500,shopify,19,deny,manual,25.17,43.01,true,true,https://images.unsplash.com/photo-1524805444758-089113d48a6d?auto=format&fit=crop&w=800&q=80,1,active
fossil-style-polarized-military-aviator-sunglasses-uv400-signature,Fossil Style Polarized Military Aviator Sunglasses (UV400) (Signature),"<p>High-demand Fossil Style Fossil Style Polarized Military Aviator Sunglasses (UV400) (Signature). Designed for superior performance, comfort and style. Sourced with USPS express air shipping (7-10 days).</p>",Fossil Style,accessories,accessories,"accessories, accessories, unisex, dropshipping, bestseller",true,Color,Gold / Gradient Brown,Size,Standard Frame,SY-SY-PROD-2866,500,shopify,5,deny,manual,47.54,77.69,true,true,https://images.unsplash.com/photo-1627123424574-724758594e93?auto=format&fit=crop&w=800&q=80,1,active
caprese-luxe-automatic-skeleton-mechanical-luxury-wristwatch-v2,Caprese Luxe Automatic Skeleton Mechanical Luxury Wristwatch (V2),"<p>High-demand Caprese Luxe Caprese Luxe Automatic Skeleton Mechanical Luxury Wristwatch (V2). Designed for superior performance, comfort and style. Sourced with USPS express air shipping (7-10 days).</p>",Caprese Luxe,accessories,accessories,"accessories, accessories, unisex, dropshipping, bestseller",true,Color,Rose Gold Leather,Size,42mm Case,SY-SY-PROD-2867,500,shopify,6,deny,manual,91.91,146.46,true,true,https://images.unsplash.com/photo-1553062407-98eeb64c6a62?auto=format&fit=crop&w=800&q=80,1,active
fossil-style-water-resistant-anti-theft-business-travel-backpack-usb-port-luxe,Fossil Style Water-Resistant Anti-Theft Business Travel Backpack (USB Port) (Luxe),"<p>High-demand Fossil Style Fossil Style Water-Resistant Anti-Theft Business Travel Backpack (USB Port) (Luxe). Designed for superior performance, comfort and style. Sourced with USPS express air shipping (7-10 days).</p>",Fossil Style,accessories,accessories,"accessories, accessories, unisex, dropshipping, bestseller",true,Color,Obsidian Black,Size,"15.6"" Laptop Fit",SY-SY-PROD-2868,500,shopify,7,deny,manual,70.28,112.93,true,true,https://images.unsplash.com/photo-1522335789203-aabd1fc54bc9?auto=format&fit=crop&w=800&q=80,1,active
caprese-luxe-vegan-saffiano-leather-structured-shoulder-tote-bag-pure,Caprese Luxe Vegan Saffiano Leather Structured Shoulder Tote Bag (Pure),"<p>High-demand Caprese Luxe Caprese Luxe Vegan Saffiano Leather Structured Shoulder Tote Bag (Pure). Designed for superior performance, comfort and style. Sourced with USPS express air shipping (7-10 days).</p>",Caprese Luxe,accessories,accessories,"accessories, accessories, unisex, dropshipping, bestseller",true,Color,Nude Tan,Size,"Large 14"" Capacity",SY-SY-PROD-2869,500,shopify,8,deny,manual,69.65,111.96,true,true,https://images.unsplash.com/photo-1511499767150-a48a237f0083?auto=format&fit=crop&w=800&q=80,1,active
fossil-style-reversible-genuine-full-grain-leather-dress-belt-essential,Fossil Style Reversible Genuine Full-Grain Leather Dress Belt (Essential),"<p>High-demand Fossil Style Fossil Style Reversible Genuine Full-Grain Leather Dress Belt (Essential). Designed for superior performance, comfort and style. Sourced with USPS express air shipping (7-10 days).</p>",Fossil Style,accessories,accessories,"accessories, accessories, unisex, dropshipping, bestseller",true,Color,Black / Cognac Dual Tone,Size,32,SY-SY-PROD-2870,500,shopify,9,deny,manual,36.02,59.83,true,true,https://images.unsplash.com/photo-1524805444758-089113d48a6d?auto=format&fit=crop&w=800&q=80,1,active
caprese-luxe-minimalist-18k-gold-plated-herringbone-chain-necklace-pro,Caprese Luxe Minimalist 18K Gold-Plated Herringbone Chain Necklace (Pro),"<p>High-demand Caprese Luxe Caprese Luxe Minimalist 18K Gold-Plated Herringbone Chain Necklace (Pro). Designed for superior performance, comfort and style. Sourced with USPS express air shipping (7-10 days).</p>",Caprese Luxe,accessories,accessories,"accessories, accessories, unisex, dropshipping, bestseller",true,Color,Polished Yellow Gold,Size,18-Inch Chain,SY-SY-PROD-2871,500,shopify,10,deny,manual,30.39,51.10,true,true,https://images.unsplash.com/photo-1627123424574-724758594e93?auto=format&fit=crop&w=800&q=80,1,active
fossil-style-minimalist-slim-rfid-blocking-carbon-fiber-wallet-elite,Fossil Style Minimalist Slim RFID-Blocking Carbon Fiber Wallet (Elite),"<p>High-demand Fossil Style Fossil Style Minimalist Slim RFID-Blocking Carbon Fiber Wallet (Elite). Designed for superior performance, comfort and style. Sourced with USPS express air shipping (7-10 days).</p>",Fossil Style,accessories,accessories,"accessories, accessories, unisex, dropshipping, bestseller",true,Color,Matte Carbon Black,Size,Card & Cash Clip,SY-SY-PROD-2872,500,shopify,11,deny,manual,34.76,57.88,true,true,https://images.unsplash.com/photo-1553062407-98eeb64c6a62?auto=format&fit=crop&w=800&q=80,1,active
caprese-luxe-polarized-military-aviator-sunglasses-uv400-classic,Caprese Luxe Polarized Military Aviator Sunglasses (UV400) (Classic),"<p>High-demand Caprese Luxe Caprese Luxe Polarized Military Aviator Sunglasses (UV400) (Classic). Designed for superior performance, comfort and style. Sourced with USPS express air shipping (7-10 days).</p>",Caprese Luxe,accessories,accessories,"accessories, accessories, unisex, dropshipping, bestseller",true,Color,Gold / Gradient Brown,Size,Standard Frame,SY-SY-PROD-2873,500,shopify,12,deny,manual,35.13,58.45,true,true,https://images.unsplash.com/photo-1522335789203-aabd1fc54bc9?auto=format&fit=crop&w=800&q=80,1,active
fossil-style-automatic-skeleton-mechanical-luxury-wristwatch-series-2,Fossil Style Automatic Skeleton Mechanical Luxury Wristwatch (Series 2),"<p>High-demand Fossil Style Fossil Style Automatic Skeleton Mechanical Luxury Wristwatch (Series 2). Designed for superior performance, comfort and style. Sourced with USPS express air shipping (7-10 days).</p>",Fossil Style,accessories,accessories,"accessories, accessories, unisex, dropshipping, bestseller",true,Color,Rose Gold Leather,Size,42mm Case,SY-SY-PROD-2874,500,shopify,13,deny,manual,101.50,161.33,true,true,https://images.unsplash.com/photo-1511499767150-a48a237f0083?auto=format&fit=crop&w=800&q=80,1,active
caprese-luxe-water-resistant-anti-theft-business-travel-backpack-usb-port-air,Caprese Luxe Water-Resistant Anti-Theft Business Travel Backpack (USB Port) (Air),"<p>High-demand Caprese Luxe Caprese Luxe Water-Resistant Anti-Theft Business Travel Backpack (USB Port) (Air). Designed for superior performance, comfort and style. Sourced with USPS express air shipping (7-10 days).</p>",Caprese Luxe,accessories,accessories,"accessories, accessories, unisex, dropshipping, bestseller",true,Color,Obsidian Black,Size,"15.6"" Laptop Fit",SY-SY-PROD-2875,500,shopify,14,deny,manual,79.87,127.80,true,true,https://images.unsplash.com/photo-1524805444758-089113d48a6d?auto=format&fit=crop&w=800&q=80,1,active
fossil-style-vegan-saffiano-leather-structured-shoulder-tote-bag-signature,Fossil Style Vegan Saffiano Leather Structured Shoulder Tote Bag (Signature),"<p>High-demand Fossil Style Fossil Style Vegan Saffiano Leather Structured Shoulder Tote Bag (Signature). Designed for superior performance, comfort and style. Sourced with USPS express air shipping (7-10 days).</p>",Fossil Style,accessories,accessories,"accessories, accessories, unisex, dropshipping, bestseller",true,Color,Nude Tan,Size,"Large 14"" Capacity",SY-SY-PROD-2876,500,shopify,15,deny,manual,79.24,126.82,true,true,https://images.unsplash.com/photo-1627123424574-724758594e93?auto=format&fit=crop&w=800&q=80,1,active
caprese-luxe-reversible-genuine-full-grain-leather-dress-belt-v2,Caprese Luxe Reversible Genuine Full-Grain Leather Dress Belt (V2),"<p>High-demand Caprese Luxe Caprese Luxe Reversible Genuine Full-Grain Leather Dress Belt (V2). Designed for superior performance, comfort and style. Sourced with USPS express air shipping (7-10 days).</p>",Caprese Luxe,accessories,accessories,"accessories, accessories, unisex, dropshipping, bestseller",true,Color,Black / Cognac Dual Tone,Size,32,SY-SY-PROD-2877,500,shopify,16,deny,manual,30.61,51.45,true,true,https://images.unsplash.com/photo-1553062407-98eeb64c6a62?auto=format&fit=crop&w=800&q=80,1,active
fossil-style-minimalist-18k-gold-plated-herringbone-chain-necklace-luxe,Fossil Style Minimalist 18K Gold-Plated Herringbone Chain Necklace (Luxe),"<p>High-demand Fossil Style Fossil Style Minimalist 18K Gold-Plated Herringbone Chain Necklace (Luxe). Designed for superior performance, comfort and style. Sourced with USPS express air shipping (7-10 days).</p>",Fossil Style,accessories,accessories,"accessories, accessories, unisex, dropshipping, bestseller",true,Color,Polished Yellow Gold,Size,18-Inch Chain,SY-SY-PROD-2878,500,shopify,17,deny,manual,22.98,39.62,true,true,https://images.unsplash.com/photo-1522335789203-aabd1fc54bc9?auto=format&fit=crop&w=800&q=80,1,active
caprese-luxe-minimalist-slim-rfid-blocking-carbon-fiber-wallet-pure,Caprese Luxe Minimalist Slim RFID-Blocking Carbon Fiber Wallet (Pure),"<p>High-demand Caprese Luxe Caprese Luxe Minimalist Slim RFID-Blocking Carbon Fiber Wallet (Pure). Designed for superior performance, comfort and style. Sourced with USPS express air shipping (7-10 days).</p>",Caprese Luxe,accessories,accessories,"accessories, accessories, unisex, dropshipping, bestseller",true,Color,Matte Carbon Black,Size,Card & Cash Clip,SY-SY-PROD-2879,500,shopify,18,deny,manual,27.35,46.39,true,true,https://images.unsplash.com/photo-1511499767150-a48a237f0083?auto=format&fit=crop&w=800&q=80,1,active
fossil-style-polarized-military-aviator-sunglasses-uv400-essential,Fossil Style Polarized Military Aviator Sunglasses (UV400) (Essential),"<p>High-demand Fossil Style Fossil Style Polarized Military Aviator Sunglasses (UV400) (Essential). Designed for superior performance, comfort and style. Sourced with USPS express air shipping (7-10 days).</p>",Fossil Style,accessories,accessories,"accessories, accessories, unisex, dropshipping, bestseller",true,Color,Gold / Gradient Brown,Size,Standard Frame,SY-SY-PROD-2880,500,shopify,19,deny,manual,44.72,73.32,true,true,https://images.unsplash.com/photo-1524805444758-089113d48a6d?auto=format&fit=crop&w=800&q=80,1,active
caprese-luxe-automatic-skeleton-mechanical-luxury-wristwatch-pro,Caprese Luxe Automatic Skeleton Mechanical Luxury Wristwatch (Pro),"<p>High-demand Caprese Luxe Caprese Luxe Automatic Skeleton Mechanical Luxury Wristwatch (Pro). Designed for superior performance, comfort and style. Sourced with USPS express air shipping (7-10 days).</p>",Caprese Luxe,accessories,accessories,"accessories, accessories, unisex, dropshipping, bestseller",true,Color,Rose Gold Leather,Size,42mm Case,SY-SY-PROD-2881,500,shopify,5,deny,manual,111.09,176.19,true,true,https://images.unsplash.com/photo-1627123424574-724758594e93?auto=format&fit=crop&w=800&q=80,1,active
fossil-style-water-resistant-anti-theft-business-travel-backpack-usb-port-elite,Fossil Style Water-Resistant Anti-Theft Business Travel Backpack (USB Port) (Elite),"<p>High-demand Fossil Style Fossil Style Water-Resistant Anti-Theft Business Travel Backpack (USB Port) (Elite). Designed for superior performance, comfort and style. Sourced with USPS express air shipping (7-10 days).</p>",Fossil Style,accessories,accessories,"accessories, accessories, unisex, dropshipping, bestseller",true,Color,Obsidian Black,Size,"15.6"" Laptop Fit",SY-SY-PROD-2882,500,shopify,6,deny,manual,51.46,83.76,true,true,https://images.unsplash.com/photo-1553062407-98eeb64c6a62?auto=format&fit=crop&w=800&q=80,1,active
caprese-luxe-vegan-saffiano-leather-structured-shoulder-tote-bag-classic,Caprese Luxe Vegan Saffiano Leather Structured Shoulder Tote Bag (Classic),"<p>High-demand Caprese Luxe Caprese Luxe Vegan Saffiano Leather Structured Shoulder Tote Bag (Classic). Designed for superior performance, comfort and style. Sourced with USPS express air shipping (7-10 days).</p>",Caprese Luxe,accessories,accessories,"accessories, accessories, unisex, dropshipping, bestseller",true,Color,Nude Tan,Size,"Large 14"" Capacity",SY-SY-PROD-2883,500,shopify,7,deny,manual,53.83,87.44,true,true,https://images.unsplash.com/photo-1522335789203-aabd1fc54bc9?auto=format&fit=crop&w=800&q=80,1,active
fossil-style-reversible-genuine-full-grain-leather-dress-belt-series-2,Fossil Style Reversible Genuine Full-Grain Leather Dress Belt (Series 2),"<p>High-demand Fossil Style Fossil Style Reversible Genuine Full-Grain Leather Dress Belt (Series 2). Designed for superior performance, comfort and style. Sourced with USPS express air shipping (7-10 days).</p>",Fossil Style,accessories,accessories,"accessories, accessories, unisex, dropshipping, bestseller",true,Color,Black / Cognac Dual Tone,Size,32,SY-SY-PROD-2884,500,shopify,8,deny,manual,25.20,43.06,true,true,https://images.unsplash.com/photo-1511499767150-a48a237f0083?auto=format&fit=crop&w=800&q=80,1,active
caprese-luxe-minimalist-18k-gold-plated-herringbone-chain-necklace-air,Caprese Luxe Minimalist 18K Gold-Plated Herringbone Chain Necklace (Air),"<p>High-demand Caprese Luxe Caprese Luxe Minimalist 18K Gold-Plated Herringbone Chain Necklace (Air). Designed for superior performance, comfort and style. Sourced with USPS express air shipping (7-10 days).</p>",Caprese Luxe,accessories,accessories,"accessories, accessories, unisex, dropshipping, bestseller",true,Color,Polished Yellow Gold,Size,18-Inch Chain,SY-SY-PROD-2885,500,shopify,9,deny,manual,32.57,54.48,true,true,https://images.unsplash.com/photo-1524805444758-089113d48a6d?auto=format&fit=crop&w=800&q=80,1,active
fossil-style-minimalist-slim-rfid-blocking-carbon-fiber-wallet-signature,Fossil Style Minimalist Slim RFID-Blocking Carbon Fiber Wallet (Signature),"<p>High-demand Fossil Style Fossil Style Minimalist Slim RFID-Blocking Carbon Fiber Wallet (Signature). Designed for superior performance, comfort and style. Sourced with USPS express air shipping (7-10 days).</p>",Fossil Style,accessories,accessories,"accessories, accessories, unisex, dropshipping, bestseller",true,Color,Matte Carbon Black,Size,Card & Cash Clip,SY-SY-PROD-2886,500,shopify,10,deny,manual,36.94,61.26,true,true,https://images.unsplash.com/photo-1627123424574-724758594e93?auto=format&fit=crop&w=800&q=80,1,active
caprese-luxe-polarized-military-aviator-sunglasses-uv400-v2,Caprese Luxe Polarized Military Aviator Sunglasses (UV400) (V2),"<p>High-demand Caprese Luxe Caprese Luxe Polarized Military Aviator Sunglasses (UV400) (V2). Designed for superior performance, comfort and style. Sourced with USPS express air shipping (7-10 days).</p>",Caprese Luxe,accessories,accessories,"accessories, accessories, unisex, dropshipping, bestseller",true,Color,Gold / Gradient Brown,Size,Standard Frame,SY-SY-PROD-2887,500,shopify,11,deny,manual,32.31,54.08,true,true,https://images.unsplash.com/photo-1553062407-98eeb64c6a62?auto=format&fit=crop&w=800&q=80,1,active
fossil-style-automatic-skeleton-mechanical-luxury-wristwatch-luxe,Fossil Style Automatic Skeleton Mechanical Luxury Wristwatch (Luxe),"<p>High-demand Fossil Style Fossil Style Automatic Skeleton Mechanical Luxury Wristwatch (Luxe). Designed for superior performance, comfort and style. Sourced with USPS express air shipping (7-10 days).</p>",Fossil Style,accessories,accessories,"accessories, accessories, unisex, dropshipping, bestseller",true,Color,Rose Gold Leather,Size,42mm Case,SY-SY-PROD-2888,500,shopify,12,deny,manual,120.68,191.05,true,true,https://images.unsplash.com/photo-1522335789203-aabd1fc54bc9?auto=format&fit=crop&w=800&q=80,1,active
caprese-luxe-water-resistant-anti-theft-business-travel-backpack-usb-port-pure,Caprese Luxe Water-Resistant Anti-Theft Business Travel Backpack (USB Port) (Pure),"<p>High-demand Caprese Luxe Caprese Luxe Water-Resistant Anti-Theft Business Travel Backpack (USB Port) (Pure). Designed for superior performance, comfort and style. Sourced with USPS express air shipping (7-10 days).</p>",Caprese Luxe,accessories,accessories,"accessories, accessories, unisex, dropshipping, bestseller",true,Color,Obsidian Black,Size,"15.6"" Laptop Fit",SY-SY-PROD-2889,500,shopify,13,deny,manual,61.05,98.63,true,true,https://images.unsplash.com/photo-1511499767150-a48a237f0083?auto=format&fit=crop&w=800&q=80,1,active
fossil-style-vegan-saffiano-leather-structured-shoulder-tote-bag-essential,Fossil Style Vegan Saffiano Leather Structured Shoulder Tote Bag (Essential),"<p>High-demand Fossil Style Fossil Style Vegan Saffiano Leather Structured Shoulder Tote Bag (Essential). Designed for superior performance, comfort and style. Sourced with USPS express air shipping (7-10 days).</p>",Fossil Style,accessories,accessories,"accessories, accessories, unisex, dropshipping, bestseller",true,Color,Nude Tan,Size,"Large 14"" Capacity",SY-SY-PROD-2890,500,shopify,14,deny,manual,63.42,102.30,true,true,https://images.unsplash.com/photo-1524805444758-089113d48a6d?auto=format&fit=crop&w=800&q=80,1,active
caprese-luxe-reversible-genuine-full-grain-leather-dress-belt-pro,Caprese Luxe Reversible Genuine Full-Grain Leather Dress Belt (Pro),"<p>High-demand Caprese Luxe Caprese Luxe Reversible Genuine Full-Grain Leather Dress Belt (Pro). Designed for superior performance, comfort and style. Sourced with USPS express air shipping (7-10 days).</p>",Caprese Luxe,accessories,accessories,"accessories, accessories, unisex, dropshipping, bestseller",true,Color,Black / Cognac Dual Tone,Size,32,SY-SY-PROD-2891,500,shopify,15,deny,manual,34.79,57.92,true,true,https://images.unsplash.com/photo-1627123424574-724758594e93?auto=format&fit=crop&w=800&q=80,1,active
fossil-style-minimalist-18k-gold-plated-herringbone-chain-necklace-elite,Fossil Style Minimalist 18K Gold-Plated Herringbone Chain Necklace (Elite),"<p>High-demand Fossil Style Fossil Style Minimalist 18K Gold-Plated Herringbone Chain Necklace (Elite). Designed for superior performance, comfort and style. Sourced with USPS express air shipping (7-10 days).</p>",Fossil Style,accessories,accessories,"accessories, accessories, unisex, dropshipping, bestseller",true,Color,Polished Yellow Gold,Size,18-Inch Chain,SY-SY-PROD-2892,500,shopify,16,deny,manual,25.16,43.00,true,true,https://images.unsplash.com/photo-1553062407-98eeb64c6a62?auto=format&fit=crop&w=800&q=80,1,active
caprese-luxe-minimalist-slim-rfid-blocking-carbon-fiber-wallet-classic,Caprese Luxe Minimalist Slim RFID-Blocking Carbon Fiber Wallet (Classic),"<p>High-demand Caprese Luxe Caprese Luxe Minimalist Slim RFID-Blocking Carbon Fiber Wallet (Classic). Designed for superior performance, comfort and style. Sourced with USPS express air shipping (7-10 days).</p>",Caprese Luxe,accessories,accessories,"accessories, accessories, unisex, dropshipping, bestseller",true,Color,Matte Carbon Black,Size,Card & Cash Clip,SY-SY-PROD-2893,500,shopify,17,deny,manual,29.53,49.77,true,true,https://images.unsplash.com/photo-1522335789203-aabd1fc54bc9?auto=format&fit=crop&w=800&q=80,1,active
fossil-style-polarized-military-aviator-sunglasses-uv400-series-2,Fossil Style Polarized Military Aviator Sunglasses (UV400) (Series 2),"<p>High-demand Fossil Style Fossil Style Polarized Military Aviator Sunglasses (UV400) (Series 2). Designed for superior performance, comfort and style. Sourced with USPS express air shipping (7-10 days).</p>",Fossil Style,accessories,accessories,"accessories, accessories, unisex, dropshipping, bestseller",true,Color,Gold / Gradient Brown,Size,Standard Frame,SY-SY-PROD-2894,500,shopify,18,deny,manual,41.90,68.94,true,true,https://images.unsplash.com/photo-1511499767150-a48a237f0083?auto=format&fit=crop&w=800&q=80,1,active
caprese-luxe-automatic-skeleton-mechanical-luxury-wristwatch-air,Caprese Luxe Automatic Skeleton Mechanical Luxury Wristwatch (Air),"<p>High-demand Caprese Luxe Caprese Luxe Automatic Skeleton Mechanical Luxury Wristwatch (Air). Designed for superior performance, comfort and style. Sourced with USPS express air shipping (7-10 days).</p>",Caprese Luxe,accessories,accessories,"accessories, accessories, unisex, dropshipping, bestseller",true,Color,Rose Gold Leather,Size,42mm Case,SY-SY-PROD-2895,500,shopify,19,deny,manual,70.27,112.92,true,true,https://images.unsplash.com/photo-1524805444758-089113d48a6d?auto=format&fit=crop&w=800&q=80,1,active
fossil-style-water-resistant-anti-theft-business-travel-backpack-usb-port-signature,Fossil Style Water-Resistant Anti-Theft Business Travel Backpack (USB Port) (Signature),"<p>High-demand Fossil Style Fossil Style Water-Resistant Anti-Theft Business Travel Backpack (USB Port) (Signature). Designed for superior performance, comfort and style. Sourced with USPS express air shipping (7-10 days).</p>",Fossil Style,accessories,accessories,"accessories, accessories, unisex, dropshipping, bestseller",true,Color,Obsidian Black,Size,"15.6"" Laptop Fit",SY-SY-PROD-2896,500,shopify,5,deny,manual,70.64,113.49,true,true,https://images.unsplash.com/photo-1627123424574-724758594e93?auto=format&fit=crop&w=800&q=80,1,active
caprese-luxe-vegan-saffiano-leather-structured-shoulder-tote-bag-v2,Caprese Luxe Vegan Saffiano Leather Structured Shoulder Tote Bag (V2),"<p>High-demand Caprese Luxe Caprese Luxe Vegan Saffiano Leather Structured Shoulder Tote Bag (V2). Designed for superior performance, comfort and style. Sourced with USPS express air shipping (7-10 days).</p>",Caprese Luxe,accessories,accessories,"accessories, accessories, unisex, dropshipping, bestseller",true,Color,Nude Tan,Size,"Large 14"" Capacity",SY-SY-PROD-2897,500,shopify,6,deny,manual,73.01,117.17,true,true,https://images.unsplash.com/photo-1553062407-98eeb64c6a62?auto=format&fit=crop&w=800&q=80,1,active
fossil-style-reversible-genuine-full-grain-leather-dress-belt-luxe,Fossil Style Reversible Genuine Full-Grain Leather Dress Belt (Luxe),"<p>High-demand Fossil Style Fossil Style Reversible Genuine Full-Grain Leather Dress Belt (Luxe). Designed for superior performance, comfort and style. Sourced with USPS express air shipping (7-10 days).</p>",Fossil Style,accessories,accessories,"accessories, accessories, unisex, dropshipping, bestseller",true,Color,Black / Cognac Dual Tone,Size,32,SY-SY-PROD-2898,500,shopify,7,deny,manual,29.38,49.54,true,true,https://images.unsplash.com/photo-1522335789203-aabd1fc54bc9?auto=format&fit=crop&w=800&q=80,1,active
caprese-luxe-minimalist-18k-gold-plated-herringbone-chain-necklace-pure,Caprese Luxe Minimalist 18K Gold-Plated Herringbone Chain Necklace (Pure),"<p>High-demand Caprese Luxe Caprese Luxe Minimalist 18K Gold-Plated Herringbone Chain Necklace (Pure). Designed for superior performance, comfort and style. Sourced with USPS express air shipping (7-10 days).</p>",Caprese Luxe,accessories,accessories,"accessories, accessories, unisex, dropshipping, bestseller",true,Color,Polished Yellow Gold,Size,18-Inch Chain,SY-SY-PROD-2899,500,shopify,8,deny,manual,34.75,57.86,true,true,https://images.unsplash.com/photo-1511499767150-a48a237f0083?auto=format&fit=crop&w=800&q=80,1,active
fossil-style-minimalist-slim-rfid-blocking-carbon-fiber-wallet-essential,Fossil Style Minimalist Slim RFID-Blocking Carbon Fiber Wallet (Essential),"<p>High-demand Fossil Style Fossil Style Minimalist Slim RFID-Blocking Carbon Fiber Wallet (Essential). Designed for superior performance, comfort and style. Sourced with USPS express air shipping (7-10 days).</p>",Fossil Style,accessories,accessories,"accessories, accessories, unisex, dropshipping, bestseller",true,Color,Matte Carbon Black,Size,Card & Cash Clip,SY-SY-PROD-2900,500,shopify,9,deny,manual,39.12,64.64,true,true,https://images.unsplash.com/photo-1524805444758-089113d48a6d?auto=format&fit=crop&w=800&q=80,1,active
caprese-luxe-polarized-military-aviator-sunglasses-uv400-pro,Caprese Luxe Polarized Military Aviator Sunglasses (UV400) (Pro),"<p>High-demand Caprese Luxe Caprese Luxe Polarized Military Aviator Sunglasses (UV400) (Pro). Designed for superior performance, comfort and style. Sourced with USPS express air shipping (7-10 days).</p>",Caprese Luxe,accessories,accessories,"accessories, accessories, unisex, dropshipping, bestseller",true,Color,Gold / Gradient Brown,Size,Standard Frame,SY-SY-PROD-2901,500,shopify,10,deny,manual,29.49,49.71,true,true,https://images.unsplash.com/photo-1627123424574-724758594e93?auto=format&fit=crop&w=800&q=80,1,active
fossil-style-automatic-skeleton-mechanical-luxury-wristwatch-elite,Fossil Style Automatic Skeleton Mechanical Luxury Wristwatch (Elite),"<p>High-demand Fossil Style Fossil Style Automatic Skeleton Mechanical Luxury Wristwatch (Elite). Designed for superior performance, comfort and style. Sourced with USPS express air shipping (7-10 days).</p>",Fossil Style,accessories,accessories,"accessories, accessories, unisex, dropshipping, bestseller",true,Color,Rose Gold Leather,Size,42mm Case,SY-SY-PROD-2902,500,shopify,11,deny,manual,79.86,127.78,true,true,https://images.unsplash.com/photo-1553062407-98eeb64c6a62?auto=format&fit=crop&w=800&q=80,1,active
caprese-luxe-water-resistant-anti-theft-business-travel-backpack-usb-port-classic,Caprese Luxe Water-Resistant Anti-Theft Business Travel Backpack (USB Port) (Classic),"<p>High-demand Caprese Luxe Caprese Luxe Water-Resistant Anti-Theft Business Travel Backpack (USB Port) (Classic). Designed for superior performance, comfort and style. Sourced with USPS express air shipping (7-10 days).</p>",Caprese Luxe,accessories,accessories,"accessories, accessories, unisex, dropshipping, bestseller",true,Color,Obsidian Black,Size,"15.6"" Laptop Fit",SY-SY-PROD-2903,500,shopify,12,deny,manual,80.23,128.36,true,true,https://images.unsplash.com/photo-1522335789203-aabd1fc54bc9?auto=format&fit=crop&w=800&q=80,1,active
fossil-style-vegan-saffiano-leather-structured-shoulder-tote-bag-series-2,Fossil Style Vegan Saffiano Leather Structured Shoulder Tote Bag (Series 2),"<p>High-demand Fossil Style Fossil Style Vegan Saffiano Leather Structured Shoulder Tote Bag (Series 2). Designed for superior performance, comfort and style. Sourced with USPS express air shipping (7-10 days).</p>",Fossil Style,accessories,accessories,"accessories, accessories, unisex, dropshipping, bestseller",true,Color,Nude Tan,Size,"Large 14"" Capacity",SY-SY-PROD-2904,500,shopify,13,deny,manual,47.60,77.78,true,true,https://images.unsplash.com/photo-1511499767150-a48a237f0083?auto=format&fit=crop&w=800&q=80,1,active
caprese-luxe-reversible-genuine-full-grain-leather-dress-belt-air,Caprese Luxe Reversible Genuine Full-Grain Leather Dress Belt (Air),"<p>High-demand Caprese Luxe Caprese Luxe Reversible Genuine Full-Grain Leather Dress Belt (Air). Designed for superior performance, comfort and style. Sourced with USPS express air shipping (7-10 days).</p>",Caprese Luxe,accessories,accessories,"accessories, accessories, unisex, dropshipping, bestseller",true,Color,Black / Cognac Dual Tone,Size,32,SY-SY-PROD-2905,500,shopify,14,deny,manual,38.97,64.40,true,true,https://images.unsplash.com/photo-1524805444758-089113d48a6d?auto=format&fit=crop&w=800&q=80,1,active
fossil-style-minimalist-18k-gold-plated-herringbone-chain-necklace-signature,Fossil Style Minimalist 18K Gold-Plated Herringbone Chain Necklace (Signature),"<p>High-demand Fossil Style Fossil Style Minimalist 18K Gold-Plated Herringbone Chain Necklace (Signature). Designed for superior performance, comfort and style. Sourced with USPS express air shipping (7-10 days).</p>",Fossil Style,accessories,accessories,"accessories, accessories, unisex, dropshipping, bestseller",true,Color,Polished Yellow Gold,Size,18-Inch Chain,SY-SY-PROD-2906,500,shopify,15,deny,manual,27.34,46.38,true,true,https://images.unsplash.com/photo-1627123424574-724758594e93?auto=format&fit=crop&w=800&q=80,1,active
caprese-luxe-minimalist-slim-rfid-blocking-carbon-fiber-wallet-v2,Caprese Luxe Minimalist Slim RFID-Blocking Carbon Fiber Wallet (V2),"<p>High-demand Caprese Luxe Caprese Luxe Minimalist Slim RFID-Blocking Carbon Fiber Wallet (V2). Designed for superior performance, comfort and style. Sourced with USPS express air shipping (7-10 days).</p>",Caprese Luxe,accessories,accessories,"accessories, accessories, unisex, dropshipping, bestseller",true,Color,Matte Carbon Black,Size,Card & Cash Clip,SY-SY-PROD-2907,500,shopify,16,deny,manual,31.71,53.15,true,true,https://images.unsplash.com/photo-1553062407-98eeb64c6a62?auto=format&fit=crop&w=800&q=80,1,active
fossil-style-polarized-military-aviator-sunglasses-uv400-luxe,Fossil Style Polarized Military Aviator Sunglasses (UV400) (Luxe),"<p>High-demand Fossil Style Fossil Style Polarized Military Aviator Sunglasses (UV400) (Luxe). Designed for superior performance, comfort and style. Sourced with USPS express air shipping (7-10 days).</p>",Fossil Style,accessories,accessories,"accessories, accessories, unisex, dropshipping, bestseller",true,Color,Gold / Gradient Brown,Size,Standard Frame,SY-SY-PROD-2908,500,shopify,17,deny,manual,39.08,64.57,true,true,https://images.unsplash.com/photo-1522335789203-aabd1fc54bc9?auto=format&fit=crop&w=800&q=80,1,active
caprese-luxe-automatic-skeleton-mechanical-luxury-wristwatch-pure,Caprese Luxe Automatic Skeleton Mechanical Luxury Wristwatch (Pure),"<p>High-demand Caprese Luxe Caprese Luxe Automatic Skeleton Mechanical Luxury Wristwatch (Pure). Designed for superior performance, comfort and style. Sourced with USPS express air shipping (7-10 days).</p>",Caprese Luxe,accessories,accessories,"accessories, accessories, unisex, dropshipping, bestseller",true,Color,Rose Gold Leather,Size,42mm Case,SY-SY-PROD-2909,500,shopify,18,deny,manual,89.45,142.65,true,true,https://images.unsplash.com/photo-1511499767150-a48a237f0083?auto=format&fit=crop&w=800&q=80,1,active
fossil-style-water-resistant-anti-theft-business-travel-backpack-usb-port-essential,Fossil Style Water-Resistant Anti-Theft Business Travel Backpack (USB Port) (Essential),"<p>High-demand Fossil Style Fossil Style Water-Resistant Anti-Theft Business Travel Backpack (USB Port) (Essential). Designed for superior performance, comfort and style. Sourced with USPS express air shipping (7-10 days).</p>",Fossil Style,accessories,accessories,"accessories, accessories, unisex, dropshipping, bestseller",true,Color,Obsidian Black,Size,"15.6"" Laptop Fit",SY-SY-PROD-2910,500,shopify,19,deny,manual,51.82,84.32,true,true,https://images.unsplash.com/photo-1524805444758-089113d48a6d?auto=format&fit=crop&w=800&q=80,1,active
caprese-luxe-vegan-saffiano-leather-structured-shoulder-tote-bag-pro,Caprese Luxe Vegan Saffiano Leather Structured Shoulder Tote Bag (Pro),"<p>High-demand Caprese Luxe Caprese Luxe Vegan Saffiano Leather Structured Shoulder Tote Bag (Pro). Designed for superior performance, comfort and style. Sourced with USPS express air shipping (7-10 days).</p>",Caprese Luxe,accessories,accessories,"accessories, accessories, unisex, dropshipping, bestseller",true,Color,Nude Tan,Size,"Large 14"" Capacity",SY-SY-PROD-2911,500,shopify,5,deny,manual,57.19,92.64,true,true,https://images.unsplash.com/photo-1627123424574-724758594e93?auto=format&fit=crop&w=800&q=80,1,active
fossil-style-reversible-genuine-full-grain-leather-dress-belt-elite,Fossil Style Reversible Genuine Full-Grain Leather Dress Belt (Elite),"<p>High-demand Fossil Style Fossil Style Reversible Genuine Full-Grain Leather Dress Belt (Elite). Designed for superior performance, comfort and style. Sourced with USPS express air shipping (7-10 days).</p>",Fossil Style,accessories,accessories,"accessories, accessories, unisex, dropshipping, bestseller",true,Color,Black / Cognac Dual Tone,Size,32,SY-SY-PROD-2912,500,shopify,6,deny,manual,33.56,56.02,true,true,https://images.unsplash.com/photo-1553062407-98eeb64c6a62?auto=format&fit=crop&w=800&q=80,1,active
caprese-luxe-minimalist-18k-gold-plated-herringbone-chain-necklace-classic,Caprese Luxe Minimalist 18K Gold-Plated Herringbone Chain Necklace (Classic),"<p>High-demand Caprese Luxe Caprese Luxe Minimalist 18K Gold-Plated Herringbone Chain Necklace (Classic). Designed for superior performance, comfort and style. Sourced with USPS express air shipping (7-10 days).</p>",Caprese Luxe,accessories,accessories,"accessories, accessories, unisex, dropshipping, bestseller",true,Color,Polished Yellow Gold,Size,18-Inch Chain,SY-SY-PROD-2913,500,shopify,7,deny,manual,36.93,61.24,true,true,https://images.unsplash.com/photo-1522335789203-aabd1fc54bc9?auto=format&fit=crop&w=800&q=80,1,active
fossil-style-minimalist-slim-rfid-blocking-carbon-fiber-wallet-series-2,Fossil Style Minimalist Slim RFID-Blocking Carbon Fiber Wallet (Series 2),"<p>High-demand Fossil Style Fossil Style Minimalist Slim RFID-Blocking Carbon Fiber Wallet (Series 2). Designed for superior performance, comfort and style. Sourced with USPS express air shipping (7-10 days).</p>",Fossil Style,accessories,accessories,"accessories, accessories, unisex, dropshipping, bestseller",true,Color,Matte Carbon Black,Size,Card & Cash Clip,SY-SY-PROD-2914,500,shopify,8,deny,manual,24.30,41.66,true,true,https://images.unsplash.com/photo-1511499767150-a48a237f0083?auto=format&fit=crop&w=800&q=80,1,active
caprese-luxe-polarized-military-aviator-sunglasses-uv400-air,Caprese Luxe Polarized Military Aviator Sunglasses (UV400) (Air),"<p>High-demand Caprese Luxe Caprese Luxe Polarized Military Aviator Sunglasses (UV400) (Air). Designed for superior performance, comfort and style. Sourced with USPS express air shipping (7-10 days).</p>",Caprese Luxe,accessories,accessories,"accessories, accessories, unisex, dropshipping, bestseller",true,Color,Gold / Gradient Brown,Size,Standard Frame,SY-SY-PROD-2915,500,shopify,9,deny,manual,48.67,79.44,true,true,https://images.unsplash.com/photo-1524805444758-089113d48a6d?auto=format&fit=crop&w=800&q=80,1,active
fossil-style-automatic-skeleton-mechanical-luxury-wristwatch-signature,Fossil Style Automatic Skeleton Mechanical Luxury Wristwatch (Signature),"<p>High-demand Fossil Style Fossil Style Automatic Skeleton Mechanical Luxury Wristwatch (Signature). Designed for superior performance, comfort and style. Sourced with USPS express air shipping (7-10 days).</p>",Fossil Style,accessories,accessories,"accessories, accessories, unisex, dropshipping, bestseller",true,Color,Rose Gold Leather,Size,42mm Case,SY-SY-PROD-2916,500,shopify,10,deny,manual,99.04,157.51,true,true,https://images.unsplash.com/photo-1627123424574-724758594e93?auto=format&fit=crop&w=800&q=80,1,active
caprese-luxe-water-resistant-anti-theft-business-travel-backpack-usb-port-v2,Caprese Luxe Water-Resistant Anti-Theft Business Travel Backpack (USB Port) (V2),"<p>High-demand Caprese Luxe Caprese Luxe Water-Resistant Anti-Theft Business Travel Backpack (USB Port) (V2). Designed for superior performance, comfort and style. Sourced with USPS express air shipping (7-10 days).</p>",Caprese Luxe,accessories,accessories,"accessories, accessories, unisex, dropshipping, bestseller",true,Color,Obsidian Black,Size,"15.6"" Laptop Fit",SY-SY-PROD-2917,500,shopify,11,deny,manual,61.41,99.19,true,true,https://images.unsplash.com/photo-1553062407-98eeb64c6a62?auto=format&fit=crop&w=800&q=80,1,active
fossil-style-vegan-saffiano-leather-structured-shoulder-tote-bag-luxe,Fossil Style Vegan Saffiano Leather Structured Shoulder Tote Bag (Luxe),"<p>High-demand Fossil Style Fossil Style Vegan Saffiano Leather Structured Shoulder Tote Bag (Luxe). Designed for superior performance, comfort and style. Sourced with USPS express air shipping (7-10 days).</p>",Fossil Style,accessories,accessories,"accessories, accessories, unisex, dropshipping, bestseller",true,Color,Nude Tan,Size,"Large 14"" Capacity",SY-SY-PROD-2918,500,shopify,12,deny,manual,66.78,107.51,true,true,https://images.unsplash.com/photo-1522335789203-aabd1fc54bc9?auto=format&fit=crop&w=800&q=80,1,active
caprese-luxe-reversible-genuine-full-grain-leather-dress-belt-pure,Caprese Luxe Reversible Genuine Full-Grain Leather Dress Belt (Pure),"<p>High-demand Caprese Luxe Caprese Luxe Reversible Genuine Full-Grain Leather Dress Belt (Pure). Designed for superior performance, comfort and style. Sourced with USPS express air shipping (7-10 days).</p>",Caprese Luxe,accessories,accessories,"accessories, accessories, unisex, dropshipping, bestseller",true,Color,Black / Cognac Dual Tone,Size,32,SY-SY-PROD-2919,500,shopify,13,deny,manual,28.15,47.63,true,true,https://images.unsplash.com/photo-1511499767150-a48a237f0083?auto=format&fit=crop&w=800&q=80,1,active
fossil-style-minimalist-18k-gold-plated-herringbone-chain-necklace-essential,Fossil Style Minimalist 18K Gold-Plated Herringbone Chain Necklace (Essential),"<p>High-demand Fossil Style Fossil Style Minimalist 18K Gold-Plated Herringbone Chain Necklace (Essential). Designed for superior performance, comfort and style. Sourced with USPS express air shipping (7-10 days).</p>",Fossil Style,accessories,accessories,"accessories, accessories, unisex, dropshipping, bestseller",true,Color,Polished Yellow Gold,Size,18-Inch Chain,SY-SY-PROD-2920,500,shopify,14,deny,manual,29.52,49.76,true,true,https://images.unsplash.com/photo-1524805444758-089113d48a6d?auto=format&fit=crop&w=800&q=80,1,active
caprese-luxe-minimalist-slim-rfid-blocking-carbon-fiber-wallet-pro,Caprese Luxe Minimalist Slim RFID-Blocking Carbon Fiber Wallet (Pro),"<p>High-demand Caprese Luxe Caprese Luxe Minimalist Slim RFID-Blocking Carbon Fiber Wallet (Pro). Designed for superior performance, comfort and style. Sourced with USPS express air shipping (7-10 days).</p>",Caprese Luxe,accessories,accessories,"accessories, accessories, unisex, dropshipping, bestseller",true,Color,Matte Carbon Black,Size,Card & Cash Clip,SY-SY-PROD-2921,500,shopify,15,deny,manual,33.89,56.53,true,true,https://images.unsplash.com/photo-1627123424574-724758594e93?auto=format&fit=crop&w=800&q=80,1,active
fossil-style-polarized-military-aviator-sunglasses-uv400-elite,Fossil Style Polarized Military Aviator Sunglasses (UV400) (Elite),"<p>High-demand Fossil Style Fossil Style Polarized Military Aviator Sunglasses (UV400) (Elite). Designed for superior performance, comfort and style. Sourced with USPS express air shipping (7-10 days).</p>",Fossil Style,accessories,accessories,"accessories, accessories, unisex, dropshipping, bestseller",true,Color,Gold / Gradient Brown,Size,Standard Frame,SY-SY-PROD-2922,500,shopify,16,deny,manual,36.26,60.20,true,true,https://images.unsplash.com/photo-1553062407-98eeb64c6a62?auto=format&fit=crop&w=800&q=80,1,active
caprese-luxe-automatic-skeleton-mechanical-luxury-wristwatch-classic,Caprese Luxe Automatic Skeleton Mechanical Luxury Wristwatch (Classic),"<p>High-demand Caprese Luxe Caprese Luxe Automatic Skeleton Mechanical Luxury Wristwatch (Classic). Designed for superior performance, comfort and style. Sourced with USPS express air shipping (7-10 days).</p>",Caprese Luxe,accessories,accessories,"accessories, accessories, unisex, dropshipping, bestseller",true,Color,Rose Gold Leather,Size,42mm Case,SY-SY-PROD-2923,500,shopify,17,deny,manual,108.63,172.38,true,true,https://images.unsplash.com/photo-1522335789203-aabd1fc54bc9?auto=format&fit=crop&w=800&q=80,1,active
fossil-style-water-resistant-anti-theft-business-travel-backpack-usb-port-series-2,Fossil Style Water-Resistant Anti-Theft Business Travel Backpack (USB Port) (Series 2),"<p>High-demand Fossil Style Fossil Style Water-Resistant Anti-Theft Business Travel Backpack (USB Port) (Series 2). Designed for superior performance, comfort and style. Sourced with USPS express air shipping (7-10 days).</p>",Fossil Style,accessories,accessories,"accessories, accessories, unisex, dropshipping, bestseller",true,Color,Obsidian Black,Size,"15.6"" Laptop Fit",SY-SY-PROD-2924,500,shopify,18,deny,manual,71.00,114.05,true,true,https://images.unsplash.com/photo-1511499767150-a48a237f0083?auto=format&fit=crop&w=800&q=80,1,active
caprese-luxe-vegan-saffiano-leather-structured-shoulder-tote-bag-air,Caprese Luxe Vegan Saffiano Leather Structured Shoulder Tote Bag (Air),"<p>High-demand Caprese Luxe Caprese Luxe Vegan Saffiano Leather Structured Shoulder Tote Bag (Air). Designed for superior performance, comfort and style. Sourced with USPS express air shipping (7-10 days).</p>",Caprese Luxe,accessories,accessories,"accessories, accessories, unisex, dropshipping, bestseller",true,Color,Nude Tan,Size,"Large 14"" Capacity",SY-SY-PROD-2925,500,shopify,19,deny,manual,76.37,122.37,true,true,https://images.unsplash.com/photo-1524805444758-089113d48a6d?auto=format&fit=crop&w=800&q=80,1,active
fossil-style-reversible-genuine-full-grain-leather-dress-belt-signature,Fossil Style Reversible Genuine Full-Grain Leather Dress Belt (Signature),"<p>High-demand Fossil Style Fossil Style Reversible Genuine Full-Grain Leather Dress Belt (Signature). Designed for superior performance, comfort and style. Sourced with USPS express air shipping (7-10 days).</p>",Fossil Style,accessories,accessories,"accessories, accessories, unisex, dropshipping, bestseller",true,Color,Black / Cognac Dual Tone,Size,32,SY-SY-PROD-2926,500,shopify,5,deny,manual,37.74,62.50,true,true,https://images.unsplash.com/photo-1627123424574-724758594e93?auto=format&fit=crop&w=800&q=80,1,active
caprese-luxe-minimalist-18k-gold-plated-herringbone-chain-necklace-v2,Caprese Luxe Minimalist 18K Gold-Plated Herringbone Chain Necklace (V2),"<p>High-demand Caprese Luxe Caprese Luxe Minimalist 18K Gold-Plated Herringbone Chain Necklace (V2). Designed for superior performance, comfort and style. Sourced with USPS express air shipping (7-10 days).</p>",Caprese Luxe,accessories,accessories,"accessories, accessories, unisex, dropshipping, bestseller",true,Color,Polished Yellow Gold,Size,18-Inch Chain,SY-SY-PROD-2927,500,shopify,6,deny,manual,22.11,38.27,true,true,https://images.unsplash.com/photo-1553062407-98eeb64c6a62?auto=format&fit=crop&w=800&q=80,1,active
fossil-style-minimalist-slim-rfid-blocking-carbon-fiber-wallet-luxe,Fossil Style Minimalist Slim RFID-Blocking Carbon Fiber Wallet (Luxe),"<p>High-demand Fossil Style Fossil Style Minimalist Slim RFID-Blocking Carbon Fiber Wallet (Luxe). Designed for superior performance, comfort and style. Sourced with USPS express air shipping (7-10 days).</p>",Fossil Style,accessories,accessories,"accessories, accessories, unisex, dropshipping, bestseller",true,Color,Matte Carbon Black,Size,Card & Cash Clip,SY-SY-PROD-2928,500,shopify,7,deny,manual,26.48,45.04,true,true,https://images.unsplash.com/photo-1522335789203-aabd1fc54bc9?auto=format&fit=crop&w=800&q=80,1,active
caprese-luxe-polarized-military-aviator-sunglasses-uv400-pure,Caprese Luxe Polarized Military Aviator Sunglasses (UV400) (Pure),"<p>High-demand Caprese Luxe Caprese Luxe Polarized Military Aviator Sunglasses (UV400) (Pure). Designed for superior performance, comfort and style. Sourced with USPS express air shipping (7-10 days).</p>",Caprese Luxe,accessories,accessories,"accessories, accessories, unisex, dropshipping, bestseller",true,Color,Gold / Gradient Brown,Size,Standard Frame,SY-SY-PROD-2929,500,shopify,8,deny,manual,45.85,75.07,true,true,https://images.unsplash.com/photo-1511499767150-a48a237f0083?auto=format&fit=crop&w=800&q=80,1,active
fossil-style-automatic-skeleton-mechanical-luxury-wristwatch-essential,Fossil Style Automatic Skeleton Mechanical Luxury Wristwatch (Essential),"<p>High-demand Fossil Style Fossil Style Automatic Skeleton Mechanical Luxury Wristwatch (Essential). Designed for superior performance, comfort and style. Sourced with USPS express air shipping (7-10 days).</p>",Fossil Style,accessories,accessories,"accessories, accessories, unisex, dropshipping, bestseller",true,Color,Rose Gold Leather,Size,42mm Case,SY-SY-PROD-2930,500,shopify,9,deny,manual,118.22,187.24,true,true,https://images.unsplash.com/photo-1524805444758-089113d48a6d?auto=format&fit=crop&w=800&q=80,1,active
caprese-luxe-water-resistant-anti-theft-business-travel-backpack-usb-port-pro,Caprese Luxe Water-Resistant Anti-Theft Business Travel Backpack (USB Port) (Pro),"<p>High-demand Caprese Luxe Caprese Luxe Water-Resistant Anti-Theft Business Travel Backpack (USB Port) (Pro). Designed for superior performance, comfort and style. Sourced with USPS express air shipping (7-10 days).</p>",Caprese Luxe,accessories,accessories,"accessories, accessories, unisex, dropshipping, bestseller",true,Color,Obsidian Black,Size,"15.6"" Laptop Fit",SY-SY-PROD-2931,500,shopify,10,deny,manual,80.59,128.91,true,true,https://images.unsplash.com/photo-1627123424574-724758594e93?auto=format&fit=crop&w=800&q=80,1,active
fossil-style-vegan-saffiano-leather-structured-shoulder-tote-bag-elite,Fossil Style Vegan Saffiano Leather Structured Shoulder Tote Bag (Elite),"<p>High-demand Fossil Style Fossil Style Vegan Saffiano Leather Structured Shoulder Tote Bag (Elite). Designed for superior performance, comfort and style. Sourced with USPS express air shipping (7-10 days).</p>",Fossil Style,accessories,accessories,"accessories, accessories, unisex, dropshipping, bestseller",true,Color,Nude Tan,Size,"Large 14"" Capacity",SY-SY-PROD-2932,500,shopify,11,deny,manual,50.96,82.99,true,true,https://images.unsplash.com/photo-1553062407-98eeb64c6a62?auto=format&fit=crop&w=800&q=80,1,active
caprese-luxe-reversible-genuine-full-grain-leather-dress-belt-classic,Caprese Luxe Reversible Genuine Full-Grain Leather Dress Belt (Classic),"<p>High-demand Caprese Luxe Caprese Luxe Reversible Genuine Full-Grain Leather Dress Belt (Classic). Designed for superior performance, comfort and style. Sourced with USPS express air shipping (7-10 days).</p>",Caprese Luxe,accessories,accessories,"accessories, accessories, unisex, dropshipping, bestseller",true,Color,Black / Cognac Dual Tone,Size,32,SY-SY-PROD-2933,500,shopify,12,deny,manual,32.33,54.11,true,true,https://images.unsplash.com/photo-1522335789203-aabd1fc54bc9?auto=format&fit=crop&w=800&q=80,1,active
fossil-style-minimalist-18k-gold-plated-herringbone-chain-necklace-series-2,Fossil Style Minimalist 18K Gold-Plated Herringbone Chain Necklace (Series 2),"<p>High-demand Fossil Style Fossil Style Minimalist 18K Gold-Plated Herringbone Chain Necklace (Series 2). Designed for superior performance, comfort and style. Sourced with USPS express air shipping (7-10 days).</p>",Fossil Style,accessories,accessories,"accessories, accessories, unisex, dropshipping, bestseller",true,Color,Polished Yellow Gold,Size,18-Inch Chain,SY-SY-PROD-2934,500,shopify,13,deny,manual,31.70,53.13,true,true,https://images.unsplash.com/photo-1511499767150-a48a237f0083?auto=format&fit=crop&w=800&q=80,1,active
caprese-luxe-minimalist-slim-rfid-blocking-carbon-fiber-wallet-air,Caprese Luxe Minimalist Slim RFID-Blocking Carbon Fiber Wallet (Air),"<p>High-demand Caprese Luxe Caprese Luxe Minimalist Slim RFID-Blocking Carbon Fiber Wallet (Air). Designed for superior performance, comfort and style. Sourced with USPS express air shipping (7-10 days).</p>",Caprese Luxe,accessories,accessories,"accessories, accessories, unisex, dropshipping, bestseller",true,Color,Matte Carbon Black,Size,Card & Cash Clip,SY-SY-PROD-2935,500,shopify,14,deny,manual,36.07,59.91,true,true,https://images.unsplash.com/photo-1524805444758-089113d48a6d?auto=format&fit=crop&w=800&q=80,1,active
fossil-style-polarized-military-aviator-sunglasses-uv400-signature,Fossil Style Polarized Military Aviator Sunglasses (UV400) (Signature),"<p>High-demand Fossil Style Fossil Style Polarized Military Aviator Sunglasses (UV400) (Signature). Designed for superior performance, comfort and style. Sourced with USPS express air shipping (7-10 days).</p>",Fossil Style,accessories,accessories,"accessories, accessories, unisex, dropshipping, bestseller",true,Color,Gold / Gradient Brown,Size,Standard Frame,SY-SY-PROD-2936,500,shopify,15,deny,manual,33.44,55.83,true,true,https://images.unsplash.com/photo-1627123424574-724758594e93?auto=format&fit=crop&w=800&q=80,1,active
caprese-luxe-automatic-skeleton-mechanical-luxury-wristwatch-v2,Caprese Luxe Automatic Skeleton Mechanical Luxury Wristwatch (V2),"<p>High-demand Caprese Luxe Caprese Luxe Automatic Skeleton Mechanical Luxury Wristwatch (V2). Designed for superior performance, comfort and style. Sourced with USPS express air shipping (7-10 days).</p>",Caprese Luxe,accessories,accessories,"accessories, accessories, unisex, dropshipping, bestseller",true,Color,Rose Gold Leather,Size,42mm Case,SY-SY-PROD-2937,500,shopify,16,deny,manual,127.81,202.11,true,true,https://images.unsplash.com/photo-1553062407-98eeb64c6a62?auto=format&fit=crop&w=800&q=80,1,active
fossil-style-water-resistant-anti-theft-business-travel-backpack-usb-port-luxe,Fossil Style Water-Resistant Anti-Theft Business Travel Backpack (USB Port) (Luxe),"<p>High-demand Fossil Style Fossil Style Water-Resistant Anti-Theft Business Travel Backpack (USB Port) (Luxe). Designed for superior performance, comfort and style. Sourced with USPS express air shipping (7-10 days).</p>",Fossil Style,accessories,accessories,"accessories, accessories, unisex, dropshipping, bestseller",true,Color,Obsidian Black,Size,"15.6"" Laptop Fit",SY-SY-PROD-2938,500,shopify,17,deny,manual,52.18,84.88,true,true,https://images.unsplash.com/photo-1522335789203-aabd1fc54bc9?auto=format&fit=crop&w=800&q=80,1,active
caprese-luxe-vegan-saffiano-leather-structured-shoulder-tote-bag-pure,Caprese Luxe Vegan Saffiano Leather Structured Shoulder Tote Bag (Pure),"<p>High-demand Caprese Luxe Caprese Luxe Vegan Saffiano Leather Structured Shoulder Tote Bag (Pure). Designed for superior performance, comfort and style. Sourced with USPS express air shipping (7-10 days).</p>",Caprese Luxe,accessories,accessories,"accessories, accessories, unisex, dropshipping, bestseller",true,Color,Nude Tan,Size,"Large 14"" Capacity",SY-SY-PROD-2939,500,shopify,18,deny,manual,60.55,97.85,true,true,https://images.unsplash.com/photo-1511499767150-a48a237f0083?auto=format&fit=crop&w=800&q=80,1,active
fossil-style-reversible-genuine-full-grain-leather-dress-belt-essential,Fossil Style Reversible Genuine Full-Grain Leather Dress Belt (Essential),"<p>High-demand Fossil Style Fossil Style Reversible Genuine Full-Grain Leather Dress Belt (Essential). Designed for superior performance, comfort and style. Sourced with USPS express air shipping (7-10 days).</p>",Fossil Style,accessories,accessories,"accessories, accessories, unisex, dropshipping, bestseller",true,Color,Black / Cognac Dual Tone,Size,32,SY-SY-PROD-2940,500,shopify,19,deny,manual,26.92,45.73,true,true,https://images.unsplash.com/photo-1524805444758-089113d48a6d?auto=format&fit=crop&w=800&q=80,1,active
caprese-luxe-minimalist-18k-gold-plated-herringbone-chain-necklace-pro,Caprese Luxe Minimalist 18K Gold-Plated Herringbone Chain Necklace (Pro),"<p>High-demand Caprese Luxe Caprese Luxe Minimalist 18K Gold-Plated Herringbone Chain Necklace (Pro). Designed for superior performance, comfort and style. Sourced with USPS express air shipping (7-10 days).</p>",Caprese Luxe,accessories,accessories,"accessories, accessories, unisex, dropshipping, bestseller",true,Color,Polished Yellow Gold,Size,18-Inch Chain,SY-SY-PROD-2941,500,shopify,5,deny,manual,24.29,41.65,true,true,https://images.unsplash.com/photo-1627123424574-724758594e93?auto=format&fit=crop&w=800&q=80,1,active
fossil-style-minimalist-slim-rfid-blocking-carbon-fiber-wallet-elite,Fossil Style Minimalist Slim RFID-Blocking Carbon Fiber Wallet (Elite),"<p>High-demand Fossil Style Fossil Style Minimalist Slim RFID-Blocking Carbon Fiber Wallet (Elite). Designed for superior performance, comfort and style. Sourced with USPS express air shipping (7-10 days).</p>",Fossil Style,accessories,accessories,"accessories, accessories, unisex, dropshipping, bestseller",true,Color,Matte Carbon Black,Size,Card & Cash Clip,SY-SY-PROD-2942,500,shopify,6,deny,manual,28.66,48.42,true,true,https://images.unsplash.com/photo-1553062407-98eeb64c6a62?auto=format&fit=crop&w=800&q=80,1,active
caprese-luxe-polarized-military-aviator-sunglasses-uv400-classic,Caprese Luxe Polarized Military Aviator Sunglasses (UV400) (Classic),"<p>High-demand Caprese Luxe Caprese Luxe Polarized Military Aviator Sunglasses (UV400) (Classic). Designed for superior performance, comfort and style. Sourced with USPS express air shipping (7-10 days).</p>",Caprese Luxe,accessories,accessories,"accessories, accessories, unisex, dropshipping, bestseller",true,Color,Gold / Gradient Brown,Size,Standard Frame,SY-SY-PROD-2943,500,shopify,7,deny,manual,43.03,70.70,true,true,https://images.unsplash.com/photo-1522335789203-aabd1fc54bc9?auto=format&fit=crop&w=800&q=80,1,active
fossil-style-automatic-skeleton-mechanical-luxury-wristwatch-series-2,Fossil Style Automatic Skeleton Mechanical Luxury Wristwatch (Series 2),"<p>High-demand Fossil Style Fossil Style Automatic Skeleton Mechanical Luxury Wristwatch (Series 2). Designed for superior performance, comfort and style. Sourced with USPS express air shipping (7-10 days).</p>",Fossil Style,accessories,accessories,"accessories, accessories, unisex, dropshipping, bestseller",true,Color,Rose Gold Leather,Size,42mm Case,SY-SY-PROD-2944,500,shopify,8,deny,manual,77.40,123.97,true,true,https://images.unsplash.com/photo-1511499767150-a48a237f0083?auto=format&fit=crop&w=800&q=80,1,active
caprese-luxe-water-resistant-anti-theft-business-travel-backpack-usb-port-air,Caprese Luxe Water-Resistant Anti-Theft Business Travel Backpack (USB Port) (Air),"<p>High-demand Caprese Luxe Caprese Luxe Water-Resistant Anti-Theft Business Travel Backpack (USB Port) (Air). Designed for superior performance, comfort and style. Sourced with USPS express air shipping (7-10 days).</p>",Caprese Luxe,accessories,accessories,"accessories, accessories, unisex, dropshipping, bestseller",true,Color,Obsidian Black,Size,"15.6"" Laptop Fit",SY-SY-PROD-2945,500,shopify,9,deny,manual,61.77,99.74,true,true,https://images.unsplash.com/photo-1524805444758-089113d48a6d?auto=format&fit=crop&w=800&q=80,1,active
fossil-style-vegan-saffiano-leather-structured-shoulder-tote-bag-signature,Fossil Style Vegan Saffiano Leather Structured Shoulder Tote Bag (Signature),"<p>High-demand Fossil Style Fossil Style Vegan Saffiano Leather Structured Shoulder Tote Bag (Signature). Designed for superior performance, comfort and style. Sourced with USPS express air shipping (7-10 days).</p>",Fossil Style,accessories,accessories,"accessories, accessories, unisex, dropshipping, bestseller",true,Color,Nude Tan,Size,"Large 14"" Capacity",SY-SY-PROD-2946,500,shopify,10,deny,manual,70.14,112.72,true,true,https://images.unsplash.com/photo-1627123424574-724758594e93?auto=format&fit=crop&w=800&q=80,1,active
caprese-luxe-reversible-genuine-full-grain-leather-dress-belt-v2,Caprese Luxe Reversible Genuine Full-Grain Leather Dress Belt (V2),"<p>High-demand Caprese Luxe Caprese Luxe Reversible Genuine Full-Grain Leather Dress Belt (V2). Designed for superior performance, comfort and style. Sourced with USPS express air shipping (7-10 days).</p>",Caprese Luxe,accessories,accessories,"accessories, accessories, unisex, dropshipping, bestseller",true,Color,Black / Cognac Dual Tone,Size,32,SY-SY-PROD-2947,500,shopify,11,deny,manual,36.51,60.59,true,true,https://images.unsplash.com/photo-1553062407-98eeb64c6a62?auto=format&fit=crop&w=800&q=80,1,active
fossil-style-minimalist-18k-gold-plated-herringbone-chain-necklace-luxe,Fossil Style Minimalist 18K Gold-Plated Herringbone Chain Necklace (Luxe),"<p>High-demand Fossil Style Fossil Style Minimalist 18K Gold-Plated Herringbone Chain Necklace (Luxe). Designed for superior performance, comfort and style. Sourced with USPS express air shipping (7-10 days).</p>",Fossil Style,accessories,accessories,"accessories, accessories, unisex, dropshipping, bestseller",true,Color,Polished Yellow Gold,Size,18-Inch Chain,SY-SY-PROD-2948,500,shopify,12,deny,manual,33.88,56.51,true,true,https://images.unsplash.com/photo-1522335789203-aabd1fc54bc9?auto=format&fit=crop&w=800&q=80,1,active
caprese-luxe-minimalist-slim-rfid-blocking-carbon-fiber-wallet-pure,Caprese Luxe Minimalist Slim RFID-Blocking Carbon Fiber Wallet (Pure),"<p>High-demand Caprese Luxe Caprese Luxe Minimalist Slim RFID-Blocking Carbon Fiber Wallet (Pure). Designed for superior performance, comfort and style. Sourced with USPS express air shipping (7-10 days).</p>",Caprese Luxe,accessories,accessories,"accessories, accessories, unisex, dropshipping, bestseller",true,Color,Matte Carbon Black,Size,Card & Cash Clip,SY-SY-PROD-2949,500,shopify,13,deny,manual,38.25,63.29,true,true,https://images.unsplash.com/photo-1511499767150-a48a237f0083?auto=format&fit=crop&w=800&q=80,1,active
fossil-style-polarized-military-aviator-sunglasses-uv400-essential,Fossil Style Polarized Military Aviator Sunglasses (UV400) (Essential),"<p>High-demand Fossil Style Fossil Style Polarized Military Aviator Sunglasses (UV400) (Essential). Designed for superior performance, comfort and style. Sourced with USPS express air shipping (7-10 days).</p>",Fossil Style,accessories,accessories,"accessories, accessories, unisex, dropshipping, bestseller",true,Color,Gold / Gradient Brown,Size,Standard Frame,SY-SY-PROD-2950,500,shopify,14,deny,manual,30.62,51.46,true,true,https://images.unsplash.com/photo-1524805444758-089113d48a6d?auto=format&fit=crop&w=800&q=80,1,active
caprese-luxe-automatic-skeleton-mechanical-luxury-wristwatch-pro,Caprese Luxe Automatic Skeleton Mechanical Luxury Wristwatch (Pro),"<p>High-demand Caprese Luxe Caprese Luxe Automatic Skeleton Mechanical Luxury Wristwatch (Pro). Designed for superior performance, comfort and style. Sourced with USPS express air shipping (7-10 days).</p>",Caprese Luxe,accessories,accessories,"accessories, accessories, unisex, dropshipping, bestseller",true,Color,Rose Gold Leather,Size,42mm Case,SY-SY-PROD-2951,500,shopify,15,deny,manual,86.99,138.83,true,true,https://images.unsplash.com/photo-1627123424574-724758594e93?auto=format&fit=crop&w=800&q=80,1,active
fossil-style-water-resistant-anti-theft-business-travel-backpack-usb-port-elite,Fossil Style Water-Resistant Anti-Theft Business Travel Backpack (USB Port) (Elite),"<p>High-demand Fossil Style Fossil Style Water-Resistant Anti-Theft Business Travel Backpack (USB Port) (Elite). Designed for superior performance, comfort and style. Sourced with USPS express air shipping (7-10 days).</p>",Fossil Style,accessories,accessories,"accessories, accessories, unisex, dropshipping, bestseller",true,Color,Obsidian Black,Size,"15.6"" Laptop Fit",SY-SY-PROD-2952,500,shopify,16,deny,manual,71.36,114.61,true,true,https://images.unsplash.com/photo-1553062407-98eeb64c6a62?auto=format&fit=crop&w=800&q=80,1,active
caprese-luxe-vegan-saffiano-leather-structured-shoulder-tote-bag-classic,Caprese Luxe Vegan Saffiano Leather Structured Shoulder Tote Bag (Classic),"<p>High-demand Caprese Luxe Caprese Luxe Vegan Saffiano Leather Structured Shoulder Tote Bag (Classic). Designed for superior performance, comfort and style. Sourced with USPS express air shipping (7-10 days).</p>",Caprese Luxe,accessories,accessories,"accessories, accessories, unisex, dropshipping, bestseller",true,Color,Nude Tan,Size,"Large 14"" Capacity",SY-SY-PROD-2953,500,shopify,17,deny,manual,79.73,127.58,true,true,https://images.unsplash.com/photo-1522335789203-aabd1fc54bc9?auto=format&fit=crop&w=800&q=80,1,active
fossil-style-reversible-genuine-full-grain-leather-dress-belt-series-2,Fossil Style Reversible Genuine Full-Grain Leather Dress Belt (Series 2),"<p>High-demand Fossil Style Fossil Style Reversible Genuine Full-Grain Leather Dress Belt (Series 2). Designed for superior performance, comfort and style. Sourced with USPS express air shipping (7-10 days).</p>",Fossil Style,accessories,accessories,"accessories, accessories, unisex, dropshipping, bestseller",true,Color,Black / Cognac Dual Tone,Size,32,SY-SY-PROD-2954,500,shopify,18,deny,manual,31.10,52.21,true,true,https://images.unsplash.com/photo-1511499767150-a48a237f0083?auto=format&fit=crop&w=800&q=80,1,active
caprese-luxe-minimalist-18k-gold-plated-herringbone-chain-necklace-air,Caprese Luxe Minimalist 18K Gold-Plated Herringbone Chain Necklace (Air),"<p>High-demand Caprese Luxe Caprese Luxe Minimalist 18K Gold-Plated Herringbone Chain Necklace (Air). Designed for superior performance, comfort and style. Sourced with USPS express air shipping (7-10 days).</p>",Caprese Luxe,accessories,accessories,"accessories, accessories, unisex, dropshipping, bestseller",true,Color,Polished Yellow Gold,Size,18-Inch Chain,SY-SY-PROD-2955,500,shopify,19,deny,manual,26.47,45.03,true,true,https://images.unsplash.com/photo-1524805444758-089113d48a6d?auto=format&fit=crop&w=800&q=80,1,active
fossil-style-minimalist-slim-rfid-blocking-carbon-fiber-wallet-signature,Fossil Style Minimalist Slim RFID-Blocking Carbon Fiber Wallet (Signature),"<p>High-demand Fossil Style Fossil Style Minimalist Slim RFID-Blocking Carbon Fiber Wallet (Signature). Designed for superior performance, comfort and style. Sourced with USPS express air shipping (7-10 days).</p>",Fossil Style,accessories,accessories,"accessories, accessories, unisex, dropshipping, bestseller",true,Color,Matte Carbon Black,Size,Card & Cash Clip,SY-SY-PROD-2956,500,shopify,5,deny,manual,30.84,51.80,true,true,https://images.unsplash.com/photo-1627123424574-724758594e93?auto=format&fit=crop&w=800&q=80,1,active
caprese-luxe-polarized-military-aviator-sunglasses-uv400-v2,Caprese Luxe Polarized Military Aviator Sunglasses (UV400) (V2),"<p>High-demand Caprese Luxe Caprese Luxe Polarized Military Aviator Sunglasses (UV400) (V2). Designed for superior performance, comfort and style. Sourced with USPS express air shipping (7-10 days).</p>",Caprese Luxe,accessories,accessories,"accessories, accessories, unisex, dropshipping, bestseller",true,Color,Gold / Gradient Brown,Size,Standard Frame,SY-SY-PROD-2957,500,shopify,6,deny,manual,40.21,66.33,true,true,https://images.unsplash.com/photo-1553062407-98eeb64c6a62?auto=format&fit=crop&w=800&q=80,1,active
fossil-style-automatic-skeleton-mechanical-luxury-wristwatch-luxe,Fossil Style Automatic Skeleton Mechanical Luxury Wristwatch (Luxe),"<p>High-demand Fossil Style Fossil Style Automatic Skeleton Mechanical Luxury Wristwatch (Luxe). Designed for superior performance, comfort and style. Sourced with USPS express air shipping (7-10 days).</p>",Fossil Style,accessories,accessories,"accessories, accessories, unisex, dropshipping, bestseller",true,Color,Rose Gold Leather,Size,42mm Case,SY-SY-PROD-2958,500,shopify,7,deny,manual,96.58,153.70,true,true,https://images.unsplash.com/photo-1522335789203-aabd1fc54bc9?auto=format&fit=crop&w=800&q=80,1,active
caprese-luxe-water-resistant-anti-theft-business-travel-backpack-usb-port-pure,Caprese Luxe Water-Resistant Anti-Theft Business Travel Backpack (USB Port) (Pure),"<p>High-demand Caprese Luxe Caprese Luxe Water-Resistant Anti-Theft Business Travel Backpack (USB Port) (Pure). Designed for superior performance, comfort and style. Sourced with USPS express air shipping (7-10 days).</p>",Caprese Luxe,accessories,accessories,"accessories, accessories, unisex, dropshipping, bestseller",true,Color,Obsidian Black,Size,"15.6"" Laptop Fit",SY-SY-PROD-2959,500,shopify,8,deny,manual,80.95,129.47,true,true,https://images.unsplash.com/photo-1511499767150-a48a237f0083?auto=format&fit=crop&w=800&q=80,1,active
fossil-style-vegan-saffiano-leather-structured-shoulder-tote-bag-essential,Fossil Style Vegan Saffiano Leather Structured Shoulder Tote Bag (Essential),"<p>High-demand Fossil Style Fossil Style Vegan Saffiano Leather Structured Shoulder Tote Bag (Essential). Designed for superior performance, comfort and style. Sourced with USPS express air shipping (7-10 days).</p>",Fossil Style,accessories,accessories,"accessories, accessories, unisex, dropshipping, bestseller",true,Color,Nude Tan,Size,"Large 14"" Capacity",SY-SY-PROD-2960,500,shopify,9,deny,manual,54.32,88.20,true,true,https://images.unsplash.com/photo-1524805444758-089113d48a6d?auto=format&fit=crop&w=800&q=80,1,active
caprese-luxe-reversible-genuine-full-grain-leather-dress-belt-pro,Caprese Luxe Reversible Genuine Full-Grain Leather Dress Belt (Pro),"<p>High-demand Caprese Luxe Caprese Luxe Reversible Genuine Full-Grain Leather Dress Belt (Pro). Designed for superior performance, comfort and style. Sourced with USPS express air shipping (7-10 days).</p>",Caprese Luxe,accessories,accessories,"accessories, accessories, unisex, dropshipping, bestseller",true,Color,Black / Cognac Dual Tone,Size,32,SY-SY-PROD-2961,500,shopify,10,deny,manual,25.69,43.82,true,true,https://images.unsplash.com/photo-1627123424574-724758594e93?auto=format&fit=crop&w=800&q=80,1,active
fossil-style-minimalist-18k-gold-plated-herringbone-chain-necklace-elite,Fossil Style Minimalist 18K Gold-Plated Herringbone Chain Necklace (Elite),"<p>High-demand Fossil Style Fossil Style Minimalist 18K Gold-Plated Herringbone Chain Necklace (Elite). Designed for superior performance, comfort and style. Sourced with USPS express air shipping (7-10 days).</p>",Fossil Style,accessories,accessories,"accessories, accessories, unisex, dropshipping, bestseller",true,Color,Polished Yellow Gold,Size,18-Inch Chain,SY-SY-PROD-2962,500,shopify,11,deny,manual,36.06,59.89,true,true,https://images.unsplash.com/photo-1553062407-98eeb64c6a62?auto=format&fit=crop&w=800&q=80,1,active
caprese-luxe-minimalist-slim-rfid-blocking-carbon-fiber-wallet-classic,Caprese Luxe Minimalist Slim RFID-Blocking Carbon Fiber Wallet (Classic),"<p>High-demand Caprese Luxe Caprese Luxe Minimalist Slim RFID-Blocking Carbon Fiber Wallet (Classic). Designed for superior performance, comfort and style. Sourced with USPS express air shipping (7-10 days).</p>",Caprese Luxe,accessories,accessories,"accessories, accessories, unisex, dropshipping, bestseller",true,Color,Matte Carbon Black,Size,Card & Cash Clip,SY-SY-PROD-2963,500,shopify,12,deny,manual,23.43,40.32,true,true,https://images.unsplash.com/photo-1522335789203-aabd1fc54bc9?auto=format&fit=crop&w=800&q=80,1,active
fossil-style-polarized-military-aviator-sunglasses-uv400-series-2,Fossil Style Polarized Military Aviator Sunglasses (UV400) (Series 2),"<p>High-demand Fossil Style Fossil Style Polarized Military Aviator Sunglasses (UV400) (Series 2). Designed for superior performance, comfort and style. Sourced with USPS express air shipping (7-10 days).</p>",Fossil Style,accessories,accessories,"accessories, accessories, unisex, dropshipping, bestseller",true,Color,Gold / Gradient Brown,Size,Standard Frame,SY-SY-PROD-2964,500,shopify,13,deny,manual,27.80,47.09,true,true,https://images.unsplash.com/photo-1511499767150-a48a237f0083?auto=format&fit=crop&w=800&q=80,1,active
caprese-luxe-automatic-skeleton-mechanical-luxury-wristwatch-air,Caprese Luxe Automatic Skeleton Mechanical Luxury Wristwatch (Air),"<p>High-demand Caprese Luxe Caprese Luxe Automatic Skeleton Mechanical Luxury Wristwatch (Air). Designed for superior performance, comfort and style. Sourced with USPS express air shipping (7-10 days).</p>",Caprese Luxe,accessories,accessories,"accessories, accessories, unisex, dropshipping, bestseller",true,Color,Rose Gold Leather,Size,42mm Case,SY-SY-PROD-2965,500,shopify,14,deny,manual,106.17,168.56,true,true,https://images.unsplash.com/photo-1524805444758-089113d48a6d?auto=format&fit=crop&w=800&q=80,1,active
fossil-style-water-resistant-anti-theft-business-travel-backpack-usb-port-signature,Fossil Style Water-Resistant Anti-Theft Business Travel Backpack (USB Port) (Signature),"<p>High-demand Fossil Style Fossil Style Water-Resistant Anti-Theft Business Travel Backpack (USB Port) (Signature). Designed for superior performance, comfort and style. Sourced with USPS express air shipping (7-10 days).</p>",Fossil Style,accessories,accessories,"accessories, accessories, unisex, dropshipping, bestseller",true,Color,Obsidian Black,Size,"15.6"" Laptop Fit",SY-SY-PROD-2966,500,shopify,15,deny,manual,52.54,85.44,true,true,https://images.unsplash.com/photo-1627123424574-724758594e93?auto=format&fit=crop&w=800&q=80,1,active
caprese-luxe-vegan-saffiano-leather-structured-shoulder-tote-bag-v2,Caprese Luxe Vegan Saffiano Leather Structured Shoulder Tote Bag (V2),"<p>High-demand Caprese Luxe Caprese Luxe Vegan Saffiano Leather Structured Shoulder Tote Bag (V2). Designed for superior performance, comfort and style. Sourced with USPS express air shipping (7-10 days).</p>",Caprese Luxe,accessories,accessories,"accessories, accessories, unisex, dropshipping, bestseller",true,Color,Nude Tan,Size,"Large 14"" Capacity",SY-SY-PROD-2967,500,shopify,16,deny,manual,63.91,103.06,true,true,https://images.unsplash.com/photo-1553062407-98eeb64c6a62?auto=format&fit=crop&w=800&q=80,1,active
fossil-style-reversible-genuine-full-grain-leather-dress-belt-luxe,Fossil Style Reversible Genuine Full-Grain Leather Dress Belt (Luxe),"<p>High-demand Fossil Style Fossil Style Reversible Genuine Full-Grain Leather Dress Belt (Luxe). Designed for superior performance, comfort and style. Sourced with USPS express air shipping (7-10 days).</p>",Fossil Style,accessories,accessories,"accessories, accessories, unisex, dropshipping, bestseller",true,Color,Black / Cognac Dual Tone,Size,32,SY-SY-PROD-2968,500,shopify,17,deny,manual,35.28,58.68,true,true,https://images.unsplash.com/photo-1522335789203-aabd1fc54bc9?auto=format&fit=crop&w=800&q=80,1,active
caprese-luxe-minimalist-18k-gold-plated-herringbone-chain-necklace-pure,Caprese Luxe Minimalist 18K Gold-Plated Herringbone Chain Necklace (Pure),"<p>High-demand Caprese Luxe Caprese Luxe Minimalist 18K Gold-Plated Herringbone Chain Necklace (Pure). Designed for superior performance, comfort and style. Sourced with USPS express air shipping (7-10 days).</p>",Caprese Luxe,accessories,accessories,"accessories, accessories, unisex, dropshipping, bestseller",true,Color,Polished Yellow Gold,Size,18-Inch Chain,SY-SY-PROD-2969,500,shopify,18,deny,manual,28.65,48.41,true,true,https://images.unsplash.com/photo-1511499767150-a48a237f0083?auto=format&fit=crop&w=800&q=80,1,active
fossil-style-minimalist-slim-rfid-blocking-carbon-fiber-wallet-essential,Fossil Style Minimalist Slim RFID-Blocking Carbon Fiber Wallet (Essential),"<p>High-demand Fossil Style Fossil Style Minimalist Slim RFID-Blocking Carbon Fiber Wallet (Essential). Designed for superior performance, comfort and style. Sourced with USPS express air shipping (7-10 days).</p>",Fossil Style,accessories,accessories,"accessories, accessories, unisex, dropshipping, bestseller",true,Color,Matte Carbon Black,Size,Card & Cash Clip,SY-SY-PROD-2970,500,shopify,19,deny,manual,33.02,55.18,true,true,https://images.unsplash.com/photo-1524805444758-089113d48a6d?auto=format&fit=crop&w=800&q=80,1,active
caprese-luxe-polarized-military-aviator-sunglasses-uv400-pro,Caprese Luxe Polarized Military Aviator Sunglasses (UV400) (Pro),"<p>High-demand Caprese Luxe Caprese Luxe Polarized Military Aviator Sunglasses (UV400) (Pro). Designed for superior performance, comfort and style. Sourced with USPS express air shipping (7-10 days).</p>",Caprese Luxe,accessories,accessories,"accessories, accessories, unisex, dropshipping, bestseller",true,Color,Gold / Gradient Brown,Size,Standard Frame,SY-SY-PROD-2971,500,shopify,5,deny,manual,37.39,61.95,true,true,https://images.unsplash.com/photo-1627123424574-724758594e93?auto=format&fit=crop&w=800&q=80,1,active
fossil-style-automatic-skeleton-mechanical-luxury-wristwatch-elite,Fossil Style Automatic Skeleton Mechanical Luxury Wristwatch (Elite),"<p>High-demand Fossil Style Fossil Style Automatic Skeleton Mechanical Luxury Wristwatch (Elite). Designed for superior performance, comfort and style. Sourced with USPS express air shipping (7-10 days).</p>",Fossil Style,accessories,accessories,"accessories, accessories, unisex, dropshipping, bestseller",true,Color,Rose Gold Leather,Size,42mm Case,SY-SY-PROD-2972,500,shopify,6,deny,manual,115.76,183.43,true,true,https://images.unsplash.com/photo-1553062407-98eeb64c6a62?auto=format&fit=crop&w=800&q=80,1,active
caprese-luxe-water-resistant-anti-theft-business-travel-backpack-usb-port-classic,Caprese Luxe Water-Resistant Anti-Theft Business Travel Backpack (USB Port) (Classic),"<p>High-demand Caprese Luxe Caprese Luxe Water-Resistant Anti-Theft Business Travel Backpack (USB Port) (Classic). Designed for superior performance, comfort and style. Sourced with USPS express air shipping (7-10 days).</p>",Caprese Luxe,accessories,accessories,"accessories, accessories, unisex, dropshipping, bestseller",true,Color,Obsidian Black,Size,"15.6"" Laptop Fit",SY-SY-PROD-2973,500,shopify,7,deny,manual,62.13,100.30,true,true,https://images.unsplash.com/photo-1522335789203-aabd1fc54bc9?auto=format&fit=crop&w=800&q=80,1,active
fossil-style-vegan-saffiano-leather-structured-shoulder-tote-bag-series-2,Fossil Style Vegan Saffiano Leather Structured Shoulder Tote Bag (Series 2),"<p>High-demand Fossil Style Fossil Style Vegan Saffiano Leather Structured Shoulder Tote Bag (Series 2). Designed for superior performance, comfort and style. Sourced with USPS express air shipping (7-10 days).</p>",Fossil Style,accessories,accessories,"accessories, accessories, unisex, dropshipping, bestseller",true,Color,Nude Tan,Size,"Large 14"" Capacity",SY-SY-PROD-2974,500,shopify,8,deny,manual,73.50,117.92,true,true,https://images.unsplash.com/photo-1511499767150-a48a237f0083?auto=format&fit=crop&w=800&q=80,1,active
caprese-luxe-reversible-genuine-full-grain-leather-dress-belt-air,Caprese Luxe Reversible Genuine Full-Grain Leather Dress Belt (Air),"<p>High-demand Caprese Luxe Caprese Luxe Reversible Genuine Full-Grain Leather Dress Belt (Air). Designed for superior performance, comfort and style. Sourced with USPS express air shipping (7-10 days).</p>",Caprese Luxe,accessories,accessories,"accessories, accessories, unisex, dropshipping, bestseller",true,Color,Black / Cognac Dual Tone,Size,32,SY-SY-PROD-2975,500,shopify,9,deny,manual,29.87,50.30,true,true,https://images.unsplash.com/photo-1524805444758-089113d48a6d?auto=format&fit=crop&w=800&q=80,1,active
fossil-style-minimalist-18k-gold-plated-herringbone-chain-necklace-signature,Fossil Style Minimalist 18K Gold-Plated Herringbone Chain Necklace (Signature),"<p>High-demand Fossil Style Fossil Style Minimalist 18K Gold-Plated Herringbone Chain Necklace (Signature). Designed for superior performance, comfort and style. Sourced with USPS express air shipping (7-10 days).</p>",Fossil Style,accessories,accessories,"accessories, accessories, unisex, dropshipping, bestseller",true,Color,Polished Yellow Gold,Size,18-Inch Chain,SY-SY-PROD-2976,500,shopify,10,deny,manual,21.24,36.92,true,true,https://images.unsplash.com/photo-1627123424574-724758594e93?auto=format&fit=crop&w=800&q=80,1,active
caprese-luxe-minimalist-slim-rfid-blocking-carbon-fiber-wallet-v2,Caprese Luxe Minimalist Slim RFID-Blocking Carbon Fiber Wallet (V2),"<p>High-demand Caprese Luxe Caprese Luxe Minimalist Slim RFID-Blocking Carbon Fiber Wallet (V2). Designed for superior performance, comfort and style. Sourced with USPS express air shipping (7-10 days).</p>",Caprese Luxe,accessories,accessories,"accessories, accessories, unisex, dropshipping, bestseller",true,Color,Matte Carbon Black,Size,Card & Cash Clip,SY-SY-PROD-2977,500,shopify,11,deny,manual,25.61,43.70,true,true,https://images.unsplash.com/photo-1553062407-98eeb64c6a62?auto=format&fit=crop&w=800&q=80,1,active
fossil-style-polarized-military-aviator-sunglasses-uv400-luxe,Fossil Style Polarized Military Aviator Sunglasses (UV400) (Luxe),"<p>High-demand Fossil Style Fossil Style Polarized Military Aviator Sunglasses (UV400) (Luxe). Designed for superior performance, comfort and style. Sourced with USPS express air shipping (7-10 days).</p>",Fossil Style,accessories,accessories,"accessories, accessories, unisex, dropshipping, bestseller",true,Color,Gold / Gradient Brown,Size,Standard Frame,SY-SY-PROD-2978,500,shopify,12,deny,manual,46.98,76.82,true,true,https://images.unsplash.com/photo-1522335789203-aabd1fc54bc9?auto=format&fit=crop&w=800&q=80,1,active
caprese-luxe-automatic-skeleton-mechanical-luxury-wristwatch-pure,Caprese Luxe Automatic Skeleton Mechanical Luxury Wristwatch (Pure),"<p>High-demand Caprese Luxe Caprese Luxe Automatic Skeleton Mechanical Luxury Wristwatch (Pure). Designed for superior performance, comfort and style. Sourced with USPS express air shipping (7-10 days).</p>",Caprese Luxe,accessories,accessories,"accessories, accessories, unisex, dropshipping, bestseller",true,Color,Rose Gold Leather,Size,42mm Case,SY-SY-PROD-2979,500,shopify,13,deny,manual,125.35,198.29,true,true,https://images.unsplash.com/photo-1511499767150-a48a237f0083?auto=format&fit=crop&w=800&q=80,1,active
fossil-style-water-resistant-anti-theft-business-travel-backpack-usb-port-essential,Fossil Style Water-Resistant Anti-Theft Business Travel Backpack (USB Port) (Essential),"<p>High-demand Fossil Style Fossil Style Water-Resistant Anti-Theft Business Travel Backpack (USB Port) (Essential). Designed for superior performance, comfort and style. Sourced with USPS express air shipping (7-10 days).</p>",Fossil Style,accessories,accessories,"accessories, accessories, unisex, dropshipping, bestseller",true,Color,Obsidian Black,Size,"15.6"" Laptop Fit",SY-SY-PROD-2980,500,shopify,14,deny,manual,71.72,115.17,true,true,https://images.unsplash.com/photo-1524805444758-089113d48a6d?auto=format&fit=crop&w=800&q=80,1,active
caprese-luxe-vegan-saffiano-leather-structured-shoulder-tote-bag-pro,Caprese Luxe Vegan Saffiano Leather Structured Shoulder Tote Bag (Pro),"<p>High-demand Caprese Luxe Caprese Luxe Vegan Saffiano Leather Structured Shoulder Tote Bag (Pro). Designed for superior performance, comfort and style. Sourced with USPS express air shipping (7-10 days).</p>",Caprese Luxe,accessories,accessories,"accessories, accessories, unisex, dropshipping, bestseller",true,Color,Nude Tan,Size,"Large 14"" Capacity",SY-SY-PROD-2981,500,shopify,15,deny,manual,48.09,78.54,true,true,https://images.unsplash.com/photo-1627123424574-724758594e93?auto=format&fit=crop&w=800&q=80,1,active
fossil-style-reversible-genuine-full-grain-leather-dress-belt-elite,Fossil Style Reversible Genuine Full-Grain Leather Dress Belt (Elite),"<p>High-demand Fossil Style Fossil Style Reversible Genuine Full-Grain Leather Dress Belt (Elite). Designed for superior performance, comfort and style. Sourced with USPS express air shipping (7-10 days).</p>",Fossil Style,accessories,accessories,"accessories, accessories, unisex, dropshipping, bestseller",true,Color,Black / Cognac Dual Tone,Size,32,SY-SY-PROD-2982,500,shopify,16,deny,manual,39.46,65.16,true,true,https://images.unsplash.com/photo-1553062407-98eeb64c6a62?auto=format&fit=crop&w=800&q=80,1,active
caprese-luxe-minimalist-18k-gold-plated-herringbone-chain-necklace-classic,Caprese Luxe Minimalist 18K Gold-Plated Herringbone Chain Necklace (Classic),"<p>High-demand Caprese Luxe Caprese Luxe Minimalist 18K Gold-Plated Herringbone Chain Necklace (Classic). Designed for superior performance, comfort and style. Sourced with USPS express air shipping (7-10 days).</p>",Caprese Luxe,accessories,accessories,"accessories, accessories, unisex, dropshipping, bestseller",true,Color,Polished Yellow Gold,Size,18-Inch Chain,SY-SY-PROD-2983,500,shopify,17,deny,manual,30.83,51.79,true,true,https://images.unsplash.com/photo-1522335789203-aabd1fc54bc9?auto=format&fit=crop&w=800&q=80,1,active
fossil-style-minimalist-slim-rfid-blocking-carbon-fiber-wallet-series-2,Fossil Style Minimalist Slim RFID-Blocking Carbon Fiber Wallet (Series 2),"<p>High-demand Fossil Style Fossil Style Minimalist Slim RFID-Blocking Carbon Fiber Wallet (Series 2). Designed for superior performance, comfort and style. Sourced with USPS express air shipping (7-10 days).</p>",Fossil Style,accessories,accessories,"accessories, accessories, unisex, dropshipping, bestseller",true,Color,Matte Carbon Black,Size,Card & Cash Clip,SY-SY-PROD-2984,500,shopify,18,deny,manual,35.20,58.56,true,true,https://images.unsplash.com/photo-1511499767150-a48a237f0083?auto=format&fit=crop&w=800&q=80,1,active
caprese-luxe-polarized-military-aviator-sunglasses-uv400-air,Caprese Luxe Polarized Military Aviator Sunglasses (UV400) (Air),"<p>High-demand Caprese Luxe Caprese Luxe Polarized Military Aviator Sunglasses (UV400) (Air). Designed for superior performance, comfort and style. Sourced with USPS express air shipping (7-10 days).</p>",Caprese Luxe,accessories,accessories,"accessories, accessories, unisex, dropshipping, bestseller",true,Color,Gold / Gradient Brown,Size,Standard Frame,SY-SY-PROD-2985,500,shopify,19,deny,manual,34.57,57.58,true,true,https://images.unsplash.com/photo-1524805444758-089113d48a6d?auto=format&fit=crop&w=800&q=80,1,active
fossil-style-automatic-skeleton-mechanical-luxury-wristwatch-signature,Fossil Style Automatic Skeleton Mechanical Luxury Wristwatch (Signature),"<p>High-demand Fossil Style Fossil Style Automatic Skeleton Mechanical Luxury Wristwatch (Signature). Designed for superior performance, comfort and style. Sourced with USPS express air shipping (7-10 days).</p>",Fossil Style,accessories,accessories,"accessories, accessories, unisex, dropshipping, bestseller",true,Color,Rose Gold Leather,Size,42mm Case,SY-SY-PROD-2986,500,shopify,5,deny,manual,74.94,120.16,true,true,https://images.unsplash.com/photo-1627123424574-724758594e93?auto=format&fit=crop&w=800&q=80,1,active
caprese-luxe-water-resistant-anti-theft-business-travel-backpack-usb-port-v2,Caprese Luxe Water-Resistant Anti-Theft Business Travel Backpack (USB Port) (V2),"<p>High-demand Caprese Luxe Caprese Luxe Water-Resistant Anti-Theft Business Travel Backpack (USB Port) (V2). Designed for superior performance, comfort and style. Sourced with USPS express air shipping (7-10 days).</p>",Caprese Luxe,accessories,accessories,"accessories, accessories, unisex, dropshipping, bestseller",true,Color,Obsidian Black,Size,"15.6"" Laptop Fit",SY-SY-PROD-2987,500,shopify,6,deny,manual,81.31,130.03,true,true,https://images.unsplash.com/photo-1553062407-98eeb64c6a62?auto=format&fit=crop&w=800&q=80,1,active
fossil-style-vegan-saffiano-leather-structured-shoulder-tote-bag-luxe,Fossil Style Vegan Saffiano Leather Structured Shoulder Tote Bag (Luxe),"<p>High-demand Fossil Style Fossil Style Vegan Saffiano Leather Structured Shoulder Tote Bag (Luxe). Designed for superior performance, comfort and style. Sourced with USPS express air shipping (7-10 days).</p>",Fossil Style,accessories,accessories,"accessories, accessories, unisex, dropshipping, bestseller",true,Color,Nude Tan,Size,"Large 14"" Capacity",SY-SY-PROD-2988,500,shopify,7,deny,manual,57.68,93.40,true,true,https://images.unsplash.com/photo-1522335789203-aabd1fc54bc9?auto=format&fit=crop&w=800&q=80,1,active
caprese-luxe-reversible-genuine-full-grain-leather-dress-belt-pure,Caprese Luxe Reversible Genuine Full-Grain Leather Dress Belt (Pure),"<p>High-demand Caprese Luxe Caprese Luxe Reversible Genuine Full-Grain Leather Dress Belt (Pure). Designed for superior performance, comfort and style. Sourced with USPS express air shipping (7-10 days).</p>",Caprese Luxe,accessories,accessories,"accessories, accessories, unisex, dropshipping, bestseller",true,Color,Black / Cognac Dual Tone,Size,32,SY-SY-PROD-2989,500,shopify,8,deny,manual,34.05,56.78,true,true,https://images.unsplash.com/photo-1511499767150-a48a237f0083?auto=format&fit=crop&w=800&q=80,1,active
fossil-style-minimalist-18k-gold-plated-herringbone-chain-necklace-essential,Fossil Style Minimalist 18K Gold-Plated Herringbone Chain Necklace (Essential),"<p>High-demand Fossil Style Fossil Style Minimalist 18K Gold-Plated Herringbone Chain Necklace (Essential). Designed for superior performance, comfort and style. Sourced with USPS express air shipping (7-10 days).</p>",Fossil Style,accessories,accessories,"accessories, accessories, unisex, dropshipping, bestseller",true,Color,Polished Yellow Gold,Size,18-Inch Chain,SY-SY-PROD-2990,500,shopify,9,deny,manual,23.42,40.30,true,true,https://images.unsplash.com/photo-1524805444758-089113d48a6d?auto=format&fit=crop&w=800&q=80,1,active
caprese-luxe-minimalist-slim-rfid-blocking-carbon-fiber-wallet-pro,Caprese Luxe Minimalist Slim RFID-Blocking Carbon Fiber Wallet (Pro),"<p>High-demand Caprese Luxe Caprese Luxe Minimalist Slim RFID-Blocking Carbon Fiber Wallet (Pro). Designed for superior performance, comfort and style. Sourced with USPS express air shipping (7-10 days).</p>",Caprese Luxe,accessories,accessories,"accessories, accessories, unisex, dropshipping, bestseller",true,Color,Matte Carbon Black,Size,Card & Cash Clip,SY-SY-PROD-2991,500,shopify,10,deny,manual,27.79,47.07,true,true,https://images.unsplash.com/photo-1627123424574-724758594e93?auto=format&fit=crop&w=800&q=80,1,active
fossil-style-polarized-military-aviator-sunglasses-uv400-elite,Fossil Style Polarized Military Aviator Sunglasses (UV400) (Elite),"<p>High-demand Fossil Style Fossil Style Polarized Military Aviator Sunglasses (UV400) (Elite). Designed for superior performance, comfort and style. Sourced with USPS express air shipping (7-10 days).</p>",Fossil Style,accessories,accessories,"accessories, accessories, unisex, dropshipping, bestseller",true,Color,Gold / Gradient Brown,Size,Standard Frame,SY-SY-PROD-2992,500,shopify,11,deny,manual,44.16,72.45,true,true,https://images.unsplash.com/photo-1553062407-98eeb64c6a62?auto=format&fit=crop&w=800&q=80,1,active
caprese-luxe-automatic-skeleton-mechanical-luxury-wristwatch-classic,Caprese Luxe Automatic Skeleton Mechanical Luxury Wristwatch (Classic),"<p>High-demand Caprese Luxe Caprese Luxe Automatic Skeleton Mechanical Luxury Wristwatch (Classic). Designed for superior performance, comfort and style. Sourced with USPS express air shipping (7-10 days).</p>",Caprese Luxe,accessories,accessories,"accessories, accessories, unisex, dropshipping, bestseller",true,Color,Rose Gold Leather,Size,42mm Case,SY-SY-PROD-2993,500,shopify,12,deny,manual,84.53,135.02,true,true,https://images.unsplash.com/photo-1522335789203-aabd1fc54bc9?auto=format&fit=crop&w=800&q=80,1,active
fossil-style-water-resistant-anti-theft-business-travel-backpack-usb-port-series-2,Fossil Style Water-Resistant Anti-Theft Business Travel Backpack (USB Port) (Series 2),"<p>High-demand Fossil Style Fossil Style Water-Resistant Anti-Theft Business Travel Backpack (USB Port) (Series 2). Designed for superior performance, comfort and style. Sourced with USPS express air shipping (7-10 days).</p>",Fossil Style,accessories,accessories,"accessories, accessories, unisex, dropshipping, bestseller",true,Color,Obsidian Black,Size,"15.6"" Laptop Fit",SY-SY-PROD-2994,500,shopify,13,deny,manual,52.90,86.00,true,true,https://images.unsplash.com/photo-1511499767150-a48a237f0083?auto=format&fit=crop&w=800&q=80,1,active
caprese-luxe-vegan-saffiano-leather-structured-shoulder-tote-bag-air,Caprese Luxe Vegan Saffiano Leather Structured Shoulder Tote Bag (Air),"<p>High-demand Caprese Luxe Caprese Luxe Vegan Saffiano Leather Structured Shoulder Tote Bag (Air). Designed for superior performance, comfort and style. Sourced with USPS express air shipping (7-10 days).</p>",Caprese Luxe,accessories,accessories,"accessories, accessories, unisex, dropshipping, bestseller",true,Color,Nude Tan,Size,"Large 14"" Capacity",SY-SY-PROD-2995,500,shopify,14,deny,manual,67.27,108.27,true,true,https://images.unsplash.com/photo-1524805444758-089113d48a6d?auto=format&fit=crop&w=800&q=80,1,active
fossil-style-reversible-genuine-full-grain-leather-dress-belt-signature,Fossil Style Reversible Genuine Full-Grain Leather Dress Belt (Signature),"<p>High-demand Fossil Style Fossil Style Reversible Genuine Full-Grain Leather Dress Belt (Signature). Designed for superior performance, comfort and style. Sourced with USPS express air shipping (7-10 days).</p>",Fossil Style,accessories,accessories,"accessories, accessories, unisex, dropshipping, bestseller",true,Color,Black / Cognac Dual Tone,Size,32,SY-SY-PROD-2996,500,shopify,15,deny,manual,28.64,48.39,true,true,https://images.unsplash.com/photo-1627123424574-724758594e93?auto=format&fit=crop&w=800&q=80,1,active
caprese-luxe-minimalist-18k-gold-plated-herringbone-chain-necklace-v2,Caprese Luxe Minimalist 18K Gold-Plated Herringbone Chain Necklace (V2),"<p>High-demand Caprese Luxe Caprese Luxe Minimalist 18K Gold-Plated Herringbone Chain Necklace (V2). Designed for superior performance, comfort and style. Sourced with USPS express air shipping (7-10 days).</p>",Caprese Luxe,accessories,accessories,"accessories, accessories, unisex, dropshipping, bestseller",true,Color,Polished Yellow Gold,Size,18-Inch Chain,SY-SY-PROD-2997,500,shopify,16,deny,manual,33.01,55.17,true,true,https://images.unsplash.com/photo-1553062407-98eeb64c6a62?auto=format&fit=crop&w=800&q=80,1,active
fossil-style-minimalist-slim-rfid-blocking-carbon-fiber-wallet-luxe,Fossil Style Minimalist Slim RFID-Blocking Carbon Fiber Wallet (Luxe),"<p>High-demand Fossil Style Fossil Style Minimalist Slim RFID-Blocking Carbon Fiber Wallet (Luxe). Designed for superior performance, comfort and style. Sourced with USPS express air shipping (7-10 days).</p>",Fossil Style,accessories,accessories,"accessories, accessories, unisex, dropshipping, bestseller",true,Color,Matte Carbon Black,Size,Card & Cash Clip,SY-SY-PROD-2998,500,shopify,17,deny,manual,37.38,61.94,true,true,https://images.unsplash.com/photo-1522335789203-aabd1fc54bc9?auto=format&fit=crop&w=800&q=80,1,active
caprese-luxe-polarized-military-aviator-sunglasses-uv400-pure,Caprese Luxe Polarized Military Aviator Sunglasses (UV400) (Pure),"<p>High-demand Caprese Luxe Caprese Luxe Polarized Military Aviator Sunglasses (UV400) (Pure). Designed for superior performance, comfort and style. Sourced with USPS express air shipping (7-10 days).</p>",Caprese Luxe,accessories,accessories,"accessories, accessories, unisex, dropshipping, bestseller",true,Color,Gold / Gradient Brown,Size,Standard Frame,SY-SY-PROD-2999,500,shopify,18,deny,manual,31.75,53.21,true,true,https://images.unsplash.com/photo-1511499767150-a48a237f0083?auto=format&fit=crop&w=800&q=80,1,active
fossil-style-automatic-skeleton-mechanical-luxury-wristwatch-essential,Fossil Style Automatic Skeleton Mechanical Luxury Wristwatch (Essential),"<p>High-demand Fossil Style Fossil Style Automatic Skeleton Mechanical Luxury Wristwatch (Essential). Designed for superior performance, comfort and style. Sourced with USPS express air shipping (7-10 days).</p>",Fossil Style,accessories,accessories,"accessories, accessories, unisex, dropshipping, bestseller",true,Color,Rose Gold Leather,Size,42mm Case,SY-SY-PROD-3000,500,shopify,19,deny,manual,94.12,149.89,true,true,https://images.unsplash.com/photo-1524805444758-089113d48a6d?auto=format&fit=crop&w=800&q=80,1,active
caprese-luxe-water-resistant-anti-theft-business-travel-backpack-usb-port-pro,Caprese Luxe Water-Resistant Anti-Theft Business Travel Backpack (USB Port) (Pro),"<p>High-demand Caprese Luxe Caprese Luxe Water-Resistant Anti-Theft Business Travel Backpack (USB Port) (Pro). Designed for superior performance, comfort and style. Sourced with USPS express air shipping (7-10 days).</p>",Caprese Luxe,accessories,accessories,"accessories, accessories, unisex, dropshipping, bestseller",true,Color,Obsidian Black,Size,"15.6"" Laptop Fit",SY-SY-PROD-3001,500,shopify,5,deny,manual,62.49,100.86,true,true,https://images.unsplash.com/photo-1627123424574-724758594e93?auto=format&fit=crop&w=800&q=80,1,active
fossil-style-vegan-saffiano-leather-structured-shoulder-tote-bag-elite,Fossil Style Vegan Saffiano Leather Structured Shoulder Tote Bag (Elite),"<p>High-demand Fossil Style Fossil Style Vegan Saffiano Leather Structured Shoulder Tote Bag (Elite). Designed for superior performance, comfort and style. Sourced with USPS express air shipping (7-10 days).</p>",Fossil Style,accessories,accessories,"accessories, accessories, unisex, dropshipping, bestseller",true,Color,Nude Tan,Size,"Large 14"" Capacity",SY-SY-PROD-3002,500,shopify,6,deny,manual,76.86,123.13,true,true,https://images.unsplash.com/photo-1553062407-98eeb64c6a62?auto=format&fit=crop&w=800&q=80,1,active
caprese-luxe-reversible-genuine-full-grain-leather-dress-belt-classic,Caprese Luxe Reversible Genuine Full-Grain Leather Dress Belt (Classic),"<p>High-demand Caprese Luxe Caprese Luxe Reversible Genuine Full-Grain Leather Dress Belt (Classic). Designed for superior performance, comfort and style. Sourced with USPS express air shipping (7-10 days).</p>",Caprese Luxe,accessories,accessories,"accessories, accessories, unisex, dropshipping, bestseller",true,Color,Black / Cognac Dual Tone,Size,32,SY-SY-PROD-3003,500,shopify,7,deny,manual,38.23,63.26,true,true,https://images.unsplash.com/photo-1522335789203-aabd1fc54bc9?auto=format&fit=crop&w=800&q=80,1,active
fossil-style-minimalist-18k-gold-plated-herringbone-chain-necklace-series-2,Fossil Style Minimalist 18K Gold-Plated Herringbone Chain Necklace (Series 2),"<p>High-demand Fossil Style Fossil Style Minimalist 18K Gold-Plated Herringbone Chain Necklace (Series 2). Designed for superior performance, comfort and style. Sourced with USPS express air shipping (7-10 days).</p>",Fossil Style,accessories,accessories,"accessories, accessories, unisex, dropshipping, bestseller",true,Color,Polished Yellow Gold,Size,18-Inch Chain,SY-SY-PROD-3004,500,shopify,8,deny,manual,25.60,43.68,true,true,https://images.unsplash.com/photo-1511499767150-a48a237f0083?auto=format&fit=crop&w=800&q=80,1,active
caprese-luxe-minimalist-slim-rfid-blocking-carbon-fiber-wallet-air,Caprese Luxe Minimalist Slim RFID-Blocking Carbon Fiber Wallet (Air),"<p>High-demand Caprese Luxe Caprese Luxe Minimalist Slim RFID-Blocking Carbon Fiber Wallet (Air). Designed for superior performance, comfort and style. Sourced with USPS express air shipping (7-10 days).</p>",Caprese Luxe,accessories,accessories,"accessories, accessories, unisex, dropshipping, bestseller",true,Color,Matte Carbon Black,Size,Card & Cash Clip,SY-SY-PROD-3005,500,shopify,9,deny,manual,29.97,50.45,true,true,https://images.unsplash.com/photo-1524805444758-089113d48a6d?auto=format&fit=crop&w=800&q=80,1,active
fossil-style-polarized-military-aviator-sunglasses-uv400-signature,Fossil Style Polarized Military Aviator Sunglasses (UV400) (Signature),"<p>High-demand Fossil Style Fossil Style Polarized Military Aviator Sunglasses (UV400) (Signature). Designed for superior performance, comfort and style. Sourced with USPS express air shipping (7-10 days).</p>",Fossil Style,accessories,accessories,"accessories, accessories, unisex, dropshipping, bestseller",true,Color,Gold / Gradient Brown,Size,Standard Frame,SY-SY-PROD-3006,500,shopify,10,deny,manual,41.34,68.08,true,true,https://images.unsplash.com/photo-1627123424574-724758594e93?auto=format&fit=crop&w=800&q=80,1,active
caprese-luxe-automatic-skeleton-mechanical-luxury-wristwatch-v2,Caprese Luxe Automatic Skeleton Mechanical Luxury Wristwatch (V2),"<p>High-demand Caprese Luxe Caprese Luxe Automatic Skeleton Mechanical Luxury Wristwatch (V2). Designed for superior performance, comfort and style. Sourced with USPS express air shipping (7-10 days).</p>",Caprese Luxe,accessories,accessories,"accessories, accessories, unisex, dropshipping, bestseller",true,Color,Rose Gold Leather,Size,42mm Case,SY-SY-PROD-3007,500,shopify,11,deny,manual,103.71,164.75,true,true,https://images.unsplash.com/photo-1553062407-98eeb64c6a62?auto=format&fit=crop&w=800&q=80,1,active
fossil-style-water-resistant-anti-theft-business-travel-backpack-usb-port-luxe,Fossil Style Water-Resistant Anti-Theft Business Travel Backpack (USB Port) (Luxe),"<p>High-demand Fossil Style Fossil Style Water-Resistant Anti-Theft Business Travel Backpack (USB Port) (Luxe). Designed for superior performance, comfort and style. Sourced with USPS express air shipping (7-10 days).</p>",Fossil Style,accessories,accessories,"accessories, accessories, unisex, dropshipping, bestseller",true,Color,Obsidian Black,Size,"15.6"" Laptop Fit",SY-SY-PROD-3008,500,shopify,12,deny,manual,72.08,115.72,true,true,https://images.unsplash.com/photo-1522335789203-aabd1fc54bc9?auto=format&fit=crop&w=800&q=80,1,active
caprese-luxe-vegan-saffiano-leather-structured-shoulder-tote-bag-pure,Caprese Luxe Vegan Saffiano Leather Structured Shoulder Tote Bag (Pure),"<p>High-demand Caprese Luxe Caprese Luxe Vegan Saffiano Leather Structured Shoulder Tote Bag (Pure). Designed for superior performance, comfort and style. Sourced with USPS express air shipping (7-10 days).</p>",Caprese Luxe,accessories,accessories,"accessories, accessories, unisex, dropshipping, bestseller",true,Color,Nude Tan,Size,"Large 14"" Capacity",SY-SY-PROD-3009,500,shopify,13,deny,manual,51.45,83.75,true,true,https://images.unsplash.com/photo-1511499767150-a48a237f0083?auto=format&fit=crop&w=800&q=80,1,active
fossil-style-reversible-genuine-full-grain-leather-dress-belt-essential,Fossil Style Reversible Genuine Full-Grain Leather Dress Belt (Essential),"<p>High-demand Fossil Style Fossil Style Reversible Genuine Full-Grain Leather Dress Belt (Essential). Designed for superior performance, comfort and style. Sourced with USPS express air shipping (7-10 days).</p>",Fossil Style,accessories,accessories,"accessories, accessories, unisex, dropshipping, bestseller",true,Color,Black / Cognac Dual Tone,Size,32,SY-SY-PROD-3010,500,shopify,14,deny,manual,32.82,54.87,true,true,https://images.unsplash.com/photo-1524805444758-089113d48a6d?auto=format&fit=crop&w=800&q=80,1,active
caprese-luxe-minimalist-18k-gold-plated-herringbone-chain-necklace-pro,Caprese Luxe Minimalist 18K Gold-Plated Herringbone Chain Necklace (Pro),"<p>High-demand Caprese Luxe Caprese Luxe Minimalist 18K Gold-Plated Herringbone Chain Necklace (Pro). Designed for superior performance, comfort and style. Sourced with USPS express air shipping (7-10 days).</p>",Caprese Luxe,accessories,accessories,"accessories, accessories, unisex, dropshipping, bestseller",true,Color,Polished Yellow Gold,Size,18-Inch Chain,SY-SY-PROD-3011,500,shopify,15,deny,manual,35.19,58.54,true,true,https://images.unsplash.com/photo-1627123424574-724758594e93?auto=format&fit=crop&w=800&q=80,1,active
fossil-style-minimalist-slim-rfid-blocking-carbon-fiber-wallet-elite,Fossil Style Minimalist Slim RFID-Blocking Carbon Fiber Wallet (Elite),"<p>High-demand Fossil Style Fossil Style Minimalist Slim RFID-Blocking Carbon Fiber Wallet (Elite). Designed for superior performance, comfort and style. Sourced with USPS express air shipping (7-10 days).</p>",Fossil Style,accessories,accessories,"accessories, accessories, unisex, dropshipping, bestseller",true,Color,Matte Carbon Black,Size,Card & Cash Clip,SY-SY-PROD-3012,500,shopify,16,deny,manual,39.56,65.32,true,true,https://images.unsplash.com/photo-1553062407-98eeb64c6a62?auto=format&fit=crop&w=800&q=80,1,active
caprese-luxe-polarized-military-aviator-sunglasses-uv400-classic,Caprese Luxe Polarized Military Aviator Sunglasses (UV400) (Classic),"<p>High-demand Caprese Luxe Caprese Luxe Polarized Military Aviator Sunglasses (UV400) (Classic). Designed for superior performance, comfort and style. Sourced with USPS express air shipping (7-10 days).</p>",Caprese Luxe,accessories,accessories,"accessories, accessories, unisex, dropshipping, bestseller",true,Color,Gold / Gradient Brown,Size,Standard Frame,SY-SY-PROD-3013,500,shopify,17,deny,manual,28.93,48.84,true,true,https://images.unsplash.com/photo-1522335789203-aabd1fc54bc9?auto=format&fit=crop&w=800&q=80,1,active
fossil-style-automatic-skeleton-mechanical-luxury-wristwatch-series-2,Fossil Style Automatic Skeleton Mechanical Luxury Wristwatch (Series 2),"<p>High-demand Fossil Style Fossil Style Automatic Skeleton Mechanical Luxury Wristwatch (Series 2). Designed for superior performance, comfort and style. Sourced with USPS express air shipping (7-10 days).</p>",Fossil Style,accessories,accessories,"accessories, accessories, unisex, dropshipping, bestseller",true,Color,Rose Gold Leather,Size,42mm Case,SY-SY-PROD-3014,500,shopify,18,deny,manual,113.30,179.62,true,true,https://images.unsplash.com/photo-1511499767150-a48a237f0083?auto=format&fit=crop&w=800&q=80,1,active
caprese-luxe-water-resistant-anti-theft-business-travel-backpack-usb-port-air,Caprese Luxe Water-Resistant Anti-Theft Business Travel Backpack (USB Port) (Air),"<p>High-demand Caprese Luxe Caprese Luxe Water-Resistant Anti-Theft Business Travel Backpack (USB Port) (Air). Designed for superior performance, comfort and style. Sourced with USPS express air shipping (7-10 days).</p>",Caprese Luxe,accessories,accessories,"accessories, accessories, unisex, dropshipping, bestseller",true,Color,Obsidian Black,Size,"15.6"" Laptop Fit",SY-SY-PROD-3015,500,shopify,19,deny,manual,81.67,130.59,true,true,https://images.unsplash.com/photo-1524805444758-089113d48a6d?auto=format&fit=crop&w=800&q=80,1,active
fossil-style-vegan-saffiano-leather-structured-shoulder-tote-bag-signature,Fossil Style Vegan Saffiano Leather Structured Shoulder Tote Bag (Signature),"<p>High-demand Fossil Style Fossil Style Vegan Saffiano Leather Structured Shoulder Tote Bag (Signature). Designed for superior performance, comfort and style. Sourced with USPS express air shipping (7-10 days).</p>",Fossil Style,accessories,accessories,"accessories, accessories, unisex, dropshipping, bestseller",true,Color,Nude Tan,Size,"Large 14"" Capacity",SY-SY-PROD-3016,500,shopify,5,deny,manual,61.04,98.61,true,true,https://images.unsplash.com/photo-1627123424574-724758594e93?auto=format&fit=crop&w=800&q=80,1,active
caprese-luxe-reversible-genuine-full-grain-leather-dress-belt-v2,Caprese Luxe Reversible Genuine Full-Grain Leather Dress Belt (V2),"<p>High-demand Caprese Luxe Caprese Luxe Reversible Genuine Full-Grain Leather Dress Belt (V2). Designed for superior performance, comfort and style. Sourced with USPS express air shipping (7-10 days).</p>",Caprese Luxe,accessories,accessories,"accessories, accessories, unisex, dropshipping, bestseller",true,Color,Black / Cognac Dual Tone,Size,32,SY-SY-PROD-3017,500,shopify,6,deny,manual,27.41,46.49,true,true,https://images.unsplash.com/photo-1553062407-98eeb64c6a62?auto=format&fit=crop&w=800&q=80,1,active
fossil-style-minimalist-18k-gold-plated-herringbone-chain-necklace-luxe,Fossil Style Minimalist 18K Gold-Plated Herringbone Chain Necklace (Luxe),"<p>High-demand Fossil Style Fossil Style Minimalist 18K Gold-Plated Herringbone Chain Necklace (Luxe). Designed for superior performance, comfort and style. Sourced with USPS express air shipping (7-10 days).</p>",Fossil Style,accessories,accessories,"accessories, accessories, unisex, dropshipping, bestseller",true,Color,Polished Yellow Gold,Size,18-Inch Chain,SY-SY-PROD-3018,500,shopify,7,deny,manual,27.78,47.06,true,true,https://images.unsplash.com/photo-1522335789203-aabd1fc54bc9?auto=format&fit=crop&w=800&q=80,1,active
caprese-luxe-minimalist-slim-rfid-blocking-carbon-fiber-wallet-pure,Caprese Luxe Minimalist Slim RFID-Blocking Carbon Fiber Wallet (Pure),"<p>High-demand Caprese Luxe Caprese Luxe Minimalist Slim RFID-Blocking Carbon Fiber Wallet (Pure). Designed for superior performance, comfort and style. Sourced with USPS express air shipping (7-10 days).</p>",Caprese Luxe,accessories,accessories,"accessories, accessories, unisex, dropshipping, bestseller",true,Color,Matte Carbon Black,Size,Card & Cash Clip,SY-SY-PROD-3019,500,shopify,8,deny,manual,32.15,53.83,true,true,https://images.unsplash.com/photo-1511499767150-a48a237f0083?auto=format&fit=crop&w=800&q=80,1,active
fossil-style-polarized-military-aviator-sunglasses-uv400-essential,Fossil Style Polarized Military Aviator Sunglasses (UV400) (Essential),"<p>High-demand Fossil Style Fossil Style Polarized Military Aviator Sunglasses (UV400) (Essential). Designed for superior performance, comfort and style. Sourced with USPS express air shipping (7-10 days).</p>",Fossil Style,accessories,accessories,"accessories, accessories, unisex, dropshipping, bestseller",true,Color,Gold / Gradient Brown,Size,Standard Frame,SY-SY-PROD-3020,500,shopify,9,deny,manual,38.52,63.71,true,true,https://images.unsplash.com/photo-1524805444758-089113d48a6d?auto=format&fit=crop&w=800&q=80,1,active
caprese-luxe-automatic-skeleton-mechanical-luxury-wristwatch-pro,Caprese Luxe Automatic Skeleton Mechanical Luxury Wristwatch (Pro),"<p>High-demand Caprese Luxe Caprese Luxe Automatic Skeleton Mechanical Luxury Wristwatch (Pro). Designed for superior performance, comfort and style. Sourced with USPS express air shipping (7-10 days).</p>",Caprese Luxe,accessories,accessories,"accessories, accessories, unisex, dropshipping, bestseller",true,Color,Rose Gold Leather,Size,42mm Case,SY-SY-PROD-3021,500,shopify,10,deny,manual,122.89,194.48,true,true,https://images.unsplash.com/photo-1627123424574-724758594e93?auto=format&fit=crop&w=800&q=80,1,active
fossil-style-water-resistant-anti-theft-business-travel-backpack-usb-port-elite,Fossil Style Water-Resistant Anti-Theft Business Travel Backpack (USB Port) (Elite),"<p>High-demand Fossil Style Fossil Style Water-Resistant Anti-Theft Business Travel Backpack (USB Port) (Elite). Designed for superior performance, comfort and style. Sourced with USPS express air shipping (7-10 days).</p>",Fossil Style,accessories,accessories,"accessories, accessories, unisex, dropshipping, bestseller",true,Color,Obsidian Black,Size,"15.6"" Laptop Fit",SY-SY-PROD-3022,500,shopify,11,deny,manual,53.26,86.55,true,true,https://images.unsplash.com/photo-1553062407-98eeb64c6a62?auto=format&fit=crop&w=800&q=80,1,active
caprese-luxe-vegan-saffiano-leather-structured-shoulder-tote-bag-classic,Caprese Luxe Vegan Saffiano Leather Structured Shoulder Tote Bag (Classic),"<p>High-demand Caprese Luxe Caprese Luxe Vegan Saffiano Leather Structured Shoulder Tote Bag (Classic). Designed for superior performance, comfort and style. Sourced with USPS express air shipping (7-10 days).</p>",Caprese Luxe,accessories,accessories,"accessories, accessories, unisex, dropshipping, bestseller",true,Color,Nude Tan,Size,"Large 14"" Capacity",SY-SY-PROD-3023,500,shopify,12,deny,manual,70.63,113.48,true,true,https://images.unsplash.com/photo-1522335789203-aabd1fc54bc9?auto=format&fit=crop&w=800&q=80,1,active
fossil-style-reversible-genuine-full-grain-leather-dress-belt-series-2,Fossil Style Reversible Genuine Full-Grain Leather Dress Belt (Series 2),"<p>High-demand Fossil Style Fossil Style Reversible Genuine Full-Grain Leather Dress Belt (Series 2). Designed for superior performance, comfort and style. Sourced with USPS express air shipping (7-10 days).</p>",Fossil Style,accessories,accessories,"accessories, accessories, unisex, dropshipping, bestseller",true,Color,Black / Cognac Dual Tone,Size,32,SY-SY-PROD-3024,500,shopify,13,deny,manual,37.00,61.35,true,true,https://images.unsplash.com/photo-1511499767150-a48a237f0083?auto=format&fit=crop&w=800&q=80,1,active
caprese-luxe-minimalist-18k-gold-plated-herringbone-chain-necklace-air,Caprese Luxe Minimalist 18K Gold-Plated Herringbone Chain Necklace (Air),"<p>High-demand Caprese Luxe Caprese Luxe Minimalist 18K Gold-Plated Herringbone Chain Necklace (Air). Designed for superior performance, comfort and style. Sourced with USPS express air shipping (7-10 days).</p>",Caprese Luxe,accessories,accessories,"accessories, accessories, unisex, dropshipping, bestseller",true,Color,Polished Yellow Gold,Size,18-Inch Chain,SY-SY-PROD-3025,500,shopify,14,deny,manual,20.37,35.57,true,true,https://images.unsplash.com/photo-1524805444758-089113d48a6d?auto=format&fit=crop&w=800&q=80,1,active
fossil-style-minimalist-slim-rfid-blocking-carbon-fiber-wallet-signature,Fossil Style Minimalist Slim RFID-Blocking Carbon Fiber Wallet (Signature),"<p>High-demand Fossil Style Fossil Style Minimalist Slim RFID-Blocking Carbon Fiber Wallet (Signature). Designed for superior performance, comfort and style. Sourced with USPS express air shipping (7-10 days).</p>",Fossil Style,accessories,accessories,"accessories, accessories, unisex, dropshipping, bestseller",true,Color,Matte Carbon Black,Size,Card & Cash Clip,SY-SY-PROD-3026,500,shopify,15,deny,manual,24.74,42.35,true,true,https://images.unsplash.com/photo-1627123424574-724758594e93?auto=format&fit=crop&w=800&q=80,1,active
caprese-luxe-polarized-military-aviator-sunglasses-uv400-v2,Caprese Luxe Polarized Military Aviator Sunglasses (UV400) (V2),"<p>High-demand Caprese Luxe Caprese Luxe Polarized Military Aviator Sunglasses (UV400) (V2). Designed for superior performance, comfort and style. Sourced with USPS express air shipping (7-10 days).</p>",Caprese Luxe,accessories,accessories,"accessories, accessories, unisex, dropshipping, bestseller",true,Color,Gold / Gradient Brown,Size,Standard Frame,SY-SY-PROD-3027,500,shopify,16,deny,manual,48.11,78.57,true,true,https://images.unsplash.com/photo-1553062407-98eeb64c6a62?auto=format&fit=crop&w=800&q=80,1,active
fossil-style-automatic-skeleton-mechanical-luxury-wristwatch-luxe,Fossil Style Automatic Skeleton Mechanical Luxury Wristwatch (Luxe),"<p>High-demand Fossil Style Fossil Style Automatic Skeleton Mechanical Luxury Wristwatch (Luxe). Designed for superior performance, comfort and style. Sourced with USPS express air shipping (7-10 days).</p>",Fossil Style,accessories,accessories,"accessories, accessories, unisex, dropshipping, bestseller",true,Color,Rose Gold Leather,Size,42mm Case,SY-SY-PROD-3028,500,shopify,17,deny,manual,72.48,116.34,true,true,https://images.unsplash.com/photo-1522335789203-aabd1fc54bc9?auto=format&fit=crop&w=800&q=80,1,active
caprese-luxe-water-resistant-anti-theft-business-travel-backpack-usb-port-pure,Caprese Luxe Water-Resistant Anti-Theft Business Travel Backpack (USB Port) (Pure),"<p>High-demand Caprese Luxe Caprese Luxe Water-Resistant Anti-Theft Business Travel Backpack (USB Port) (Pure). Designed for superior performance, comfort and style. Sourced with USPS express air shipping (7-10 days).</p>",Caprese Luxe,accessories,accessories,"accessories, accessories, unisex, dropshipping, bestseller",true,Color,Obsidian Black,Size,"15.6"" Laptop Fit",SY-SY-PROD-3029,500,shopify,18,deny,manual,62.85,101.42,true,true,https://images.unsplash.com/photo-1511499767150-a48a237f0083?auto=format&fit=crop&w=800&q=80,1,active
fossil-style-vegan-saffiano-leather-structured-shoulder-tote-bag-essential,Fossil Style Vegan Saffiano Leather Structured Shoulder Tote Bag (Essential),"<p>High-demand Fossil Style Fossil Style Vegan Saffiano Leather Structured Shoulder Tote Bag (Essential). Designed for superior performance, comfort and style. Sourced with USPS express air shipping (7-10 days).</p>",Fossil Style,accessories,accessories,"accessories, accessories, unisex, dropshipping, bestseller",true,Color,Nude Tan,Size,"Large 14"" Capacity",SY-SY-PROD-3030,500,shopify,19,deny,manual,45.22,74.09,true,true,https://images.unsplash.com/photo-1524805444758-089113d48a6d?auto=format&fit=crop&w=800&q=80,1,active
caprese-luxe-reversible-genuine-full-grain-leather-dress-belt-pro,Caprese Luxe Reversible Genuine Full-Grain Leather Dress Belt (Pro),"<p>High-demand Caprese Luxe Caprese Luxe Reversible Genuine Full-Grain Leather Dress Belt (Pro). Designed for superior performance, comfort and style. Sourced with USPS express air shipping (7-10 days).</p>",Caprese Luxe,accessories,accessories,"accessories, accessories, unisex, dropshipping, bestseller",true,Color,Black / Cognac Dual Tone,Size,32,SY-SY-PROD-3031,500,shopify,5,deny,manual,31.59,52.96,true,true,https://images.unsplash.com/photo-1627123424574-724758594e93?auto=format&fit=crop&w=800&q=80,1,active
fossil-style-minimalist-18k-gold-plated-herringbone-chain-necklace-elite,Fossil Style Minimalist 18K Gold-Plated Herringbone Chain Necklace (Elite),"<p>High-demand Fossil Style Fossil Style Minimalist 18K Gold-Plated Herringbone Chain Necklace (Elite). Designed for superior performance, comfort and style. Sourced with USPS express air shipping (7-10 days).</p>",Fossil Style,accessories,accessories,"accessories, accessories, unisex, dropshipping, bestseller",true,Color,Polished Yellow Gold,Size,18-Inch Chain,SY-SY-PROD-3032,500,shopify,6,deny,manual,29.96,50.44,true,true,https://images.unsplash.com/photo-1553062407-98eeb64c6a62?auto=format&fit=crop&w=800&q=80,1,active
caprese-luxe-minimalist-slim-rfid-blocking-carbon-fiber-wallet-classic,Caprese Luxe Minimalist Slim RFID-Blocking Carbon Fiber Wallet (Classic),"<p>High-demand Caprese Luxe Caprese Luxe Minimalist Slim RFID-Blocking Carbon Fiber Wallet (Classic). Designed for superior performance, comfort and style. Sourced with USPS express air shipping (7-10 days).</p>",Caprese Luxe,accessories,accessories,"accessories, accessories, unisex, dropshipping, bestseller",true,Color,Matte Carbon Black,Size,Card & Cash Clip,SY-SY-PROD-3033,500,shopify,7,deny,manual,34.33,57.21,true,true,https://images.unsplash.com/photo-1522335789203-aabd1fc54bc9?auto=format&fit=crop&w=800&q=80,1,active
fossil-style-polarized-military-aviator-sunglasses-uv400-series-2,Fossil Style Polarized Military Aviator Sunglasses (UV400) (Series 2),"<p>High-demand Fossil Style Fossil Style Polarized Military Aviator Sunglasses (UV400) (Series 2). Designed for superior performance, comfort and style. Sourced with USPS express air shipping (7-10 days).</p>",Fossil Style,accessories,accessories,"accessories, accessories, unisex, dropshipping, bestseller",true,Color,Gold / Gradient Brown,Size,Standard Frame,SY-SY-PROD-3034,500,shopify,8,deny,manual,35.70,59.34,true,true,https://images.unsplash.com/photo-1511499767150-a48a237f0083?auto=format&fit=crop&w=800&q=80,1,active
caprese-luxe-automatic-skeleton-mechanical-luxury-wristwatch-air,Caprese Luxe Automatic Skeleton Mechanical Luxury Wristwatch (Air),"<p>High-demand Caprese Luxe Caprese Luxe Automatic Skeleton Mechanical Luxury Wristwatch (Air). Designed for superior performance, comfort and style. Sourced with USPS express air shipping (7-10 days).</p>",Caprese Luxe,accessories,accessories,"accessories, accessories, unisex, dropshipping, bestseller",true,Color,Rose Gold Leather,Size,42mm Case,SY-SY-PROD-3035,500,shopify,9,deny,manual,82.07,131.21,true,true,https://images.unsplash.com/photo-1524805444758-089113d48a6d?auto=format&fit=crop&w=800&q=80,1,active
fossil-style-water-resistant-anti-theft-business-travel-backpack-usb-port-signature,Fossil Style Water-Resistant Anti-Theft Business Travel Backpack (USB Port) (Signature),"<p>High-demand Fossil Style Fossil Style Water-Resistant Anti-Theft Business Travel Backpack (USB Port) (Signature). Designed for superior performance, comfort and style. Sourced with USPS express air shipping (7-10 days).</p>",Fossil Style,accessories,accessories,"accessories, accessories, unisex, dropshipping, bestseller",true,Color,Obsidian Black,Size,"15.6"" Laptop Fit",SY-SY-PROD-3036,500,shopify,10,deny,manual,72.44,116.28,true,true,https://images.unsplash.com/photo-1627123424574-724758594e93?auto=format&fit=crop&w=800&q=80,1,active
caprese-luxe-vegan-saffiano-leather-structured-shoulder-tote-bag-v2,Caprese Luxe Vegan Saffiano Leather Structured Shoulder Tote Bag (V2),"<p>High-demand Caprese Luxe Caprese Luxe Vegan Saffiano Leather Structured Shoulder Tote Bag (V2). Designed for superior performance, comfort and style. Sourced with USPS express air shipping (7-10 days).</p>",Caprese Luxe,accessories,accessories,"accessories, accessories, unisex, dropshipping, bestseller",true,Color,Nude Tan,Size,"Large 14"" Capacity",SY-SY-PROD-3037,500,shopify,11,deny,manual,54.81,88.96,true,true,https://images.unsplash.com/photo-1553062407-98eeb64c6a62?auto=format&fit=crop&w=800&q=80,1,active
fossil-style-reversible-genuine-full-grain-leather-dress-belt-luxe,Fossil Style Reversible Genuine Full-Grain Leather Dress Belt (Luxe),"<p>High-demand Fossil Style Fossil Style Reversible Genuine Full-Grain Leather Dress Belt (Luxe). Designed for superior performance, comfort and style. Sourced with USPS express air shipping (7-10 days).</p>",Fossil Style,accessories,accessories,"accessories, accessories, unisex, dropshipping, bestseller",true,Color,Black / Cognac Dual Tone,Size,32,SY-SY-PROD-3038,500,shopify,12,deny,manual,26.18,44.58,true,true,https://images.unsplash.com/photo-1522335789203-aabd1fc54bc9?auto=format&fit=crop&w=800&q=80,1,active
caprese-luxe-minimalist-18k-gold-plated-herringbone-chain-necklace-pure,Caprese Luxe Minimalist 18K Gold-Plated Herringbone Chain Necklace (Pure),"<p>High-demand Caprese Luxe Caprese Luxe Minimalist 18K Gold-Plated Herringbone Chain Necklace (Pure). Designed for superior performance, comfort and style. Sourced with USPS express air shipping (7-10 days).</p>",Caprese Luxe,accessories,accessories,"accessories, accessories, unisex, dropshipping, bestseller",true,Color,Polished Yellow Gold,Size,18-Inch Chain,SY-SY-PROD-3039,500,shopify,13,deny,manual,22.55,38.95,true,true,https://images.unsplash.com/photo-1511499767150-a48a237f0083?auto=format&fit=crop&w=800&q=80,1,active
fossil-style-minimalist-slim-rfid-blocking-carbon-fiber-wallet-essential,Fossil Style Minimalist Slim RFID-Blocking Carbon Fiber Wallet (Essential),"<p>High-demand Fossil Style Fossil Style Minimalist Slim RFID-Blocking Carbon Fiber Wallet (Essential). Designed for superior performance, comfort and style. Sourced with USPS express air shipping (7-10 days).</p>",Fossil Style,accessories,accessories,"accessories, accessories, unisex, dropshipping, bestseller",true,Color,Matte Carbon Black,Size,Card & Cash Clip,SY-SY-PROD-3040,500,shopify,14,deny,manual,26.92,45.73,true,true,https://images.unsplash.com/photo-1524805444758-089113d48a6d?auto=format&fit=crop&w=800&q=80,1,active
caprese-luxe-polarized-military-aviator-sunglasses-uv400-pro,Caprese Luxe Polarized Military Aviator Sunglasses (UV400) (Pro),"<p>High-demand Caprese Luxe Caprese Luxe Polarized Military Aviator Sunglasses (UV400) (Pro). Designed for superior performance, comfort and style. Sourced with USPS express air shipping (7-10 days).</p>",Caprese Luxe,accessories,accessories,"accessories, accessories, unisex, dropshipping, bestseller",true,Color,Gold / Gradient Brown,Size,Standard Frame,SY-SY-PROD-3041,500,shopify,15,deny,manual,45.29,74.20,true,true,https://images.unsplash.com/photo-1627123424574-724758594e93?auto=format&fit=crop&w=800&q=80,1,active
fossil-style-automatic-skeleton-mechanical-luxury-wristwatch-elite,Fossil Style Automatic Skeleton Mechanical Luxury Wristwatch (Elite),"<p>High-demand Fossil Style Fossil Style Automatic Skeleton Mechanical Luxury Wristwatch (Elite). Designed for superior performance, comfort and style. Sourced with USPS express air shipping (7-10 days).</p>",Fossil Style,accessories,accessories,"accessories, accessories, unisex, dropshipping, bestseller",true,Color,Rose Gold Leather,Size,42mm Case,SY-SY-PROD-3042,500,shopify,16,deny,manual,91.66,146.07,true,true,https://images.unsplash.com/photo-1553062407-98eeb64c6a62?auto=format&fit=crop&w=800&q=80,1,active
caprese-luxe-water-resistant-anti-theft-business-travel-backpack-usb-port-classic,Caprese Luxe Water-Resistant Anti-Theft Business Travel Backpack (USB Port) (Classic),"<p>High-demand Caprese Luxe Caprese Luxe Water-Resistant Anti-Theft Business Travel Backpack (USB Port) (Classic). Designed for superior performance, comfort and style. Sourced with USPS express air shipping (7-10 days).</p>",Caprese Luxe,accessories,accessories,"accessories, accessories, unisex, dropshipping, bestseller",true,Color,Obsidian Black,Size,"15.6"" Laptop Fit",SY-SY-PROD-3043,500,shopify,17,deny,manual,82.03,131.15,true,true,https://images.unsplash.com/photo-1522335789203-aabd1fc54bc9?auto=format&fit=crop&w=800&q=80,1,active
fossil-style-vegan-saffiano-leather-structured-shoulder-tote-bag-series-2,Fossil Style Vegan Saffiano Leather Structured Shoulder Tote Bag (Series 2),"<p>High-demand Fossil Style Fossil Style Vegan Saffiano Leather Structured Shoulder Tote Bag (Series 2). Designed for superior performance, comfort and style. Sourced with USPS express air shipping (7-10 days).</p>",Fossil Style,accessories,accessories,"accessories, accessories, unisex, dropshipping, bestseller",true,Color,Nude Tan,Size,"Large 14"" Capacity",SY-SY-PROD-3044,500,shopify,18,deny,manual,64.40,103.82,true,true,https://images.unsplash.com/photo-1511499767150-a48a237f0083?auto=format&fit=crop&w=800&q=80,1,active
caprese-luxe-reversible-genuine-full-grain-leather-dress-belt-air,Caprese Luxe Reversible Genuine Full-Grain Leather Dress Belt (Air),"<p>High-demand Caprese Luxe Caprese Luxe Reversible Genuine Full-Grain Leather Dress Belt (Air). Designed for superior performance, comfort and style. Sourced with USPS express air shipping (7-10 days).</p>",Caprese Luxe,accessories,accessories,"accessories, accessories, unisex, dropshipping, bestseller",true,Color,Black / Cognac Dual Tone,Size,32,SY-SY-PROD-3045,500,shopify,19,deny,manual,35.77,59.44,true,true,https://images.unsplash.com/photo-1524805444758-089113d48a6d?auto=format&fit=crop&w=800&q=80,1,active
fossil-style-minimalist-18k-gold-plated-herringbone-chain-necklace-signature,Fossil Style Minimalist 18K Gold-Plated Herringbone Chain Necklace (Signature),"<p>High-demand Fossil Style Fossil Style Minimalist 18K Gold-Plated Herringbone Chain Necklace (Signature). Designed for superior performance, comfort and style. Sourced with USPS express air shipping (7-10 days).</p>",Fossil Style,accessories,accessories,"accessories, accessories, unisex, dropshipping, bestseller",true,Color,Polished Yellow Gold,Size,18-Inch Chain,SY-SY-PROD-3046,500,shopify,5,deny,manual,32.14,53.82,true,true,https://images.unsplash.com/photo-1627123424574-724758594e93?auto=format&fit=crop&w=800&q=80,1,active
caprese-luxe-minimalist-slim-rfid-blocking-carbon-fiber-wallet-v2,Caprese Luxe Minimalist Slim RFID-Blocking Carbon Fiber Wallet (V2),"<p>High-demand Caprese Luxe Caprese Luxe Minimalist Slim RFID-Blocking Carbon Fiber Wallet (V2). Designed for superior performance, comfort and style. Sourced with USPS express air shipping (7-10 days).</p>",Caprese Luxe,accessories,accessories,"accessories, accessories, unisex, dropshipping, bestseller",true,Color,Matte Carbon Black,Size,Card & Cash Clip,SY-SY-PROD-3047,500,shopify,6,deny,manual,36.51,60.59,true,true,https://images.unsplash.com/photo-1553062407-98eeb64c6a62?auto=format&fit=crop&w=800&q=80,1,active
fossil-style-polarized-military-aviator-sunglasses-uv400-luxe,Fossil Style Polarized Military Aviator Sunglasses (UV400) (Luxe),"<p>High-demand Fossil Style Fossil Style Polarized Military Aviator Sunglasses (UV400) (Luxe). Designed for superior performance, comfort and style. Sourced with USPS express air shipping (7-10 days).</p>",Fossil Style,accessories,accessories,"accessories, accessories, unisex, dropshipping, bestseller",true,Color,Gold / Gradient Brown,Size,Standard Frame,SY-SY-PROD-3048,500,shopify,7,deny,manual,32.88,54.96,true,true,https://images.unsplash.com/photo-1522335789203-aabd1fc54bc9?auto=format&fit=crop&w=800&q=80,1,active
caprese-luxe-automatic-skeleton-mechanical-luxury-wristwatch-pure,Caprese Luxe Automatic Skeleton Mechanical Luxury Wristwatch (Pure),"<p>High-demand Caprese Luxe Caprese Luxe Automatic Skeleton Mechanical Luxury Wristwatch (Pure). Designed for superior performance, comfort and style. Sourced with USPS express air shipping (7-10 days).</p>",Caprese Luxe,accessories,accessories,"accessories, accessories, unisex, dropshipping, bestseller",true,Color,Rose Gold Leather,Size,42mm Case,SY-SY-PROD-3049,500,shopify,8,deny,manual,101.25,160.94,true,true,https://images.unsplash.com/photo-1511499767150-a48a237f0083?auto=format&fit=crop&w=800&q=80,1,active
fossil-style-water-resistant-anti-theft-business-travel-backpack-usb-port-essential,Fossil Style Water-Resistant Anti-Theft Business Travel Backpack (USB Port) (Essential),"<p>High-demand Fossil Style Fossil Style Water-Resistant Anti-Theft Business Travel Backpack (USB Port) (Essential). Designed for superior performance, comfort and style. Sourced with USPS express air shipping (7-10 days).</p>",Fossil Style,accessories,accessories,"accessories, accessories, unisex, dropshipping, bestseller",true,Color,Obsidian Black,Size,"15.6"" Laptop Fit",SY-SY-PROD-3050,500,shopify,9,deny,manual,53.62,87.11,true,true,https://images.unsplash.com/photo-1524805444758-089113d48a6d?auto=format&fit=crop&w=800&q=80,1,active
caprese-luxe-vegan-saffiano-leather-structured-shoulder-tote-bag-pro,Caprese Luxe Vegan Saffiano Leather Structured Shoulder Tote Bag (Pro),"<p>High-demand Caprese Luxe Caprese Luxe Vegan Saffiano Leather Structured Shoulder Tote Bag (Pro). Designed for superior performance, comfort and style. Sourced with USPS express air shipping (7-10 days).</p>",Caprese Luxe,accessories,accessories,"accessories, accessories, unisex, dropshipping, bestseller",true,Color,Nude Tan,Size,"Large 14"" Capacity",SY-SY-PROD-3051,500,shopify,10,deny,manual,73.99,118.68,true,true,https://images.unsplash.com/photo-1627123424574-724758594e93?auto=format&fit=crop&w=800&q=80,1,active
fossil-style-reversible-genuine-full-grain-leather-dress-belt-elite,Fossil Style Reversible Genuine Full-Grain Leather Dress Belt (Elite),"<p>High-demand Fossil Style Fossil Style Reversible Genuine Full-Grain Leather Dress Belt (Elite). Designed for superior performance, comfort and style. Sourced with USPS express air shipping (7-10 days).</p>",Fossil Style,accessories,accessories,"accessories, accessories, unisex, dropshipping, bestseller",true,Color,Black / Cognac Dual Tone,Size,32,SY-SY-PROD-3052,500,shopify,11,deny,manual,30.36,51.06,true,true,https://images.unsplash.com/photo-1553062407-98eeb64c6a62?auto=format&fit=crop&w=800&q=80,1,active
caprese-luxe-minimalist-18k-gold-plated-herringbone-chain-necklace-classic,Caprese Luxe Minimalist 18K Gold-Plated Herringbone Chain Necklace (Classic),"<p>High-demand Caprese Luxe Caprese Luxe Minimalist 18K Gold-Plated Herringbone Chain Necklace (Classic). Designed for superior performance, comfort and style. Sourced with USPS express air shipping (7-10 days).</p>",Caprese Luxe,accessories,accessories,"accessories, accessories, unisex, dropshipping, bestseller",true,Color,Polished Yellow Gold,Size,18-Inch Chain,SY-SY-PROD-3053,500,shopify,12,deny,manual,24.73,42.33,true,true,https://images.unsplash.com/photo-1522335789203-aabd1fc54bc9?auto=format&fit=crop&w=800&q=80,1,active
fossil-style-minimalist-slim-rfid-blocking-carbon-fiber-wallet-series-2,Fossil Style Minimalist Slim RFID-Blocking Carbon Fiber Wallet (Series 2),"<p>High-demand Fossil Style Fossil Style Minimalist Slim RFID-Blocking Carbon Fiber Wallet (Series 2). Designed for superior performance, comfort and style. Sourced with USPS express air shipping (7-10 days).</p>",Fossil Style,accessories,accessories,"accessories, accessories, unisex, dropshipping, bestseller",true,Color,Matte Carbon Black,Size,Card & Cash Clip,SY-SY-PROD-3054,500,shopify,13,deny,manual,29.10,49.11,true,true,https://images.unsplash.com/photo-1511499767150-a48a237f0083?auto=format&fit=crop&w=800&q=80,1,active
caprese-luxe-polarized-military-aviator-sunglasses-uv400-air,Caprese Luxe Polarized Military Aviator Sunglasses (UV400) (Air),"<p>High-demand Caprese Luxe Caprese Luxe Polarized Military Aviator Sunglasses (UV400) (Air). Designed for superior performance, comfort and style. Sourced with USPS express air shipping (7-10 days).</p>",Caprese Luxe,accessories,accessories,"accessories, accessories, unisex, dropshipping, bestseller",true,Color,Gold / Gradient Brown,Size,Standard Frame,SY-SY-PROD-3055,500,shopify,14,deny,manual,42.47,69.83,true,true,https://images.unsplash.com/photo-1524805444758-089113d48a6d?auto=format&fit=crop&w=800&q=80,1,active
fossil-style-automatic-skeleton-mechanical-luxury-wristwatch-signature,Fossil Style Automatic Skeleton Mechanical Luxury Wristwatch (Signature),"<p>High-demand Fossil Style Fossil Style Automatic Skeleton Mechanical Luxury Wristwatch (Signature). Designed for superior performance, comfort and style. Sourced with USPS express air shipping (7-10 days).</p>",Fossil Style,accessories,accessories,"accessories, accessories, unisex, dropshipping, bestseller",true,Color,Rose Gold Leather,Size,42mm Case,SY-SY-PROD-3056,500,shopify,15,deny,manual,110.84,175.80,true,true,https://images.unsplash.com/photo-1627123424574-724758594e93?auto=format&fit=crop&w=800&q=80,1,active
caprese-luxe-water-resistant-anti-theft-business-travel-backpack-usb-port-v2,Caprese Luxe Water-Resistant Anti-Theft Business Travel Backpack (USB Port) (V2),"<p>High-demand Caprese Luxe Caprese Luxe Water-Resistant Anti-Theft Business Travel Backpack (USB Port) (V2). Designed for superior performance, comfort and style. Sourced with USPS express air shipping (7-10 days).</p>",Caprese Luxe,accessories,accessories,"accessories, accessories, unisex, dropshipping, bestseller",true,Color,Obsidian Black,Size,"15.6"" Laptop Fit",SY-SY-PROD-3057,500,shopify,16,deny,manual,63.21,101.98,true,true,https://images.unsplash.com/photo-1553062407-98eeb64c6a62?auto=format&fit=crop&w=800&q=80,1,active
fossil-style-vegan-saffiano-leather-structured-shoulder-tote-bag-luxe,Fossil Style Vegan Saffiano Leather Structured Shoulder Tote Bag (Luxe),"<p>High-demand Fossil Style Fossil Style Vegan Saffiano Leather Structured Shoulder Tote Bag (Luxe). Designed for superior performance, comfort and style. Sourced with USPS express air shipping (7-10 days).</p>",Fossil Style,accessories,accessories,"accessories, accessories, unisex, dropshipping, bestseller",true,Color,Nude Tan,Size,"Large 14"" Capacity",SY-SY-PROD-3058,500,shopify,17,deny,manual,48.58,79.30,true,true,https://images.unsplash.com/photo-1522335789203-aabd1fc54bc9?auto=format&fit=crop&w=800&q=80,1,active
caprese-luxe-reversible-genuine-full-grain-leather-dress-belt-pure,Caprese Luxe Reversible Genuine Full-Grain Leather Dress Belt (Pure),"<p>High-demand Caprese Luxe Caprese Luxe Reversible Genuine Full-Grain Leather Dress Belt (Pure). Designed for superior performance, comfort and style. Sourced with USPS express air shipping (7-10 days).</p>",Caprese Luxe,accessories,accessories,"accessories, accessories, unisex, dropshipping, bestseller",true,Color,Black / Cognac Dual Tone,Size,32,SY-SY-PROD-3059,500,shopify,18,deny,manual,39.95,65.92,true,true,https://images.unsplash.com/photo-1511499767150-a48a237f0083?auto=format&fit=crop&w=800&q=80,1,active
fossil-style-minimalist-18k-gold-plated-herringbone-chain-necklace-essential,Fossil Style Minimalist 18K Gold-Plated Herringbone Chain Necklace (Essential),"<p>High-demand Fossil Style Fossil Style Minimalist 18K Gold-Plated Herringbone Chain Necklace (Essential). Designed for superior performance, comfort and style. Sourced with USPS express air shipping (7-10 days).</p>",Fossil Style,accessories,accessories,"accessories, accessories, unisex, dropshipping, bestseller",true,Color,Polished Yellow Gold,Size,18-Inch Chain,SY-SY-PROD-3060,500,shopify,19,deny,manual,34.32,57.20,true,true,https://images.unsplash.com/photo-1524805444758-089113d48a6d?auto=format&fit=crop&w=800&q=80,1,active
caprese-luxe-minimalist-slim-rfid-blocking-carbon-fiber-wallet-pro,Caprese Luxe Minimalist Slim RFID-Blocking Carbon Fiber Wallet (Pro),"<p>High-demand Caprese Luxe Caprese Luxe Minimalist Slim RFID-Blocking Carbon Fiber Wallet (Pro). Designed for superior performance, comfort and style. Sourced with USPS express air shipping (7-10 days).</p>",Caprese Luxe,accessories,accessories,"accessories, accessories, unisex, dropshipping, bestseller",true,Color,Matte Carbon Black,Size,Card & Cash Clip,SY-SY-PROD-3061,500,shopify,5,deny,manual,38.69,63.97,true,true,https://images.unsplash.com/photo-1627123424574-724758594e93?auto=format&fit=crop&w=800&q=80,1,active
fossil-style-polarized-military-aviator-sunglasses-uv400-elite,Fossil Style Polarized Military Aviator Sunglasses (UV400) (Elite),"<p>High-demand Fossil Style Fossil Style Polarized Military Aviator Sunglasses (UV400) (Elite). Designed for superior performance, comfort and style. Sourced with USPS express air shipping (7-10 days).</p>",Fossil Style,accessories,accessories,"accessories, accessories, unisex, dropshipping, bestseller",true,Color,Gold / Gradient Brown,Size,Standard Frame,SY-SY-PROD-3062,500,shopify,6,deny,manual,30.06,50.59,true,true,https://images.unsplash.com/photo-1553062407-98eeb64c6a62?auto=format&fit=crop&w=800&q=80,1,active
caprese-luxe-automatic-skeleton-mechanical-luxury-wristwatch-classic,Caprese Luxe Automatic Skeleton Mechanical Luxury Wristwatch (Classic),"<p>High-demand Caprese Luxe Caprese Luxe Automatic Skeleton Mechanical Luxury Wristwatch (Classic). Designed for superior performance, comfort and style. Sourced with USPS express air shipping (7-10 days).</p>",Caprese Luxe,accessories,accessories,"accessories, accessories, unisex, dropshipping, bestseller",true,Color,Rose Gold Leather,Size,42mm Case,SY-SY-PROD-3063,500,shopify,7,deny,manual,120.43,190.67,true,true,https://images.unsplash.com/photo-1522335789203-aabd1fc54bc9?auto=format&fit=crop&w=800&q=80,1,active
fossil-style-water-resistant-anti-theft-business-travel-backpack-usb-port-series-2,Fossil Style Water-Resistant Anti-Theft Business Travel Backpack (USB Port) (Series 2),"<p>High-demand Fossil Style Fossil Style Water-Resistant Anti-Theft Business Travel Backpack (USB Port) (Series 2). Designed for superior performance, comfort and style. Sourced with USPS express air shipping (7-10 days).</p>",Fossil Style,accessories,accessories,"accessories, accessories, unisex, dropshipping, bestseller",true,Color,Obsidian Black,Size,"15.6"" Laptop Fit",SY-SY-PROD-3064,500,shopify,8,deny,manual,72.80,116.84,true,true,https://images.unsplash.com/photo-1511499767150-a48a237f0083?auto=format&fit=crop&w=800&q=80,1,active
caprese-luxe-vegan-saffiano-leather-structured-shoulder-tote-bag-air,Caprese Luxe Vegan Saffiano Leather Structured Shoulder Tote Bag (Air),"<p>High-demand Caprese Luxe Caprese Luxe Vegan Saffiano Leather Structured Shoulder Tote Bag (Air). Designed for superior performance, comfort and style. Sourced with USPS express air shipping (7-10 days).</p>",Caprese Luxe,accessories,accessories,"accessories, accessories, unisex, dropshipping, bestseller",true,Color,Nude Tan,Size,"Large 14"" Capacity",SY-SY-PROD-3065,500,shopify,9,deny,manual,58.17,94.16,true,true,https://images.unsplash.com/photo-1524805444758-089113d48a6d?auto=format&fit=crop&w=800&q=80,1,active
fossil-style-reversible-genuine-full-grain-leather-dress-belt-signature,Fossil Style Reversible Genuine Full-Grain Leather Dress Belt (Signature),"<p>High-demand Fossil Style Fossil Style Reversible Genuine Full-Grain Leather Dress Belt (Signature). Designed for superior performance, comfort and style. Sourced with USPS express air shipping (7-10 days).</p>",Fossil Style,accessories,accessories,"accessories, accessories, unisex, dropshipping, bestseller",true,Color,Black / Cognac Dual Tone,Size,32,SY-SY-PROD-3066,500,shopify,10,deny,manual,34.54,57.54,true,true,https://images.unsplash.com/photo-1627123424574-724758594e93?auto=format&fit=crop&w=800&q=80,1,active
caprese-luxe-minimalist-18k-gold-plated-herringbone-chain-necklace-v2,Caprese Luxe Minimalist 18K Gold-Plated Herringbone Chain Necklace (V2),"<p>High-demand Caprese Luxe Caprese Luxe Minimalist 18K Gold-Plated Herringbone Chain Necklace (V2). Designed for superior performance, comfort and style. Sourced with USPS express air shipping (7-10 days).</p>",Caprese Luxe,accessories,accessories,"accessories, accessories, unisex, dropshipping, bestseller",true,Color,Polished Yellow Gold,Size,18-Inch Chain,SY-SY-PROD-3067,500,shopify,11,deny,manual,26.91,45.71,true,true,https://images.unsplash.com/photo-1553062407-98eeb64c6a62?auto=format&fit=crop&w=800&q=80,1,active
fossil-style-minimalist-slim-rfid-blocking-carbon-fiber-wallet-luxe,Fossil Style Minimalist Slim RFID-Blocking Carbon Fiber Wallet (Luxe),"<p>High-demand Fossil Style Fossil Style Minimalist Slim RFID-Blocking Carbon Fiber Wallet (Luxe). Designed for superior performance, comfort and style. Sourced with USPS express air shipping (7-10 days).</p>",Fossil Style,accessories,accessories,"accessories, accessories, unisex, dropshipping, bestseller",true,Color,Matte Carbon Black,Size,Card & Cash Clip,SY-SY-PROD-3068,500,shopify,12,deny,manual,31.28,52.48,true,true,https://images.unsplash.com/photo-1522335789203-aabd1fc54bc9?auto=format&fit=crop&w=800&q=80,1,active
caprese-luxe-polarized-military-aviator-sunglasses-uv400-pure,Caprese Luxe Polarized Military Aviator Sunglasses (UV400) (Pure),"<p>High-demand Caprese Luxe Caprese Luxe Polarized Military Aviator Sunglasses (UV400) (Pure). Designed for superior performance, comfort and style. Sourced with USPS express air shipping (7-10 days).</p>",Caprese Luxe,accessories,accessories,"accessories, accessories, unisex, dropshipping, bestseller",true,Color,Gold / Gradient Brown,Size,Standard Frame,SY-SY-PROD-3069,500,shopify,13,deny,manual,39.65,65.46,true,true,https://images.unsplash.com/photo-1511499767150-a48a237f0083?auto=format&fit=crop&w=800&q=80,1,active
fossil-style-automatic-skeleton-mechanical-luxury-wristwatch-essential,Fossil Style Automatic Skeleton Mechanical Luxury Wristwatch (Essential),"<p>High-demand Fossil Style Fossil Style Automatic Skeleton Mechanical Luxury Wristwatch (Essential). Designed for superior performance, comfort and style. Sourced with USPS express air shipping (7-10 days).</p>",Fossil Style,accessories,accessories,"accessories, accessories, unisex, dropshipping, bestseller",true,Color,Rose Gold Leather,Size,42mm Case,SY-SY-PROD-3070,500,shopify,14,deny,manual,70.02,112.53,true,true,https://images.unsplash.com/photo-1524805444758-089113d48a6d?auto=format&fit=crop&w=800&q=80,1,active
caprese-luxe-water-resistant-anti-theft-business-travel-backpack-usb-port-pro,Caprese Luxe Water-Resistant Anti-Theft Business Travel Backpack (USB Port) (Pro),"<p>High-demand Caprese Luxe Caprese Luxe Water-Resistant Anti-Theft Business Travel Backpack (USB Port) (Pro). Designed for superior performance, comfort and style. Sourced with USPS express air shipping (7-10 days).</p>",Caprese Luxe,accessories,accessories,"accessories, accessories, unisex, dropshipping, bestseller",true,Color,Obsidian Black,Size,"15.6"" Laptop Fit",SY-SY-PROD-3071,500,shopify,15,deny,manual,82.39,131.70,true,true,https://images.unsplash.com/photo-1627123424574-724758594e93?auto=format&fit=crop&w=800&q=80,1,active
fossil-style-vegan-saffiano-leather-structured-shoulder-tote-bag-elite,Fossil Style Vegan Saffiano Leather Structured Shoulder Tote Bag (Elite),"<p>High-demand Fossil Style Fossil Style Vegan Saffiano Leather Structured Shoulder Tote Bag (Elite). Designed for superior performance, comfort and style. Sourced with USPS express air shipping (7-10 days).</p>",Fossil Style,accessories,accessories,"accessories, accessories, unisex, dropshipping, bestseller",true,Color,Nude Tan,Size,"Large 14"" Capacity",SY-SY-PROD-3072,500,shopify,16,deny,manual,67.76,109.03,true,true,https://images.unsplash.com/photo-1553062407-98eeb64c6a62?auto=format&fit=crop&w=800&q=80,1,active
caprese-luxe-reversible-genuine-full-grain-leather-dress-belt-classic,Caprese Luxe Reversible Genuine Full-Grain Leather Dress Belt (Classic),"<p>High-demand Caprese Luxe Caprese Luxe Reversible Genuine Full-Grain Leather Dress Belt (Classic). Designed for superior performance, comfort and style. Sourced with USPS express air shipping (7-10 days).</p>",Caprese Luxe,accessories,accessories,"accessories, accessories, unisex, dropshipping, bestseller",true,Color,Black / Cognac Dual Tone,Size,32,SY-SY-PROD-3073,500,shopify,17,deny,manual,29.13,49.15,true,true,https://images.unsplash.com/photo-1522335789203-aabd1fc54bc9?auto=format&fit=crop&w=800&q=80,1,active
fossil-style-minimalist-18k-gold-plated-herringbone-chain-necklace-series-2,Fossil Style Minimalist 18K Gold-Plated Herringbone Chain Necklace (Series 2),"<p>High-demand Fossil Style Fossil Style Minimalist 18K Gold-Plated Herringbone Chain Necklace (Series 2). Designed for superior performance, comfort and style. Sourced with USPS express air shipping (7-10 days).</p>",Fossil Style,accessories,accessories,"accessories, accessories, unisex, dropshipping, bestseller",true,Color,Polished Yellow Gold,Size,18-Inch Chain,SY-SY-PROD-3074,500,shopify,18,deny,manual,36.50,60.58,true,true,https://images.unsplash.com/photo-1511499767150-a48a237f0083?auto=format&fit=crop&w=800&q=80,1,active
caprese-luxe-minimalist-slim-rfid-blocking-carbon-fiber-wallet-air,Caprese Luxe Minimalist Slim RFID-Blocking Carbon Fiber Wallet (Air),"<p>High-demand Caprese Luxe Caprese Luxe Minimalist Slim RFID-Blocking Carbon Fiber Wallet (Air). Designed for superior performance, comfort and style. Sourced with USPS express air shipping (7-10 days).</p>",Caprese Luxe,accessories,accessories,"accessories, accessories, unisex, dropshipping, bestseller",true,Color,Matte Carbon Black,Size,Card & Cash Clip,SY-SY-PROD-3075,500,shopify,19,deny,manual,23.87,41.00,true,true,https://images.unsplash.com/photo-1524805444758-089113d48a6d?auto=format&fit=crop&w=800&q=80,1,active
fossil-style-polarized-military-aviator-sunglasses-uv400-signature,Fossil Style Polarized Military Aviator Sunglasses (UV400) (Signature),"<p>High-demand Fossil Style Fossil Style Polarized Military Aviator Sunglasses (UV400) (Signature). Designed for superior performance, comfort and style. Sourced with USPS express air shipping (7-10 days).</p>",Fossil Style,accessories,accessories,"accessories, accessories, unisex, dropshipping, bestseller",true,Color,Gold / Gradient Brown,Size,Standard Frame,SY-SY-PROD-3076,500,shopify,5,deny,manual,27.24,46.22,true,true,https://images.unsplash.com/photo-1627123424574-724758594e93?auto=format&fit=crop&w=800&q=80,1,active
caprese-luxe-automatic-skeleton-mechanical-luxury-wristwatch-v2,Caprese Luxe Automatic Skeleton Mechanical Luxury Wristwatch (V2),"<p>High-demand Caprese Luxe Caprese Luxe Automatic Skeleton Mechanical Luxury Wristwatch (V2). Designed for superior performance, comfort and style. Sourced with USPS express air shipping (7-10 days).</p>",Caprese Luxe,accessories,accessories,"accessories, accessories, unisex, dropshipping, bestseller",true,Color,Rose Gold Leather,Size,42mm Case,SY-SY-PROD-3077,500,shopify,6,deny,manual,79.61,127.40,true,true,https://images.unsplash.com/photo-1553062407-98eeb64c6a62?auto=format&fit=crop&w=800&q=80,1,active
fossil-style-water-resistant-anti-theft-business-travel-backpack-usb-port-luxe,Fossil Style Water-Resistant Anti-Theft Business Travel Backpack (USB Port) (Luxe),"<p>High-demand Fossil Style Fossil Style Water-Resistant Anti-Theft Business Travel Backpack (USB Port) (Luxe). Designed for superior performance, comfort and style. Sourced with USPS express air shipping (7-10 days).</p>",Fossil Style,accessories,accessories,"accessories, accessories, unisex, dropshipping, bestseller",true,Color,Obsidian Black,Size,"15.6"" Laptop Fit",SY-SY-PROD-3078,500,shopify,7,deny,manual,53.98,87.67,true,true,https://images.unsplash.com/photo-1522335789203-aabd1fc54bc9?auto=format&fit=crop&w=800&q=80,1,active
caprese-luxe-vegan-saffiano-leather-structured-shoulder-tote-bag-pure,Caprese Luxe Vegan Saffiano Leather Structured Shoulder Tote Bag (Pure),"<p>High-demand Caprese Luxe Caprese Luxe Vegan Saffiano Leather Structured Shoulder Tote Bag (Pure). Designed for superior performance, comfort and style. Sourced with USPS express air shipping (7-10 days).</p>",Caprese Luxe,accessories,accessories,"accessories, accessories, unisex, dropshipping, bestseller",true,Color,Nude Tan,Size,"Large 14"" Capacity",SY-SY-PROD-3079,500,shopify,8,deny,manual,77.35,123.89,true,true,https://images.unsplash.com/photo-1511499767150-a48a237f0083?auto=format&fit=crop&w=800&q=80,1,active
fossil-style-reversible-genuine-full-grain-leather-dress-belt-essential,Fossil Style Reversible Genuine Full-Grain Leather Dress Belt (Essential),"<p>High-demand Fossil Style Fossil Style Reversible Genuine Full-Grain Leather Dress Belt (Essential). Designed for superior performance, comfort and style. Sourced with USPS express air shipping (7-10 days).</p>",Fossil Style,accessories,accessories,"accessories, accessories, unisex, dropshipping, bestseller",true,Color,Black / Cognac Dual Tone,Size,32,SY-SY-PROD-3080,500,shopify,9,deny,manual,38.72,64.02,true,true,https://images.unsplash.com/photo-1524805444758-089113d48a6d?auto=format&fit=crop&w=800&q=80,1,active
caprese-luxe-minimalist-18k-gold-plated-herringbone-chain-necklace-pro,Caprese Luxe Minimalist 18K Gold-Plated Herringbone Chain Necklace (Pro),"<p>High-demand Caprese Luxe Caprese Luxe Minimalist 18K Gold-Plated Herringbone Chain Necklace (Pro). Designed for superior performance, comfort and style. Sourced with USPS express air shipping (7-10 days).</p>",Caprese Luxe,accessories,accessories,"accessories, accessories, unisex, dropshipping, bestseller",true,Color,Polished Yellow Gold,Size,18-Inch Chain,SY-SY-PROD-3081,500,shopify,10,deny,manual,29.09,49.09,true,true,https://images.unsplash.com/photo-1627123424574-724758594e93?auto=format&fit=crop&w=800&q=80,1,active
fossil-style-minimalist-slim-rfid-blocking-carbon-fiber-wallet-elite,Fossil Style Minimalist Slim RFID-Blocking Carbon Fiber Wallet (Elite),"<p>High-demand Fossil Style Fossil Style Minimalist Slim RFID-Blocking Carbon Fiber Wallet (Elite). Designed for superior performance, comfort and style. Sourced with USPS express air shipping (7-10 days).</p>",Fossil Style,accessories,accessories,"accessories, accessories, unisex, dropshipping, bestseller",true,Color,Matte Carbon Black,Size,Card & Cash Clip,SY-SY-PROD-3082,500,shopify,11,deny,manual,33.46,55.86,true,true,https://images.unsplash.com/photo-1553062407-98eeb64c6a62?auto=format&fit=crop&w=800&q=80,1,active
caprese-luxe-polarized-military-aviator-sunglasses-uv400-classic,Caprese Luxe Polarized Military Aviator Sunglasses (UV400) (Classic),"<p>High-demand Caprese Luxe Caprese Luxe Polarized Military Aviator Sunglasses (UV400) (Classic). Designed for superior performance, comfort and style. Sourced with USPS express air shipping (7-10 days).</p>",Caprese Luxe,accessories,accessories,"accessories, accessories, unisex, dropshipping, bestseller",true,Color,Gold / Gradient Brown,Size,Standard Frame,SY-SY-PROD-3083,500,shopify,12,deny,manual,36.83,61.09,true,true,https://images.unsplash.com/photo-1522335789203-aabd1fc54bc9?auto=format&fit=crop&w=800&q=80,1,active
fossil-style-automatic-skeleton-mechanical-luxury-wristwatch-series-2,Fossil Style Automatic Skeleton Mechanical Luxury Wristwatch (Series 2),"<p>High-demand Fossil Style Fossil Style Automatic Skeleton Mechanical Luxury Wristwatch (Series 2). Designed for superior performance, comfort and style. Sourced with USPS express air shipping (7-10 days).</p>",Fossil Style,accessories,accessories,"accessories, accessories, unisex, dropshipping, bestseller",true,Color,Rose Gold Leather,Size,42mm Case,SY-SY-PROD-3084,500,shopify,13,deny,manual,89.20,142.26,true,true,https://images.unsplash.com/photo-1511499767150-a48a237f0083?auto=format&fit=crop&w=800&q=80,1,active
caprese-luxe-water-resistant-anti-theft-business-travel-backpack-usb-port-air,Caprese Luxe Water-Resistant Anti-Theft Business Travel Backpack (USB Port) (Air),"<p>High-demand Caprese Luxe Caprese Luxe Water-Resistant Anti-Theft Business Travel Backpack (USB Port) (Air). Designed for superior performance, comfort and style. Sourced with USPS express air shipping (7-10 days).</p>",Caprese Luxe,accessories,accessories,"accessories, accessories, unisex, dropshipping, bestseller",true,Color,Obsidian Black,Size,"15.6"" Laptop Fit",SY-SY-PROD-3085,500,shopify,14,deny,manual,63.57,102.53,true,true,https://images.unsplash.com/photo-1524805444758-089113d48a6d?auto=format&fit=crop&w=800&q=80,1,active
fossil-style-vegan-saffiano-leather-structured-shoulder-tote-bag-signature,Fossil Style Vegan Saffiano Leather Structured Shoulder Tote Bag (Signature),"<p>High-demand Fossil Style Fossil Style Vegan Saffiano Leather Structured Shoulder Tote Bag (Signature). Designed for superior performance, comfort and style. Sourced with USPS express air shipping (7-10 days).</p>",Fossil Style,accessories,accessories,"accessories, accessories, unisex, dropshipping, bestseller",true,Color,Nude Tan,Size,"Large 14"" Capacity",SY-SY-PROD-3086,500,shopify,15,deny,manual,51.94,84.51,true,true,https://images.unsplash.com/photo-1627123424574-724758594e93?auto=format&fit=crop&w=800&q=80,1,active
caprese-luxe-reversible-genuine-full-grain-leather-dress-belt-v2,Caprese Luxe Reversible Genuine Full-Grain Leather Dress Belt (V2),"<p>High-demand Caprese Luxe Caprese Luxe Reversible Genuine Full-Grain Leather Dress Belt (V2). Designed for superior performance, comfort and style. Sourced with USPS express air shipping (7-10 days).</p>",Caprese Luxe,accessories,accessories,"accessories, accessories, unisex, dropshipping, bestseller",true,Color,Black / Cognac Dual Tone,Size,32,SY-SY-PROD-3087,500,shopify,16,deny,manual,33.31,55.63,true,true,https://images.unsplash.com/photo-1553062407-98eeb64c6a62?auto=format&fit=crop&w=800&q=80,1,active
fossil-style-minimalist-18k-gold-plated-herringbone-chain-necklace-luxe,Fossil Style Minimalist 18K Gold-Plated Herringbone Chain Necklace (Luxe),"<p>High-demand Fossil Style Fossil Style Minimalist 18K Gold-Plated Herringbone Chain Necklace (Luxe). Designed for superior performance, comfort and style. Sourced with USPS express air shipping (7-10 days).</p>",Fossil Style,accessories,accessories,"accessories, accessories, unisex, dropshipping, bestseller",true,Color,Polished Yellow Gold,Size,18-Inch Chain,SY-SY-PROD-3088,500,shopify,17,deny,manual,21.68,37.60,true,true,https://images.unsplash.com/photo-1522335789203-aabd1fc54bc9?auto=format&fit=crop&w=800&q=80,1,active
caprese-luxe-minimalist-slim-rfid-blocking-carbon-fiber-wallet-pure,Caprese Luxe Minimalist Slim RFID-Blocking Carbon Fiber Wallet (Pure),"<p>High-demand Caprese Luxe Caprese Luxe Minimalist Slim RFID-Blocking Carbon Fiber Wallet (Pure). Designed for superior performance, comfort and style. Sourced with USPS express air shipping (7-10 days).</p>",Caprese Luxe,accessories,accessories,"accessories, accessories, unisex, dropshipping, bestseller",true,Color,Matte Carbon Black,Size,Card & Cash Clip,SY-SY-PROD-3089,500,shopify,18,deny,manual,26.05,44.38,true,true,https://images.unsplash.com/photo-1511499767150-a48a237f0083?auto=format&fit=crop&w=800&q=80,1,active
fossil-style-polarized-military-aviator-sunglasses-uv400-essential,Fossil Style Polarized Military Aviator Sunglasses (UV400) (Essential),"<p>High-demand Fossil Style Fossil Style Polarized Military Aviator Sunglasses (UV400) (Essential). Designed for superior performance, comfort and style. Sourced with USPS express air shipping (7-10 days).</p>",Fossil Style,accessories,accessories,"accessories, accessories, unisex, dropshipping, bestseller",true,Color,Gold / Gradient Brown,Size,Standard Frame,SY-SY-PROD-3090,500,shopify,19,deny,manual,46.42,75.95,true,true,https://images.unsplash.com/photo-1524805444758-089113d48a6d?auto=format&fit=crop&w=800&q=80,1,active
caprese-luxe-automatic-skeleton-mechanical-luxury-wristwatch-pro,Caprese Luxe Automatic Skeleton Mechanical Luxury Wristwatch (Pro),"<p>High-demand Caprese Luxe Caprese Luxe Automatic Skeleton Mechanical Luxury Wristwatch (Pro). Designed for superior performance, comfort and style. Sourced with USPS express air shipping (7-10 days).</p>",Caprese Luxe,accessories,accessories,"accessories, accessories, unisex, dropshipping, bestseller",true,Color,Rose Gold Leather,Size,42mm Case,SY-SY-PROD-3091,500,shopify,5,deny,manual,98.79,157.12,true,true,https://images.unsplash.com/photo-1627123424574-724758594e93?auto=format&fit=crop&w=800&q=80,1,active
fossil-style-water-resistant-anti-theft-business-travel-backpack-usb-port-elite,Fossil Style Water-Resistant Anti-Theft Business Travel Backpack (USB Port) (Elite),"<p>High-demand Fossil Style Fossil Style Water-Resistant Anti-Theft Business Travel Backpack (USB Port) (Elite). Designed for superior performance, comfort and style. Sourced with USPS express air shipping (7-10 days).</p>",Fossil Style,accessories,accessories,"accessories, accessories, unisex, dropshipping, bestseller",true,Color,Obsidian Black,Size,"15.6"" Laptop Fit",SY-SY-PROD-3092,500,shopify,6,deny,manual,73.16,117.40,true,true,https://images.unsplash.com/photo-1553062407-98eeb64c6a62?auto=format&fit=crop&w=800&q=80,1,active
caprese-luxe-vegan-saffiano-leather-structured-shoulder-tote-bag-classic,Caprese Luxe Vegan Saffiano Leather Structured Shoulder Tote Bag (Classic),"<p>High-demand Caprese Luxe Caprese Luxe Vegan Saffiano Leather Structured Shoulder Tote Bag (Classic). Designed for superior performance, comfort and style. Sourced with USPS express air shipping (7-10 days).</p>",Caprese Luxe,accessories,accessories,"accessories, accessories, unisex, dropshipping, bestseller",true,Color,Nude Tan,Size,"Large 14"" Capacity",SY-SY-PROD-3093,500,shopify,7,deny,manual,61.53,99.37,true,true,https://images.unsplash.com/photo-1522335789203-aabd1fc54bc9?auto=format&fit=crop&w=800&q=80,1,active
fossil-style-reversible-genuine-full-grain-leather-dress-belt-series-2,Fossil Style Reversible Genuine Full-Grain Leather Dress Belt (Series 2),"<p>High-demand Fossil Style Fossil Style Reversible Genuine Full-Grain Leather Dress Belt (Series 2). Designed for superior performance, comfort and style. Sourced with USPS express air shipping (7-10 days).</p>",Fossil Style,accessories,accessories,"accessories, accessories, unisex, dropshipping, bestseller",true,Color,Black / Cognac Dual Tone,Size,32,SY-SY-PROD-3094,500,shopify,8,deny,manual,27.90,47.24,true,true,https://images.unsplash.com/photo-1511499767150-a48a237f0083?auto=format&fit=crop&w=800&q=80,1,active
caprese-luxe-minimalist-18k-gold-plated-herringbone-chain-necklace-air,Caprese Luxe Minimalist 18K Gold-Plated Herringbone Chain Necklace (Air),"<p>High-demand Caprese Luxe Caprese Luxe Minimalist 18K Gold-Plated Herringbone Chain Necklace (Air). Designed for superior performance, comfort and style. Sourced with USPS express air shipping (7-10 days).</p>",Caprese Luxe,accessories,accessories,"accessories, accessories, unisex, dropshipping, bestseller",true,Color,Polished Yellow Gold,Size,18-Inch Chain,SY-SY-PROD-3095,500,shopify,9,deny,manual,31.27,52.47,true,true,https://images.unsplash.com/photo-1524805444758-089113d48a6d?auto=format&fit=crop&w=800&q=80,1,active
fossil-style-minimalist-slim-rfid-blocking-carbon-fiber-wallet-signature,Fossil Style Minimalist Slim RFID-Blocking Carbon Fiber Wallet (Signature),"<p>High-demand Fossil Style Fossil Style Minimalist Slim RFID-Blocking Carbon Fiber Wallet (Signature). Designed for superior performance, comfort and style. Sourced with USPS express air shipping (7-10 days).</p>",Fossil Style,accessories,accessories,"accessories, accessories, unisex, dropshipping, bestseller",true,Color,Matte Carbon Black,Size,Card & Cash Clip,SY-SY-PROD-3096,500,shopify,10,deny,manual,35.64,59.24,true,true,https://images.unsplash.com/photo-1627123424574-724758594e93?auto=format&fit=crop&w=800&q=80,1,active
caprese-luxe-polarized-military-aviator-sunglasses-uv400-v2,Caprese Luxe Polarized Military Aviator Sunglasses (UV400) (V2),"<p>High-demand Caprese Luxe Caprese Luxe Polarized Military Aviator Sunglasses (UV400) (V2). Designed for superior performance, comfort and style. Sourced with USPS express air shipping (7-10 days).</p>",Caprese Luxe,accessories,accessories,"accessories, accessories, unisex, dropshipping, bestseller",true,Color,Gold / Gradient Brown,Size,Standard Frame,SY-SY-PROD-3097,500,shopify,11,deny,manual,34.01,56.72,true,true,https://images.unsplash.com/photo-1553062407-98eeb64c6a62?auto=format&fit=crop&w=800&q=80,1,active
fossil-style-automatic-skeleton-mechanical-luxury-wristwatch-luxe,Fossil Style Automatic Skeleton Mechanical Luxury Wristwatch (Luxe),"<p>High-demand Fossil Style Fossil Style Automatic Skeleton Mechanical Luxury Wristwatch (Luxe). Designed for superior performance, comfort and style. Sourced with USPS express air shipping (7-10 days).</p>",Fossil Style,accessories,accessories,"accessories, accessories, unisex, dropshipping, bestseller",true,Color,Rose Gold Leather,Size,42mm Case,SY-SY-PROD-3098,500,shopify,12,deny,manual,108.38,171.99,true,true,https://images.unsplash.com/photo-1522335789203-aabd1fc54bc9?auto=format&fit=crop&w=800&q=80,1,active
caprese-luxe-water-resistant-anti-theft-business-travel-backpack-usb-port-pure,Caprese Luxe Water-Resistant Anti-Theft Business Travel Backpack (USB Port) (Pure),"<p>High-demand Caprese Luxe Caprese Luxe Water-Resistant Anti-Theft Business Travel Backpack (USB Port) (Pure). Designed for superior performance, comfort and style. Sourced with USPS express air shipping (7-10 days).</p>",Caprese Luxe,accessories,accessories,"accessories, accessories, unisex, dropshipping, bestseller",true,Color,Obsidian Black,Size,"15.6"" Laptop Fit",SY-SY-PROD-3099,500,shopify,13,deny,manual,82.75,132.26,true,true,https://images.unsplash.com/photo-1511499767150-a48a237f0083?auto=format&fit=crop&w=800&q=80,1,active
fossil-style-vegan-saffiano-leather-structured-shoulder-tote-bag-essential,Fossil Style Vegan Saffiano Leather Structured Shoulder Tote Bag (Essential),"<p>High-demand Fossil Style Fossil Style Vegan Saffiano Leather Structured Shoulder Tote Bag (Essential). Designed for superior performance, comfort and style. Sourced with USPS express air shipping (7-10 days).</p>",Fossil Style,accessories,accessories,"accessories, accessories, unisex, dropshipping, bestseller",true,Color,Nude Tan,Size,"Large 14"" Capacity",SY-SY-PROD-3100,500,shopify,14,deny,manual,71.12,114.24,true,true,https://images.unsplash.com/photo-1524805444758-089113d48a6d?auto=format&fit=crop&w=800&q=80,1,active
caprese-luxe-reversible-genuine-full-grain-leather-dress-belt-pro,Caprese Luxe Reversible Genuine Full-Grain Leather Dress Belt (Pro),"<p>High-demand Caprese Luxe Caprese Luxe Reversible Genuine Full-Grain Leather Dress Belt (Pro). Designed for superior performance, comfort and style. Sourced with USPS express air shipping (7-10 days).</p>",Caprese Luxe,accessories,accessories,"accessories, accessories, unisex, dropshipping, bestseller",true,Color,Black / Cognac Dual Tone,Size,32,SY-SY-PROD-3101,500,shopify,15,deny,manual,37.49,62.11,true,true,https://images.unsplash.com/photo-1627123424574-724758594e93?auto=format&fit=crop&w=800&q=80,1,active
fossil-style-minimalist-18k-gold-plated-herringbone-chain-necklace-elite,Fossil Style Minimalist 18K Gold-Plated Herringbone Chain Necklace (Elite),"<p>High-demand Fossil Style Fossil Style Minimalist 18K Gold-Plated Herringbone Chain Necklace (Elite). Designed for superior performance, comfort and style. Sourced with USPS express air shipping (7-10 days).</p>",Fossil Style,accessories,accessories,"accessories, accessories, unisex, dropshipping, bestseller",true,Color,Polished Yellow Gold,Size,18-Inch Chain,SY-SY-PROD-3102,500,shopify,16,deny,manual,23.86,40.98,true,true,https://images.unsplash.com/photo-1553062407-98eeb64c6a62?auto=format&fit=crop&w=800&q=80,1,active
caprese-luxe-minimalist-slim-rfid-blocking-carbon-fiber-wallet-classic,Caprese Luxe Minimalist Slim RFID-Blocking Carbon Fiber Wallet (Classic),"<p>High-demand Caprese Luxe Caprese Luxe Minimalist Slim RFID-Blocking Carbon Fiber Wallet (Classic). Designed for superior performance, comfort and style. Sourced with USPS express air shipping (7-10 days).</p>",Caprese Luxe,accessories,accessories,"accessories, accessories, unisex, dropshipping, bestseller",true,Color,Matte Carbon Black,Size,Card & Cash Clip,SY-SY-PROD-3103,500,shopify,17,deny,manual,28.23,47.76,true,true,https://images.unsplash.com/photo-1522335789203-aabd1fc54bc9?auto=format&fit=crop&w=800&q=80,1,active
fossil-style-polarized-military-aviator-sunglasses-uv400-series-2,Fossil Style Polarized Military Aviator Sunglasses (UV400) (Series 2),"<p>High-demand Fossil Style Fossil Style Polarized Military Aviator Sunglasses (UV400) (Series 2). Designed for superior performance, comfort and style. Sourced with USPS express air shipping (7-10 days).</p>",Fossil Style,accessories,accessories,"accessories, accessories, unisex, dropshipping, bestseller",true,Color,Gold / Gradient Brown,Size,Standard Frame,SY-SY-PROD-3104,500,shopify,18,deny,manual,43.60,71.58,true,true,https://images.unsplash.com/photo-1511499767150-a48a237f0083?auto=format&fit=crop&w=800&q=80,1,active
caprese-luxe-automatic-skeleton-mechanical-luxury-wristwatch-air,Caprese Luxe Automatic Skeleton Mechanical Luxury Wristwatch (Air),"<p>High-demand Caprese Luxe Caprese Luxe Automatic Skeleton Mechanical Luxury Wristwatch (Air). Designed for superior performance, comfort and style. Sourced with USPS express air shipping (7-10 days).</p>",Caprese Luxe,accessories,accessories,"accessories, accessories, unisex, dropshipping, bestseller",true,Color,Rose Gold Leather,Size,42mm Case,SY-SY-PROD-3105,500,shopify,19,deny,manual,117.97,186.85,true,true,https://images.unsplash.com/photo-1524805444758-089113d48a6d?auto=format&fit=crop&w=800&q=80,1,active
fossil-style-water-resistant-anti-theft-business-travel-backpack-usb-port-signature,Fossil Style Water-Resistant Anti-Theft Business Travel Backpack (USB Port) (Signature),"<p>High-demand Fossil Style Fossil Style Water-Resistant Anti-Theft Business Travel Backpack (USB Port) (Signature). Designed for superior performance, comfort and style. Sourced with USPS express air shipping (7-10 days).</p>",Fossil Style,accessories,accessories,"accessories, accessories, unisex, dropshipping, bestseller",true,Color,Obsidian Black,Size,"15.6"" Laptop Fit",SY-SY-PROD-3106,500,shopify,5,deny,manual,54.34,88.23,true,true,https://images.unsplash.com/photo-1627123424574-724758594e93?auto=format&fit=crop&w=800&q=80,1,active
caprese-luxe-vegan-saffiano-leather-structured-shoulder-tote-bag-v2,Caprese Luxe Vegan Saffiano Leather Structured Shoulder Tote Bag (V2),"<p>High-demand Caprese Luxe Caprese Luxe Vegan Saffiano Leather Structured Shoulder Tote Bag (V2). Designed for superior performance, comfort and style. Sourced with USPS express air shipping (7-10 days).</p>",Caprese Luxe,accessories,accessories,"accessories, accessories, unisex, dropshipping, bestseller",true,Color,Nude Tan,Size,"Large 14"" Capacity",SY-SY-PROD-3107,500,shopify,6,deny,manual,45.71,74.85,true,true,https://images.unsplash.com/photo-1553062407-98eeb64c6a62?auto=format&fit=crop&w=800&q=80,1,active
fossil-style-reversible-genuine-full-grain-leather-dress-belt-luxe,Fossil Style Reversible Genuine Full-Grain Leather Dress Belt (Luxe),"<p>High-demand Fossil Style Fossil Style Reversible Genuine Full-Grain Leather Dress Belt (Luxe). Designed for superior performance, comfort and style. Sourced with USPS express air shipping (7-10 days).</p>",Fossil Style,accessories,accessories,"accessories, accessories, unisex, dropshipping, bestseller",true,Color,Black / Cognac Dual Tone,Size,32,SY-SY-PROD-3108,500,shopify,7,deny,manual,32.08,53.72,true,true,https://images.unsplash.com/photo-1522335789203-aabd1fc54bc9?auto=format&fit=crop&w=800&q=80,1,active
caprese-luxe-minimalist-18k-gold-plated-herringbone-chain-necklace-pure,Caprese Luxe Minimalist 18K Gold-Plated Herringbone Chain Necklace (Pure),"<p>High-demand Caprese Luxe Caprese Luxe Minimalist 18K Gold-Plated Herringbone Chain Necklace (Pure). Designed for superior performance, comfort and style. Sourced with USPS express air shipping (7-10 days).</p>",Caprese Luxe,accessories,accessories,"accessories, accessories, unisex, dropshipping, bestseller",true,Color,Polished Yellow Gold,Size,18-Inch Chain,SY-SY-PROD-3109,500,shopify,8,deny,manual,33.45,55.85,true,true,https://images.unsplash.com/photo-1511499767150-a48a237f0083?auto=format&fit=crop&w=800&q=80,1,active
fossil-style-minimalist-slim-rfid-blocking-carbon-fiber-wallet-essential,Fossil Style Minimalist Slim RFID-Blocking Carbon Fiber Wallet (Essential),"<p>High-demand Fossil Style Fossil Style Minimalist Slim RFID-Blocking Carbon Fiber Wallet (Essential). Designed for superior performance, comfort and style. Sourced with USPS express air shipping (7-10 days).</p>",Fossil Style,accessories,accessories,"accessories, accessories, unisex, dropshipping, bestseller",true,Color,Matte Carbon Black,Size,Card & Cash Clip,SY-SY-PROD-3110,500,shopify,9,deny,manual,37.82,62.62,true,true,https://images.unsplash.com/photo-1524805444758-089113d48a6d?auto=format&fit=crop&w=800&q=80,1,active
caprese-luxe-polarized-military-aviator-sunglasses-uv400-pro,Caprese Luxe Polarized Military Aviator Sunglasses (UV400) (Pro),"<p>High-demand Caprese Luxe Caprese Luxe Polarized Military Aviator Sunglasses (UV400) (Pro). Designed for superior performance, comfort and style. Sourced with USPS express air shipping (7-10 days).</p>",Caprese Luxe,accessories,accessories,"accessories, accessories, unisex, dropshipping, bestseller",true,Color,Gold / Gradient Brown,Size,Standard Frame,SY-SY-PROD-3111,500,shopify,10,deny,manual,31.19,52.34,true,true,https://images.unsplash.com/photo-1627123424574-724758594e93?auto=format&fit=crop&w=800&q=80,1,active
fossil-style-automatic-skeleton-mechanical-luxury-wristwatch-elite,Fossil Style Automatic Skeleton Mechanical Luxury Wristwatch (Elite),"<p>High-demand Fossil Style Fossil Style Automatic Skeleton Mechanical Luxury Wristwatch (Elite). Designed for superior performance, comfort and style. Sourced with USPS express air shipping (7-10 days).</p>",Fossil Style,accessories,accessories,"accessories, accessories, unisex, dropshipping, bestseller",true,Color,Rose Gold Leather,Size,42mm Case,SY-SY-PROD-3112,500,shopify,11,deny,manual,127.56,201.72,true,true,https://images.unsplash.com/photo-1553062407-98eeb64c6a62?auto=format&fit=crop&w=800&q=80,1,active
caprese-luxe-water-resistant-anti-theft-business-travel-backpack-usb-port-classic,Caprese Luxe Water-Resistant Anti-Theft Business Travel Backpack (USB Port) (Classic),"<p>High-demand Caprese Luxe Caprese Luxe Water-Resistant Anti-Theft Business Travel Backpack (USB Port) (Classic). Designed for superior performance, comfort and style. Sourced with USPS express air shipping (7-10 days).</p>",Caprese Luxe,accessories,accessories,"accessories, accessories, unisex, dropshipping, bestseller",true,Color,Obsidian Black,Size,"15.6"" Laptop Fit",SY-SY-PROD-3113,500,shopify,12,deny,manual,63.93,103.09,true,true,https://images.unsplash.com/photo-1522335789203-aabd1fc54bc9?auto=format&fit=crop&w=800&q=80,1,active
fossil-style-vegan-saffiano-leather-structured-shoulder-tote-bag-series-2,Fossil Style Vegan Saffiano Leather Structured Shoulder Tote Bag (Series 2),"<p>High-demand Fossil Style Fossil Style Vegan Saffiano Leather Structured Shoulder Tote Bag (Series 2). Designed for superior performance, comfort and style. Sourced with USPS express air shipping (7-10 days).</p>",Fossil Style,accessories,accessories,"accessories, accessories, unisex, dropshipping, bestseller",true,Color,Nude Tan,Size,"Large 14"" Capacity",SY-SY-PROD-3114,500,shopify,13,deny,manual,55.30,89.72,true,true,https://images.unsplash.com/photo-1511499767150-a48a237f0083?auto=format&fit=crop&w=800&q=80,1,active
caprese-luxe-reversible-genuine-full-grain-leather-dress-belt-air,Caprese Luxe Reversible Genuine Full-Grain Leather Dress Belt (Air),"<p>High-demand Caprese Luxe Caprese Luxe Reversible Genuine Full-Grain Leather Dress Belt (Air). Designed for superior performance, comfort and style. Sourced with USPS express air shipping (7-10 days).</p>",Caprese Luxe,accessories,accessories,"accessories, accessories, unisex, dropshipping, bestseller",true,Color,Black / Cognac Dual Tone,Size,32,SY-SY-PROD-3115,500,shopify,14,deny,manual,26.67,45.34,true,true,https://images.unsplash.com/photo-1524805444758-089113d48a6d?auto=format&fit=crop&w=800&q=80,1,active
fossil-style-minimalist-18k-gold-plated-herringbone-chain-necklace-signature,Fossil Style Minimalist 18K Gold-Plated Herringbone Chain Necklace (Signature),"<p>High-demand Fossil Style Fossil Style Minimalist 18K Gold-Plated Herringbone Chain Necklace (Signature). Designed for superior performance, comfort and style. Sourced with USPS express air shipping (7-10 days).</p>",Fossil Style,accessories,accessories,"accessories, accessories, unisex, dropshipping, bestseller",true,Color,Polished Yellow Gold,Size,18-Inch Chain,SY-SY-PROD-3116,500,shopify,15,deny,manual,26.04,44.36,true,true,https://images.unsplash.com/photo-1627123424574-724758594e93?auto=format&fit=crop&w=800&q=80,1,active
caprese-luxe-minimalist-slim-rfid-blocking-carbon-fiber-wallet-v2,Caprese Luxe Minimalist Slim RFID-Blocking Carbon Fiber Wallet (V2),"<p>High-demand Caprese Luxe Caprese Luxe Minimalist Slim RFID-Blocking Carbon Fiber Wallet (V2). Designed for superior performance, comfort and style. Sourced with USPS express air shipping (7-10 days).</p>",Caprese Luxe,accessories,accessories,"accessories, accessories, unisex, dropshipping, bestseller",true,Color,Matte Carbon Black,Size,Card & Cash Clip,SY-SY-PROD-3117,500,shopify,16,deny,manual,30.41,51.14,true,true,https://images.unsplash.com/photo-1553062407-98eeb64c6a62?auto=format&fit=crop&w=800&q=80,1,active
fossil-style-polarized-military-aviator-sunglasses-uv400-luxe,Fossil Style Polarized Military Aviator Sunglasses (UV400) (Luxe),"<p>High-demand Fossil Style Fossil Style Polarized Military Aviator Sunglasses (UV400) (Luxe). Designed for superior performance, comfort and style. Sourced with USPS express air shipping (7-10 days).</p>",Fossil Style,accessories,accessories,"accessories, accessories, unisex, dropshipping, bestseller",true,Color,Gold / Gradient Brown,Size,Standard Frame,SY-SY-PROD-3118,500,shopify,17,deny,manual,40.78,67.21,true,true,https://images.unsplash.com/photo-1522335789203-aabd1fc54bc9?auto=format&fit=crop&w=800&q=80,1,active
caprese-luxe-automatic-skeleton-mechanical-luxury-wristwatch-pure,Caprese Luxe Automatic Skeleton Mechanical Luxury Wristwatch (Pure),"<p>High-demand Caprese Luxe Caprese Luxe Automatic Skeleton Mechanical Luxury Wristwatch (Pure). Designed for superior performance, comfort and style. Sourced with USPS express air shipping (7-10 days).</p>",Caprese Luxe,accessories,accessories,"accessories, accessories, unisex, dropshipping, bestseller",true,Color,Rose Gold Leather,Size,42mm Case,SY-SY-PROD-3119,500,shopify,18,deny,manual,77.15,123.58,true,true,https://images.unsplash.com/photo-1511499767150-a48a237f0083?auto=format&fit=crop&w=800&q=80,1,active
fossil-style-water-resistant-anti-theft-business-travel-backpack-usb-port-essential,Fossil Style Water-Resistant Anti-Theft Business Travel Backpack (USB Port) (Essential),"<p>High-demand Fossil Style Fossil Style Water-Resistant Anti-Theft Business Travel Backpack (USB Port) (Essential). Designed for superior performance, comfort and style. Sourced with USPS express air shipping (7-10 days).</p>",Fossil Style,accessories,accessories,"accessories, accessories, unisex, dropshipping, bestseller",true,Color,Obsidian Black,Size,"15.6"" Laptop Fit",SY-SY-PROD-3120,500,shopify,19,deny,manual,73.52,117.96,true,true,https://images.unsplash.com/photo-1524805444758-089113d48a6d?auto=format&fit=crop&w=800&q=80,1,active
caprese-luxe-vegan-saffiano-leather-structured-shoulder-tote-bag-pro,Caprese Luxe Vegan Saffiano Leather Structured Shoulder Tote Bag (Pro),"<p>High-demand Caprese Luxe Caprese Luxe Vegan Saffiano Leather Structured Shoulder Tote Bag (Pro). Designed for superior performance, comfort and style. Sourced with USPS express air shipping (7-10 days).</p>",Caprese Luxe,accessories,accessories,"accessories, accessories, unisex, dropshipping, bestseller",true,Color,Nude Tan,Size,"Large 14"" Capacity",SY-SY-PROD-3121,500,shopify,5,deny,manual,64.89,104.58,true,true,https://images.unsplash.com/photo-1627123424574-724758594e93?auto=format&fit=crop&w=800&q=80,1,active
fossil-style-reversible-genuine-full-grain-leather-dress-belt-elite,Fossil Style Reversible Genuine Full-Grain Leather Dress Belt (Elite),"<p>High-demand Fossil Style Fossil Style Reversible Genuine Full-Grain Leather Dress Belt (Elite). Designed for superior performance, comfort and style. Sourced with USPS express air shipping (7-10 days).</p>",Fossil Style,accessories,accessories,"accessories, accessories, unisex, dropshipping, bestseller",true,Color,Black / Cognac Dual Tone,Size,32,SY-SY-PROD-3122,500,shopify,6,deny,manual,36.26,60.20,true,true,https://images.unsplash.com/photo-1553062407-98eeb64c6a62?auto=format&fit=crop&w=800&q=80,1,active
caprese-luxe-minimalist-18k-gold-plated-herringbone-chain-necklace-classic,Caprese Luxe Minimalist 18K Gold-Plated Herringbone Chain Necklace (Classic),"<p>High-demand Caprese Luxe Caprese Luxe Minimalist 18K Gold-Plated Herringbone Chain Necklace (Classic). Designed for superior performance, comfort and style. Sourced with USPS express air shipping (7-10 days).</p>",Caprese Luxe,accessories,accessories,"accessories, accessories, unisex, dropshipping, bestseller",true,Color,Polished Yellow Gold,Size,18-Inch Chain,SY-SY-PROD-3123,500,shopify,7,deny,manual,35.63,59.23,true,true,https://images.unsplash.com/photo-1522335789203-aabd1fc54bc9?auto=format&fit=crop&w=800&q=80,1,active
fossil-style-minimalist-slim-rfid-blocking-carbon-fiber-wallet-series-2,Fossil Style Minimalist Slim RFID-Blocking Carbon Fiber Wallet (Series 2),"<p>High-demand Fossil Style Fossil Style Minimalist Slim RFID-Blocking Carbon Fiber Wallet (Series 2). Designed for superior performance, comfort and style. Sourced with USPS express air shipping (7-10 days).</p>",Fossil Style,accessories,accessories,"accessories, accessories, unisex, dropshipping, bestseller",true,Color,Matte Carbon Black,Size,Card & Cash Clip,SY-SY-PROD-3124,500,shopify,8,deny,manual,23.00,39.65,true,true,https://images.unsplash.com/photo-1511499767150-a48a237f0083?auto=format&fit=crop&w=800&q=80,1,active
caprese-luxe-polarized-military-aviator-sunglasses-uv400-air,Caprese Luxe Polarized Military Aviator Sunglasses (UV400) (Air),"<p>High-demand Caprese Luxe Caprese Luxe Polarized Military Aviator Sunglasses (UV400) (Air). Designed for superior performance, comfort and style. Sourced with USPS express air shipping (7-10 days).</p>",Caprese Luxe,accessories,accessories,"accessories, accessories, unisex, dropshipping, bestseller",true,Color,Gold / Gradient Brown,Size,Standard Frame,SY-SY-PROD-3125,500,shopify,9,deny,manual,28.37,47.97,true,true,https://images.unsplash.com/photo-1524805444758-089113d48a6d?auto=format&fit=crop&w=800&q=80,1,active
fossil-style-automatic-skeleton-mechanical-luxury-wristwatch-signature,Fossil Style Automatic Skeleton Mechanical Luxury Wristwatch (Signature),"<p>High-demand Fossil Style Fossil Style Automatic Skeleton Mechanical Luxury Wristwatch (Signature). Designed for superior performance, comfort and style. Sourced with USPS express air shipping (7-10 days).</p>",Fossil Style,accessories,accessories,"accessories, accessories, unisex, dropshipping, bestseller",true,Color,Rose Gold Leather,Size,42mm Case,SY-SY-PROD-3126,500,shopify,10,deny,manual,86.74,138.45,true,true,https://images.unsplash.com/photo-1627123424574-724758594e93?auto=format&fit=crop&w=800&q=80,1,active
caprese-luxe-water-resistant-anti-theft-business-travel-backpack-usb-port-v2,Caprese Luxe Water-Resistant Anti-Theft Business Travel Backpack (USB Port) (V2),"<p>High-demand Caprese Luxe Caprese Luxe Water-Resistant Anti-Theft Business Travel Backpack (USB Port) (V2). Designed for superior performance, comfort and style. Sourced with USPS express air shipping (7-10 days).</p>",Caprese Luxe,accessories,accessories,"accessories, accessories, unisex, dropshipping, bestseller",true,Color,Obsidian Black,Size,"15.6"" Laptop Fit",SY-SY-PROD-3127,500,shopify,11,deny,manual,83.11,132.82,true,true,https://images.unsplash.com/photo-1553062407-98eeb64c6a62?auto=format&fit=crop&w=800&q=80,1,active
fossil-style-vegan-saffiano-leather-structured-shoulder-tote-bag-luxe,Fossil Style Vegan Saffiano Leather Structured Shoulder Tote Bag (Luxe),"<p>High-demand Fossil Style Fossil Style Vegan Saffiano Leather Structured Shoulder Tote Bag (Luxe). Designed for superior performance, comfort and style. Sourced with USPS express air shipping (7-10 days).</p>",Fossil Style,accessories,accessories,"accessories, accessories, unisex, dropshipping, bestseller",true,Color,Nude Tan,Size,"Large 14"" Capacity",SY-SY-PROD-3128,500,shopify,12,deny,manual,74.48,119.44,true,true,https://images.unsplash.com/photo-1522335789203-aabd1fc54bc9?auto=format&fit=crop&w=800&q=80,1,active
caprese-luxe-reversible-genuine-full-grain-leather-dress-belt-pure,Caprese Luxe Reversible Genuine Full-Grain Leather Dress Belt (Pure),"<p>High-demand Caprese Luxe Caprese Luxe Reversible Genuine Full-Grain Leather Dress Belt (Pure). Designed for superior performance, comfort and style. Sourced with USPS express air shipping (7-10 days).</p>",Caprese Luxe,accessories,accessories,"accessories, accessories, unisex, dropshipping, bestseller",true,Color,Black / Cognac Dual Tone,Size,32,SY-SY-PROD-3129,500,shopify,13,deny,manual,30.85,51.82,true,true,https://images.unsplash.com/photo-1511499767150-a48a237f0083?auto=format&fit=crop&w=800&q=80,1,active
fossil-style-minimalist-18k-gold-plated-herringbone-chain-necklace-essential,Fossil Style Minimalist 18K Gold-Plated Herringbone Chain Necklace (Essential),"<p>High-demand Fossil Style Fossil Style Minimalist 18K Gold-Plated Herringbone Chain Necklace (Essential). Designed for superior performance, comfort and style. Sourced with USPS express air shipping (7-10 days).</p>",Fossil Style,accessories,accessories,"accessories, accessories, unisex, dropshipping, bestseller",true,Color,Polished Yellow Gold,Size,18-Inch Chain,SY-SY-PROD-3130,500,shopify,14,deny,manual,28.22,47.74,true,true,https://images.unsplash.com/photo-1524805444758-089113d48a6d?auto=format&fit=crop&w=800&q=80,1,active
caprese-luxe-minimalist-slim-rfid-blocking-carbon-fiber-wallet-pro,Caprese Luxe Minimalist Slim RFID-Blocking Carbon Fiber Wallet (Pro),"<p>High-demand Caprese Luxe Caprese Luxe Minimalist Slim RFID-Blocking Carbon Fiber Wallet (Pro). Designed for superior performance, comfort and style. Sourced with USPS express air shipping (7-10 days).</p>",Caprese Luxe,accessories,accessories,"accessories, accessories, unisex, dropshipping, bestseller",true,Color,Matte Carbon Black,Size,Card & Cash Clip,SY-SY-PROD-3131,500,shopify,15,deny,manual,32.59,54.51,true,true,https://images.unsplash.com/photo-1627123424574-724758594e93?auto=format&fit=crop&w=800&q=80,1,active
fossil-style-polarized-military-aviator-sunglasses-uv400-elite,Fossil Style Polarized Military Aviator Sunglasses (UV400) (Elite),"<p>High-demand Fossil Style Fossil Style Polarized Military Aviator Sunglasses (UV400) (Elite). Designed for superior performance, comfort and style. Sourced with USPS express air shipping (7-10 days).</p>",Fossil Style,accessories,accessories,"accessories, accessories, unisex, dropshipping, bestseller",true,Color,Gold / Gradient Brown,Size,Standard Frame,SY-SY-PROD-3132,500,shopify,16,deny,manual,37.96,62.84,true,true,https://images.unsplash.com/photo-1553062407-98eeb64c6a62?auto=format&fit=crop&w=800&q=80,1,active
caprese-luxe-automatic-skeleton-mechanical-luxury-wristwatch-classic,Caprese Luxe Automatic Skeleton Mechanical Luxury Wristwatch (Classic),"<p>High-demand Caprese Luxe Caprese Luxe Automatic Skeleton Mechanical Luxury Wristwatch (Classic). Designed for superior performance, comfort and style. Sourced with USPS express air shipping (7-10 days).</p>",Caprese Luxe,accessories,accessories,"accessories, accessories, unisex, dropshipping, bestseller",true,Color,Rose Gold Leather,Size,42mm Case,SY-SY-PROD-3133,500,shopify,17,deny,manual,96.33,153.31,true,true,https://images.unsplash.com/photo-1522335789203-aabd1fc54bc9?auto=format&fit=crop&w=800&q=80,1,active
fossil-style-water-resistant-anti-theft-business-travel-backpack-usb-port-series-2,Fossil Style Water-Resistant Anti-Theft Business Travel Backpack (USB Port) (Series 2),"<p>High-demand Fossil Style Fossil Style Water-Resistant Anti-Theft Business Travel Backpack (USB Port) (Series 2). Designed for superior performance, comfort and style. Sourced with USPS express air shipping (7-10 days).</p>",Fossil Style,accessories,accessories,"accessories, accessories, unisex, dropshipping, bestseller",true,Color,Obsidian Black,Size,"15.6"" Laptop Fit",SY-SY-PROD-3134,500,shopify,18,deny,manual,54.70,88.79,true,true,https://images.unsplash.com/photo-1511499767150-a48a237f0083?auto=format&fit=crop&w=800&q=80,1,active
caprese-luxe-vegan-saffiano-leather-structured-shoulder-tote-bag-air,Caprese Luxe Vegan Saffiano Leather Structured Shoulder Tote Bag (Air),"<p>High-demand Caprese Luxe Caprese Luxe Vegan Saffiano Leather Structured Shoulder Tote Bag (Air). Designed for superior performance, comfort and style. Sourced with USPS express air shipping (7-10 days).</p>",Caprese Luxe,accessories,accessories,"accessories, accessories, unisex, dropshipping, bestseller",true,Color,Nude Tan,Size,"Large 14"" Capacity",SY-SY-PROD-3135,500,shopify,19,deny,manual,49.07,80.06,true,true,https://images.unsplash.com/photo-1524805444758-089113d48a6d?auto=format&fit=crop&w=800&q=80,1,active
fossil-style-reversible-genuine-full-grain-leather-dress-belt-signature,Fossil Style Reversible Genuine Full-Grain Leather Dress Belt (Signature),"<p>High-demand Fossil Style Fossil Style Reversible Genuine Full-Grain Leather Dress Belt (Signature). Designed for superior performance, comfort and style. Sourced with USPS express air shipping (7-10 days).</p>",Fossil Style,accessories,accessories,"accessories, accessories, unisex, dropshipping, bestseller",true,Color,Black / Cognac Dual Tone,Size,32,SY-SY-PROD-3136,500,shopify,5,deny,manual,25.44,43.43,true,true,https://images.unsplash.com/photo-1627123424574-724758594e93?auto=format&fit=crop&w=800&q=80,1,active
caprese-luxe-minimalist-18k-gold-plated-herringbone-chain-necklace-v2,Caprese Luxe Minimalist 18K Gold-Plated Herringbone Chain Necklace (V2),"<p>High-demand Caprese Luxe Caprese Luxe Minimalist 18K Gold-Plated Herringbone Chain Necklace (V2). Designed for superior performance, comfort and style. Sourced with USPS express air shipping (7-10 days).</p>",Caprese Luxe,accessories,accessories,"accessories, accessories, unisex, dropshipping, bestseller",true,Color,Polished Yellow Gold,Size,18-Inch Chain,SY-SY-PROD-3137,500,shopify,6,deny,manual,20.81,36.26,true,true,https://images.unsplash.com/photo-1553062407-98eeb64c6a62?auto=format&fit=crop&w=800&q=80,1,active
fossil-style-minimalist-slim-rfid-blocking-carbon-fiber-wallet-luxe,Fossil Style Minimalist Slim RFID-Blocking Carbon Fiber Wallet (Luxe),"<p>High-demand Fossil Style Fossil Style Minimalist Slim RFID-Blocking Carbon Fiber Wallet (Luxe). Designed for superior performance, comfort and style. Sourced with USPS express air shipping (7-10 days).</p>",Fossil Style,accessories,accessories,"accessories, accessories, unisex, dropshipping, bestseller",true,Color,Matte Carbon Black,Size,Card & Cash Clip,SY-SY-PROD-3138,500,shopify,7,deny,manual,25.18,43.03,true,true,https://images.unsplash.com/photo-1522335789203-aabd1fc54bc9?auto=format&fit=crop&w=800&q=80,1,active
caprese-luxe-polarized-military-aviator-sunglasses-uv400-pure,Caprese Luxe Polarized Military Aviator Sunglasses (UV400) (Pure),"<p>High-demand Caprese Luxe Caprese Luxe Polarized Military Aviator Sunglasses (UV400) (Pure). Designed for superior performance, comfort and style. Sourced with USPS express air shipping (7-10 days).</p>",Caprese Luxe,accessories,accessories,"accessories, accessories, unisex, dropshipping, bestseller",true,Color,Gold / Gradient Brown,Size,Standard Frame,SY-SY-PROD-3139,500,shopify,8,deny,manual,47.55,77.70,true,true,https://images.unsplash.com/photo-1511499767150-a48a237f0083?auto=format&fit=crop&w=800&q=80,1,active
fossil-style-automatic-skeleton-mechanical-luxury-wristwatch-essential,Fossil Style Automatic Skeleton Mechanical Luxury Wristwatch (Essential),"<p>High-demand Fossil Style Fossil Style Automatic Skeleton Mechanical Luxury Wristwatch (Essential). Designed for superior performance, comfort and style. Sourced with USPS express air shipping (7-10 days).</p>",Fossil Style,accessories,accessories,"accessories, accessories, unisex, dropshipping, bestseller",true,Color,Rose Gold Leather,Size,42mm Case,SY-SY-PROD-3140,500,shopify,9,deny,manual,105.92,168.18,true,true,https://images.unsplash.com/photo-1524805444758-089113d48a6d?auto=format&fit=crop&w=800&q=80,1,active
caprese-luxe-water-resistant-anti-theft-business-travel-backpack-usb-port-pro,Caprese Luxe Water-Resistant Anti-Theft Business Travel Backpack (USB Port) (Pro),"<p>High-demand Caprese Luxe Caprese Luxe Water-Resistant Anti-Theft Business Travel Backpack (USB Port) (Pro). Designed for superior performance, comfort and style. Sourced with USPS express air shipping (7-10 days).</p>",Caprese Luxe,accessories,accessories,"accessories, accessories, unisex, dropshipping, bestseller",true,Color,Obsidian Black,Size,"15.6"" Laptop Fit",SY-SY-PROD-3141,500,shopify,10,deny,manual,64.29,103.65,true,true,https://images.unsplash.com/photo-1627123424574-724758594e93?auto=format&fit=crop&w=800&q=80,1,active
fossil-style-vegan-saffiano-leather-structured-shoulder-tote-bag-elite,Fossil Style Vegan Saffiano Leather Structured Shoulder Tote Bag (Elite),"<p>High-demand Fossil Style Fossil Style Vegan Saffiano Leather Structured Shoulder Tote Bag (Elite). Designed for superior performance, comfort and style. Sourced with USPS express air shipping (7-10 days).</p>",Fossil Style,accessories,accessories,"accessories, accessories, unisex, dropshipping, bestseller",true,Color,Nude Tan,Size,"Large 14"" Capacity",SY-SY-PROD-3142,500,shopify,11,deny,manual,58.66,94.92,true,true,https://images.unsplash.com/photo-1553062407-98eeb64c6a62?auto=format&fit=crop&w=800&q=80,1,active
caprese-luxe-reversible-genuine-full-grain-leather-dress-belt-classic,Caprese Luxe Reversible Genuine Full-Grain Leather Dress Belt (Classic),"<p>High-demand Caprese Luxe Caprese Luxe Reversible Genuine Full-Grain Leather Dress Belt (Classic). Designed for superior performance, comfort and style. Sourced with USPS express air shipping (7-10 days).</p>",Caprese Luxe,accessories,accessories,"accessories, accessories, unisex, dropshipping, bestseller",true,Color,Black / Cognac Dual Tone,Size,32,SY-SY-PROD-3143,500,shopify,12,deny,manual,35.03,58.30,true,true,https://images.unsplash.com/photo-1522335789203-aabd1fc54bc9?auto=format&fit=crop&w=800&q=80,1,active
fossil-style-minimalist-18k-gold-plated-herringbone-chain-necklace-series-2,Fossil Style Minimalist 18K Gold-Plated Herringbone Chain Necklace (Series 2),"<p>High-demand Fossil Style Fossil Style Minimalist 18K Gold-Plated Herringbone Chain Necklace (Series 2). Designed for superior performance, comfort and style. Sourced with USPS express air shipping (7-10 days).</p>",Fossil Style,accessories,accessories,"accessories, accessories, unisex, dropshipping, bestseller",true,Color,Polished Yellow Gold,Size,18-Inch Chain,SY-SY-PROD-3144,500,shopify,13,deny,manual,30.40,51.12,true,true,https://images.unsplash.com/photo-1511499767150-a48a237f0083?auto=format&fit=crop&w=800&q=80,1,active
caprese-luxe-minimalist-slim-rfid-blocking-carbon-fiber-wallet-air,Caprese Luxe Minimalist Slim RFID-Blocking Carbon Fiber Wallet (Air),"<p>High-demand Caprese Luxe Caprese Luxe Minimalist Slim RFID-Blocking Carbon Fiber Wallet (Air). Designed for superior performance, comfort and style. Sourced with USPS express air shipping (7-10 days).</p>",Caprese Luxe,accessories,accessories,"accessories, accessories, unisex, dropshipping, bestseller",true,Color,Matte Carbon Black,Size,Card & Cash Clip,SY-SY-PROD-3145,500,shopify,14,deny,manual,34.77,57.89,true,true,https://images.unsplash.com/photo-1524805444758-089113d48a6d?auto=format&fit=crop&w=800&q=80,1,active
fossil-style-polarized-military-aviator-sunglasses-uv400-signature,Fossil Style Polarized Military Aviator Sunglasses (UV400) (Signature),"<p>High-demand Fossil Style Fossil Style Polarized Military Aviator Sunglasses (UV400) (Signature). Designed for superior performance, comfort and style. Sourced with USPS express air shipping (7-10 days).</p>",Fossil Style,accessories,accessories,"accessories, accessories, unisex, dropshipping, bestseller",true,Color,Gold / Gradient Brown,Size,Standard Frame,SY-SY-PROD-3146,500,shopify,15,deny,manual,35.14,58.47,true,true,https://images.unsplash.com/photo-1627123424574-724758594e93?auto=format&fit=crop&w=800&q=80,1,active
caprese-luxe-automatic-skeleton-mechanical-luxury-wristwatch-v2,Caprese Luxe Automatic Skeleton Mechanical Luxury Wristwatch (V2),"<p>High-demand Caprese Luxe Caprese Luxe Automatic Skeleton Mechanical Luxury Wristwatch (V2). Designed for superior performance, comfort and style. Sourced with USPS express air shipping (7-10 days).</p>",Caprese Luxe,accessories,accessories,"accessories, accessories, unisex, dropshipping, bestseller",true,Color,Rose Gold Leather,Size,42mm Case,SY-SY-PROD-3147,500,shopify,16,deny,manual,115.51,183.04,true,true,https://images.unsplash.com/photo-1553062407-98eeb64c6a62?auto=format&fit=crop&w=800&q=80,1,active
fossil-style-water-resistant-anti-theft-business-travel-backpack-usb-port-luxe,Fossil Style Water-Resistant Anti-Theft Business Travel Backpack (USB Port) (Luxe),"<p>High-demand Fossil Style Fossil Style Water-Resistant Anti-Theft Business Travel Backpack (USB Port) (Luxe). Designed for superior performance, comfort and style. Sourced with USPS express air shipping (7-10 days).</p>",Fossil Style,accessories,accessories,"accessories, accessories, unisex, dropshipping, bestseller",true,Color,Obsidian Black,Size,"15.6"" Laptop Fit",SY-SY-PROD-3148,500,shopify,17,deny,manual,73.88,118.51,true,true,https://images.unsplash.com/photo-1522335789203-aabd1fc54bc9?auto=format&fit=crop&w=800&q=80,1,active
caprese-luxe-vegan-saffiano-leather-structured-shoulder-tote-bag-pure,Caprese Luxe Vegan Saffiano Leather Structured Shoulder Tote Bag (Pure),"<p>High-demand Caprese Luxe Caprese Luxe Vegan Saffiano Leather Structured Shoulder Tote Bag (Pure). Designed for superior performance, comfort and style. Sourced with USPS express air shipping (7-10 days).</p>",Caprese Luxe,accessories,accessories,"accessories, accessories, unisex, dropshipping, bestseller",true,Color,Nude Tan,Size,"Large 14"" Capacity",SY-SY-PROD-3149,500,shopify,18,deny,manual,68.25,109.79,true,true,https://images.unsplash.com/photo-1511499767150-a48a237f0083?auto=format&fit=crop&w=800&q=80,1,active
fossil-style-reversible-genuine-full-grain-leather-dress-belt-essential,Fossil Style Reversible Genuine Full-Grain Leather Dress Belt (Essential),"<p>High-demand Fossil Style Fossil Style Reversible Genuine Full-Grain Leather Dress Belt (Essential). Designed for superior performance, comfort and style. Sourced with USPS express air shipping (7-10 days).</p>",Fossil Style,accessories,accessories,"accessories, accessories, unisex, dropshipping, bestseller",true,Color,Black / Cognac Dual Tone,Size,32,SY-SY-PROD-3150,500,shopify,19,deny,manual,29.62,49.91,true,true,https://images.unsplash.com/photo-1524805444758-089113d48a6d?auto=format&fit=crop&w=800&q=80,1,active
caprese-luxe-minimalist-18k-gold-plated-herringbone-chain-necklace-pro,Caprese Luxe Minimalist 18K Gold-Plated Herringbone Chain Necklace (Pro),"<p>High-demand Caprese Luxe Caprese Luxe Minimalist 18K Gold-Plated Herringbone Chain Necklace (Pro). Designed for superior performance, comfort and style. Sourced with USPS express air shipping (7-10 days).</p>",Caprese Luxe,accessories,accessories,"accessories, accessories, unisex, dropshipping, bestseller",true,Color,Polished Yellow Gold,Size,18-Inch Chain,SY-SY-PROD-3151,500,shopify,5,deny,manual,22.99,39.63,true,true,https://images.unsplash.com/photo-1627123424574-724758594e93?auto=format&fit=crop&w=800&q=80,1,active
fossil-style-minimalist-slim-rfid-blocking-carbon-fiber-wallet-elite,Fossil Style Minimalist Slim RFID-Blocking Carbon Fiber Wallet (Elite),"<p>High-demand Fossil Style Fossil Style Minimalist Slim RFID-Blocking Carbon Fiber Wallet (Elite). Designed for superior performance, comfort and style. Sourced with USPS express air shipping (7-10 days).</p>",Fossil Style,accessories,accessories,"accessories, accessories, unisex, dropshipping, bestseller",true,Color,Matte Carbon Black,Size,Card & Cash Clip,SY-SY-PROD-3152,500,shopify,6,deny,manual,27.36,46.41,true,true,https://images.unsplash.com/photo-1553062407-98eeb64c6a62?auto=format&fit=crop&w=800&q=80,1,active
caprese-luxe-polarized-military-aviator-sunglasses-uv400-classic,Caprese Luxe Polarized Military Aviator Sunglasses (UV400) (Classic),"<p>High-demand Caprese Luxe Caprese Luxe Polarized Military Aviator Sunglasses (UV400) (Classic). Designed for superior performance, comfort and style. Sourced with USPS express air shipping (7-10 days).</p>",Caprese Luxe,accessories,accessories,"accessories, accessories, unisex, dropshipping, bestseller",true,Color,Gold / Gradient Brown,Size,Standard Frame,SY-SY-PROD-3153,500,shopify,7,deny,manual,44.73,73.33,true,true,https://images.unsplash.com/photo-1522335789203-aabd1fc54bc9?auto=format&fit=crop&w=800&q=80,1,active
fossil-style-automatic-skeleton-mechanical-luxury-wristwatch-series-2,Fossil Style Automatic Skeleton Mechanical Luxury Wristwatch (Series 2),"<p>High-demand Fossil Style Fossil Style Automatic Skeleton Mechanical Luxury Wristwatch (Series 2). Designed for superior performance, comfort and style. Sourced with USPS express air shipping (7-10 days).</p>",Fossil Style,accessories,accessories,"accessories, accessories, unisex, dropshipping, bestseller",true,Color,Rose Gold Leather,Size,42mm Case,SY-SY-PROD-3154,500,shopify,8,deny,manual,125.10,197.91,true,true,https://images.unsplash.com/photo-1511499767150-a48a237f0083?auto=format&fit=crop&w=800&q=80,1,active
caprese-luxe-water-resistant-anti-theft-business-travel-backpack-usb-port-air,Caprese Luxe Water-Resistant Anti-Theft Business Travel Backpack (USB Port) (Air),"<p>High-demand Caprese Luxe Caprese Luxe Water-Resistant Anti-Theft Business Travel Backpack (USB Port) (Air). Designed for superior performance, comfort and style. Sourced with USPS express air shipping (7-10 days).</p>",Caprese Luxe,accessories,accessories,"accessories, accessories, unisex, dropshipping, bestseller",true,Color,Obsidian Black,Size,"15.6"" Laptop Fit",SY-SY-PROD-3155,500,shopify,9,deny,manual,83.47,133.38,true,true,https://images.unsplash.com/photo-1524805444758-089113d48a6d?auto=format&fit=crop&w=800&q=80,1,active
fossil-style-vegan-saffiano-leather-structured-shoulder-tote-bag-signature,Fossil Style Vegan Saffiano Leather Structured Shoulder Tote Bag (Signature),"<p>High-demand Fossil Style Fossil Style Vegan Saffiano Leather Structured Shoulder Tote Bag (Signature). Designed for superior performance, comfort and style. Sourced with USPS express air shipping (7-10 days).</p>",Fossil Style,accessories,accessories,"accessories, accessories, unisex, dropshipping, bestseller",true,Color,Nude Tan,Size,"Large 14"" Capacity",SY-SY-PROD-3156,500,shopify,10,deny,manual,77.84,124.65,true,true,https://images.unsplash.com/photo-1627123424574-724758594e93?auto=format&fit=crop&w=800&q=80,1,active
caprese-luxe-reversible-genuine-full-grain-leather-dress-belt-v2,Caprese Luxe Reversible Genuine Full-Grain Leather Dress Belt (V2),"<p>High-demand Caprese Luxe Caprese Luxe Reversible Genuine Full-Grain Leather Dress Belt (V2). Designed for superior performance, comfort and style. Sourced with USPS express air shipping (7-10 days).</p>",Caprese Luxe,accessories,accessories,"accessories, accessories, unisex, dropshipping, bestseller",true,Color,Black / Cognac Dual Tone,Size,32,SY-SY-PROD-3157,500,shopify,11,deny,manual,39.21,64.78,true,true,https://images.unsplash.com/photo-1553062407-98eeb64c6a62?auto=format&fit=crop&w=800&q=80,1,active
fossil-style-minimalist-18k-gold-plated-herringbone-chain-necklace-luxe,Fossil Style Minimalist 18K Gold-Plated Herringbone Chain Necklace (Luxe),"<p>High-demand Fossil Style Fossil Style Minimalist 18K Gold-Plated Herringbone Chain Necklace (Luxe). Designed for superior performance, comfort and style. Sourced with USPS express air shipping (7-10 days).</p>",Fossil Style,accessories,accessories,"accessories, accessories, unisex, dropshipping, bestseller",true,Color,Polished Yellow Gold,Size,18-Inch Chain,SY-SY-PROD-3158,500,shopify,12,deny,manual,32.58,54.50,true,true,https://images.unsplash.com/photo-1522335789203-aabd1fc54bc9?auto=format&fit=crop&w=800&q=80,1,active
caprese-luxe-minimalist-slim-rfid-blocking-carbon-fiber-wallet-pure,Caprese Luxe Minimalist Slim RFID-Blocking Carbon Fiber Wallet (Pure),"<p>High-demand Caprese Luxe Caprese Luxe Minimalist Slim RFID-Blocking Carbon Fiber Wallet (Pure). Designed for superior performance, comfort and style. Sourced with USPS express air shipping (7-10 days).</p>",Caprese Luxe,accessories,accessories,"accessories, accessories, unisex, dropshipping, bestseller",true,Color,Matte Carbon Black,Size,Card & Cash Clip,SY-SY-PROD-3159,500,shopify,13,deny,manual,36.95,61.27,true,true,https://images.unsplash.com/photo-1511499767150-a48a237f0083?auto=format&fit=crop&w=800&q=80,1,active
fossil-style-polarized-military-aviator-sunglasses-uv400-essential,Fossil Style Polarized Military Aviator Sunglasses (UV400) (Essential),"<p>High-demand Fossil Style Fossil Style Polarized Military Aviator Sunglasses (UV400) (Essential). Designed for superior performance, comfort and style. Sourced with USPS express air shipping (7-10 days).</p>",Fossil Style,accessories,accessories,"accessories, accessories, unisex, dropshipping, bestseller",true,Color,Gold / Gradient Brown,Size,Standard Frame,SY-SY-PROD-3160,500,shopify,14,deny,manual,32.32,54.10,true,true,https://images.unsplash.com/photo-1524805444758-089113d48a6d?auto=format&fit=crop&w=800&q=80,1,active