Handle,Title,Body (HTML),Vendor,Product Category,Type,Tags,Published,Option1 Name,Option1 Value,Option2 Name,Option2 Value,Variant SKU,Variant Grams,Variant Inventory Tracker,Variant Inventory Qty,Variant Inventory Policy,Variant Fulfillment Service,Variant Price,Variant Compare At Price,Variant Requires Shipping,Variant Taxable,Image Src,Image Position,Status
wonderstem-labs-12-in-1-solar-powered-stem-robotics-building-kit-pro,WonderStem Labs 12-in-1 Solar Powered STEM Robotics Building Kit (Pro),"<p>High-demand WonderStem Labs WonderStem Labs 12-in-1 Solar Powered STEM Robotics Building Kit (Pro). Designed for superior performance, comfort and style. Sourced with USPS express air shipping (7-10 days).</p>",WonderStem Labs,toys,toys,"toys, toys, kids, dropshipping, bestseller",true,Color,Multi-Color Set,Size,Ages 8-14,SY-SY-PROD-2546,500,shopify,5,deny,manual,29.99,50.48,true,true,https://images.unsplash.com/photo-1566576912321-d58ddd7a6088?auto=format&fit=crop&w=800&q=80,1,active
smartsparks-100-piece-magnetic-3d-geometric-castle-tiles-elite,SmartSparks 100-Piece Magnetic 3D Geometric Castle Tiles (Elite),"<p>High-demand SmartSparks SmartSparks 100-Piece Magnetic 3D Geometric Castle Tiles (Elite). Designed for superior performance, comfort and style. Sourced with USPS express air shipping (7-10 days).</p>",SmartSparks,toys,toys,"toys, toys, kids, dropshipping, bestseller",true,Color,Rainbow Translucent,Size,100 Pieces,SY-SY-PROD-2547,500,shopify,6,deny,manual,36.36,60.36,true,true,https://images.unsplash.com/photo-1587654780291-39c9404d746b?auto=format&fit=crop&w=800&q=80,1,active
wonderstem-labs-high-speed-4wd-360-rotating-stunt-rc-car-led-wheels-classic,WonderStem Labs High-Speed 4WD 360° Rotating Stunt RC Car (LED Wheels) (Classic),"<p>High-demand WonderStem Labs WonderStem Labs High-Speed 4WD 360° Rotating Stunt RC Car (LED Wheels) (Classic). Designed for superior performance, comfort and style. Sourced with USPS express air shipping (7-10 days).</p>",WonderStem Labs,toys,toys,"toys, toys, kids, dropshipping, bestseller",true,Color,Laser Red,Size,1:16 Scale,SY-SY-PROD-2548,500,shopify,7,deny,manual,35.73,59.38,true,true,https://images.unsplash.com/photo-1596461404969-9ae70f2830c1?auto=format&fit=crop&w=800&q=80,1,active
smartsparks-smart-interactive-ai-talking-dancing-robot-toy-series-2,SmartSparks Smart Interactive AI Talking & Dancing Robot Toy (Series 2),"<p>High-demand SmartSparks SmartSparks Smart Interactive AI Talking & Dancing Robot Toy (Series 2). Designed for superior performance, comfort and style. Sourced with USPS express air shipping (7-10 days).</p>",SmartSparks,toys,toys,"toys, toys, kids, dropshipping, bestseller",true,Color,Arctic White / Blue,Size,Rechargeable,SY-SY-PROD-2549,500,shopify,8,deny,manual,43.10,70.81,true,true,https://images.unsplash.com/photo-1558060370-d644479cb6f7?auto=format&fit=crop&w=800&q=80,1,active
wonderstem-labs-360-flying-boomerang-spinner-orb-drone-air,WonderStem Labs 360° Flying Boomerang Spinner Orb Drone (Air),"<p>High-demand WonderStem Labs WonderStem Labs 360° Flying Boomerang Spinner Orb Drone (Air). Designed for superior performance, comfort and style. Sourced with USPS express air shipping (7-10 days).</p>",WonderStem Labs,toys,toys,"toys, toys, kids, dropshipping, bestseller",true,Color,Cosmic Blue,Size,Standard FlyOrb,SY-SY-PROD-2550,500,shopify,9,deny,manual,30.47,51.23,true,true,https://images.unsplash.com/photo-1515488042361-ee00e0ddd4e4?auto=format&fit=crop&w=800&q=80,1,active
smartsparks-montessori-wooden-sensory-cognitive-activity-board-signature,SmartSparks Montessori Wooden Sensory Cognitive Activity Board (Signature),"<p>High-demand SmartSparks SmartSparks Montessori Wooden Sensory Cognitive Activity Board (Signature). Designed for superior performance, comfort and style. Sourced with USPS express air shipping (7-10 days).</p>",SmartSparks,toys,toys,"toys, toys, kids, dropshipping, bestseller",true,Color,Natural Pine Wood,Size,Toddler Standard,SY-SY-PROD-2551,500,shopify,10,deny,manual,33.84,56.45,true,true,https://images.unsplash.com/photo-1566576912321-d58ddd7a6088?auto=format&fit=crop&w=800&q=80,1,active
wonderstem-labs-12-in-1-solar-powered-stem-robotics-building-kit-v2,WonderStem Labs 12-in-1 Solar Powered STEM Robotics Building Kit (V2),"<p>High-demand WonderStem Labs WonderStem Labs 12-in-1 Solar Powered STEM Robotics Building Kit (V2). Designed for superior performance, comfort and style. Sourced with USPS express air shipping (7-10 days).</p>",WonderStem Labs,toys,toys,"toys, toys, kids, dropshipping, bestseller",true,Color,Multi-Color Set,Size,Ages 8-14,SY-SY-PROD-2552,500,shopify,11,deny,manual,38.21,63.23,true,true,https://images.unsplash.com/photo-1587654780291-39c9404d746b?auto=format&fit=crop&w=800&q=80,1,active
smartsparks-100-piece-magnetic-3d-geometric-castle-tiles-luxe,SmartSparks 100-Piece Magnetic 3D Geometric Castle Tiles (Luxe),"<p>High-demand SmartSparks SmartSparks 100-Piece Magnetic 3D Geometric Castle Tiles (Luxe). Designed for superior performance, comfort and style. Sourced with USPS express air shipping (7-10 days).</p>",SmartSparks,toys,toys,"toys, toys, kids, dropshipping, bestseller",true,Color,Rainbow Translucent,Size,100 Pieces,SY-SY-PROD-2553,500,shopify,12,deny,manual,44.58,73.10,true,true,https://images.unsplash.com/photo-1596461404969-9ae70f2830c1?auto=format&fit=crop&w=800&q=80,1,active
wonderstem-labs-high-speed-4wd-360-rotating-stunt-rc-car-led-wheels-pure,WonderStem Labs High-Speed 4WD 360° Rotating Stunt RC Car (LED Wheels) (Pure),"<p>High-demand WonderStem Labs WonderStem Labs High-Speed 4WD 360° Rotating Stunt RC Car (LED Wheels) (Pure). Designed for superior performance, comfort and style. Sourced with USPS express air shipping (7-10 days).</p>",WonderStem Labs,toys,toys,"toys, toys, kids, dropshipping, bestseller",true,Color,Laser Red,Size,1:16 Scale,SY-SY-PROD-2554,500,shopify,13,deny,manual,43.95,72.12,true,true,https://images.unsplash.com/photo-1558060370-d644479cb6f7?auto=format&fit=crop&w=800&q=80,1,active
smartsparks-smart-interactive-ai-talking-dancing-robot-toy-essential,SmartSparks Smart Interactive AI Talking & Dancing Robot Toy (Essential),"<p>High-demand SmartSparks SmartSparks Smart Interactive AI Talking & Dancing Robot Toy (Essential). Designed for superior performance, comfort and style. Sourced with USPS express air shipping (7-10 days).</p>",SmartSparks,toys,toys,"toys, toys, kids, dropshipping, bestseller",true,Color,Arctic White / Blue,Size,Rechargeable,SY-SY-PROD-2555,500,shopify,14,deny,manual,51.32,83.55,true,true,https://images.unsplash.com/photo-1515488042361-ee00e0ddd4e4?auto=format&fit=crop&w=800&q=80,1,active
wonderstem-labs-360-flying-boomerang-spinner-orb-drone-pro,WonderStem Labs 360° Flying Boomerang Spinner Orb Drone (Pro),"<p>High-demand WonderStem Labs WonderStem Labs 360° Flying Boomerang Spinner Orb Drone (Pro). Designed for superior performance, comfort and style. Sourced with USPS express air shipping (7-10 days).</p>",WonderStem Labs,toys,toys,"toys, toys, kids, dropshipping, bestseller",true,Color,Cosmic Blue,Size,Standard FlyOrb,SY-SY-PROD-2556,500,shopify,15,deny,manual,38.69,63.97,true,true,https://images.unsplash.com/photo-1566576912321-d58ddd7a6088?auto=format&fit=crop&w=800&q=80,1,active
smartsparks-montessori-wooden-sensory-cognitive-activity-board-elite,SmartSparks Montessori Wooden Sensory Cognitive Activity Board (Elite),"<p>High-demand SmartSparks SmartSparks Montessori Wooden Sensory Cognitive Activity Board (Elite). Designed for superior performance, comfort and style. Sourced with USPS express air shipping (7-10 days).</p>",SmartSparks,toys,toys,"toys, toys, kids, dropshipping, bestseller",true,Color,Natural Pine Wood,Size,Toddler Standard,SY-SY-PROD-2557,500,shopify,16,deny,manual,42.06,69.19,true,true,https://images.unsplash.com/photo-1587654780291-39c9404d746b?auto=format&fit=crop&w=800&q=80,1,active
wonderstem-labs-12-in-1-solar-powered-stem-robotics-building-kit-classic,WonderStem Labs 12-in-1 Solar Powered STEM Robotics Building Kit (Classic),"<p>High-demand WonderStem Labs WonderStem Labs 12-in-1 Solar Powered STEM Robotics Building Kit (Classic). Designed for superior performance, comfort and style. Sourced with USPS express air shipping (7-10 days).</p>",WonderStem Labs,toys,toys,"toys, toys, kids, dropshipping, bestseller",true,Color,Multi-Color Set,Size,Ages 8-14,SY-SY-PROD-2558,500,shopify,17,deny,manual,46.43,75.97,true,true,https://images.unsplash.com/photo-1596461404969-9ae70f2830c1?auto=format&fit=crop&w=800&q=80,1,active
smartsparks-100-piece-magnetic-3d-geometric-castle-tiles-series-2,SmartSparks 100-Piece Magnetic 3D Geometric Castle Tiles (Series 2),"<p>High-demand SmartSparks SmartSparks 100-Piece Magnetic 3D Geometric Castle Tiles (Series 2). Designed for superior performance, comfort and style. Sourced with USPS express air shipping (7-10 days).</p>",SmartSparks,toys,toys,"toys, toys, kids, dropshipping, bestseller",true,Color,Rainbow Translucent,Size,100 Pieces,SY-SY-PROD-2559,500,shopify,18,deny,manual,52.80,85.84,true,true,https://images.unsplash.com/photo-1558060370-d644479cb6f7?auto=format&fit=crop&w=800&q=80,1,active
wonderstem-labs-high-speed-4wd-360-rotating-stunt-rc-car-led-wheels-air,WonderStem Labs High-Speed 4WD 360° Rotating Stunt RC Car (LED Wheels) (Air),"<p>High-demand WonderStem Labs WonderStem Labs High-Speed 4WD 360° Rotating Stunt RC Car (LED Wheels) (Air). Designed for superior performance, comfort and style. Sourced with USPS express air shipping (7-10 days).</p>",WonderStem Labs,toys,toys,"toys, toys, kids, dropshipping, bestseller",true,Color,Laser Red,Size,1:16 Scale,SY-SY-PROD-2560,500,shopify,19,deny,manual,52.17,84.86,true,true,https://images.unsplash.com/photo-1515488042361-ee00e0ddd4e4?auto=format&fit=crop&w=800&q=80,1,active
smartsparks-smart-interactive-ai-talking-dancing-robot-toy-signature,SmartSparks Smart Interactive AI Talking & Dancing Robot Toy (Signature),"<p>High-demand SmartSparks SmartSparks Smart Interactive AI Talking & Dancing Robot Toy (Signature). Designed for superior performance, comfort and style. Sourced with USPS express air shipping (7-10 days).</p>",SmartSparks,toys,toys,"toys, toys, kids, dropshipping, bestseller",true,Color,Arctic White / Blue,Size,Rechargeable,SY-SY-PROD-2561,500,shopify,5,deny,manual,59.54,96.29,true,true,https://images.unsplash.com/photo-1566576912321-d58ddd7a6088?auto=format&fit=crop&w=800&q=80,1,active
wonderstem-labs-360-flying-boomerang-spinner-orb-drone-v2,WonderStem Labs 360° Flying Boomerang Spinner Orb Drone (V2),"<p>High-demand WonderStem Labs WonderStem Labs 360° Flying Boomerang Spinner Orb Drone (V2). Designed for superior performance, comfort and style. Sourced with USPS express air shipping (7-10 days).</p>",WonderStem Labs,toys,toys,"toys, toys, kids, dropshipping, bestseller",true,Color,Cosmic Blue,Size,Standard FlyOrb,SY-SY-PROD-2562,500,shopify,6,deny,manual,28.91,48.81,true,true,https://images.unsplash.com/photo-1587654780291-39c9404d746b?auto=format&fit=crop&w=800&q=80,1,active
smartsparks-montessori-wooden-sensory-cognitive-activity-board-luxe,SmartSparks Montessori Wooden Sensory Cognitive Activity Board (Luxe),"<p>High-demand SmartSparks SmartSparks Montessori Wooden Sensory Cognitive Activity Board (Luxe). Designed for superior performance, comfort and style. Sourced with USPS express air shipping (7-10 days).</p>",SmartSparks,toys,toys,"toys, toys, kids, dropshipping, bestseller",true,Color,Natural Pine Wood,Size,Toddler Standard,SY-SY-PROD-2563,500,shopify,7,deny,manual,30.28,50.93,true,true,https://images.unsplash.com/photo-1596461404969-9ae70f2830c1?auto=format&fit=crop&w=800&q=80,1,active
wonderstem-labs-12-in-1-solar-powered-stem-robotics-building-kit-pure,WonderStem Labs 12-in-1 Solar Powered STEM Robotics Building Kit (Pure),"<p>High-demand WonderStem Labs WonderStem Labs 12-in-1 Solar Powered STEM Robotics Building Kit (Pure). Designed for superior performance, comfort and style. Sourced with USPS express air shipping (7-10 days).</p>",WonderStem Labs,toys,toys,"toys, toys, kids, dropshipping, bestseller",true,Color,Multi-Color Set,Size,Ages 8-14,SY-SY-PROD-2564,500,shopify,8,deny,manual,34.65,57.71,true,true,https://images.unsplash.com/photo-1558060370-d644479cb6f7?auto=format&fit=crop&w=800&q=80,1,active
smartsparks-100-piece-magnetic-3d-geometric-castle-tiles-essential,SmartSparks 100-Piece Magnetic 3D Geometric Castle Tiles (Essential),"<p>High-demand SmartSparks SmartSparks 100-Piece Magnetic 3D Geometric Castle Tiles (Essential). Designed for superior performance, comfort and style. Sourced with USPS express air shipping (7-10 days).</p>",SmartSparks,toys,toys,"toys, toys, kids, dropshipping, bestseller",true,Color,Rainbow Translucent,Size,100 Pieces,SY-SY-PROD-2565,500,shopify,9,deny,manual,36.02,59.83,true,true,https://images.unsplash.com/photo-1515488042361-ee00e0ddd4e4?auto=format&fit=crop&w=800&q=80,1,active
wonderstem-labs-high-speed-4wd-360-rotating-stunt-rc-car-led-wheels-pro,WonderStem Labs High-Speed 4WD 360° Rotating Stunt RC Car (LED Wheels) (Pro),"<p>High-demand WonderStem Labs WonderStem Labs High-Speed 4WD 360° Rotating Stunt RC Car (LED Wheels) (Pro). Designed for superior performance, comfort and style. Sourced with USPS express air shipping (7-10 days).</p>",WonderStem Labs,toys,toys,"toys, toys, kids, dropshipping, bestseller",true,Color,Laser Red,Size,1:16 Scale,SY-SY-PROD-2566,500,shopify,10,deny,manual,38.39,63.50,true,true,https://images.unsplash.com/photo-1566576912321-d58ddd7a6088?auto=format&fit=crop&w=800&q=80,1,active
smartsparks-smart-interactive-ai-talking-dancing-robot-toy-elite,SmartSparks Smart Interactive AI Talking & Dancing Robot Toy (Elite),"<p>High-demand SmartSparks SmartSparks Smart Interactive AI Talking & Dancing Robot Toy (Elite). Designed for superior performance, comfort and style. Sourced with USPS express air shipping (7-10 days).</p>",SmartSparks,toys,toys,"toys, toys, kids, dropshipping, bestseller",true,Color,Arctic White / Blue,Size,Rechargeable,SY-SY-PROD-2567,500,shopify,11,deny,manual,67.76,109.03,true,true,https://images.unsplash.com/photo-1587654780291-39c9404d746b?auto=format&fit=crop&w=800&q=80,1,active
wonderstem-labs-360-flying-boomerang-spinner-orb-drone-classic,WonderStem Labs 360° Flying Boomerang Spinner Orb Drone (Classic),"<p>High-demand WonderStem Labs WonderStem Labs 360° Flying Boomerang Spinner Orb Drone (Classic). Designed for superior performance, comfort and style. Sourced with USPS express air shipping (7-10 days).</p>",WonderStem Labs,toys,toys,"toys, toys, kids, dropshipping, bestseller",true,Color,Cosmic Blue,Size,Standard FlyOrb,SY-SY-PROD-2568,500,shopify,12,deny,manual,37.13,61.55,true,true,https://images.unsplash.com/photo-1596461404969-9ae70f2830c1?auto=format&fit=crop&w=800&q=80,1,active
smartsparks-montessori-wooden-sensory-cognitive-activity-board-series-2,SmartSparks Montessori Wooden Sensory Cognitive Activity Board (Series 2),"<p>High-demand SmartSparks SmartSparks Montessori Wooden Sensory Cognitive Activity Board (Series 2). Designed for superior performance, comfort and style. Sourced with USPS express air shipping (7-10 days).</p>",SmartSparks,toys,toys,"toys, toys, kids, dropshipping, bestseller",true,Color,Natural Pine Wood,Size,Toddler Standard,SY-SY-PROD-2569,500,shopify,13,deny,manual,38.50,63.68,true,true,https://images.unsplash.com/photo-1558060370-d644479cb6f7?auto=format&fit=crop&w=800&q=80,1,active
wonderstem-labs-12-in-1-solar-powered-stem-robotics-building-kit-air,WonderStem Labs 12-in-1 Solar Powered STEM Robotics Building Kit (Air),"<p>High-demand WonderStem Labs WonderStem Labs 12-in-1 Solar Powered STEM Robotics Building Kit (Air). Designed for superior performance, comfort and style. Sourced with USPS express air shipping (7-10 days).</p>",WonderStem Labs,toys,toys,"toys, toys, kids, dropshipping, bestseller",true,Color,Multi-Color Set,Size,Ages 8-14,SY-SY-PROD-2570,500,shopify,14,deny,manual,42.87,70.45,true,true,https://images.unsplash.com/photo-1515488042361-ee00e0ddd4e4?auto=format&fit=crop&w=800&q=80,1,active
smartsparks-100-piece-magnetic-3d-geometric-castle-tiles-signature,SmartSparks 100-Piece Magnetic 3D Geometric Castle Tiles (Signature),"<p>High-demand SmartSparks SmartSparks 100-Piece Magnetic 3D Geometric Castle Tiles (Signature). Designed for superior performance, comfort and style. Sourced with USPS express air shipping (7-10 days).</p>",SmartSparks,toys,toys,"toys, toys, kids, dropshipping, bestseller",true,Color,Rainbow Translucent,Size,100 Pieces,SY-SY-PROD-2571,500,shopify,15,deny,manual,44.24,72.57,true,true,https://images.unsplash.com/photo-1566576912321-d58ddd7a6088?auto=format&fit=crop&w=800&q=80,1,active
wonderstem-labs-high-speed-4wd-360-rotating-stunt-rc-car-led-wheels-v2,WonderStem Labs High-Speed 4WD 360° Rotating Stunt RC Car (LED Wheels) (V2),"<p>High-demand WonderStem Labs WonderStem Labs High-Speed 4WD 360° Rotating Stunt RC Car (LED Wheels) (V2). Designed for superior performance, comfort and style. Sourced with USPS express air shipping (7-10 days).</p>",WonderStem Labs,toys,toys,"toys, toys, kids, dropshipping, bestseller",true,Color,Laser Red,Size,1:16 Scale,SY-SY-PROD-2572,500,shopify,16,deny,manual,46.61,76.25,true,true,https://images.unsplash.com/photo-1587654780291-39c9404d746b?auto=format&fit=crop&w=800&q=80,1,active
smartsparks-smart-interactive-ai-talking-dancing-robot-toy-luxe,SmartSparks Smart Interactive AI Talking & Dancing Robot Toy (Luxe),"<p>High-demand SmartSparks SmartSparks Smart Interactive AI Talking & Dancing Robot Toy (Luxe). Designed for superior performance, comfort and style. Sourced with USPS express air shipping (7-10 days).</p>",SmartSparks,toys,toys,"toys, toys, kids, dropshipping, bestseller",true,Color,Arctic White / Blue,Size,Rechargeable,SY-SY-PROD-2573,500,shopify,17,deny,manual,45.98,75.27,true,true,https://images.unsplash.com/photo-1596461404969-9ae70f2830c1?auto=format&fit=crop&w=800&q=80,1,active
wonderstem-labs-360-flying-boomerang-spinner-orb-drone-pure,WonderStem Labs 360° Flying Boomerang Spinner Orb Drone (Pure),"<p>High-demand WonderStem Labs WonderStem Labs 360° Flying Boomerang Spinner Orb Drone (Pure). Designed for superior performance, comfort and style. Sourced with USPS express air shipping (7-10 days).</p>",WonderStem Labs,toys,toys,"toys, toys, kids, dropshipping, bestseller",true,Color,Cosmic Blue,Size,Standard FlyOrb,SY-SY-PROD-2574,500,shopify,18,deny,manual,27.35,46.39,true,true,https://images.unsplash.com/photo-1558060370-d644479cb6f7?auto=format&fit=crop&w=800&q=80,1,active
smartsparks-montessori-wooden-sensory-cognitive-activity-board-essential,SmartSparks Montessori Wooden Sensory Cognitive Activity Board (Essential),"<p>High-demand SmartSparks SmartSparks Montessori Wooden Sensory Cognitive Activity Board (Essential). Designed for superior performance, comfort and style. Sourced with USPS express air shipping (7-10 days).</p>",SmartSparks,toys,toys,"toys, toys, kids, dropshipping, bestseller",true,Color,Natural Pine Wood,Size,Toddler Standard,SY-SY-PROD-2575,500,shopify,19,deny,manual,46.72,76.42,true,true,https://images.unsplash.com/photo-1515488042361-ee00e0ddd4e4?auto=format&fit=crop&w=800&q=80,1,active
wonderstem-labs-12-in-1-solar-powered-stem-robotics-building-kit-pro,WonderStem Labs 12-in-1 Solar Powered STEM Robotics Building Kit (Pro),"<p>High-demand WonderStem Labs WonderStem Labs 12-in-1 Solar Powered STEM Robotics Building Kit (Pro). Designed for superior performance, comfort and style. Sourced with USPS express air shipping (7-10 days).</p>",WonderStem Labs,toys,toys,"toys, toys, kids, dropshipping, bestseller",true,Color,Multi-Color Set,Size,Ages 8-14,SY-SY-PROD-2576,500,shopify,5,deny,manual,31.09,52.19,true,true,https://images.unsplash.com/photo-1566576912321-d58ddd7a6088?auto=format&fit=crop&w=800&q=80,1,active
smartsparks-100-piece-magnetic-3d-geometric-castle-tiles-elite,SmartSparks 100-Piece Magnetic 3D Geometric Castle Tiles (Elite),"<p>High-demand SmartSparks SmartSparks 100-Piece Magnetic 3D Geometric Castle Tiles (Elite). Designed for superior performance, comfort and style. Sourced with USPS express air shipping (7-10 days).</p>",SmartSparks,toys,toys,"toys, toys, kids, dropshipping, bestseller",true,Color,Rainbow Translucent,Size,100 Pieces,SY-SY-PROD-2577,500,shopify,6,deny,manual,52.46,85.31,true,true,https://images.unsplash.com/photo-1587654780291-39c9404d746b?auto=format&fit=crop&w=800&q=80,1,active
wonderstem-labs-high-speed-4wd-360-rotating-stunt-rc-car-led-wheels-classic,WonderStem Labs High-Speed 4WD 360° Rotating Stunt RC Car (LED Wheels) (Classic),"<p>High-demand WonderStem Labs WonderStem Labs High-Speed 4WD 360° Rotating Stunt RC Car (LED Wheels) (Classic). Designed for superior performance, comfort and style. Sourced with USPS express air shipping (7-10 days).</p>",WonderStem Labs,toys,toys,"toys, toys, kids, dropshipping, bestseller",true,Color,Laser Red,Size,1:16 Scale,SY-SY-PROD-2578,500,shopify,7,deny,manual,54.83,88.99,true,true,https://images.unsplash.com/photo-1596461404969-9ae70f2830c1?auto=format&fit=crop&w=800&q=80,1,active
smartsparks-smart-interactive-ai-talking-dancing-robot-toy-series-2,SmartSparks Smart Interactive AI Talking & Dancing Robot Toy (Series 2),"<p>High-demand SmartSparks SmartSparks Smart Interactive AI Talking & Dancing Robot Toy (Series 2). Designed for superior performance, comfort and style. Sourced with USPS express air shipping (7-10 days).</p>",SmartSparks,toys,toys,"toys, toys, kids, dropshipping, bestseller",true,Color,Arctic White / Blue,Size,Rechargeable,SY-SY-PROD-2579,500,shopify,8,deny,manual,54.20,88.01,true,true,https://images.unsplash.com/photo-1558060370-d644479cb6f7?auto=format&fit=crop&w=800&q=80,1,active
wonderstem-labs-360-flying-boomerang-spinner-orb-drone-air,WonderStem Labs 360° Flying Boomerang Spinner Orb Drone (Air),"<p>High-demand WonderStem Labs WonderStem Labs 360° Flying Boomerang Spinner Orb Drone (Air). Designed for superior performance, comfort and style. Sourced with USPS express air shipping (7-10 days).</p>",WonderStem Labs,toys,toys,"toys, toys, kids, dropshipping, bestseller",true,Color,Cosmic Blue,Size,Standard FlyOrb,SY-SY-PROD-2580,500,shopify,9,deny,manual,35.57,59.13,true,true,https://images.unsplash.com/photo-1515488042361-ee00e0ddd4e4?auto=format&fit=crop&w=800&q=80,1,active
smartsparks-montessori-wooden-sensory-cognitive-activity-board-signature,SmartSparks Montessori Wooden Sensory Cognitive Activity Board (Signature),"<p>High-demand SmartSparks SmartSparks Montessori Wooden Sensory Cognitive Activity Board (Signature). Designed for superior performance, comfort and style. Sourced with USPS express air shipping (7-10 days).</p>",SmartSparks,toys,toys,"toys, toys, kids, dropshipping, bestseller",true,Color,Natural Pine Wood,Size,Toddler Standard,SY-SY-PROD-2581,500,shopify,10,deny,manual,34.94,58.16,true,true,https://images.unsplash.com/photo-1566576912321-d58ddd7a6088?auto=format&fit=crop&w=800&q=80,1,active
wonderstem-labs-12-in-1-solar-powered-stem-robotics-building-kit-v2,WonderStem Labs 12-in-1 Solar Powered STEM Robotics Building Kit (V2),"<p>High-demand WonderStem Labs WonderStem Labs 12-in-1 Solar Powered STEM Robotics Building Kit (V2). Designed for superior performance, comfort and style. Sourced with USPS express air shipping (7-10 days).</p>",WonderStem Labs,toys,toys,"toys, toys, kids, dropshipping, bestseller",true,Color,Multi-Color Set,Size,Ages 8-14,SY-SY-PROD-2582,500,shopify,11,deny,manual,39.31,64.93,true,true,https://images.unsplash.com/photo-1587654780291-39c9404d746b?auto=format&fit=crop&w=800&q=80,1,active
smartsparks-100-piece-magnetic-3d-geometric-castle-tiles-luxe,SmartSparks 100-Piece Magnetic 3D Geometric Castle Tiles (Luxe),"<p>High-demand SmartSparks SmartSparks 100-Piece Magnetic 3D Geometric Castle Tiles (Luxe). Designed for superior performance, comfort and style. Sourced with USPS express air shipping (7-10 days).</p>",SmartSparks,toys,toys,"toys, toys, kids, dropshipping, bestseller",true,Color,Rainbow Translucent,Size,100 Pieces,SY-SY-PROD-2583,500,shopify,12,deny,manual,35.68,59.30,true,true,https://images.unsplash.com/photo-1596461404969-9ae70f2830c1?auto=format&fit=crop&w=800&q=80,1,active
wonderstem-labs-high-speed-4wd-360-rotating-stunt-rc-car-led-wheels-pure,WonderStem Labs High-Speed 4WD 360° Rotating Stunt RC Car (LED Wheels) (Pure),"<p>High-demand WonderStem Labs WonderStem Labs High-Speed 4WD 360° Rotating Stunt RC Car (LED Wheels) (Pure). Designed for superior performance, comfort and style. Sourced with USPS express air shipping (7-10 days).</p>",WonderStem Labs,toys,toys,"toys, toys, kids, dropshipping, bestseller",true,Color,Laser Red,Size,1:16 Scale,SY-SY-PROD-2584,500,shopify,13,deny,manual,41.05,67.63,true,true,https://images.unsplash.com/photo-1558060370-d644479cb6f7?auto=format&fit=crop&w=800&q=80,1,active
smartsparks-smart-interactive-ai-talking-dancing-robot-toy-essential,SmartSparks Smart Interactive AI Talking & Dancing Robot Toy (Essential),"<p>High-demand SmartSparks SmartSparks Smart Interactive AI Talking & Dancing Robot Toy (Essential). Designed for superior performance, comfort and style. Sourced with USPS express air shipping (7-10 days).</p>",SmartSparks,toys,toys,"toys, toys, kids, dropshipping, bestseller",true,Color,Arctic White / Blue,Size,Rechargeable,SY-SY-PROD-2585,500,shopify,14,deny,manual,62.42,100.75,true,true,https://images.unsplash.com/photo-1515488042361-ee00e0ddd4e4?auto=format&fit=crop&w=800&q=80,1,active
wonderstem-labs-360-flying-boomerang-spinner-orb-drone-pro,WonderStem Labs 360° Flying Boomerang Spinner Orb Drone (Pro),"<p>High-demand WonderStem Labs WonderStem Labs 360° Flying Boomerang Spinner Orb Drone (Pro). Designed for superior performance, comfort and style. Sourced with USPS express air shipping (7-10 days).</p>",WonderStem Labs,toys,toys,"toys, toys, kids, dropshipping, bestseller",true,Color,Cosmic Blue,Size,Standard FlyOrb,SY-SY-PROD-2586,500,shopify,15,deny,manual,25.79,43.97,true,true,https://images.unsplash.com/photo-1566576912321-d58ddd7a6088?auto=format&fit=crop&w=800&q=80,1,active
smartsparks-montessori-wooden-sensory-cognitive-activity-board-elite,SmartSparks Montessori Wooden Sensory Cognitive Activity Board (Elite),"<p>High-demand SmartSparks SmartSparks Montessori Wooden Sensory Cognitive Activity Board (Elite). Designed for superior performance, comfort and style. Sourced with USPS express air shipping (7-10 days).</p>",SmartSparks,toys,toys,"toys, toys, kids, dropshipping, bestseller",true,Color,Natural Pine Wood,Size,Toddler Standard,SY-SY-PROD-2587,500,shopify,16,deny,manual,43.16,70.90,true,true,https://images.unsplash.com/photo-1587654780291-39c9404d746b?auto=format&fit=crop&w=800&q=80,1,active
wonderstem-labs-12-in-1-solar-powered-stem-robotics-building-kit-classic,WonderStem Labs 12-in-1 Solar Powered STEM Robotics Building Kit (Classic),"<p>High-demand WonderStem Labs WonderStem Labs 12-in-1 Solar Powered STEM Robotics Building Kit (Classic). Designed for superior performance, comfort and style. Sourced with USPS express air shipping (7-10 days).</p>",WonderStem Labs,toys,toys,"toys, toys, kids, dropshipping, bestseller",true,Color,Multi-Color Set,Size,Ages 8-14,SY-SY-PROD-2588,500,shopify,17,deny,manual,47.53,77.67,true,true,https://images.unsplash.com/photo-1596461404969-9ae70f2830c1?auto=format&fit=crop&w=800&q=80,1,active
smartsparks-100-piece-magnetic-3d-geometric-castle-tiles-series-2,SmartSparks 100-Piece Magnetic 3D Geometric Castle Tiles (Series 2),"<p>High-demand SmartSparks SmartSparks 100-Piece Magnetic 3D Geometric Castle Tiles (Series 2). Designed for superior performance, comfort and style. Sourced with USPS express air shipping (7-10 days).</p>",SmartSparks,toys,toys,"toys, toys, kids, dropshipping, bestseller",true,Color,Rainbow Translucent,Size,100 Pieces,SY-SY-PROD-2589,500,shopify,18,deny,manual,43.90,72.05,true,true,https://images.unsplash.com/photo-1558060370-d644479cb6f7?auto=format&fit=crop&w=800&q=80,1,active
wonderstem-labs-high-speed-4wd-360-rotating-stunt-rc-car-led-wheels-air,WonderStem Labs High-Speed 4WD 360° Rotating Stunt RC Car (LED Wheels) (Air),"<p>High-demand WonderStem Labs WonderStem Labs High-Speed 4WD 360° Rotating Stunt RC Car (LED Wheels) (Air). Designed for superior performance, comfort and style. Sourced with USPS express air shipping (7-10 days).</p>",WonderStem Labs,toys,toys,"toys, toys, kids, dropshipping, bestseller",true,Color,Laser Red,Size,1:16 Scale,SY-SY-PROD-2590,500,shopify,19,deny,manual,49.27,80.37,true,true,https://images.unsplash.com/photo-1515488042361-ee00e0ddd4e4?auto=format&fit=crop&w=800&q=80,1,active
smartsparks-smart-interactive-ai-talking-dancing-robot-toy-signature,SmartSparks Smart Interactive AI Talking & Dancing Robot Toy (Signature),"<p>High-demand SmartSparks SmartSparks Smart Interactive AI Talking & Dancing Robot Toy (Signature). Designed for superior performance, comfort and style. Sourced with USPS express air shipping (7-10 days).</p>",SmartSparks,toys,toys,"toys, toys, kids, dropshipping, bestseller",true,Color,Arctic White / Blue,Size,Rechargeable,SY-SY-PROD-2591,500,shopify,5,deny,manual,40.64,66.99,true,true,https://images.unsplash.com/photo-1566576912321-d58ddd7a6088?auto=format&fit=crop&w=800&q=80,1,active
wonderstem-labs-360-flying-boomerang-spinner-orb-drone-v2,WonderStem Labs 360° Flying Boomerang Spinner Orb Drone (V2),"<p>High-demand WonderStem Labs WonderStem Labs 360° Flying Boomerang Spinner Orb Drone (V2). Designed for superior performance, comfort and style. Sourced with USPS express air shipping (7-10 days).</p>",WonderStem Labs,toys,toys,"toys, toys, kids, dropshipping, bestseller",true,Color,Cosmic Blue,Size,Standard FlyOrb,SY-SY-PROD-2592,500,shopify,6,deny,manual,34.01,56.72,true,true,https://images.unsplash.com/photo-1587654780291-39c9404d746b?auto=format&fit=crop&w=800&q=80,1,active
smartsparks-montessori-wooden-sensory-cognitive-activity-board-luxe,SmartSparks Montessori Wooden Sensory Cognitive Activity Board (Luxe),"<p>High-demand SmartSparks SmartSparks Montessori Wooden Sensory Cognitive Activity Board (Luxe). Designed for superior performance, comfort and style. Sourced with USPS express air shipping (7-10 days).</p>",SmartSparks,toys,toys,"toys, toys, kids, dropshipping, bestseller",true,Color,Natural Pine Wood,Size,Toddler Standard,SY-SY-PROD-2593,500,shopify,7,deny,manual,31.38,52.64,true,true,https://images.unsplash.com/photo-1596461404969-9ae70f2830c1?auto=format&fit=crop&w=800&q=80,1,active
wonderstem-labs-12-in-1-solar-powered-stem-robotics-building-kit-pure,WonderStem Labs 12-in-1 Solar Powered STEM Robotics Building Kit (Pure),"<p>High-demand WonderStem Labs WonderStem Labs 12-in-1 Solar Powered STEM Robotics Building Kit (Pure). Designed for superior performance, comfort and style. Sourced with USPS express air shipping (7-10 days).</p>",WonderStem Labs,toys,toys,"toys, toys, kids, dropshipping, bestseller",true,Color,Multi-Color Set,Size,Ages 8-14,SY-SY-PROD-2594,500,shopify,8,deny,manual,35.75,59.41,true,true,https://images.unsplash.com/photo-1558060370-d644479cb6f7?auto=format&fit=crop&w=800&q=80,1,active
smartsparks-100-piece-magnetic-3d-geometric-castle-tiles-essential,SmartSparks 100-Piece Magnetic 3D Geometric Castle Tiles (Essential),"<p>High-demand SmartSparks SmartSparks 100-Piece Magnetic 3D Geometric Castle Tiles (Essential). Designed for superior performance, comfort and style. Sourced with USPS express air shipping (7-10 days).</p>",SmartSparks,toys,toys,"toys, toys, kids, dropshipping, bestseller",true,Color,Rainbow Translucent,Size,100 Pieces,SY-SY-PROD-2595,500,shopify,9,deny,manual,52.12,84.79,true,true,https://images.unsplash.com/photo-1515488042361-ee00e0ddd4e4?auto=format&fit=crop&w=800&q=80,1,active
wonderstem-labs-high-speed-4wd-360-rotating-stunt-rc-car-led-wheels-pro,WonderStem Labs High-Speed 4WD 360° Rotating Stunt RC Car (LED Wheels) (Pro),"<p>High-demand WonderStem Labs WonderStem Labs High-Speed 4WD 360° Rotating Stunt RC Car (LED Wheels) (Pro). Designed for superior performance, comfort and style. Sourced with USPS express air shipping (7-10 days).</p>",WonderStem Labs,toys,toys,"toys, toys, kids, dropshipping, bestseller",true,Color,Laser Red,Size,1:16 Scale,SY-SY-PROD-2596,500,shopify,10,deny,manual,35.49,59.01,true,true,https://images.unsplash.com/photo-1566576912321-d58ddd7a6088?auto=format&fit=crop&w=800&q=80,1,active
smartsparks-smart-interactive-ai-talking-dancing-robot-toy-elite,SmartSparks Smart Interactive AI Talking & Dancing Robot Toy (Elite),"<p>High-demand SmartSparks SmartSparks Smart Interactive AI Talking & Dancing Robot Toy (Elite). Designed for superior performance, comfort and style. Sourced with USPS express air shipping (7-10 days).</p>",SmartSparks,toys,toys,"toys, toys, kids, dropshipping, bestseller",true,Color,Arctic White / Blue,Size,Rechargeable,SY-SY-PROD-2597,500,shopify,11,deny,manual,48.86,79.73,true,true,https://images.unsplash.com/photo-1587654780291-39c9404d746b?auto=format&fit=crop&w=800&q=80,1,active
wonderstem-labs-360-flying-boomerang-spinner-orb-drone-classic,WonderStem Labs 360° Flying Boomerang Spinner Orb Drone (Classic),"<p>High-demand WonderStem Labs WonderStem Labs 360° Flying Boomerang Spinner Orb Drone (Classic). Designed for superior performance, comfort and style. Sourced with USPS express air shipping (7-10 days).</p>",WonderStem Labs,toys,toys,"toys, toys, kids, dropshipping, bestseller",true,Color,Cosmic Blue,Size,Standard FlyOrb,SY-SY-PROD-2598,500,shopify,12,deny,manual,42.23,69.46,true,true,https://images.unsplash.com/photo-1596461404969-9ae70f2830c1?auto=format&fit=crop&w=800&q=80,1,active
smartsparks-montessori-wooden-sensory-cognitive-activity-board-series-2,SmartSparks Montessori Wooden Sensory Cognitive Activity Board (Series 2),"<p>High-demand SmartSparks SmartSparks Montessori Wooden Sensory Cognitive Activity Board (Series 2). Designed for superior performance, comfort and style. Sourced with USPS express air shipping (7-10 days).</p>",SmartSparks,toys,toys,"toys, toys, kids, dropshipping, bestseller",true,Color,Natural Pine Wood,Size,Toddler Standard,SY-SY-PROD-2599,500,shopify,13,deny,manual,39.60,65.38,true,true,https://images.unsplash.com/photo-1558060370-d644479cb6f7?auto=format&fit=crop&w=800&q=80,1,active
wonderstem-labs-12-in-1-solar-powered-stem-robotics-building-kit-air,WonderStem Labs 12-in-1 Solar Powered STEM Robotics Building Kit (Air),"<p>High-demand WonderStem Labs WonderStem Labs 12-in-1 Solar Powered STEM Robotics Building Kit (Air). Designed for superior performance, comfort and style. Sourced with USPS express air shipping (7-10 days).</p>",WonderStem Labs,toys,toys,"toys, toys, kids, dropshipping, bestseller",true,Color,Multi-Color Set,Size,Ages 8-14,SY-SY-PROD-2600,500,shopify,14,deny,manual,43.97,72.15,true,true,https://images.unsplash.com/photo-1515488042361-ee00e0ddd4e4?auto=format&fit=crop&w=800&q=80,1,active
smartsparks-100-piece-magnetic-3d-geometric-castle-tiles-signature,SmartSparks 100-Piece Magnetic 3D Geometric Castle Tiles (Signature),"<p>High-demand SmartSparks SmartSparks 100-Piece Magnetic 3D Geometric Castle Tiles (Signature). Designed for superior performance, comfort and style. Sourced with USPS express air shipping (7-10 days).</p>",SmartSparks,toys,toys,"toys, toys, kids, dropshipping, bestseller",true,Color,Rainbow Translucent,Size,100 Pieces,SY-SY-PROD-2601,500,shopify,15,deny,manual,35.34,58.78,true,true,https://images.unsplash.com/photo-1566576912321-d58ddd7a6088?auto=format&fit=crop&w=800&q=80,1,active
wonderstem-labs-high-speed-4wd-360-rotating-stunt-rc-car-led-wheels-v2,WonderStem Labs High-Speed 4WD 360° Rotating Stunt RC Car (LED Wheels) (V2),"<p>High-demand WonderStem Labs WonderStem Labs High-Speed 4WD 360° Rotating Stunt RC Car (LED Wheels) (V2). Designed for superior performance, comfort and style. Sourced with USPS express air shipping (7-10 days).</p>",WonderStem Labs,toys,toys,"toys, toys, kids, dropshipping, bestseller",true,Color,Laser Red,Size,1:16 Scale,SY-SY-PROD-2602,500,shopify,16,deny,manual,43.71,71.75,true,true,https://images.unsplash.com/photo-1587654780291-39c9404d746b?auto=format&fit=crop&w=800&q=80,1,active
smartsparks-smart-interactive-ai-talking-dancing-robot-toy-luxe,SmartSparks Smart Interactive AI Talking & Dancing Robot Toy (Luxe),"<p>High-demand SmartSparks SmartSparks Smart Interactive AI Talking & Dancing Robot Toy (Luxe). Designed for superior performance, comfort and style. Sourced with USPS express air shipping (7-10 days).</p>",SmartSparks,toys,toys,"toys, toys, kids, dropshipping, bestseller",true,Color,Arctic White / Blue,Size,Rechargeable,SY-SY-PROD-2603,500,shopify,17,deny,manual,57.08,92.47,true,true,https://images.unsplash.com/photo-1596461404969-9ae70f2830c1?auto=format&fit=crop&w=800&q=80,1,active
wonderstem-labs-360-flying-boomerang-spinner-orb-drone-pure,WonderStem Labs 360° Flying Boomerang Spinner Orb Drone (Pure),"<p>High-demand WonderStem Labs WonderStem Labs 360° Flying Boomerang Spinner Orb Drone (Pure). Designed for superior performance, comfort and style. Sourced with USPS express air shipping (7-10 days).</p>",WonderStem Labs,toys,toys,"toys, toys, kids, dropshipping, bestseller",true,Color,Cosmic Blue,Size,Standard FlyOrb,SY-SY-PROD-2604,500,shopify,18,deny,manual,32.45,54.30,true,true,https://images.unsplash.com/photo-1558060370-d644479cb6f7?auto=format&fit=crop&w=800&q=80,1,active
smartsparks-montessori-wooden-sensory-cognitive-activity-board-essential,SmartSparks Montessori Wooden Sensory Cognitive Activity Board (Essential),"<p>High-demand SmartSparks SmartSparks Montessori Wooden Sensory Cognitive Activity Board (Essential). Designed for superior performance, comfort and style. Sourced with USPS express air shipping (7-10 days).</p>",SmartSparks,toys,toys,"toys, toys, kids, dropshipping, bestseller",true,Color,Natural Pine Wood,Size,Toddler Standard,SY-SY-PROD-2605,500,shopify,19,deny,manual,27.82,47.12,true,true,https://images.unsplash.com/photo-1515488042361-ee00e0ddd4e4?auto=format&fit=crop&w=800&q=80,1,active
wonderstem-labs-12-in-1-solar-powered-stem-robotics-building-kit-pro,WonderStem Labs 12-in-1 Solar Powered STEM Robotics Building Kit (Pro),"<p>High-demand WonderStem Labs WonderStem Labs 12-in-1 Solar Powered STEM Robotics Building Kit (Pro). Designed for superior performance, comfort and style. Sourced with USPS express air shipping (7-10 days).</p>",WonderStem Labs,toys,toys,"toys, toys, kids, dropshipping, bestseller",true,Color,Multi-Color Set,Size,Ages 8-14,SY-SY-PROD-2606,500,shopify,5,deny,manual,32.19,53.89,true,true,https://images.unsplash.com/photo-1566576912321-d58ddd7a6088?auto=format&fit=crop&w=800&q=80,1,active
smartsparks-100-piece-magnetic-3d-geometric-castle-tiles-elite,SmartSparks 100-Piece Magnetic 3D Geometric Castle Tiles (Elite),"<p>High-demand SmartSparks SmartSparks 100-Piece Magnetic 3D Geometric Castle Tiles (Elite). Designed for superior performance, comfort and style. Sourced with USPS express air shipping (7-10 days).</p>",SmartSparks,toys,toys,"toys, toys, kids, dropshipping, bestseller",true,Color,Rainbow Translucent,Size,100 Pieces,SY-SY-PROD-2607,500,shopify,6,deny,manual,43.56,71.52,true,true,https://images.unsplash.com/photo-1587654780291-39c9404d746b?auto=format&fit=crop&w=800&q=80,1,active
wonderstem-labs-high-speed-4wd-360-rotating-stunt-rc-car-led-wheels-classic,WonderStem Labs High-Speed 4WD 360° Rotating Stunt RC Car (LED Wheels) (Classic),"<p>High-demand WonderStem Labs WonderStem Labs High-Speed 4WD 360° Rotating Stunt RC Car (LED Wheels) (Classic). Designed for superior performance, comfort and style. Sourced with USPS express air shipping (7-10 days).</p>",WonderStem Labs,toys,toys,"toys, toys, kids, dropshipping, bestseller",true,Color,Laser Red,Size,1:16 Scale,SY-SY-PROD-2608,500,shopify,7,deny,manual,51.93,84.49,true,true,https://images.unsplash.com/photo-1596461404969-9ae70f2830c1?auto=format&fit=crop&w=800&q=80,1,active
smartsparks-smart-interactive-ai-talking-dancing-robot-toy-series-2,SmartSparks Smart Interactive AI Talking & Dancing Robot Toy (Series 2),"<p>High-demand SmartSparks SmartSparks Smart Interactive AI Talking & Dancing Robot Toy (Series 2). Designed for superior performance, comfort and style. Sourced with USPS express air shipping (7-10 days).</p>",SmartSparks,toys,toys,"toys, toys, kids, dropshipping, bestseller",true,Color,Arctic White / Blue,Size,Rechargeable,SY-SY-PROD-2609,500,shopify,8,deny,manual,65.30,105.22,true,true,https://images.unsplash.com/photo-1558060370-d644479cb6f7?auto=format&fit=crop&w=800&q=80,1,active
wonderstem-labs-360-flying-boomerang-spinner-orb-drone-air,WonderStem Labs 360° Flying Boomerang Spinner Orb Drone (Air),"<p>High-demand WonderStem Labs WonderStem Labs 360° Flying Boomerang Spinner Orb Drone (Air). Designed for superior performance, comfort and style. Sourced with USPS express air shipping (7-10 days).</p>",WonderStem Labs,toys,toys,"toys, toys, kids, dropshipping, bestseller",true,Color,Cosmic Blue,Size,Standard FlyOrb,SY-SY-PROD-2610,500,shopify,9,deny,manual,40.67,67.04,true,true,https://images.unsplash.com/photo-1515488042361-ee00e0ddd4e4?auto=format&fit=crop&w=800&q=80,1,active
smartsparks-montessori-wooden-sensory-cognitive-activity-board-signature,SmartSparks Montessori Wooden Sensory Cognitive Activity Board (Signature),"<p>High-demand SmartSparks SmartSparks Montessori Wooden Sensory Cognitive Activity Board (Signature). Designed for superior performance, comfort and style. Sourced with USPS express air shipping (7-10 days).</p>",SmartSparks,toys,toys,"toys, toys, kids, dropshipping, bestseller",true,Color,Natural Pine Wood,Size,Toddler Standard,SY-SY-PROD-2611,500,shopify,10,deny,manual,36.04,59.86,true,true,https://images.unsplash.com/photo-1566576912321-d58ddd7a6088?auto=format&fit=crop&w=800&q=80,1,active
wonderstem-labs-12-in-1-solar-powered-stem-robotics-building-kit-v2,WonderStem Labs 12-in-1 Solar Powered STEM Robotics Building Kit (V2),"<p>High-demand WonderStem Labs WonderStem Labs 12-in-1 Solar Powered STEM Robotics Building Kit (V2). Designed for superior performance, comfort and style. Sourced with USPS express air shipping (7-10 days).</p>",WonderStem Labs,toys,toys,"toys, toys, kids, dropshipping, bestseller",true,Color,Multi-Color Set,Size,Ages 8-14,SY-SY-PROD-2612,500,shopify,11,deny,manual,40.41,66.64,true,true,https://images.unsplash.com/photo-1587654780291-39c9404d746b?auto=format&fit=crop&w=800&q=80,1,active
smartsparks-100-piece-magnetic-3d-geometric-castle-tiles-luxe,SmartSparks 100-Piece Magnetic 3D Geometric Castle Tiles (Luxe),"<p>High-demand SmartSparks SmartSparks 100-Piece Magnetic 3D Geometric Castle Tiles (Luxe). Designed for superior performance, comfort and style. Sourced with USPS express air shipping (7-10 days).</p>",SmartSparks,toys,toys,"toys, toys, kids, dropshipping, bestseller",true,Color,Rainbow Translucent,Size,100 Pieces,SY-SY-PROD-2613,500,shopify,12,deny,manual,51.78,84.26,true,true,https://images.unsplash.com/photo-1596461404969-9ae70f2830c1?auto=format&fit=crop&w=800&q=80,1,active
wonderstem-labs-high-speed-4wd-360-rotating-stunt-rc-car-led-wheels-pure,WonderStem Labs High-Speed 4WD 360° Rotating Stunt RC Car (LED Wheels) (Pure),"<p>High-demand WonderStem Labs WonderStem Labs High-Speed 4WD 360° Rotating Stunt RC Car (LED Wheels) (Pure). Designed for superior performance, comfort and style. Sourced with USPS express air shipping (7-10 days).</p>",WonderStem Labs,toys,toys,"toys, toys, kids, dropshipping, bestseller",true,Color,Laser Red,Size,1:16 Scale,SY-SY-PROD-2614,500,shopify,13,deny,manual,38.15,63.13,true,true,https://images.unsplash.com/photo-1558060370-d644479cb6f7?auto=format&fit=crop&w=800&q=80,1,active
smartsparks-smart-interactive-ai-talking-dancing-robot-toy-essential,SmartSparks Smart Interactive AI Talking & Dancing Robot Toy (Essential),"<p>High-demand SmartSparks SmartSparks Smart Interactive AI Talking & Dancing Robot Toy (Essential). Designed for superior performance, comfort and style. Sourced with USPS express air shipping (7-10 days).</p>",SmartSparks,toys,toys,"toys, toys, kids, dropshipping, bestseller",true,Color,Arctic White / Blue,Size,Rechargeable,SY-SY-PROD-2615,500,shopify,14,deny,manual,43.52,71.46,true,true,https://images.unsplash.com/photo-1515488042361-ee00e0ddd4e4?auto=format&fit=crop&w=800&q=80,1,active
wonderstem-labs-360-flying-boomerang-spinner-orb-drone-pro,WonderStem Labs 360° Flying Boomerang Spinner Orb Drone (Pro),"<p>High-demand WonderStem Labs WonderStem Labs 360° Flying Boomerang Spinner Orb Drone (Pro). Designed for superior performance, comfort and style. Sourced with USPS express air shipping (7-10 days).</p>",WonderStem Labs,toys,toys,"toys, toys, kids, dropshipping, bestseller",true,Color,Cosmic Blue,Size,Standard FlyOrb,SY-SY-PROD-2616,500,shopify,15,deny,manual,30.89,51.88,true,true,https://images.unsplash.com/photo-1566576912321-d58ddd7a6088?auto=format&fit=crop&w=800&q=80,1,active
smartsparks-montessori-wooden-sensory-cognitive-activity-board-elite,SmartSparks Montessori Wooden Sensory Cognitive Activity Board (Elite),"<p>High-demand SmartSparks SmartSparks Montessori Wooden Sensory Cognitive Activity Board (Elite). Designed for superior performance, comfort and style. Sourced with USPS express air shipping (7-10 days).</p>",SmartSparks,toys,toys,"toys, toys, kids, dropshipping, bestseller",true,Color,Natural Pine Wood,Size,Toddler Standard,SY-SY-PROD-2617,500,shopify,16,deny,manual,44.26,72.60,true,true,https://images.unsplash.com/photo-1587654780291-39c9404d746b?auto=format&fit=crop&w=800&q=80,1,active
wonderstem-labs-12-in-1-solar-powered-stem-robotics-building-kit-classic,WonderStem Labs 12-in-1 Solar Powered STEM Robotics Building Kit (Classic),"<p>High-demand WonderStem Labs WonderStem Labs 12-in-1 Solar Powered STEM Robotics Building Kit (Classic). Designed for superior performance, comfort and style. Sourced with USPS express air shipping (7-10 days).</p>",WonderStem Labs,toys,toys,"toys, toys, kids, dropshipping, bestseller",true,Color,Multi-Color Set,Size,Ages 8-14,SY-SY-PROD-2618,500,shopify,17,deny,manual,48.63,79.38,true,true,https://images.unsplash.com/photo-1596461404969-9ae70f2830c1?auto=format&fit=crop&w=800&q=80,1,active
smartsparks-100-piece-magnetic-3d-geometric-castle-tiles-series-2,SmartSparks 100-Piece Magnetic 3D Geometric Castle Tiles (Series 2),"<p>High-demand SmartSparks SmartSparks 100-Piece Magnetic 3D Geometric Castle Tiles (Series 2). Designed for superior performance, comfort and style. Sourced with USPS express air shipping (7-10 days).</p>",SmartSparks,toys,toys,"toys, toys, kids, dropshipping, bestseller",true,Color,Rainbow Translucent,Size,100 Pieces,SY-SY-PROD-2619,500,shopify,18,deny,manual,35.00,58.25,true,true,https://images.unsplash.com/photo-1558060370-d644479cb6f7?auto=format&fit=crop&w=800&q=80,1,active
wonderstem-labs-high-speed-4wd-360-rotating-stunt-rc-car-led-wheels-air,WonderStem Labs High-Speed 4WD 360° Rotating Stunt RC Car (LED Wheels) (Air),"<p>High-demand WonderStem Labs WonderStem Labs High-Speed 4WD 360° Rotating Stunt RC Car (LED Wheels) (Air). Designed for superior performance, comfort and style. Sourced with USPS express air shipping (7-10 days).</p>",WonderStem Labs,toys,toys,"toys, toys, kids, dropshipping, bestseller",true,Color,Laser Red,Size,1:16 Scale,SY-SY-PROD-2620,500,shopify,19,deny,manual,46.37,75.87,true,true,https://images.unsplash.com/photo-1515488042361-ee00e0ddd4e4?auto=format&fit=crop&w=800&q=80,1,active
smartsparks-smart-interactive-ai-talking-dancing-robot-toy-signature,SmartSparks Smart Interactive AI Talking & Dancing Robot Toy (Signature),"<p>High-demand SmartSparks SmartSparks Smart Interactive AI Talking & Dancing Robot Toy (Signature). Designed for superior performance, comfort and style. Sourced with USPS express air shipping (7-10 days).</p>",SmartSparks,toys,toys,"toys, toys, kids, dropshipping, bestseller",true,Color,Arctic White / Blue,Size,Rechargeable,SY-SY-PROD-2621,500,shopify,5,deny,manual,51.74,84.20,true,true,https://images.unsplash.com/photo-1566576912321-d58ddd7a6088?auto=format&fit=crop&w=800&q=80,1,active
wonderstem-labs-360-flying-boomerang-spinner-orb-drone-v2,WonderStem Labs 360° Flying Boomerang Spinner Orb Drone (V2),"<p>High-demand WonderStem Labs WonderStem Labs 360° Flying Boomerang Spinner Orb Drone (V2). Designed for superior performance, comfort and style. Sourced with USPS express air shipping (7-10 days).</p>",WonderStem Labs,toys,toys,"toys, toys, kids, dropshipping, bestseller",true,Color,Cosmic Blue,Size,Standard FlyOrb,SY-SY-PROD-2622,500,shopify,6,deny,manual,39.11,64.62,true,true,https://images.unsplash.com/photo-1587654780291-39c9404d746b?auto=format&fit=crop&w=800&q=80,1,active
smartsparks-montessori-wooden-sensory-cognitive-activity-board-luxe,SmartSparks Montessori Wooden Sensory Cognitive Activity Board (Luxe),"<p>High-demand SmartSparks SmartSparks Montessori Wooden Sensory Cognitive Activity Board (Luxe). Designed for superior performance, comfort and style. Sourced with USPS express air shipping (7-10 days).</p>",SmartSparks,toys,toys,"toys, toys, kids, dropshipping, bestseller",true,Color,Natural Pine Wood,Size,Toddler Standard,SY-SY-PROD-2623,500,shopify,7,deny,manual,32.48,54.34,true,true,https://images.unsplash.com/photo-1596461404969-9ae70f2830c1?auto=format&fit=crop&w=800&q=80,1,active
wonderstem-labs-12-in-1-solar-powered-stem-robotics-building-kit-pure,WonderStem Labs 12-in-1 Solar Powered STEM Robotics Building Kit (Pure),"<p>High-demand WonderStem Labs WonderStem Labs 12-in-1 Solar Powered STEM Robotics Building Kit (Pure). Designed for superior performance, comfort and style. Sourced with USPS express air shipping (7-10 days).</p>",WonderStem Labs,toys,toys,"toys, toys, kids, dropshipping, bestseller",true,Color,Multi-Color Set,Size,Ages 8-14,SY-SY-PROD-2624,500,shopify,8,deny,manual,36.85,61.12,true,true,https://images.unsplash.com/photo-1558060370-d644479cb6f7?auto=format&fit=crop&w=800&q=80,1,active
smartsparks-100-piece-magnetic-3d-geometric-castle-tiles-essential,SmartSparks 100-Piece Magnetic 3D Geometric Castle Tiles (Essential),"<p>High-demand SmartSparks SmartSparks 100-Piece Magnetic 3D Geometric Castle Tiles (Essential). Designed for superior performance, comfort and style. Sourced with USPS express air shipping (7-10 days).</p>",SmartSparks,toys,toys,"toys, toys, kids, dropshipping, bestseller",true,Color,Rainbow Translucent,Size,100 Pieces,SY-SY-PROD-2625,500,shopify,9,deny,manual,43.22,70.99,true,true,https://images.unsplash.com/photo-1515488042361-ee00e0ddd4e4?auto=format&fit=crop&w=800&q=80,1,active
wonderstem-labs-high-speed-4wd-360-rotating-stunt-rc-car-led-wheels-pro,WonderStem Labs High-Speed 4WD 360° Rotating Stunt RC Car (LED Wheels) (Pro),"<p>High-demand WonderStem Labs WonderStem Labs High-Speed 4WD 360° Rotating Stunt RC Car (LED Wheels) (Pro). Designed for superior performance, comfort and style. Sourced with USPS express air shipping (7-10 days).</p>",WonderStem Labs,toys,toys,"toys, toys, kids, dropshipping, bestseller",true,Color,Laser Red,Size,1:16 Scale,SY-SY-PROD-2626,500,shopify,10,deny,manual,54.59,88.61,true,true,https://images.unsplash.com/photo-1566576912321-d58ddd7a6088?auto=format&fit=crop&w=800&q=80,1,active
smartsparks-smart-interactive-ai-talking-dancing-robot-toy-elite,SmartSparks Smart Interactive AI Talking & Dancing Robot Toy (Elite),"<p>High-demand SmartSparks SmartSparks Smart Interactive AI Talking & Dancing Robot Toy (Elite). Designed for superior performance, comfort and style. Sourced with USPS express air shipping (7-10 days).</p>",SmartSparks,toys,toys,"toys, toys, kids, dropshipping, bestseller",true,Color,Arctic White / Blue,Size,Rechargeable,SY-SY-PROD-2627,500,shopify,11,deny,manual,59.96,96.94,true,true,https://images.unsplash.com/photo-1587654780291-39c9404d746b?auto=format&fit=crop&w=800&q=80,1,active
wonderstem-labs-360-flying-boomerang-spinner-orb-drone-classic,WonderStem Labs 360° Flying Boomerang Spinner Orb Drone (Classic),"<p>High-demand WonderStem Labs WonderStem Labs 360° Flying Boomerang Spinner Orb Drone (Classic). Designed for superior performance, comfort and style. Sourced with USPS express air shipping (7-10 days).</p>",WonderStem Labs,toys,toys,"toys, toys, kids, dropshipping, bestseller",true,Color,Cosmic Blue,Size,Standard FlyOrb,SY-SY-PROD-2628,500,shopify,12,deny,manual,29.33,49.46,true,true,https://images.unsplash.com/photo-1596461404969-9ae70f2830c1?auto=format&fit=crop&w=800&q=80,1,active
smartsparks-montessori-wooden-sensory-cognitive-activity-board-series-2,SmartSparks Montessori Wooden Sensory Cognitive Activity Board (Series 2),"<p>High-demand SmartSparks SmartSparks Montessori Wooden Sensory Cognitive Activity Board (Series 2). Designed for superior performance, comfort and style. Sourced with USPS express air shipping (7-10 days).</p>",SmartSparks,toys,toys,"toys, toys, kids, dropshipping, bestseller",true,Color,Natural Pine Wood,Size,Toddler Standard,SY-SY-PROD-2629,500,shopify,13,deny,manual,40.70,67.09,true,true,https://images.unsplash.com/photo-1558060370-d644479cb6f7?auto=format&fit=crop&w=800&q=80,1,active
wonderstem-labs-12-in-1-solar-powered-stem-robotics-building-kit-air,WonderStem Labs 12-in-1 Solar Powered STEM Robotics Building Kit (Air),"<p>High-demand WonderStem Labs WonderStem Labs 12-in-1 Solar Powered STEM Robotics Building Kit (Air). Designed for superior performance, comfort and style. Sourced with USPS express air shipping (7-10 days).</p>",WonderStem Labs,toys,toys,"toys, toys, kids, dropshipping, bestseller",true,Color,Multi-Color Set,Size,Ages 8-14,SY-SY-PROD-2630,500,shopify,14,deny,manual,45.07,73.86,true,true,https://images.unsplash.com/photo-1515488042361-ee00e0ddd4e4?auto=format&fit=crop&w=800&q=80,1,active
smartsparks-100-piece-magnetic-3d-geometric-castle-tiles-signature,SmartSparks 100-Piece Magnetic 3D Geometric Castle Tiles (Signature),"<p>High-demand SmartSparks SmartSparks 100-Piece Magnetic 3D Geometric Castle Tiles (Signature). Designed for superior performance, comfort and style. Sourced with USPS express air shipping (7-10 days).</p>",SmartSparks,toys,toys,"toys, toys, kids, dropshipping, bestseller",true,Color,Rainbow Translucent,Size,100 Pieces,SY-SY-PROD-2631,500,shopify,15,deny,manual,51.44,83.73,true,true,https://images.unsplash.com/photo-1566576912321-d58ddd7a6088?auto=format&fit=crop&w=800&q=80,1,active
wonderstem-labs-high-speed-4wd-360-rotating-stunt-rc-car-led-wheels-v2,WonderStem Labs High-Speed 4WD 360° Rotating Stunt RC Car (LED Wheels) (V2),"<p>High-demand WonderStem Labs WonderStem Labs High-Speed 4WD 360° Rotating Stunt RC Car (LED Wheels) (V2). Designed for superior performance, comfort and style. Sourced with USPS express air shipping (7-10 days).</p>",WonderStem Labs,toys,toys,"toys, toys, kids, dropshipping, bestseller",true,Color,Laser Red,Size,1:16 Scale,SY-SY-PROD-2632,500,shopify,16,deny,manual,40.81,67.26,true,true,https://images.unsplash.com/photo-1587654780291-39c9404d746b?auto=format&fit=crop&w=800&q=80,1,active
smartsparks-smart-interactive-ai-talking-dancing-robot-toy-luxe,SmartSparks Smart Interactive AI Talking & Dancing Robot Toy (Luxe),"<p>High-demand SmartSparks SmartSparks Smart Interactive AI Talking & Dancing Robot Toy (Luxe). Designed for superior performance, comfort and style. Sourced with USPS express air shipping (7-10 days).</p>",SmartSparks,toys,toys,"toys, toys, kids, dropshipping, bestseller",true,Color,Arctic White / Blue,Size,Rechargeable,SY-SY-PROD-2633,500,shopify,17,deny,manual,68.18,109.68,true,true,https://images.unsplash.com/photo-1596461404969-9ae70f2830c1?auto=format&fit=crop&w=800&q=80,1,active
wonderstem-labs-360-flying-boomerang-spinner-orb-drone-pure,WonderStem Labs 360° Flying Boomerang Spinner Orb Drone (Pure),"<p>High-demand WonderStem Labs WonderStem Labs 360° Flying Boomerang Spinner Orb Drone (Pure). Designed for superior performance, comfort and style. Sourced with USPS express air shipping (7-10 days).</p>",WonderStem Labs,toys,toys,"toys, toys, kids, dropshipping, bestseller",true,Color,Cosmic Blue,Size,Standard FlyOrb,SY-SY-PROD-2634,500,shopify,18,deny,manual,37.55,62.20,true,true,https://images.unsplash.com/photo-1558060370-d644479cb6f7?auto=format&fit=crop&w=800&q=80,1,active
smartsparks-montessori-wooden-sensory-cognitive-activity-board-essential,SmartSparks Montessori Wooden Sensory Cognitive Activity Board (Essential),"<p>High-demand SmartSparks SmartSparks Montessori Wooden Sensory Cognitive Activity Board (Essential). Designed for superior performance, comfort and style. Sourced with USPS express air shipping (7-10 days).</p>",SmartSparks,toys,toys,"toys, toys, kids, dropshipping, bestseller",true,Color,Natural Pine Wood,Size,Toddler Standard,SY-SY-PROD-2635,500,shopify,19,deny,manual,28.92,48.83,true,true,https://images.unsplash.com/photo-1515488042361-ee00e0ddd4e4?auto=format&fit=crop&w=800&q=80,1,active
wonderstem-labs-12-in-1-solar-powered-stem-robotics-building-kit-pro,WonderStem Labs 12-in-1 Solar Powered STEM Robotics Building Kit (Pro),"<p>High-demand WonderStem Labs WonderStem Labs 12-in-1 Solar Powered STEM Robotics Building Kit (Pro). Designed for superior performance, comfort and style. Sourced with USPS express air shipping (7-10 days).</p>",WonderStem Labs,toys,toys,"toys, toys, kids, dropshipping, bestseller",true,Color,Multi-Color Set,Size,Ages 8-14,SY-SY-PROD-2636,500,shopify,5,deny,manual,33.29,55.60,true,true,https://images.unsplash.com/photo-1566576912321-d58ddd7a6088?auto=format&fit=crop&w=800&q=80,1,active
smartsparks-100-piece-magnetic-3d-geometric-castle-tiles-elite,SmartSparks 100-Piece Magnetic 3D Geometric Castle Tiles (Elite),"<p>High-demand SmartSparks SmartSparks 100-Piece Magnetic 3D Geometric Castle Tiles (Elite). Designed for superior performance, comfort and style. Sourced with USPS express air shipping (7-10 days).</p>",SmartSparks,toys,toys,"toys, toys, kids, dropshipping, bestseller",true,Color,Rainbow Translucent,Size,100 Pieces,SY-SY-PROD-2637,500,shopify,6,deny,manual,59.66,96.47,true,true,https://images.unsplash.com/photo-1587654780291-39c9404d746b?auto=format&fit=crop&w=800&q=80,1,active
wonderstem-labs-high-speed-4wd-360-rotating-stunt-rc-car-led-wheels-classic,WonderStem Labs High-Speed 4WD 360° Rotating Stunt RC Car (LED Wheels) (Classic),"<p>High-demand WonderStem Labs WonderStem Labs High-Speed 4WD 360° Rotating Stunt RC Car (LED Wheels) (Classic). Designed for superior performance, comfort and style. Sourced with USPS express air shipping (7-10 days).</p>",WonderStem Labs,toys,toys,"toys, toys, kids, dropshipping, bestseller",true,Color,Laser Red,Size,1:16 Scale,SY-SY-PROD-2638,500,shopify,7,deny,manual,49.03,80.00,true,true,https://images.unsplash.com/photo-1596461404969-9ae70f2830c1?auto=format&fit=crop&w=800&q=80,1,active
smartsparks-smart-interactive-ai-talking-dancing-robot-toy-series-2,SmartSparks Smart Interactive AI Talking & Dancing Robot Toy (Series 2),"<p>High-demand SmartSparks SmartSparks Smart Interactive AI Talking & Dancing Robot Toy (Series 2). Designed for superior performance, comfort and style. Sourced with USPS express air shipping (7-10 days).</p>",SmartSparks,toys,toys,"toys, toys, kids, dropshipping, bestseller",true,Color,Arctic White / Blue,Size,Rechargeable,SY-SY-PROD-2639,500,shopify,8,deny,manual,46.40,75.92,true,true,https://images.unsplash.com/photo-1558060370-d644479cb6f7?auto=format&fit=crop&w=800&q=80,1,active
wonderstem-labs-360-flying-boomerang-spinner-orb-drone-air,WonderStem Labs 360° Flying Boomerang Spinner Orb Drone (Air),"<p>High-demand WonderStem Labs WonderStem Labs 360° Flying Boomerang Spinner Orb Drone (Air). Designed for superior performance, comfort and style. Sourced with USPS express air shipping (7-10 days).</p>",WonderStem Labs,toys,toys,"toys, toys, kids, dropshipping, bestseller",true,Color,Cosmic Blue,Size,Standard FlyOrb,SY-SY-PROD-2640,500,shopify,9,deny,manual,27.77,47.04,true,true,https://images.unsplash.com/photo-1515488042361-ee00e0ddd4e4?auto=format&fit=crop&w=800&q=80,1,active
smartsparks-montessori-wooden-sensory-cognitive-activity-board-signature,SmartSparks Montessori Wooden Sensory Cognitive Activity Board (Signature),"<p>High-demand SmartSparks SmartSparks Montessori Wooden Sensory Cognitive Activity Board (Signature). Designed for superior performance, comfort and style. Sourced with USPS express air shipping (7-10 days).</p>",SmartSparks,toys,toys,"toys, toys, kids, dropshipping, bestseller",true,Color,Natural Pine Wood,Size,Toddler Standard,SY-SY-PROD-2641,500,shopify,10,deny,manual,37.14,61.57,true,true,https://images.unsplash.com/photo-1566576912321-d58ddd7a6088?auto=format&fit=crop&w=800&q=80,1,active
wonderstem-labs-12-in-1-solar-powered-stem-robotics-building-kit-v2,WonderStem Labs 12-in-1 Solar Powered STEM Robotics Building Kit (V2),"<p>High-demand WonderStem Labs WonderStem Labs 12-in-1 Solar Powered STEM Robotics Building Kit (V2). Designed for superior performance, comfort and style. Sourced with USPS express air shipping (7-10 days).</p>",WonderStem Labs,toys,toys,"toys, toys, kids, dropshipping, bestseller",true,Color,Multi-Color Set,Size,Ages 8-14,SY-SY-PROD-2642,500,shopify,11,deny,manual,41.51,68.34,true,true,https://images.unsplash.com/photo-1587654780291-39c9404d746b?auto=format&fit=crop&w=800&q=80,1,active
smartsparks-100-piece-magnetic-3d-geometric-castle-tiles-luxe,SmartSparks 100-Piece Magnetic 3D Geometric Castle Tiles (Luxe),"<p>High-demand SmartSparks SmartSparks 100-Piece Magnetic 3D Geometric Castle Tiles (Luxe). Designed for superior performance, comfort and style. Sourced with USPS express air shipping (7-10 days).</p>",SmartSparks,toys,toys,"toys, toys, kids, dropshipping, bestseller",true,Color,Rainbow Translucent,Size,100 Pieces,SY-SY-PROD-2643,500,shopify,12,deny,manual,42.88,70.46,true,true,https://images.unsplash.com/photo-1596461404969-9ae70f2830c1?auto=format&fit=crop&w=800&q=80,1,active
wonderstem-labs-high-speed-4wd-360-rotating-stunt-rc-car-led-wheels-pure,WonderStem Labs High-Speed 4WD 360° Rotating Stunt RC Car (LED Wheels) (Pure),"<p>High-demand WonderStem Labs WonderStem Labs High-Speed 4WD 360° Rotating Stunt RC Car (LED Wheels) (Pure). Designed for superior performance, comfort and style. Sourced with USPS express air shipping (7-10 days).</p>",WonderStem Labs,toys,toys,"toys, toys, kids, dropshipping, bestseller",true,Color,Laser Red,Size,1:16 Scale,SY-SY-PROD-2644,500,shopify,13,deny,manual,35.25,58.64,true,true,https://images.unsplash.com/photo-1558060370-d644479cb6f7?auto=format&fit=crop&w=800&q=80,1,active
smartsparks-smart-interactive-ai-talking-dancing-robot-toy-essential,SmartSparks Smart Interactive AI Talking & Dancing Robot Toy (Essential),"<p>High-demand SmartSparks SmartSparks Smart Interactive AI Talking & Dancing Robot Toy (Essential). Designed for superior performance, comfort and style. Sourced with USPS express air shipping (7-10 days).</p>",SmartSparks,toys,toys,"toys, toys, kids, dropshipping, bestseller",true,Color,Arctic White / Blue,Size,Rechargeable,SY-SY-PROD-2645,500,shopify,14,deny,manual,54.62,88.66,true,true,https://images.unsplash.com/photo-1515488042361-ee00e0ddd4e4?auto=format&fit=crop&w=800&q=80,1,active
wonderstem-labs-360-flying-boomerang-spinner-orb-drone-pro,WonderStem Labs 360° Flying Boomerang Spinner Orb Drone (Pro),"<p>High-demand WonderStem Labs WonderStem Labs 360° Flying Boomerang Spinner Orb Drone (Pro). Designed for superior performance, comfort and style. Sourced with USPS express air shipping (7-10 days).</p>",WonderStem Labs,toys,toys,"toys, toys, kids, dropshipping, bestseller",true,Color,Cosmic Blue,Size,Standard FlyOrb,SY-SY-PROD-2646,500,shopify,15,deny,manual,35.99,59.78,true,true,https://images.unsplash.com/photo-1566576912321-d58ddd7a6088?auto=format&fit=crop&w=800&q=80,1,active
smartsparks-montessori-wooden-sensory-cognitive-activity-board-elite,SmartSparks Montessori Wooden Sensory Cognitive Activity Board (Elite),"<p>High-demand SmartSparks SmartSparks Montessori Wooden Sensory Cognitive Activity Board (Elite). Designed for superior performance, comfort and style. Sourced with USPS express air shipping (7-10 days).</p>",SmartSparks,toys,toys,"toys, toys, kids, dropshipping, bestseller",true,Color,Natural Pine Wood,Size,Toddler Standard,SY-SY-PROD-2647,500,shopify,16,deny,manual,45.36,74.31,true,true,https://images.unsplash.com/photo-1587654780291-39c9404d746b?auto=format&fit=crop&w=800&q=80,1,active
wonderstem-labs-12-in-1-solar-powered-stem-robotics-building-kit-classic,WonderStem Labs 12-in-1 Solar Powered STEM Robotics Building Kit (Classic),"<p>High-demand WonderStem Labs WonderStem Labs 12-in-1 Solar Powered STEM Robotics Building Kit (Classic). Designed for superior performance, comfort and style. Sourced with USPS express air shipping (7-10 days).</p>",WonderStem Labs,toys,toys,"toys, toys, kids, dropshipping, bestseller",true,Color,Multi-Color Set,Size,Ages 8-14,SY-SY-PROD-2648,500,shopify,17,deny,manual,49.73,81.08,true,true,https://images.unsplash.com/photo-1596461404969-9ae70f2830c1?auto=format&fit=crop&w=800&q=80,1,active
smartsparks-100-piece-magnetic-3d-geometric-castle-tiles-series-2,SmartSparks 100-Piece Magnetic 3D Geometric Castle Tiles (Series 2),"<p>High-demand SmartSparks SmartSparks 100-Piece Magnetic 3D Geometric Castle Tiles (Series 2). Designed for superior performance, comfort and style. Sourced with USPS express air shipping (7-10 days).</p>",SmartSparks,toys,toys,"toys, toys, kids, dropshipping, bestseller",true,Color,Rainbow Translucent,Size,100 Pieces,SY-SY-PROD-2649,500,shopify,18,deny,manual,51.10,83.20,true,true,https://images.unsplash.com/photo-1558060370-d644479cb6f7?auto=format&fit=crop&w=800&q=80,1,active
wonderstem-labs-high-speed-4wd-360-rotating-stunt-rc-car-led-wheels-air,WonderStem Labs High-Speed 4WD 360° Rotating Stunt RC Car (LED Wheels) (Air),"<p>High-demand WonderStem Labs WonderStem Labs High-Speed 4WD 360° Rotating Stunt RC Car (LED Wheels) (Air). Designed for superior performance, comfort and style. Sourced with USPS express air shipping (7-10 days).</p>",WonderStem Labs,toys,toys,"toys, toys, kids, dropshipping, bestseller",true,Color,Laser Red,Size,1:16 Scale,SY-SY-PROD-2650,500,shopify,19,deny,manual,43.47,71.38,true,true,https://images.unsplash.com/photo-1515488042361-ee00e0ddd4e4?auto=format&fit=crop&w=800&q=80,1,active
smartsparks-smart-interactive-ai-talking-dancing-robot-toy-signature,SmartSparks Smart Interactive AI Talking & Dancing Robot Toy (Signature),"<p>High-demand SmartSparks SmartSparks Smart Interactive AI Talking & Dancing Robot Toy (Signature). Designed for superior performance, comfort and style. Sourced with USPS express air shipping (7-10 days).</p>",SmartSparks,toys,toys,"toys, toys, kids, dropshipping, bestseller",true,Color,Arctic White / Blue,Size,Rechargeable,SY-SY-PROD-2651,500,shopify,5,deny,manual,62.84,101.40,true,true,https://images.unsplash.com/photo-1566576912321-d58ddd7a6088?auto=format&fit=crop&w=800&q=80,1,active
wonderstem-labs-360-flying-boomerang-spinner-orb-drone-v2,WonderStem Labs 360° Flying Boomerang Spinner Orb Drone (V2),"<p>High-demand WonderStem Labs WonderStem Labs 360° Flying Boomerang Spinner Orb Drone (V2). Designed for superior performance, comfort and style. Sourced with USPS express air shipping (7-10 days).</p>",WonderStem Labs,toys,toys,"toys, toys, kids, dropshipping, bestseller",true,Color,Cosmic Blue,Size,Standard FlyOrb,SY-SY-PROD-2652,500,shopify,6,deny,manual,26.21,44.63,true,true,https://images.unsplash.com/photo-1587654780291-39c9404d746b?auto=format&fit=crop&w=800&q=80,1,active
smartsparks-montessori-wooden-sensory-cognitive-activity-board-luxe,SmartSparks Montessori Wooden Sensory Cognitive Activity Board (Luxe),"<p>High-demand SmartSparks SmartSparks Montessori Wooden Sensory Cognitive Activity Board (Luxe). Designed for superior performance, comfort and style. Sourced with USPS express air shipping (7-10 days).</p>",SmartSparks,toys,toys,"toys, toys, kids, dropshipping, bestseller",true,Color,Natural Pine Wood,Size,Toddler Standard,SY-SY-PROD-2653,500,shopify,7,deny,manual,33.58,56.05,true,true,https://images.unsplash.com/photo-1596461404969-9ae70f2830c1?auto=format&fit=crop&w=800&q=80,1,active
wonderstem-labs-12-in-1-solar-powered-stem-robotics-building-kit-pure,WonderStem Labs 12-in-1 Solar Powered STEM Robotics Building Kit (Pure),"<p>High-demand WonderStem Labs WonderStem Labs 12-in-1 Solar Powered STEM Robotics Building Kit (Pure). Designed for superior performance, comfort and style. Sourced with USPS express air shipping (7-10 days).</p>",WonderStem Labs,toys,toys,"toys, toys, kids, dropshipping, bestseller",true,Color,Multi-Color Set,Size,Ages 8-14,SY-SY-PROD-2654,500,shopify,8,deny,manual,37.95,62.82,true,true,https://images.unsplash.com/photo-1558060370-d644479cb6f7?auto=format&fit=crop&w=800&q=80,1,active
smartsparks-100-piece-magnetic-3d-geometric-castle-tiles-essential,SmartSparks 100-Piece Magnetic 3D Geometric Castle Tiles (Essential),"<p>High-demand SmartSparks SmartSparks 100-Piece Magnetic 3D Geometric Castle Tiles (Essential). Designed for superior performance, comfort and style. Sourced with USPS express air shipping (7-10 days).</p>",SmartSparks,toys,toys,"toys, toys, kids, dropshipping, bestseller",true,Color,Rainbow Translucent,Size,100 Pieces,SY-SY-PROD-2655,500,shopify,9,deny,manual,59.32,95.95,true,true,https://images.unsplash.com/photo-1515488042361-ee00e0ddd4e4?auto=format&fit=crop&w=800&q=80,1,active
wonderstem-labs-high-speed-4wd-360-rotating-stunt-rc-car-led-wheels-pro,WonderStem Labs High-Speed 4WD 360° Rotating Stunt RC Car (LED Wheels) (Pro),"<p>High-demand WonderStem Labs WonderStem Labs High-Speed 4WD 360° Rotating Stunt RC Car (LED Wheels) (Pro). Designed for superior performance, comfort and style. Sourced with USPS express air shipping (7-10 days).</p>",WonderStem Labs,toys,toys,"toys, toys, kids, dropshipping, bestseller",true,Color,Laser Red,Size,1:16 Scale,SY-SY-PROD-2656,500,shopify,10,deny,manual,51.69,84.12,true,true,https://images.unsplash.com/photo-1566576912321-d58ddd7a6088?auto=format&fit=crop&w=800&q=80,1,active
smartsparks-smart-interactive-ai-talking-dancing-robot-toy-elite,SmartSparks Smart Interactive AI Talking & Dancing Robot Toy (Elite),"<p>High-demand SmartSparks SmartSparks Smart Interactive AI Talking & Dancing Robot Toy (Elite). Designed for superior performance, comfort and style. Sourced with USPS express air shipping (7-10 days).</p>",SmartSparks,toys,toys,"toys, toys, kids, dropshipping, bestseller",true,Color,Arctic White / Blue,Size,Rechargeable,SY-SY-PROD-2657,500,shopify,11,deny,manual,41.06,67.64,true,true,https://images.unsplash.com/photo-1587654780291-39c9404d746b?auto=format&fit=crop&w=800&q=80,1,active
wonderstem-labs-360-flying-boomerang-spinner-orb-drone-classic,WonderStem Labs 360° Flying Boomerang Spinner Orb Drone (Classic),"<p>High-demand WonderStem Labs WonderStem Labs 360° Flying Boomerang Spinner Orb Drone (Classic). Designed for superior performance, comfort and style. Sourced with USPS express air shipping (7-10 days).</p>",WonderStem Labs,toys,toys,"toys, toys, kids, dropshipping, bestseller",true,Color,Cosmic Blue,Size,Standard FlyOrb,SY-SY-PROD-2658,500,shopify,12,deny,manual,34.43,57.37,true,true,https://images.unsplash.com/photo-1596461404969-9ae70f2830c1?auto=format&fit=crop&w=800&q=80,1,active
smartsparks-montessori-wooden-sensory-cognitive-activity-board-series-2,SmartSparks Montessori Wooden Sensory Cognitive Activity Board (Series 2),"<p>High-demand SmartSparks SmartSparks Montessori Wooden Sensory Cognitive Activity Board (Series 2). Designed for superior performance, comfort and style. Sourced with USPS express air shipping (7-10 days).</p>",SmartSparks,toys,toys,"toys, toys, kids, dropshipping, bestseller",true,Color,Natural Pine Wood,Size,Toddler Standard,SY-SY-PROD-2659,500,shopify,13,deny,manual,41.80,68.79,true,true,https://images.unsplash.com/photo-1558060370-d644479cb6f7?auto=format&fit=crop&w=800&q=80,1,active
wonderstem-labs-12-in-1-solar-powered-stem-robotics-building-kit-air,WonderStem Labs 12-in-1 Solar Powered STEM Robotics Building Kit (Air),"<p>High-demand WonderStem Labs WonderStem Labs 12-in-1 Solar Powered STEM Robotics Building Kit (Air). Designed for superior performance, comfort and style. Sourced with USPS express air shipping (7-10 days).</p>",WonderStem Labs,toys,toys,"toys, toys, kids, dropshipping, bestseller",true,Color,Multi-Color Set,Size,Ages 8-14,SY-SY-PROD-2660,500,shopify,14,deny,manual,46.17,75.56,true,true,https://images.unsplash.com/photo-1515488042361-ee00e0ddd4e4?auto=format&fit=crop&w=800&q=80,1,active
smartsparks-100-piece-magnetic-3d-geometric-castle-tiles-signature,SmartSparks 100-Piece Magnetic 3D Geometric Castle Tiles (Signature),"<p>High-demand SmartSparks SmartSparks 100-Piece Magnetic 3D Geometric Castle Tiles (Signature). Designed for superior performance, comfort and style. Sourced with USPS express air shipping (7-10 days).</p>",SmartSparks,toys,toys,"toys, toys, kids, dropshipping, bestseller",true,Color,Rainbow Translucent,Size,100 Pieces,SY-SY-PROD-2661,500,shopify,15,deny,manual,42.54,69.94,true,true,https://images.unsplash.com/photo-1566576912321-d58ddd7a6088?auto=format&fit=crop&w=800&q=80,1,active
wonderstem-labs-high-speed-4wd-360-rotating-stunt-rc-car-led-wheels-v2,WonderStem Labs High-Speed 4WD 360° Rotating Stunt RC Car (LED Wheels) (V2),"<p>High-demand WonderStem Labs WonderStem Labs High-Speed 4WD 360° Rotating Stunt RC Car (LED Wheels) (V2). Designed for superior performance, comfort and style. Sourced with USPS express air shipping (7-10 days).</p>",WonderStem Labs,toys,toys,"toys, toys, kids, dropshipping, bestseller",true,Color,Laser Red,Size,1:16 Scale,SY-SY-PROD-2662,500,shopify,16,deny,manual,37.91,62.76,true,true,https://images.unsplash.com/photo-1587654780291-39c9404d746b?auto=format&fit=crop&w=800&q=80,1,active
smartsparks-smart-interactive-ai-talking-dancing-robot-toy-luxe,SmartSparks Smart Interactive AI Talking & Dancing Robot Toy (Luxe),"<p>High-demand SmartSparks SmartSparks Smart Interactive AI Talking & Dancing Robot Toy (Luxe). Designed for superior performance, comfort and style. Sourced with USPS express air shipping (7-10 days).</p>",SmartSparks,toys,toys,"toys, toys, kids, dropshipping, bestseller",true,Color,Arctic White / Blue,Size,Rechargeable,SY-SY-PROD-2663,500,shopify,17,deny,manual,49.28,80.38,true,true,https://images.unsplash.com/photo-1596461404969-9ae70f2830c1?auto=format&fit=crop&w=800&q=80,1,active
wonderstem-labs-360-flying-boomerang-spinner-orb-drone-pure,WonderStem Labs 360° Flying Boomerang Spinner Orb Drone (Pure),"<p>High-demand WonderStem Labs WonderStem Labs 360° Flying Boomerang Spinner Orb Drone (Pure). Designed for superior performance, comfort and style. Sourced with USPS express air shipping (7-10 days).</p>",WonderStem Labs,toys,toys,"toys, toys, kids, dropshipping, bestseller",true,Color,Cosmic Blue,Size,Standard FlyOrb,SY-SY-PROD-2664,500,shopify,18,deny,manual,42.65,70.11,true,true,https://images.unsplash.com/photo-1558060370-d644479cb6f7?auto=format&fit=crop&w=800&q=80,1,active
smartsparks-montessori-wooden-sensory-cognitive-activity-board-essential,SmartSparks Montessori Wooden Sensory Cognitive Activity Board (Essential),"<p>High-demand SmartSparks SmartSparks Montessori Wooden Sensory Cognitive Activity Board (Essential). Designed for superior performance, comfort and style. Sourced with USPS express air shipping (7-10 days).</p>",SmartSparks,toys,toys,"toys, toys, kids, dropshipping, bestseller",true,Color,Natural Pine Wood,Size,Toddler Standard,SY-SY-PROD-2665,500,shopify,19,deny,manual,30.02,50.53,true,true,https://images.unsplash.com/photo-1515488042361-ee00e0ddd4e4?auto=format&fit=crop&w=800&q=80,1,active
wonderstem-labs-12-in-1-solar-powered-stem-robotics-building-kit-pro,WonderStem Labs 12-in-1 Solar Powered STEM Robotics Building Kit (Pro),"<p>High-demand WonderStem Labs WonderStem Labs 12-in-1 Solar Powered STEM Robotics Building Kit (Pro). Designed for superior performance, comfort and style. Sourced with USPS express air shipping (7-10 days).</p>",WonderStem Labs,toys,toys,"toys, toys, kids, dropshipping, bestseller",true,Color,Multi-Color Set,Size,Ages 8-14,SY-SY-PROD-2666,500,shopify,5,deny,manual,34.39,57.30,true,true,https://images.unsplash.com/photo-1566576912321-d58ddd7a6088?auto=format&fit=crop&w=800&q=80,1,active
smartsparks-100-piece-magnetic-3d-geometric-castle-tiles-elite,SmartSparks 100-Piece Magnetic 3D Geometric Castle Tiles (Elite),"<p>High-demand SmartSparks SmartSparks 100-Piece Magnetic 3D Geometric Castle Tiles (Elite). Designed for superior performance, comfort and style. Sourced with USPS express air shipping (7-10 days).</p>",SmartSparks,toys,toys,"toys, toys, kids, dropshipping, bestseller",true,Color,Rainbow Translucent,Size,100 Pieces,SY-SY-PROD-2667,500,shopify,6,deny,manual,50.76,82.68,true,true,https://images.unsplash.com/photo-1587654780291-39c9404d746b?auto=format&fit=crop&w=800&q=80,1,active
wonderstem-labs-high-speed-4wd-360-rotating-stunt-rc-car-led-wheels-classic,WonderStem Labs High-Speed 4WD 360° Rotating Stunt RC Car (LED Wheels) (Classic),"<p>High-demand WonderStem Labs WonderStem Labs High-Speed 4WD 360° Rotating Stunt RC Car (LED Wheels) (Classic). Designed for superior performance, comfort and style. Sourced with USPS express air shipping (7-10 days).</p>",WonderStem Labs,toys,toys,"toys, toys, kids, dropshipping, bestseller",true,Color,Laser Red,Size,1:16 Scale,SY-SY-PROD-2668,500,shopify,7,deny,manual,46.13,75.50,true,true,https://images.unsplash.com/photo-1596461404969-9ae70f2830c1?auto=format&fit=crop&w=800&q=80,1,active
smartsparks-smart-interactive-ai-talking-dancing-robot-toy-series-2,SmartSparks Smart Interactive AI Talking & Dancing Robot Toy (Series 2),"<p>High-demand SmartSparks SmartSparks Smart Interactive AI Talking & Dancing Robot Toy (Series 2). Designed for superior performance, comfort and style. Sourced with USPS express air shipping (7-10 days).</p>",SmartSparks,toys,toys,"toys, toys, kids, dropshipping, bestseller",true,Color,Arctic White / Blue,Size,Rechargeable,SY-SY-PROD-2669,500,shopify,8,deny,manual,57.50,93.13,true,true,https://images.unsplash.com/photo-1558060370-d644479cb6f7?auto=format&fit=crop&w=800&q=80,1,active
wonderstem-labs-360-flying-boomerang-spinner-orb-drone-air,WonderStem Labs 360° Flying Boomerang Spinner Orb Drone (Air),"<p>High-demand WonderStem Labs WonderStem Labs 360° Flying Boomerang Spinner Orb Drone (Air). Designed for superior performance, comfort and style. Sourced with USPS express air shipping (7-10 days).</p>",WonderStem Labs,toys,toys,"toys, toys, kids, dropshipping, bestseller",true,Color,Cosmic Blue,Size,Standard FlyOrb,SY-SY-PROD-2670,500,shopify,9,deny,manual,32.87,54.95,true,true,https://images.unsplash.com/photo-1515488042361-ee00e0ddd4e4?auto=format&fit=crop&w=800&q=80,1,active
smartsparks-montessori-wooden-sensory-cognitive-activity-board-signature,SmartSparks Montessori Wooden Sensory Cognitive Activity Board (Signature),"<p>High-demand SmartSparks SmartSparks Montessori Wooden Sensory Cognitive Activity Board (Signature). Designed for superior performance, comfort and style. Sourced with USPS express air shipping (7-10 days).</p>",SmartSparks,toys,toys,"toys, toys, kids, dropshipping, bestseller",true,Color,Natural Pine Wood,Size,Toddler Standard,SY-SY-PROD-2671,500,shopify,10,deny,manual,38.24,63.27,true,true,https://images.unsplash.com/photo-1566576912321-d58ddd7a6088?auto=format&fit=crop&w=800&q=80,1,active
wonderstem-labs-12-in-1-solar-powered-stem-robotics-building-kit-v2,WonderStem Labs 12-in-1 Solar Powered STEM Robotics Building Kit (V2),"<p>High-demand WonderStem Labs WonderStem Labs 12-in-1 Solar Powered STEM Robotics Building Kit (V2). Designed for superior performance, comfort and style. Sourced with USPS express air shipping (7-10 days).</p>",WonderStem Labs,toys,toys,"toys, toys, kids, dropshipping, bestseller",true,Color,Multi-Color Set,Size,Ages 8-14,SY-SY-PROD-2672,500,shopify,11,deny,manual,42.61,70.05,true,true,https://images.unsplash.com/photo-1587654780291-39c9404d746b?auto=format&fit=crop&w=800&q=80,1,active
smartsparks-100-piece-magnetic-3d-geometric-castle-tiles-luxe,SmartSparks 100-Piece Magnetic 3D Geometric Castle Tiles (Luxe),"<p>High-demand SmartSparks SmartSparks 100-Piece Magnetic 3D Geometric Castle Tiles (Luxe). Designed for superior performance, comfort and style. Sourced with USPS express air shipping (7-10 days).</p>",SmartSparks,toys,toys,"toys, toys, kids, dropshipping, bestseller",true,Color,Rainbow Translucent,Size,100 Pieces,SY-SY-PROD-2673,500,shopify,12,deny,manual,58.98,95.42,true,true,https://images.unsplash.com/photo-1596461404969-9ae70f2830c1?auto=format&fit=crop&w=800&q=80,1,active
wonderstem-labs-high-speed-4wd-360-rotating-stunt-rc-car-led-wheels-pure,WonderStem Labs High-Speed 4WD 360° Rotating Stunt RC Car (LED Wheels) (Pure),"<p>High-demand WonderStem Labs WonderStem Labs High-Speed 4WD 360° Rotating Stunt RC Car (LED Wheels) (Pure). Designed for superior performance, comfort and style. Sourced with USPS express air shipping (7-10 days).</p>",WonderStem Labs,toys,toys,"toys, toys, kids, dropshipping, bestseller",true,Color,Laser Red,Size,1:16 Scale,SY-SY-PROD-2674,500,shopify,13,deny,manual,54.35,88.24,true,true,https://images.unsplash.com/photo-1558060370-d644479cb6f7?auto=format&fit=crop&w=800&q=80,1,active
smartsparks-smart-interactive-ai-talking-dancing-robot-toy-essential,SmartSparks Smart Interactive AI Talking & Dancing Robot Toy (Essential),"<p>High-demand SmartSparks SmartSparks Smart Interactive AI Talking & Dancing Robot Toy (Essential). Designed for superior performance, comfort and style. Sourced with USPS express air shipping (7-10 days).</p>",SmartSparks,toys,toys,"toys, toys, kids, dropshipping, bestseller",true,Color,Arctic White / Blue,Size,Rechargeable,SY-SY-PROD-2675,500,shopify,14,deny,manual,65.72,105.87,true,true,https://images.unsplash.com/photo-1515488042361-ee00e0ddd4e4?auto=format&fit=crop&w=800&q=80,1,active
wonderstem-labs-360-flying-boomerang-spinner-orb-drone-pro,WonderStem Labs 360° Flying Boomerang Spinner Orb Drone (Pro),"<p>High-demand WonderStem Labs WonderStem Labs 360° Flying Boomerang Spinner Orb Drone (Pro). Designed for superior performance, comfort and style. Sourced with USPS express air shipping (7-10 days).</p>",WonderStem Labs,toys,toys,"toys, toys, kids, dropshipping, bestseller",true,Color,Cosmic Blue,Size,Standard FlyOrb,SY-SY-PROD-2676,500,shopify,15,deny,manual,41.09,67.69,true,true,https://images.unsplash.com/photo-1566576912321-d58ddd7a6088?auto=format&fit=crop&w=800&q=80,1,active
smartsparks-montessori-wooden-sensory-cognitive-activity-board-elite,SmartSparks Montessori Wooden Sensory Cognitive Activity Board (Elite),"<p>High-demand SmartSparks SmartSparks Montessori Wooden Sensory Cognitive Activity Board (Elite). Designed for superior performance, comfort and style. Sourced with USPS express air shipping (7-10 days).</p>",SmartSparks,toys,toys,"toys, toys, kids, dropshipping, bestseller",true,Color,Natural Pine Wood,Size,Toddler Standard,SY-SY-PROD-2677,500,shopify,16,deny,manual,46.46,76.01,true,true,https://images.unsplash.com/photo-1587654780291-39c9404d746b?auto=format&fit=crop&w=800&q=80,1,active
wonderstem-labs-12-in-1-solar-powered-stem-robotics-building-kit-classic,WonderStem Labs 12-in-1 Solar Powered STEM Robotics Building Kit (Classic),"<p>High-demand WonderStem Labs WonderStem Labs 12-in-1 Solar Powered STEM Robotics Building Kit (Classic). Designed for superior performance, comfort and style. Sourced with USPS express air shipping (7-10 days).</p>",WonderStem Labs,toys,toys,"toys, toys, kids, dropshipping, bestseller",true,Color,Multi-Color Set,Size,Ages 8-14,SY-SY-PROD-2678,500,shopify,17,deny,manual,30.83,51.79,true,true,https://images.unsplash.com/photo-1596461404969-9ae70f2830c1?auto=format&fit=crop&w=800&q=80,1,active
smartsparks-100-piece-magnetic-3d-geometric-castle-tiles-series-2,SmartSparks 100-Piece Magnetic 3D Geometric Castle Tiles (Series 2),"<p>High-demand SmartSparks SmartSparks 100-Piece Magnetic 3D Geometric Castle Tiles (Series 2). Designed for superior performance, comfort and style. Sourced with USPS express air shipping (7-10 days).</p>",SmartSparks,toys,toys,"toys, toys, kids, dropshipping, bestseller",true,Color,Rainbow Translucent,Size,100 Pieces,SY-SY-PROD-2679,500,shopify,18,deny,manual,42.20,69.41,true,true,https://images.unsplash.com/photo-1558060370-d644479cb6f7?auto=format&fit=crop&w=800&q=80,1,active
wonderstem-labs-high-speed-4wd-360-rotating-stunt-rc-car-led-wheels-air,WonderStem Labs High-Speed 4WD 360° Rotating Stunt RC Car (LED Wheels) (Air),"<p>High-demand WonderStem Labs WonderStem Labs High-Speed 4WD 360° Rotating Stunt RC Car (LED Wheels) (Air). Designed for superior performance, comfort and style. Sourced with USPS express air shipping (7-10 days).</p>",WonderStem Labs,toys,toys,"toys, toys, kids, dropshipping, bestseller",true,Color,Laser Red,Size,1:16 Scale,SY-SY-PROD-2680,500,shopify,19,deny,manual,40.57,66.88,true,true,https://images.unsplash.com/photo-1515488042361-ee00e0ddd4e4?auto=format&fit=crop&w=800&q=80,1,active
smartsparks-smart-interactive-ai-talking-dancing-robot-toy-signature,SmartSparks Smart Interactive AI Talking & Dancing Robot Toy (Signature),"<p>High-demand SmartSparks SmartSparks Smart Interactive AI Talking & Dancing Robot Toy (Signature). Designed for superior performance, comfort and style. Sourced with USPS express air shipping (7-10 days).</p>",SmartSparks,toys,toys,"toys, toys, kids, dropshipping, bestseller",true,Color,Arctic White / Blue,Size,Rechargeable,SY-SY-PROD-2681,500,shopify,5,deny,manual,43.94,72.11,true,true,https://images.unsplash.com/photo-1566576912321-d58ddd7a6088?auto=format&fit=crop&w=800&q=80,1,active
wonderstem-labs-360-flying-boomerang-spinner-orb-drone-v2,WonderStem Labs 360° Flying Boomerang Spinner Orb Drone (V2),"<p>High-demand WonderStem Labs WonderStem Labs 360° Flying Boomerang Spinner Orb Drone (V2). Designed for superior performance, comfort and style. Sourced with USPS express air shipping (7-10 days).</p>",WonderStem Labs,toys,toys,"toys, toys, kids, dropshipping, bestseller",true,Color,Cosmic Blue,Size,Standard FlyOrb,SY-SY-PROD-2682,500,shopify,6,deny,manual,31.31,52.53,true,true,https://images.unsplash.com/photo-1587654780291-39c9404d746b?auto=format&fit=crop&w=800&q=80,1,active
smartsparks-montessori-wooden-sensory-cognitive-activity-board-luxe,SmartSparks Montessori Wooden Sensory Cognitive Activity Board (Luxe),"<p>High-demand SmartSparks SmartSparks Montessori Wooden Sensory Cognitive Activity Board (Luxe). Designed for superior performance, comfort and style. Sourced with USPS express air shipping (7-10 days).</p>",SmartSparks,toys,toys,"toys, toys, kids, dropshipping, bestseller",true,Color,Natural Pine Wood,Size,Toddler Standard,SY-SY-PROD-2683,500,shopify,7,deny,manual,34.68,57.75,true,true,https://images.unsplash.com/photo-1596461404969-9ae70f2830c1?auto=format&fit=crop&w=800&q=80,1,active
wonderstem-labs-12-in-1-solar-powered-stem-robotics-building-kit-pure,WonderStem Labs 12-in-1 Solar Powered STEM Robotics Building Kit (Pure),"<p>High-demand WonderStem Labs WonderStem Labs 12-in-1 Solar Powered STEM Robotics Building Kit (Pure). Designed for superior performance, comfort and style. Sourced with USPS express air shipping (7-10 days).</p>",WonderStem Labs,toys,toys,"toys, toys, kids, dropshipping, bestseller",true,Color,Multi-Color Set,Size,Ages 8-14,SY-SY-PROD-2684,500,shopify,8,deny,manual,39.05,64.53,true,true,https://images.unsplash.com/photo-1558060370-d644479cb6f7?auto=format&fit=crop&w=800&q=80,1,active
smartsparks-100-piece-magnetic-3d-geometric-castle-tiles-essential,SmartSparks 100-Piece Magnetic 3D Geometric Castle Tiles (Essential),"<p>High-demand SmartSparks SmartSparks 100-Piece Magnetic 3D Geometric Castle Tiles (Essential). Designed for superior performance, comfort and style. Sourced with USPS express air shipping (7-10 days).</p>",SmartSparks,toys,toys,"toys, toys, kids, dropshipping, bestseller",true,Color,Rainbow Translucent,Size,100 Pieces,SY-SY-PROD-2685,500,shopify,9,deny,manual,50.42,82.15,true,true,https://images.unsplash.com/photo-1515488042361-ee00e0ddd4e4?auto=format&fit=crop&w=800&q=80,1,active
wonderstem-labs-high-speed-4wd-360-rotating-stunt-rc-car-led-wheels-pro,WonderStem Labs High-Speed 4WD 360° Rotating Stunt RC Car (LED Wheels) (Pro),"<p>High-demand WonderStem Labs WonderStem Labs High-Speed 4WD 360° Rotating Stunt RC Car (LED Wheels) (Pro). Designed for superior performance, comfort and style. Sourced with USPS express air shipping (7-10 days).</p>",WonderStem Labs,toys,toys,"toys, toys, kids, dropshipping, bestseller",true,Color,Laser Red,Size,1:16 Scale,SY-SY-PROD-2686,500,shopify,10,deny,manual,48.79,79.62,true,true,https://images.unsplash.com/photo-1566576912321-d58ddd7a6088?auto=format&fit=crop&w=800&q=80,1,active
smartsparks-smart-interactive-ai-talking-dancing-robot-toy-elite,SmartSparks Smart Interactive AI Talking & Dancing Robot Toy (Elite),"<p>High-demand SmartSparks SmartSparks Smart Interactive AI Talking & Dancing Robot Toy (Elite). Designed for superior performance, comfort and style. Sourced with USPS express air shipping (7-10 days).</p>",SmartSparks,toys,toys,"toys, toys, kids, dropshipping, bestseller",true,Color,Arctic White / Blue,Size,Rechargeable,SY-SY-PROD-2687,500,shopify,11,deny,manual,52.16,84.85,true,true,https://images.unsplash.com/photo-1587654780291-39c9404d746b?auto=format&fit=crop&w=800&q=80,1,active
wonderstem-labs-360-flying-boomerang-spinner-orb-drone-classic,WonderStem Labs 360° Flying Boomerang Spinner Orb Drone (Classic),"<p>High-demand WonderStem Labs WonderStem Labs 360° Flying Boomerang Spinner Orb Drone (Classic). Designed for superior performance, comfort and style. Sourced with USPS express air shipping (7-10 days).</p>",WonderStem Labs,toys,toys,"toys, toys, kids, dropshipping, bestseller",true,Color,Cosmic Blue,Size,Standard FlyOrb,SY-SY-PROD-2688,500,shopify,12,deny,manual,39.53,65.27,true,true,https://images.unsplash.com/photo-1596461404969-9ae70f2830c1?auto=format&fit=crop&w=800&q=80,1,active
smartsparks-montessori-wooden-sensory-cognitive-activity-board-series-2,SmartSparks Montessori Wooden Sensory Cognitive Activity Board (Series 2),"<p>High-demand SmartSparks SmartSparks Montessori Wooden Sensory Cognitive Activity Board (Series 2). Designed for superior performance, comfort and style. Sourced with USPS express air shipping (7-10 days).</p>",SmartSparks,toys,toys,"toys, toys, kids, dropshipping, bestseller",true,Color,Natural Pine Wood,Size,Toddler Standard,SY-SY-PROD-2689,500,shopify,13,deny,manual,42.90,70.50,true,true,https://images.unsplash.com/photo-1558060370-d644479cb6f7?auto=format&fit=crop&w=800&q=80,1,active
wonderstem-labs-12-in-1-solar-powered-stem-robotics-building-kit-air,WonderStem Labs 12-in-1 Solar Powered STEM Robotics Building Kit (Air),"<p>High-demand WonderStem Labs WonderStem Labs 12-in-1 Solar Powered STEM Robotics Building Kit (Air). Designed for superior performance, comfort and style. Sourced with USPS express air shipping (7-10 days).</p>",WonderStem Labs,toys,toys,"toys, toys, kids, dropshipping, bestseller",true,Color,Multi-Color Set,Size,Ages 8-14,SY-SY-PROD-2690,500,shopify,14,deny,manual,47.27,77.27,true,true,https://images.unsplash.com/photo-1515488042361-ee00e0ddd4e4?auto=format&fit=crop&w=800&q=80,1,active
smartsparks-100-piece-magnetic-3d-geometric-castle-tiles-signature,SmartSparks 100-Piece Magnetic 3D Geometric Castle Tiles (Signature),"<p>High-demand SmartSparks SmartSparks 100-Piece Magnetic 3D Geometric Castle Tiles (Signature). Designed for superior performance, comfort and style. Sourced with USPS express air shipping (7-10 days).</p>",SmartSparks,toys,toys,"toys, toys, kids, dropshipping, bestseller",true,Color,Rainbow Translucent,Size,100 Pieces,SY-SY-PROD-2691,500,shopify,15,deny,manual,58.64,94.89,true,true,https://images.unsplash.com/photo-1566576912321-d58ddd7a6088?auto=format&fit=crop&w=800&q=80,1,active
wonderstem-labs-high-speed-4wd-360-rotating-stunt-rc-car-led-wheels-v2,WonderStem Labs High-Speed 4WD 360° Rotating Stunt RC Car (LED Wheels) (V2),"<p>High-demand WonderStem Labs WonderStem Labs High-Speed 4WD 360° Rotating Stunt RC Car (LED Wheels) (V2). Designed for superior performance, comfort and style. Sourced with USPS express air shipping (7-10 days).</p>",WonderStem Labs,toys,toys,"toys, toys, kids, dropshipping, bestseller",true,Color,Laser Red,Size,1:16 Scale,SY-SY-PROD-2692,500,shopify,16,deny,manual,35.01,58.27,true,true,https://images.unsplash.com/photo-1587654780291-39c9404d746b?auto=format&fit=crop&w=800&q=80,1,active
smartsparks-smart-interactive-ai-talking-dancing-robot-toy-luxe,SmartSparks Smart Interactive AI Talking & Dancing Robot Toy (Luxe),"<p>High-demand SmartSparks SmartSparks Smart Interactive AI Talking & Dancing Robot Toy (Luxe). Designed for superior performance, comfort and style. Sourced with USPS express air shipping (7-10 days).</p>",SmartSparks,toys,toys,"toys, toys, kids, dropshipping, bestseller",true,Color,Arctic White / Blue,Size,Rechargeable,SY-SY-PROD-2693,500,shopify,17,deny,manual,60.38,97.59,true,true,https://images.unsplash.com/photo-1596461404969-9ae70f2830c1?auto=format&fit=crop&w=800&q=80,1,active
wonderstem-labs-360-flying-boomerang-spinner-orb-drone-pure,WonderStem Labs 360° Flying Boomerang Spinner Orb Drone (Pure),"<p>High-demand WonderStem Labs WonderStem Labs 360° Flying Boomerang Spinner Orb Drone (Pure). Designed for superior performance, comfort and style. Sourced with USPS express air shipping (7-10 days).</p>",WonderStem Labs,toys,toys,"toys, toys, kids, dropshipping, bestseller",true,Color,Cosmic Blue,Size,Standard FlyOrb,SY-SY-PROD-2694,500,shopify,18,deny,manual,29.75,50.11,true,true,https://images.unsplash.com/photo-1558060370-d644479cb6f7?auto=format&fit=crop&w=800&q=80,1,active
smartsparks-montessori-wooden-sensory-cognitive-activity-board-essential,SmartSparks Montessori Wooden Sensory Cognitive Activity Board (Essential),"<p>High-demand SmartSparks SmartSparks Montessori Wooden Sensory Cognitive Activity Board (Essential). Designed for superior performance, comfort and style. Sourced with USPS express air shipping (7-10 days).</p>",SmartSparks,toys,toys,"toys, toys, kids, dropshipping, bestseller",true,Color,Natural Pine Wood,Size,Toddler Standard,SY-SY-PROD-2695,500,shopify,19,deny,manual,31.12,52.24,true,true,https://images.unsplash.com/photo-1515488042361-ee00e0ddd4e4?auto=format&fit=crop&w=800&q=80,1,active
wonderstem-labs-12-in-1-solar-powered-stem-robotics-building-kit-pro,WonderStem Labs 12-in-1 Solar Powered STEM Robotics Building Kit (Pro),"<p>High-demand WonderStem Labs WonderStem Labs 12-in-1 Solar Powered STEM Robotics Building Kit (Pro). Designed for superior performance, comfort and style. Sourced with USPS express air shipping (7-10 days).</p>",WonderStem Labs,toys,toys,"toys, toys, kids, dropshipping, bestseller",true,Color,Multi-Color Set,Size,Ages 8-14,SY-SY-PROD-2696,500,shopify,5,deny,manual,35.49,59.01,true,true,https://images.unsplash.com/photo-1566576912321-d58ddd7a6088?auto=format&fit=crop&w=800&q=80,1,active
smartsparks-100-piece-magnetic-3d-geometric-castle-tiles-elite,SmartSparks 100-Piece Magnetic 3D Geometric Castle Tiles (Elite),"<p>High-demand SmartSparks SmartSparks 100-Piece Magnetic 3D Geometric Castle Tiles (Elite). Designed for superior performance, comfort and style. Sourced with USPS express air shipping (7-10 days).</p>",SmartSparks,toys,toys,"toys, toys, kids, dropshipping, bestseller",true,Color,Rainbow Translucent,Size,100 Pieces,SY-SY-PROD-2697,500,shopify,6,deny,manual,41.86,68.88,true,true,https://images.unsplash.com/photo-1587654780291-39c9404d746b?auto=format&fit=crop&w=800&q=80,1,active
wonderstem-labs-high-speed-4wd-360-rotating-stunt-rc-car-led-wheels-classic,WonderStem Labs High-Speed 4WD 360° Rotating Stunt RC Car (LED Wheels) (Classic),"<p>High-demand WonderStem Labs WonderStem Labs High-Speed 4WD 360° Rotating Stunt RC Car (LED Wheels) (Classic). Designed for superior performance, comfort and style. Sourced with USPS express air shipping (7-10 days).</p>",WonderStem Labs,toys,toys,"toys, toys, kids, dropshipping, bestseller",true,Color,Laser Red,Size,1:16 Scale,SY-SY-PROD-2698,500,shopify,7,deny,manual,43.23,71.01,true,true,https://images.unsplash.com/photo-1596461404969-9ae70f2830c1?auto=format&fit=crop&w=800&q=80,1,active
smartsparks-smart-interactive-ai-talking-dancing-robot-toy-series-2,SmartSparks Smart Interactive AI Talking & Dancing Robot Toy (Series 2),"<p>High-demand SmartSparks SmartSparks Smart Interactive AI Talking & Dancing Robot Toy (Series 2). Designed for superior performance, comfort and style. Sourced with USPS express air shipping (7-10 days).</p>",SmartSparks,toys,toys,"toys, toys, kids, dropshipping, bestseller",true,Color,Arctic White / Blue,Size,Rechargeable,SY-SY-PROD-2699,500,shopify,8,deny,manual,68.60,110.33,true,true,https://images.unsplash.com/photo-1558060370-d644479cb6f7?auto=format&fit=crop&w=800&q=80,1,active
wonderstem-labs-360-flying-boomerang-spinner-orb-drone-air,WonderStem Labs 360° Flying Boomerang Spinner Orb Drone (Air),"<p>High-demand WonderStem Labs WonderStem Labs 360° Flying Boomerang Spinner Orb Drone (Air). Designed for superior performance, comfort and style. Sourced with USPS express air shipping (7-10 days).</p>",WonderStem Labs,toys,toys,"toys, toys, kids, dropshipping, bestseller",true,Color,Cosmic Blue,Size,Standard FlyOrb,SY-SY-PROD-2700,500,shopify,9,deny,manual,37.97,62.85,true,true,https://images.unsplash.com/photo-1515488042361-ee00e0ddd4e4?auto=format&fit=crop&w=800&q=80,1,active
smartsparks-montessori-wooden-sensory-cognitive-activity-board-signature,SmartSparks Montessori Wooden Sensory Cognitive Activity Board (Signature),"<p>High-demand SmartSparks SmartSparks Montessori Wooden Sensory Cognitive Activity Board (Signature). Designed for superior performance, comfort and style. Sourced with USPS express air shipping (7-10 days).</p>",SmartSparks,toys,toys,"toys, toys, kids, dropshipping, bestseller",true,Color,Natural Pine Wood,Size,Toddler Standard,SY-SY-PROD-2701,500,shopify,10,deny,manual,39.34,64.98,true,true,https://images.unsplash.com/photo-1566576912321-d58ddd7a6088?auto=format&fit=crop&w=800&q=80,1,active
wonderstem-labs-12-in-1-solar-powered-stem-robotics-building-kit-v2,WonderStem Labs 12-in-1 Solar Powered STEM Robotics Building Kit (V2),"<p>High-demand WonderStem Labs WonderStem Labs 12-in-1 Solar Powered STEM Robotics Building Kit (V2). Designed for superior performance, comfort and style. Sourced with USPS express air shipping (7-10 days).</p>",WonderStem Labs,toys,toys,"toys, toys, kids, dropshipping, bestseller",true,Color,Multi-Color Set,Size,Ages 8-14,SY-SY-PROD-2702,500,shopify,11,deny,manual,43.71,71.75,true,true,https://images.unsplash.com/photo-1587654780291-39c9404d746b?auto=format&fit=crop&w=800&q=80,1,active
smartsparks-100-piece-magnetic-3d-geometric-castle-tiles-luxe,SmartSparks 100-Piece Magnetic 3D Geometric Castle Tiles (Luxe),"<p>High-demand SmartSparks SmartSparks 100-Piece Magnetic 3D Geometric Castle Tiles (Luxe). Designed for superior performance, comfort and style. Sourced with USPS express air shipping (7-10 days).</p>",SmartSparks,toys,toys,"toys, toys, kids, dropshipping, bestseller",true,Color,Rainbow Translucent,Size,100 Pieces,SY-SY-PROD-2703,500,shopify,12,deny,manual,50.08,81.62,true,true,https://images.unsplash.com/photo-1596461404969-9ae70f2830c1?auto=format&fit=crop&w=800&q=80,1,active
wonderstem-labs-high-speed-4wd-360-rotating-stunt-rc-car-led-wheels-pure,WonderStem Labs High-Speed 4WD 360° Rotating Stunt RC Car (LED Wheels) (Pure),"<p>High-demand WonderStem Labs WonderStem Labs High-Speed 4WD 360° Rotating Stunt RC Car (LED Wheels) (Pure). Designed for superior performance, comfort and style. Sourced with USPS express air shipping (7-10 days).</p>",WonderStem Labs,toys,toys,"toys, toys, kids, dropshipping, bestseller",true,Color,Laser Red,Size,1:16 Scale,SY-SY-PROD-2704,500,shopify,13,deny,manual,51.45,83.75,true,true,https://images.unsplash.com/photo-1558060370-d644479cb6f7?auto=format&fit=crop&w=800&q=80,1,active
smartsparks-smart-interactive-ai-talking-dancing-robot-toy-essential,SmartSparks Smart Interactive AI Talking & Dancing Robot Toy (Essential),"<p>High-demand SmartSparks SmartSparks Smart Interactive AI Talking & Dancing Robot Toy (Essential). Designed for superior performance, comfort and style. Sourced with USPS express air shipping (7-10 days).</p>",SmartSparks,toys,toys,"toys, toys, kids, dropshipping, bestseller",true,Color,Arctic White / Blue,Size,Rechargeable,SY-SY-PROD-2705,500,shopify,14,deny,manual,46.82,76.57,true,true,https://images.unsplash.com/photo-1515488042361-ee00e0ddd4e4?auto=format&fit=crop&w=800&q=80,1,active
wonderstem-labs-360-flying-boomerang-spinner-orb-drone-pro,WonderStem Labs 360° Flying Boomerang Spinner Orb Drone (Pro),"<p>High-demand WonderStem Labs WonderStem Labs 360° Flying Boomerang Spinner Orb Drone (Pro). Designed for superior performance, comfort and style. Sourced with USPS express air shipping (7-10 days).</p>",WonderStem Labs,toys,toys,"toys, toys, kids, dropshipping, bestseller",true,Color,Cosmic Blue,Size,Standard FlyOrb,SY-SY-PROD-2706,500,shopify,15,deny,manual,28.19,47.69,true,true,https://images.unsplash.com/photo-1566576912321-d58ddd7a6088?auto=format&fit=crop&w=800&q=80,1,active
smartsparks-montessori-wooden-sensory-cognitive-activity-board-elite,SmartSparks Montessori Wooden Sensory Cognitive Activity Board (Elite),"<p>High-demand SmartSparks SmartSparks Montessori Wooden Sensory Cognitive Activity Board (Elite). Designed for superior performance, comfort and style. Sourced with USPS express air shipping (7-10 days).</p>",SmartSparks,toys,toys,"toys, toys, kids, dropshipping, bestseller",true,Color,Natural Pine Wood,Size,Toddler Standard,SY-SY-PROD-2707,500,shopify,16,deny,manual,27.56,46.72,true,true,https://images.unsplash.com/photo-1587654780291-39c9404d746b?auto=format&fit=crop&w=800&q=80,1,active
wonderstem-labs-12-in-1-solar-powered-stem-robotics-building-kit-classic,WonderStem Labs 12-in-1 Solar Powered STEM Robotics Building Kit (Classic),"<p>High-demand WonderStem Labs WonderStem Labs 12-in-1 Solar Powered STEM Robotics Building Kit (Classic). Designed for superior performance, comfort and style. Sourced with USPS express air shipping (7-10 days).</p>",WonderStem Labs,toys,toys,"toys, toys, kids, dropshipping, bestseller",true,Color,Multi-Color Set,Size,Ages 8-14,SY-SY-PROD-2708,500,shopify,17,deny,manual,31.93,53.49,true,true,https://images.unsplash.com/photo-1596461404969-9ae70f2830c1?auto=format&fit=crop&w=800&q=80,1,active
smartsparks-100-piece-magnetic-3d-geometric-castle-tiles-series-2,SmartSparks 100-Piece Magnetic 3D Geometric Castle Tiles (Series 2),"<p>High-demand SmartSparks SmartSparks 100-Piece Magnetic 3D Geometric Castle Tiles (Series 2). Designed for superior performance, comfort and style. Sourced with USPS express air shipping (7-10 days).</p>",SmartSparks,toys,toys,"toys, toys, kids, dropshipping, bestseller",true,Color,Rainbow Translucent,Size,100 Pieces,SY-SY-PROD-2709,500,shopify,18,deny,manual,58.30,94.36,true,true,https://images.unsplash.com/photo-1558060370-d644479cb6f7?auto=format&fit=crop&w=800&q=80,1,active
wonderstem-labs-high-speed-4wd-360-rotating-stunt-rc-car-led-wheels-air,WonderStem Labs High-Speed 4WD 360° Rotating Stunt RC Car (LED Wheels) (Air),"<p>High-demand WonderStem Labs WonderStem Labs High-Speed 4WD 360° Rotating Stunt RC Car (LED Wheels) (Air). Designed for superior performance, comfort and style. Sourced with USPS express air shipping (7-10 days).</p>",WonderStem Labs,toys,toys,"toys, toys, kids, dropshipping, bestseller",true,Color,Laser Red,Size,1:16 Scale,SY-SY-PROD-2710,500,shopify,19,deny,manual,37.67,62.39,true,true,https://images.unsplash.com/photo-1515488042361-ee00e0ddd4e4?auto=format&fit=crop&w=800&q=80,1,active
smartsparks-smart-interactive-ai-talking-dancing-robot-toy-signature,SmartSparks Smart Interactive AI Talking & Dancing Robot Toy (Signature),"<p>High-demand SmartSparks SmartSparks Smart Interactive AI Talking & Dancing Robot Toy (Signature). Designed for superior performance, comfort and style. Sourced with USPS express air shipping (7-10 days).</p>",SmartSparks,toys,toys,"toys, toys, kids, dropshipping, bestseller",true,Color,Arctic White / Blue,Size,Rechargeable,SY-SY-PROD-2711,500,shopify,5,deny,manual,55.04,89.31,true,true,https://images.unsplash.com/photo-1566576912321-d58ddd7a6088?auto=format&fit=crop&w=800&q=80,1,active
wonderstem-labs-360-flying-boomerang-spinner-orb-drone-v2,WonderStem Labs 360° Flying Boomerang Spinner Orb Drone (V2),"<p>High-demand WonderStem Labs WonderStem Labs 360° Flying Boomerang Spinner Orb Drone (V2). Designed for superior performance, comfort and style. Sourced with USPS express air shipping (7-10 days).</p>",WonderStem Labs,toys,toys,"toys, toys, kids, dropshipping, bestseller",true,Color,Cosmic Blue,Size,Standard FlyOrb,SY-SY-PROD-2712,500,shopify,6,deny,manual,36.41,60.44,true,true,https://images.unsplash.com/photo-1587654780291-39c9404d746b?auto=format&fit=crop&w=800&q=80,1,active
smartsparks-montessori-wooden-sensory-cognitive-activity-board-luxe,SmartSparks Montessori Wooden Sensory Cognitive Activity Board (Luxe),"<p>High-demand SmartSparks SmartSparks Montessori Wooden Sensory Cognitive Activity Board (Luxe). Designed for superior performance, comfort and style. Sourced with USPS express air shipping (7-10 days).</p>",SmartSparks,toys,toys,"toys, toys, kids, dropshipping, bestseller",true,Color,Natural Pine Wood,Size,Toddler Standard,SY-SY-PROD-2713,500,shopify,7,deny,manual,35.78,59.46,true,true,https://images.unsplash.com/photo-1596461404969-9ae70f2830c1?auto=format&fit=crop&w=800&q=80,1,active
wonderstem-labs-12-in-1-solar-powered-stem-robotics-building-kit-pure,WonderStem Labs 12-in-1 Solar Powered STEM Robotics Building Kit (Pure),"<p>High-demand WonderStem Labs WonderStem Labs 12-in-1 Solar Powered STEM Robotics Building Kit (Pure). Designed for superior performance, comfort and style. Sourced with USPS express air shipping (7-10 days).</p>",WonderStem Labs,toys,toys,"toys, toys, kids, dropshipping, bestseller",true,Color,Multi-Color Set,Size,Ages 8-14,SY-SY-PROD-2714,500,shopify,8,deny,manual,40.15,66.23,true,true,https://images.unsplash.com/photo-1558060370-d644479cb6f7?auto=format&fit=crop&w=800&q=80,1,active
smartsparks-100-piece-magnetic-3d-geometric-castle-tiles-essential,SmartSparks 100-Piece Magnetic 3D Geometric Castle Tiles (Essential),"<p>High-demand SmartSparks SmartSparks 100-Piece Magnetic 3D Geometric Castle Tiles (Essential). Designed for superior performance, comfort and style. Sourced with USPS express air shipping (7-10 days).</p>",SmartSparks,toys,toys,"toys, toys, kids, dropshipping, bestseller",true,Color,Rainbow Translucent,Size,100 Pieces,SY-SY-PROD-2715,500,shopify,9,deny,manual,41.52,68.36,true,true,https://images.unsplash.com/photo-1515488042361-ee00e0ddd4e4?auto=format&fit=crop&w=800&q=80,1,active
wonderstem-labs-high-speed-4wd-360-rotating-stunt-rc-car-led-wheels-pro,WonderStem Labs High-Speed 4WD 360° Rotating Stunt RC Car (LED Wheels) (Pro),"<p>High-demand WonderStem Labs WonderStem Labs High-Speed 4WD 360° Rotating Stunt RC Car (LED Wheels) (Pro). Designed for superior performance, comfort and style. Sourced with USPS express air shipping (7-10 days).</p>",WonderStem Labs,toys,toys,"toys, toys, kids, dropshipping, bestseller",true,Color,Laser Red,Size,1:16 Scale,SY-SY-PROD-2716,500,shopify,10,deny,manual,45.89,75.13,true,true,https://images.unsplash.com/photo-1566576912321-d58ddd7a6088?auto=format&fit=crop&w=800&q=80,1,active
smartsparks-smart-interactive-ai-talking-dancing-robot-toy-elite,SmartSparks Smart Interactive AI Talking & Dancing Robot Toy (Elite),"<p>High-demand SmartSparks SmartSparks Smart Interactive AI Talking & Dancing Robot Toy (Elite). Designed for superior performance, comfort and style. Sourced with USPS express air shipping (7-10 days).</p>",SmartSparks,toys,toys,"toys, toys, kids, dropshipping, bestseller",true,Color,Arctic White / Blue,Size,Rechargeable,SY-SY-PROD-2717,500,shopify,11,deny,manual,63.26,102.05,true,true,https://images.unsplash.com/photo-1587654780291-39c9404d746b?auto=format&fit=crop&w=800&q=80,1,active
wonderstem-labs-360-flying-boomerang-spinner-orb-drone-classic,WonderStem Labs 360° Flying Boomerang Spinner Orb Drone (Classic),"<p>High-demand WonderStem Labs WonderStem Labs 360° Flying Boomerang Spinner Orb Drone (Classic). Designed for superior performance, comfort and style. Sourced with USPS express air shipping (7-10 days).</p>",WonderStem Labs,toys,toys,"toys, toys, kids, dropshipping, bestseller",true,Color,Cosmic Blue,Size,Standard FlyOrb,SY-SY-PROD-2718,500,shopify,12,deny,manual,26.63,45.28,true,true,https://images.unsplash.com/photo-1596461404969-9ae70f2830c1?auto=format&fit=crop&w=800&q=80,1,active
smartsparks-montessori-wooden-sensory-cognitive-activity-board-series-2,SmartSparks Montessori Wooden Sensory Cognitive Activity Board (Series 2),"<p>High-demand SmartSparks SmartSparks Montessori Wooden Sensory Cognitive Activity Board (Series 2). Designed for superior performance, comfort and style. Sourced with USPS express air shipping (7-10 days).</p>",SmartSparks,toys,toys,"toys, toys, kids, dropshipping, bestseller",true,Color,Natural Pine Wood,Size,Toddler Standard,SY-SY-PROD-2719,500,shopify,13,deny,manual,44.00,72.20,true,true,https://images.unsplash.com/photo-1558060370-d644479cb6f7?auto=format&fit=crop&w=800&q=80,1,active
wonderstem-labs-12-in-1-solar-powered-stem-robotics-building-kit-air,WonderStem Labs 12-in-1 Solar Powered STEM Robotics Building Kit (Air),"<p>High-demand WonderStem Labs WonderStem Labs 12-in-1 Solar Powered STEM Robotics Building Kit (Air). Designed for superior performance, comfort and style. Sourced with USPS express air shipping (7-10 days).</p>",WonderStem Labs,toys,toys,"toys, toys, kids, dropshipping, bestseller",true,Color,Multi-Color Set,Size,Ages 8-14,SY-SY-PROD-2720,500,shopify,14,deny,manual,48.37,78.97,true,true,https://images.unsplash.com/photo-1515488042361-ee00e0ddd4e4?auto=format&fit=crop&w=800&q=80,1,active
smartsparks-100-piece-magnetic-3d-geometric-castle-tiles-signature,SmartSparks 100-Piece Magnetic 3D Geometric Castle Tiles (Signature),"<p>High-demand SmartSparks SmartSparks 100-Piece Magnetic 3D Geometric Castle Tiles (Signature). Designed for superior performance, comfort and style. Sourced with USPS express air shipping (7-10 days).</p>",SmartSparks,toys,toys,"toys, toys, kids, dropshipping, bestseller",true,Color,Rainbow Translucent,Size,100 Pieces,SY-SY-PROD-2721,500,shopify,15,deny,manual,49.74,81.10,true,true,https://images.unsplash.com/photo-1566576912321-d58ddd7a6088?auto=format&fit=crop&w=800&q=80,1,active
wonderstem-labs-high-speed-4wd-360-rotating-stunt-rc-car-led-wheels-v2,WonderStem Labs High-Speed 4WD 360° Rotating Stunt RC Car (LED Wheels) (V2),"<p>High-demand WonderStem Labs WonderStem Labs High-Speed 4WD 360° Rotating Stunt RC Car (LED Wheels) (V2). Designed for superior performance, comfort and style. Sourced with USPS express air shipping (7-10 days).</p>",WonderStem Labs,toys,toys,"toys, toys, kids, dropshipping, bestseller",true,Color,Laser Red,Size,1:16 Scale,SY-SY-PROD-2722,500,shopify,16,deny,manual,54.11,87.87,true,true,https://images.unsplash.com/photo-1587654780291-39c9404d746b?auto=format&fit=crop&w=800&q=80,1,active
smartsparks-smart-interactive-ai-talking-dancing-robot-toy-luxe,SmartSparks Smart Interactive AI Talking & Dancing Robot Toy (Luxe),"<p>High-demand SmartSparks SmartSparks Smart Interactive AI Talking & Dancing Robot Toy (Luxe). Designed for superior performance, comfort and style. Sourced with USPS express air shipping (7-10 days).</p>",SmartSparks,toys,toys,"toys, toys, kids, dropshipping, bestseller",true,Color,Arctic White / Blue,Size,Rechargeable,SY-SY-PROD-2723,500,shopify,17,deny,manual,41.48,68.29,true,true,https://images.unsplash.com/photo-1596461404969-9ae70f2830c1?auto=format&fit=crop&w=800&q=80,1,active
wonderstem-labs-360-flying-boomerang-spinner-orb-drone-pure,WonderStem Labs 360° Flying Boomerang Spinner Orb Drone (Pure),"<p>High-demand WonderStem Labs WonderStem Labs 360° Flying Boomerang Spinner Orb Drone (Pure). Designed for superior performance, comfort and style. Sourced with USPS express air shipping (7-10 days).</p>",WonderStem Labs,toys,toys,"toys, toys, kids, dropshipping, bestseller",true,Color,Cosmic Blue,Size,Standard FlyOrb,SY-SY-PROD-2724,500,shopify,18,deny,manual,34.85,58.02,true,true,https://images.unsplash.com/photo-1558060370-d644479cb6f7?auto=format&fit=crop&w=800&q=80,1,active
smartsparks-montessori-wooden-sensory-cognitive-activity-board-essential,SmartSparks Montessori Wooden Sensory Cognitive Activity Board (Essential),"<p>High-demand SmartSparks SmartSparks Montessori Wooden Sensory Cognitive Activity Board (Essential). Designed for superior performance, comfort and style. Sourced with USPS express air shipping (7-10 days).</p>",SmartSparks,toys,toys,"toys, toys, kids, dropshipping, bestseller",true,Color,Natural Pine Wood,Size,Toddler Standard,SY-SY-PROD-2725,500,shopify,19,deny,manual,32.22,53.94,true,true,https://images.unsplash.com/photo-1515488042361-ee00e0ddd4e4?auto=format&fit=crop&w=800&q=80,1,active
wonderstem-labs-12-in-1-solar-powered-stem-robotics-building-kit-pro,WonderStem Labs 12-in-1 Solar Powered STEM Robotics Building Kit (Pro),"<p>High-demand WonderStem Labs WonderStem Labs 12-in-1 Solar Powered STEM Robotics Building Kit (Pro). Designed for superior performance, comfort and style. Sourced with USPS express air shipping (7-10 days).</p>",WonderStem Labs,toys,toys,"toys, toys, kids, dropshipping, bestseller",true,Color,Multi-Color Set,Size,Ages 8-14,SY-SY-PROD-2726,500,shopify,5,deny,manual,36.59,60.71,true,true,https://images.unsplash.com/photo-1566576912321-d58ddd7a6088?auto=format&fit=crop&w=800&q=80,1,active
smartsparks-100-piece-magnetic-3d-geometric-castle-tiles-elite,SmartSparks 100-Piece Magnetic 3D Geometric Castle Tiles (Elite),"<p>High-demand SmartSparks SmartSparks 100-Piece Magnetic 3D Geometric Castle Tiles (Elite). Designed for superior performance, comfort and style. Sourced with USPS express air shipping (7-10 days).</p>",SmartSparks,toys,toys,"toys, toys, kids, dropshipping, bestseller",true,Color,Rainbow Translucent,Size,100 Pieces,SY-SY-PROD-2727,500,shopify,6,deny,manual,57.96,93.84,true,true,https://images.unsplash.com/photo-1587654780291-39c9404d746b?auto=format&fit=crop&w=800&q=80,1,active
wonderstem-labs-high-speed-4wd-360-rotating-stunt-rc-car-led-wheels-classic,WonderStem Labs High-Speed 4WD 360° Rotating Stunt RC Car (LED Wheels) (Classic),"<p>High-demand WonderStem Labs WonderStem Labs High-Speed 4WD 360° Rotating Stunt RC Car (LED Wheels) (Classic). Designed for superior performance, comfort and style. Sourced with USPS express air shipping (7-10 days).</p>",WonderStem Labs,toys,toys,"toys, toys, kids, dropshipping, bestseller",true,Color,Laser Red,Size,1:16 Scale,SY-SY-PROD-2728,500,shopify,7,deny,manual,40.33,66.51,true,true,https://images.unsplash.com/photo-1596461404969-9ae70f2830c1?auto=format&fit=crop&w=800&q=80,1,active
smartsparks-smart-interactive-ai-talking-dancing-robot-toy-series-2,SmartSparks Smart Interactive AI Talking & Dancing Robot Toy (Series 2),"<p>High-demand SmartSparks SmartSparks Smart Interactive AI Talking & Dancing Robot Toy (Series 2). Designed for superior performance, comfort and style. Sourced with USPS express air shipping (7-10 days).</p>",SmartSparks,toys,toys,"toys, toys, kids, dropshipping, bestseller",true,Color,Arctic White / Blue,Size,Rechargeable,SY-SY-PROD-2729,500,shopify,8,deny,manual,49.70,81.04,true,true,https://images.unsplash.com/photo-1558060370-d644479cb6f7?auto=format&fit=crop&w=800&q=80,1,active
wonderstem-labs-360-flying-boomerang-spinner-orb-drone-air,WonderStem Labs 360° Flying Boomerang Spinner Orb Drone (Air),"<p>High-demand WonderStem Labs WonderStem Labs 360° Flying Boomerang Spinner Orb Drone (Air). Designed for superior performance, comfort and style. Sourced with USPS express air shipping (7-10 days).</p>",WonderStem Labs,toys,toys,"toys, toys, kids, dropshipping, bestseller",true,Color,Cosmic Blue,Size,Standard FlyOrb,SY-SY-PROD-2730,500,shopify,9,deny,manual,25.07,42.86,true,true,https://images.unsplash.com/photo-1515488042361-ee00e0ddd4e4?auto=format&fit=crop&w=800&q=80,1,active
smartsparks-montessori-wooden-sensory-cognitive-activity-board-signature,SmartSparks Montessori Wooden Sensory Cognitive Activity Board (Signature),"<p>High-demand SmartSparks SmartSparks Montessori Wooden Sensory Cognitive Activity Board (Signature). Designed for superior performance, comfort and style. Sourced with USPS express air shipping (7-10 days).</p>",SmartSparks,toys,toys,"toys, toys, kids, dropshipping, bestseller",true,Color,Natural Pine Wood,Size,Toddler Standard,SY-SY-PROD-2731,500,shopify,10,deny,manual,40.44,66.68,true,true,https://images.unsplash.com/photo-1566576912321-d58ddd7a6088?auto=format&fit=crop&w=800&q=80,1,active
wonderstem-labs-12-in-1-solar-powered-stem-robotics-building-kit-v2,WonderStem Labs 12-in-1 Solar Powered STEM Robotics Building Kit (V2),"<p>High-demand WonderStem Labs WonderStem Labs 12-in-1 Solar Powered STEM Robotics Building Kit (V2). Designed for superior performance, comfort and style. Sourced with USPS express air shipping (7-10 days).</p>",WonderStem Labs,toys,toys,"toys, toys, kids, dropshipping, bestseller",true,Color,Multi-Color Set,Size,Ages 8-14,SY-SY-PROD-2732,500,shopify,11,deny,manual,44.81,73.46,true,true,https://images.unsplash.com/photo-1587654780291-39c9404d746b?auto=format&fit=crop&w=800&q=80,1,active
smartsparks-100-piece-magnetic-3d-geometric-castle-tiles-luxe,SmartSparks 100-Piece Magnetic 3D Geometric Castle Tiles (Luxe),"<p>High-demand SmartSparks SmartSparks 100-Piece Magnetic 3D Geometric Castle Tiles (Luxe). Designed for superior performance, comfort and style. Sourced with USPS express air shipping (7-10 days).</p>",SmartSparks,toys,toys,"toys, toys, kids, dropshipping, bestseller",true,Color,Rainbow Translucent,Size,100 Pieces,SY-SY-PROD-2733,500,shopify,12,deny,manual,41.18,67.83,true,true,https://images.unsplash.com/photo-1596461404969-9ae70f2830c1?auto=format&fit=crop&w=800&q=80,1,active
wonderstem-labs-high-speed-4wd-360-rotating-stunt-rc-car-led-wheels-pure,WonderStem Labs High-Speed 4WD 360° Rotating Stunt RC Car (LED Wheels) (Pure),"<p>High-demand WonderStem Labs WonderStem Labs High-Speed 4WD 360° Rotating Stunt RC Car (LED Wheels) (Pure). Designed for superior performance, comfort and style. Sourced with USPS express air shipping (7-10 days).</p>",WonderStem Labs,toys,toys,"toys, toys, kids, dropshipping, bestseller",true,Color,Laser Red,Size,1:16 Scale,SY-SY-PROD-2734,500,shopify,13,deny,manual,48.55,79.25,true,true,https://images.unsplash.com/photo-1558060370-d644479cb6f7?auto=format&fit=crop&w=800&q=80,1,active
smartsparks-smart-interactive-ai-talking-dancing-robot-toy-essential,SmartSparks Smart Interactive AI Talking & Dancing Robot Toy (Essential),"<p>High-demand SmartSparks SmartSparks Smart Interactive AI Talking & Dancing Robot Toy (Essential). Designed for superior performance, comfort and style. Sourced with USPS express air shipping (7-10 days).</p>",SmartSparks,toys,toys,"toys, toys, kids, dropshipping, bestseller",true,Color,Arctic White / Blue,Size,Rechargeable,SY-SY-PROD-2735,500,shopify,14,deny,manual,57.92,93.78,true,true,https://images.unsplash.com/photo-1515488042361-ee00e0ddd4e4?auto=format&fit=crop&w=800&q=80,1,active
wonderstem-labs-360-flying-boomerang-spinner-orb-drone-pro,WonderStem Labs 360° Flying Boomerang Spinner Orb Drone (Pro),"<p>High-demand WonderStem Labs WonderStem Labs 360° Flying Boomerang Spinner Orb Drone (Pro). Designed for superior performance, comfort and style. Sourced with USPS express air shipping (7-10 days).</p>",WonderStem Labs,toys,toys,"toys, toys, kids, dropshipping, bestseller",true,Color,Cosmic Blue,Size,Standard FlyOrb,SY-SY-PROD-2736,500,shopify,15,deny,manual,33.29,55.60,true,true,https://images.unsplash.com/photo-1566576912321-d58ddd7a6088?auto=format&fit=crop&w=800&q=80,1,active
smartsparks-montessori-wooden-sensory-cognitive-activity-board-elite,SmartSparks Montessori Wooden Sensory Cognitive Activity Board (Elite),"<p>High-demand SmartSparks SmartSparks Montessori Wooden Sensory Cognitive Activity Board (Elite). Designed for superior performance, comfort and style. Sourced with USPS express air shipping (7-10 days).</p>",SmartSparks,toys,toys,"toys, toys, kids, dropshipping, bestseller",true,Color,Natural Pine Wood,Size,Toddler Standard,SY-SY-PROD-2737,500,shopify,16,deny,manual,28.66,48.42,true,true,https://images.unsplash.com/photo-1587654780291-39c9404d746b?auto=format&fit=crop&w=800&q=80,1,active
wonderstem-labs-12-in-1-solar-powered-stem-robotics-building-kit-classic,WonderStem Labs 12-in-1 Solar Powered STEM Robotics Building Kit (Classic),"<p>High-demand WonderStem Labs WonderStem Labs 12-in-1 Solar Powered STEM Robotics Building Kit (Classic). Designed for superior performance, comfort and style. Sourced with USPS express air shipping (7-10 days).</p>",WonderStem Labs,toys,toys,"toys, toys, kids, dropshipping, bestseller",true,Color,Multi-Color Set,Size,Ages 8-14,SY-SY-PROD-2738,500,shopify,17,deny,manual,33.03,55.20,true,true,https://images.unsplash.com/photo-1596461404969-9ae70f2830c1?auto=format&fit=crop&w=800&q=80,1,active
smartsparks-100-piece-magnetic-3d-geometric-castle-tiles-series-2,SmartSparks 100-Piece Magnetic 3D Geometric Castle Tiles (Series 2),"<p>High-demand SmartSparks SmartSparks 100-Piece Magnetic 3D Geometric Castle Tiles (Series 2). Designed for superior performance, comfort and style. Sourced with USPS express air shipping (7-10 days).</p>",SmartSparks,toys,toys,"toys, toys, kids, dropshipping, bestseller",true,Color,Rainbow Translucent,Size,100 Pieces,SY-SY-PROD-2739,500,shopify,18,deny,manual,49.40,80.57,true,true,https://images.unsplash.com/photo-1558060370-d644479cb6f7?auto=format&fit=crop&w=800&q=80,1,active
wonderstem-labs-high-speed-4wd-360-rotating-stunt-rc-car-led-wheels-air,WonderStem Labs High-Speed 4WD 360° Rotating Stunt RC Car (LED Wheels) (Air),"<p>High-demand WonderStem Labs WonderStem Labs High-Speed 4WD 360° Rotating Stunt RC Car (LED Wheels) (Air). Designed for superior performance, comfort and style. Sourced with USPS express air shipping (7-10 days).</p>",WonderStem Labs,toys,toys,"toys, toys, kids, dropshipping, bestseller",true,Color,Laser Red,Size,1:16 Scale,SY-SY-PROD-2740,500,shopify,19,deny,manual,34.77,57.89,true,true,https://images.unsplash.com/photo-1515488042361-ee00e0ddd4e4?auto=format&fit=crop&w=800&q=80,1,active
smartsparks-smart-interactive-ai-talking-dancing-robot-toy-signature,SmartSparks Smart Interactive AI Talking & Dancing Robot Toy (Signature),"<p>High-demand SmartSparks SmartSparks Smart Interactive AI Talking & Dancing Robot Toy (Signature). Designed for superior performance, comfort and style. Sourced with USPS express air shipping (7-10 days).</p>",SmartSparks,toys,toys,"toys, toys, kids, dropshipping, bestseller",true,Color,Arctic White / Blue,Size,Rechargeable,SY-SY-PROD-2741,500,shopify,5,deny,manual,66.14,106.52,true,true,https://images.unsplash.com/photo-1566576912321-d58ddd7a6088?auto=format&fit=crop&w=800&q=80,1,active
wonderstem-labs-360-flying-boomerang-spinner-orb-drone-v2,WonderStem Labs 360° Flying Boomerang Spinner Orb Drone (V2),"<p>High-demand WonderStem Labs WonderStem Labs 360° Flying Boomerang Spinner Orb Drone (V2). Designed for superior performance, comfort and style. Sourced with USPS express air shipping (7-10 days).</p>",WonderStem Labs,toys,toys,"toys, toys, kids, dropshipping, bestseller",true,Color,Cosmic Blue,Size,Standard FlyOrb,SY-SY-PROD-2742,500,shopify,6,deny,manual,41.51,68.34,true,true,https://images.unsplash.com/photo-1587654780291-39c9404d746b?auto=format&fit=crop&w=800&q=80,1,active
smartsparks-montessori-wooden-sensory-cognitive-activity-board-luxe,SmartSparks Montessori Wooden Sensory Cognitive Activity Board (Luxe),"<p>High-demand SmartSparks SmartSparks Montessori Wooden Sensory Cognitive Activity Board (Luxe). Designed for superior performance, comfort and style. Sourced with USPS express air shipping (7-10 days).</p>",SmartSparks,toys,toys,"toys, toys, kids, dropshipping, bestseller",true,Color,Natural Pine Wood,Size,Toddler Standard,SY-SY-PROD-2743,500,shopify,7,deny,manual,36.88,61.16,true,true,https://images.unsplash.com/photo-1596461404969-9ae70f2830c1?auto=format&fit=crop&w=800&q=80,1,active
wonderstem-labs-12-in-1-solar-powered-stem-robotics-building-kit-pure,WonderStem Labs 12-in-1 Solar Powered STEM Robotics Building Kit (Pure),"<p>High-demand WonderStem Labs WonderStem Labs 12-in-1 Solar Powered STEM Robotics Building Kit (Pure). Designed for superior performance, comfort and style. Sourced with USPS express air shipping (7-10 days).</p>",WonderStem Labs,toys,toys,"toys, toys, kids, dropshipping, bestseller",true,Color,Multi-Color Set,Size,Ages 8-14,SY-SY-PROD-2744,500,shopify,8,deny,manual,41.25,67.94,true,true,https://images.unsplash.com/photo-1558060370-d644479cb6f7?auto=format&fit=crop&w=800&q=80,1,active
smartsparks-100-piece-magnetic-3d-geometric-castle-tiles-essential,SmartSparks 100-Piece Magnetic 3D Geometric Castle Tiles (Essential),"<p>High-demand SmartSparks SmartSparks 100-Piece Magnetic 3D Geometric Castle Tiles (Essential). Designed for superior performance, comfort and style. Sourced with USPS express air shipping (7-10 days).</p>",SmartSparks,toys,toys,"toys, toys, kids, dropshipping, bestseller",true,Color,Rainbow Translucent,Size,100 Pieces,SY-SY-PROD-2745,500,shopify,9,deny,manual,57.62,93.31,true,true,https://images.unsplash.com/photo-1515488042361-ee00e0ddd4e4?auto=format&fit=crop&w=800&q=80,1,active
wonderstem-labs-high-speed-4wd-360-rotating-stunt-rc-car-led-wheels-pro,WonderStem Labs High-Speed 4WD 360° Rotating Stunt RC Car (LED Wheels) (Pro),"<p>High-demand WonderStem Labs WonderStem Labs High-Speed 4WD 360° Rotating Stunt RC Car (LED Wheels) (Pro). Designed for superior performance, comfort and style. Sourced with USPS express air shipping (7-10 days).</p>",WonderStem Labs,toys,toys,"toys, toys, kids, dropshipping, bestseller",true,Color,Laser Red,Size,1:16 Scale,SY-SY-PROD-2746,500,shopify,10,deny,manual,42.99,70.63,true,true,https://images.unsplash.com/photo-1566576912321-d58ddd7a6088?auto=format&fit=crop&w=800&q=80,1,active
smartsparks-smart-interactive-ai-talking-dancing-robot-toy-elite,SmartSparks Smart Interactive AI Talking & Dancing Robot Toy (Elite),"<p>High-demand SmartSparks SmartSparks Smart Interactive AI Talking & Dancing Robot Toy (Elite). Designed for superior performance, comfort and style. Sourced with USPS express air shipping (7-10 days).</p>",SmartSparks,toys,toys,"toys, toys, kids, dropshipping, bestseller",true,Color,Arctic White / Blue,Size,Rechargeable,SY-SY-PROD-2747,500,shopify,11,deny,manual,44.36,72.76,true,true,https://images.unsplash.com/photo-1587654780291-39c9404d746b?auto=format&fit=crop&w=800&q=80,1,active
wonderstem-labs-360-flying-boomerang-spinner-orb-drone-classic,WonderStem Labs 360° Flying Boomerang Spinner Orb Drone (Classic),"<p>High-demand WonderStem Labs WonderStem Labs 360° Flying Boomerang Spinner Orb Drone (Classic). Designed for superior performance, comfort and style. Sourced with USPS express air shipping (7-10 days).</p>",WonderStem Labs,toys,toys,"toys, toys, kids, dropshipping, bestseller",true,Color,Cosmic Blue,Size,Standard FlyOrb,SY-SY-PROD-2748,500,shopify,12,deny,manual,31.73,53.18,true,true,https://images.unsplash.com/photo-1596461404969-9ae70f2830c1?auto=format&fit=crop&w=800&q=80,1,active
smartsparks-montessori-wooden-sensory-cognitive-activity-board-series-2,SmartSparks Montessori Wooden Sensory Cognitive Activity Board (Series 2),"<p>High-demand SmartSparks SmartSparks Montessori Wooden Sensory Cognitive Activity Board (Series 2). Designed for superior performance, comfort and style. Sourced with USPS express air shipping (7-10 days).</p>",SmartSparks,toys,toys,"toys, toys, kids, dropshipping, bestseller",true,Color,Natural Pine Wood,Size,Toddler Standard,SY-SY-PROD-2749,500,shopify,13,deny,manual,45.10,73.91,true,true,https://images.unsplash.com/photo-1558060370-d644479cb6f7?auto=format&fit=crop&w=800&q=80,1,active
wonderstem-labs-12-in-1-solar-powered-stem-robotics-building-kit-air,WonderStem Labs 12-in-1 Solar Powered STEM Robotics Building Kit (Air),"<p>High-demand WonderStem Labs WonderStem Labs 12-in-1 Solar Powered STEM Robotics Building Kit (Air). Designed for superior performance, comfort and style. Sourced with USPS express air shipping (7-10 days).</p>",WonderStem Labs,toys,toys,"toys, toys, kids, dropshipping, bestseller",true,Color,Multi-Color Set,Size,Ages 8-14,SY-SY-PROD-2750,500,shopify,14,deny,manual,49.47,80.68,true,true,https://images.unsplash.com/photo-1515488042361-ee00e0ddd4e4?auto=format&fit=crop&w=800&q=80,1,active
smartsparks-100-piece-magnetic-3d-geometric-castle-tiles-signature,SmartSparks 100-Piece Magnetic 3D Geometric Castle Tiles (Signature),"<p>High-demand SmartSparks SmartSparks 100-Piece Magnetic 3D Geometric Castle Tiles (Signature). Designed for superior performance, comfort and style. Sourced with USPS express air shipping (7-10 days).</p>",SmartSparks,toys,toys,"toys, toys, kids, dropshipping, bestseller",true,Color,Rainbow Translucent,Size,100 Pieces,SY-SY-PROD-2751,500,shopify,15,deny,manual,40.84,67.30,true,true,https://images.unsplash.com/photo-1566576912321-d58ddd7a6088?auto=format&fit=crop&w=800&q=80,1,active
wonderstem-labs-high-speed-4wd-360-rotating-stunt-rc-car-led-wheels-v2,WonderStem Labs High-Speed 4WD 360° Rotating Stunt RC Car (LED Wheels) (V2),"<p>High-demand WonderStem Labs WonderStem Labs High-Speed 4WD 360° Rotating Stunt RC Car (LED Wheels) (V2). Designed for superior performance, comfort and style. Sourced with USPS express air shipping (7-10 days).</p>",WonderStem Labs,toys,toys,"toys, toys, kids, dropshipping, bestseller",true,Color,Laser Red,Size,1:16 Scale,SY-SY-PROD-2752,500,shopify,16,deny,manual,51.21,83.38,true,true,https://images.unsplash.com/photo-1587654780291-39c9404d746b?auto=format&fit=crop&w=800&q=80,1,active
smartsparks-smart-interactive-ai-talking-dancing-robot-toy-luxe,SmartSparks Smart Interactive AI Talking & Dancing Robot Toy (Luxe),"<p>High-demand SmartSparks SmartSparks Smart Interactive AI Talking & Dancing Robot Toy (Luxe). Designed for superior performance, comfort and style. Sourced with USPS express air shipping (7-10 days).</p>",SmartSparks,toys,toys,"toys, toys, kids, dropshipping, bestseller",true,Color,Arctic White / Blue,Size,Rechargeable,SY-SY-PROD-2753,500,shopify,17,deny,manual,52.58,85.50,true,true,https://images.unsplash.com/photo-1596461404969-9ae70f2830c1?auto=format&fit=crop&w=800&q=80,1,active
wonderstem-labs-360-flying-boomerang-spinner-orb-drone-pure,WonderStem Labs 360° Flying Boomerang Spinner Orb Drone (Pure),"<p>High-demand WonderStem Labs WonderStem Labs 360° Flying Boomerang Spinner Orb Drone (Pure). Designed for superior performance, comfort and style. Sourced with USPS express air shipping (7-10 days).</p>",WonderStem Labs,toys,toys,"toys, toys, kids, dropshipping, bestseller",true,Color,Cosmic Blue,Size,Standard FlyOrb,SY-SY-PROD-2754,500,shopify,18,deny,manual,39.95,65.92,true,true,https://images.unsplash.com/photo-1558060370-d644479cb6f7?auto=format&fit=crop&w=800&q=80,1,active
smartsparks-montessori-wooden-sensory-cognitive-activity-board-essential,SmartSparks Montessori Wooden Sensory Cognitive Activity Board (Essential),"<p>High-demand SmartSparks SmartSparks Montessori Wooden Sensory Cognitive Activity Board (Essential). Designed for superior performance, comfort and style. Sourced with USPS express air shipping (7-10 days).</p>",SmartSparks,toys,toys,"toys, toys, kids, dropshipping, bestseller",true,Color,Natural Pine Wood,Size,Toddler Standard,SY-SY-PROD-2755,500,shopify,19,deny,manual,33.32,55.65,true,true,https://images.unsplash.com/photo-1515488042361-ee00e0ddd4e4?auto=format&fit=crop&w=800&q=80,1,active
wonderstem-labs-12-in-1-solar-powered-stem-robotics-building-kit-pro,WonderStem Labs 12-in-1 Solar Powered STEM Robotics Building Kit (Pro),"<p>High-demand WonderStem Labs WonderStem Labs 12-in-1 Solar Powered STEM Robotics Building Kit (Pro). Designed for superior performance, comfort and style. Sourced with USPS express air shipping (7-10 days).</p>",WonderStem Labs,toys,toys,"toys, toys, kids, dropshipping, bestseller",true,Color,Multi-Color Set,Size,Ages 8-14,SY-SY-PROD-2756,500,shopify,5,deny,manual,37.69,62.42,true,true,https://images.unsplash.com/photo-1566576912321-d58ddd7a6088?auto=format&fit=crop&w=800&q=80,1,active
smartsparks-100-piece-magnetic-3d-geometric-castle-tiles-elite,SmartSparks 100-Piece Magnetic 3D Geometric Castle Tiles (Elite),"<p>High-demand SmartSparks SmartSparks 100-Piece Magnetic 3D Geometric Castle Tiles (Elite). Designed for superior performance, comfort and style. Sourced with USPS express air shipping (7-10 days).</p>",SmartSparks,toys,toys,"toys, toys, kids, dropshipping, bestseller",true,Color,Rainbow Translucent,Size,100 Pieces,SY-SY-PROD-2757,500,shopify,6,deny,manual,49.06,80.04,true,true,https://images.unsplash.com/photo-1587654780291-39c9404d746b?auto=format&fit=crop&w=800&q=80,1,active
wonderstem-labs-high-speed-4wd-360-rotating-stunt-rc-car-led-wheels-classic,WonderStem Labs High-Speed 4WD 360° Rotating Stunt RC Car (LED Wheels) (Classic),"<p>High-demand WonderStem Labs WonderStem Labs High-Speed 4WD 360° Rotating Stunt RC Car (LED Wheels) (Classic). Designed for superior performance, comfort and style. Sourced with USPS express air shipping (7-10 days).</p>",WonderStem Labs,toys,toys,"toys, toys, kids, dropshipping, bestseller",true,Color,Laser Red,Size,1:16 Scale,SY-SY-PROD-2758,500,shopify,7,deny,manual,37.43,62.02,true,true,https://images.unsplash.com/photo-1596461404969-9ae70f2830c1?auto=format&fit=crop&w=800&q=80,1,active
smartsparks-smart-interactive-ai-talking-dancing-robot-toy-series-2,SmartSparks Smart Interactive AI Talking & Dancing Robot Toy (Series 2),"<p>High-demand SmartSparks SmartSparks Smart Interactive AI Talking & Dancing Robot Toy (Series 2). Designed for superior performance, comfort and style. Sourced with USPS express air shipping (7-10 days).</p>",SmartSparks,toys,toys,"toys, toys, kids, dropshipping, bestseller",true,Color,Arctic White / Blue,Size,Rechargeable,SY-SY-PROD-2759,500,shopify,8,deny,manual,60.80,98.24,true,true,https://images.unsplash.com/photo-1558060370-d644479cb6f7?auto=format&fit=crop&w=800&q=80,1,active
wonderstem-labs-360-flying-boomerang-spinner-orb-drone-air,WonderStem Labs 360° Flying Boomerang Spinner Orb Drone (Air),"<p>High-demand WonderStem Labs WonderStem Labs 360° Flying Boomerang Spinner Orb Drone (Air). Designed for superior performance, comfort and style. Sourced with USPS express air shipping (7-10 days).</p>",WonderStem Labs,toys,toys,"toys, toys, kids, dropshipping, bestseller",true,Color,Cosmic Blue,Size,Standard FlyOrb,SY-SY-PROD-2760,500,shopify,9,deny,manual,30.17,50.76,true,true,https://images.unsplash.com/photo-1515488042361-ee00e0ddd4e4?auto=format&fit=crop&w=800&q=80,1,active
smartsparks-montessori-wooden-sensory-cognitive-activity-board-signature,SmartSparks Montessori Wooden Sensory Cognitive Activity Board (Signature),"<p>High-demand SmartSparks SmartSparks Montessori Wooden Sensory Cognitive Activity Board (Signature). Designed for superior performance, comfort and style. Sourced with USPS express air shipping (7-10 days).</p>",SmartSparks,toys,toys,"toys, toys, kids, dropshipping, bestseller",true,Color,Natural Pine Wood,Size,Toddler Standard,SY-SY-PROD-2761,500,shopify,10,deny,manual,41.54,68.39,true,true,https://images.unsplash.com/photo-1566576912321-d58ddd7a6088?auto=format&fit=crop&w=800&q=80,1,active
wonderstem-labs-12-in-1-solar-powered-stem-robotics-building-kit-v2,WonderStem Labs 12-in-1 Solar Powered STEM Robotics Building Kit (V2),"<p>High-demand WonderStem Labs WonderStem Labs 12-in-1 Solar Powered STEM Robotics Building Kit (V2). Designed for superior performance, comfort and style. Sourced with USPS express air shipping (7-10 days).</p>",WonderStem Labs,toys,toys,"toys, toys, kids, dropshipping, bestseller",true,Color,Multi-Color Set,Size,Ages 8-14,SY-SY-PROD-2762,500,shopify,11,deny,manual,45.91,75.16,true,true,https://images.unsplash.com/photo-1587654780291-39c9404d746b?auto=format&fit=crop&w=800&q=80,1,active
smartsparks-100-piece-magnetic-3d-geometric-castle-tiles-luxe,SmartSparks 100-Piece Magnetic 3D Geometric Castle Tiles (Luxe),"<p>High-demand SmartSparks SmartSparks 100-Piece Magnetic 3D Geometric Castle Tiles (Luxe). Designed for superior performance, comfort and style. Sourced with USPS express air shipping (7-10 days).</p>",SmartSparks,toys,toys,"toys, toys, kids, dropshipping, bestseller",true,Color,Rainbow Translucent,Size,100 Pieces,SY-SY-PROD-2763,500,shopify,12,deny,manual,57.28,92.78,true,true,https://images.unsplash.com/photo-1596461404969-9ae70f2830c1?auto=format&fit=crop&w=800&q=80,1,active
wonderstem-labs-high-speed-4wd-360-rotating-stunt-rc-car-led-wheels-pure,WonderStem Labs High-Speed 4WD 360° Rotating Stunt RC Car (LED Wheels) (Pure),"<p>High-demand WonderStem Labs WonderStem Labs High-Speed 4WD 360° Rotating Stunt RC Car (LED Wheels) (Pure). Designed for superior performance, comfort and style. Sourced with USPS express air shipping (7-10 days).</p>",WonderStem Labs,toys,toys,"toys, toys, kids, dropshipping, bestseller",true,Color,Laser Red,Size,1:16 Scale,SY-SY-PROD-2764,500,shopify,13,deny,manual,45.65,74.76,true,true,https://images.unsplash.com/photo-1558060370-d644479cb6f7?auto=format&fit=crop&w=800&q=80,1,active
smartsparks-smart-interactive-ai-talking-dancing-robot-toy-essential,SmartSparks Smart Interactive AI Talking & Dancing Robot Toy (Essential),"<p>High-demand SmartSparks SmartSparks Smart Interactive AI Talking & Dancing Robot Toy (Essential). Designed for superior performance, comfort and style. Sourced with USPS express air shipping (7-10 days).</p>",SmartSparks,toys,toys,"toys, toys, kids, dropshipping, bestseller",true,Color,Arctic White / Blue,Size,Rechargeable,SY-SY-PROD-2765,500,shopify,14,deny,manual,39.02,64.48,true,true,https://images.unsplash.com/photo-1515488042361-ee00e0ddd4e4?auto=format&fit=crop&w=800&q=80,1,active
wonderstem-labs-360-flying-boomerang-spinner-orb-drone-pro,WonderStem Labs 360° Flying Boomerang Spinner Orb Drone (Pro),"<p>High-demand WonderStem Labs WonderStem Labs 360° Flying Boomerang Spinner Orb Drone (Pro). Designed for superior performance, comfort and style. Sourced with USPS express air shipping (7-10 days).</p>",WonderStem Labs,toys,toys,"toys, toys, kids, dropshipping, bestseller",true,Color,Cosmic Blue,Size,Standard FlyOrb,SY-SY-PROD-2766,500,shopify,15,deny,manual,38.39,63.50,true,true,https://images.unsplash.com/photo-1566576912321-d58ddd7a6088?auto=format&fit=crop&w=800&q=80,1,active
smartsparks-montessori-wooden-sensory-cognitive-activity-board-elite,SmartSparks Montessori Wooden Sensory Cognitive Activity Board (Elite),"<p>High-demand SmartSparks SmartSparks Montessori Wooden Sensory Cognitive Activity Board (Elite). Designed for superior performance, comfort and style. Sourced with USPS express air shipping (7-10 days).</p>",SmartSparks,toys,toys,"toys, toys, kids, dropshipping, bestseller",true,Color,Natural Pine Wood,Size,Toddler Standard,SY-SY-PROD-2767,500,shopify,16,deny,manual,29.76,50.13,true,true,https://images.unsplash.com/photo-1587654780291-39c9404d746b?auto=format&fit=crop&w=800&q=80,1,active
wonderstem-labs-12-in-1-solar-powered-stem-robotics-building-kit-classic,WonderStem Labs 12-in-1 Solar Powered STEM Robotics Building Kit (Classic),"<p>High-demand WonderStem Labs WonderStem Labs 12-in-1 Solar Powered STEM Robotics Building Kit (Classic). Designed for superior performance, comfort and style. Sourced with USPS express air shipping (7-10 days).</p>",WonderStem Labs,toys,toys,"toys, toys, kids, dropshipping, bestseller",true,Color,Multi-Color Set,Size,Ages 8-14,SY-SY-PROD-2768,500,shopify,17,deny,manual,34.13,56.90,true,true,https://images.unsplash.com/photo-1596461404969-9ae70f2830c1?auto=format&fit=crop&w=800&q=80,1,active
smartsparks-100-piece-magnetic-3d-geometric-castle-tiles-series-2,SmartSparks 100-Piece Magnetic 3D Geometric Castle Tiles (Series 2),"<p>High-demand SmartSparks SmartSparks 100-Piece Magnetic 3D Geometric Castle Tiles (Series 2). Designed for superior performance, comfort and style. Sourced with USPS express air shipping (7-10 days).</p>",SmartSparks,toys,toys,"toys, toys, kids, dropshipping, bestseller",true,Color,Rainbow Translucent,Size,100 Pieces,SY-SY-PROD-2769,500,shopify,18,deny,manual,40.50,66.78,true,true,https://images.unsplash.com/photo-1558060370-d644479cb6f7?auto=format&fit=crop&w=800&q=80,1,active
wonderstem-labs-high-speed-4wd-360-rotating-stunt-rc-car-led-wheels-air,WonderStem Labs High-Speed 4WD 360° Rotating Stunt RC Car (LED Wheels) (Air),"<p>High-demand WonderStem Labs WonderStem Labs High-Speed 4WD 360° Rotating Stunt RC Car (LED Wheels) (Air). Designed for superior performance, comfort and style. Sourced with USPS express air shipping (7-10 days).</p>",WonderStem Labs,toys,toys,"toys, toys, kids, dropshipping, bestseller",true,Color,Laser Red,Size,1:16 Scale,SY-SY-PROD-2770,500,shopify,19,deny,manual,53.87,87.50,true,true,https://images.unsplash.com/photo-1515488042361-ee00e0ddd4e4?auto=format&fit=crop&w=800&q=80,1,active
smartsparks-smart-interactive-ai-talking-dancing-robot-toy-signature,SmartSparks Smart Interactive AI Talking & Dancing Robot Toy (Signature),"<p>High-demand SmartSparks SmartSparks Smart Interactive AI Talking & Dancing Robot Toy (Signature). Designed for superior performance, comfort and style. Sourced with USPS express air shipping (7-10 days).</p>",SmartSparks,toys,toys,"toys, toys, kids, dropshipping, bestseller",true,Color,Arctic White / Blue,Size,Rechargeable,SY-SY-PROD-2771,500,shopify,5,deny,manual,47.24,77.22,true,true,https://images.unsplash.com/photo-1566576912321-d58ddd7a6088?auto=format&fit=crop&w=800&q=80,1,active
wonderstem-labs-360-flying-boomerang-spinner-orb-drone-v2,WonderStem Labs 360° Flying Boomerang Spinner Orb Drone (V2),"<p>High-demand WonderStem Labs WonderStem Labs 360° Flying Boomerang Spinner Orb Drone (V2). Designed for superior performance, comfort and style. Sourced with USPS express air shipping (7-10 days).</p>",WonderStem Labs,toys,toys,"toys, toys, kids, dropshipping, bestseller",true,Color,Cosmic Blue,Size,Standard FlyOrb,SY-SY-PROD-2772,500,shopify,6,deny,manual,28.61,48.35,true,true,https://images.unsplash.com/photo-1587654780291-39c9404d746b?auto=format&fit=crop&w=800&q=80,1,active
smartsparks-montessori-wooden-sensory-cognitive-activity-board-luxe,SmartSparks Montessori Wooden Sensory Cognitive Activity Board (Luxe),"<p>High-demand SmartSparks SmartSparks Montessori Wooden Sensory Cognitive Activity Board (Luxe). Designed for superior performance, comfort and style. Sourced with USPS express air shipping (7-10 days).</p>",SmartSparks,toys,toys,"toys, toys, kids, dropshipping, bestseller",true,Color,Natural Pine Wood,Size,Toddler Standard,SY-SY-PROD-2773,500,shopify,7,deny,manual,37.98,62.87,true,true,https://images.unsplash.com/photo-1596461404969-9ae70f2830c1?auto=format&fit=crop&w=800&q=80,1,active
wonderstem-labs-12-in-1-solar-powered-stem-robotics-building-kit-pure,WonderStem Labs 12-in-1 Solar Powered STEM Robotics Building Kit (Pure),"<p>High-demand WonderStem Labs WonderStem Labs 12-in-1 Solar Powered STEM Robotics Building Kit (Pure). Designed for superior performance, comfort and style. Sourced with USPS express air shipping (7-10 days).</p>",WonderStem Labs,toys,toys,"toys, toys, kids, dropshipping, bestseller",true,Color,Multi-Color Set,Size,Ages 8-14,SY-SY-PROD-2774,500,shopify,8,deny,manual,42.35,69.64,true,true,https://images.unsplash.com/photo-1558060370-d644479cb6f7?auto=format&fit=crop&w=800&q=80,1,active
smartsparks-100-piece-magnetic-3d-geometric-castle-tiles-essential,SmartSparks 100-Piece Magnetic 3D Geometric Castle Tiles (Essential),"<p>High-demand SmartSparks SmartSparks 100-Piece Magnetic 3D Geometric Castle Tiles (Essential). Designed for superior performance, comfort and style. Sourced with USPS express air shipping (7-10 days).</p>",SmartSparks,toys,toys,"toys, toys, kids, dropshipping, bestseller",true,Color,Rainbow Translucent,Size,100 Pieces,SY-SY-PROD-2775,500,shopify,9,deny,manual,48.72,79.52,true,true,https://images.unsplash.com/photo-1515488042361-ee00e0ddd4e4?auto=format&fit=crop&w=800&q=80,1,active
wonderstem-labs-high-speed-4wd-360-rotating-stunt-rc-car-led-wheels-pro,WonderStem Labs High-Speed 4WD 360° Rotating Stunt RC Car (LED Wheels) (Pro),"<p>High-demand WonderStem Labs WonderStem Labs High-Speed 4WD 360° Rotating Stunt RC Car (LED Wheels) (Pro). Designed for superior performance, comfort and style. Sourced with USPS express air shipping (7-10 days).</p>",WonderStem Labs,toys,toys,"toys, toys, kids, dropshipping, bestseller",true,Color,Laser Red,Size,1:16 Scale,SY-SY-PROD-2776,500,shopify,10,deny,manual,40.09,66.14,true,true,https://images.unsplash.com/photo-1566576912321-d58ddd7a6088?auto=format&fit=crop&w=800&q=80,1,active
smartsparks-smart-interactive-ai-talking-dancing-robot-toy-elite,SmartSparks Smart Interactive AI Talking & Dancing Robot Toy (Elite),"<p>High-demand SmartSparks SmartSparks Smart Interactive AI Talking & Dancing Robot Toy (Elite). Designed for superior performance, comfort and style. Sourced with USPS express air shipping (7-10 days).</p>",SmartSparks,toys,toys,"toys, toys, kids, dropshipping, bestseller",true,Color,Arctic White / Blue,Size,Rechargeable,SY-SY-PROD-2777,500,shopify,11,deny,manual,55.46,89.96,true,true,https://images.unsplash.com/photo-1587654780291-39c9404d746b?auto=format&fit=crop&w=800&q=80,1,active
wonderstem-labs-360-flying-boomerang-spinner-orb-drone-classic,WonderStem Labs 360° Flying Boomerang Spinner Orb Drone (Classic),"<p>High-demand WonderStem Labs WonderStem Labs 360° Flying Boomerang Spinner Orb Drone (Classic). Designed for superior performance, comfort and style. Sourced with USPS express air shipping (7-10 days).</p>",WonderStem Labs,toys,toys,"toys, toys, kids, dropshipping, bestseller",true,Color,Cosmic Blue,Size,Standard FlyOrb,SY-SY-PROD-2778,500,shopify,12,deny,manual,36.83,61.09,true,true,https://images.unsplash.com/photo-1596461404969-9ae70f2830c1?auto=format&fit=crop&w=800&q=80,1,active
smartsparks-montessori-wooden-sensory-cognitive-activity-board-series-2,SmartSparks Montessori Wooden Sensory Cognitive Activity Board (Series 2),"<p>High-demand SmartSparks SmartSparks Montessori Wooden Sensory Cognitive Activity Board (Series 2). Designed for superior performance, comfort and style. Sourced with USPS express air shipping (7-10 days).</p>",SmartSparks,toys,toys,"toys, toys, kids, dropshipping, bestseller",true,Color,Natural Pine Wood,Size,Toddler Standard,SY-SY-PROD-2779,500,shopify,13,deny,manual,46.20,75.61,true,true,https://images.unsplash.com/photo-1558060370-d644479cb6f7?auto=format&fit=crop&w=800&q=80,1,active
wonderstem-labs-12-in-1-solar-powered-stem-robotics-building-kit-air,WonderStem Labs 12-in-1 Solar Powered STEM Robotics Building Kit (Air),"<p>High-demand WonderStem Labs WonderStem Labs 12-in-1 Solar Powered STEM Robotics Building Kit (Air). Designed for superior performance, comfort and style. Sourced with USPS express air shipping (7-10 days).</p>",WonderStem Labs,toys,toys,"toys, toys, kids, dropshipping, bestseller",true,Color,Multi-Color Set,Size,Ages 8-14,SY-SY-PROD-2780,500,shopify,14,deny,manual,30.57,51.38,true,true,https://images.unsplash.com/photo-1515488042361-ee00e0ddd4e4?auto=format&fit=crop&w=800&q=80,1,active
smartsparks-100-piece-magnetic-3d-geometric-castle-tiles-signature,SmartSparks 100-Piece Magnetic 3D Geometric Castle Tiles (Signature),"<p>High-demand SmartSparks SmartSparks 100-Piece Magnetic 3D Geometric Castle Tiles (Signature). Designed for superior performance, comfort and style. Sourced with USPS express air shipping (7-10 days).</p>",SmartSparks,toys,toys,"toys, toys, kids, dropshipping, bestseller",true,Color,Rainbow Translucent,Size,100 Pieces,SY-SY-PROD-2781,500,shopify,15,deny,manual,56.94,92.26,true,true,https://images.unsplash.com/photo-1566576912321-d58ddd7a6088?auto=format&fit=crop&w=800&q=80,1,active
wonderstem-labs-high-speed-4wd-360-rotating-stunt-rc-car-led-wheels-v2,WonderStem Labs High-Speed 4WD 360° Rotating Stunt RC Car (LED Wheels) (V2),"<p>High-demand WonderStem Labs WonderStem Labs High-Speed 4WD 360° Rotating Stunt RC Car (LED Wheels) (V2). Designed for superior performance, comfort and style. Sourced with USPS express air shipping (7-10 days).</p>",WonderStem Labs,toys,toys,"toys, toys, kids, dropshipping, bestseller",true,Color,Laser Red,Size,1:16 Scale,SY-SY-PROD-2782,500,shopify,16,deny,manual,48.31,78.88,true,true,https://images.unsplash.com/photo-1587654780291-39c9404d746b?auto=format&fit=crop&w=800&q=80,1,active
smartsparks-smart-interactive-ai-talking-dancing-robot-toy-luxe,SmartSparks Smart Interactive AI Talking & Dancing Robot Toy (Luxe),"<p>High-demand SmartSparks SmartSparks Smart Interactive AI Talking & Dancing Robot Toy (Luxe). Designed for superior performance, comfort and style. Sourced with USPS express air shipping (7-10 days).</p>",SmartSparks,toys,toys,"toys, toys, kids, dropshipping, bestseller",true,Color,Arctic White / Blue,Size,Rechargeable,SY-SY-PROD-2783,500,shopify,17,deny,manual,63.68,102.70,true,true,https://images.unsplash.com/photo-1596461404969-9ae70f2830c1?auto=format&fit=crop&w=800&q=80,1,active
wonderstem-labs-360-flying-boomerang-spinner-orb-drone-pure,WonderStem Labs 360° Flying Boomerang Spinner Orb Drone (Pure),"<p>High-demand WonderStem Labs WonderStem Labs 360° Flying Boomerang Spinner Orb Drone (Pure). Designed for superior performance, comfort and style. Sourced with USPS express air shipping (7-10 days).</p>",WonderStem Labs,toys,toys,"toys, toys, kids, dropshipping, bestseller",true,Color,Cosmic Blue,Size,Standard FlyOrb,SY-SY-PROD-2784,500,shopify,18,deny,manual,27.05,45.93,true,true,https://images.unsplash.com/photo-1558060370-d644479cb6f7?auto=format&fit=crop&w=800&q=80,1,active
smartsparks-montessori-wooden-sensory-cognitive-activity-board-essential,SmartSparks Montessori Wooden Sensory Cognitive Activity Board (Essential),"<p>High-demand SmartSparks SmartSparks Montessori Wooden Sensory Cognitive Activity Board (Essential). Designed for superior performance, comfort and style. Sourced with USPS express air shipping (7-10 days).</p>",SmartSparks,toys,toys,"toys, toys, kids, dropshipping, bestseller",true,Color,Natural Pine Wood,Size,Toddler Standard,SY-SY-PROD-2785,500,shopify,19,deny,manual,34.42,57.35,true,true,https://images.unsplash.com/photo-1515488042361-ee00e0ddd4e4?auto=format&fit=crop&w=800&q=80,1,active
wonderstem-labs-12-in-1-solar-powered-stem-robotics-building-kit-pro,WonderStem Labs 12-in-1 Solar Powered STEM Robotics Building Kit (Pro),"<p>High-demand WonderStem Labs WonderStem Labs 12-in-1 Solar Powered STEM Robotics Building Kit (Pro). Designed for superior performance, comfort and style. Sourced with USPS express air shipping (7-10 days).</p>",WonderStem Labs,toys,toys,"toys, toys, kids, dropshipping, bestseller",true,Color,Multi-Color Set,Size,Ages 8-14,SY-SY-PROD-2786,500,shopify,5,deny,manual,38.79,64.12,true,true,https://images.unsplash.com/photo-1566576912321-d58ddd7a6088?auto=format&fit=crop&w=800&q=80,1,active
smartsparks-100-piece-magnetic-3d-geometric-castle-tiles-elite,SmartSparks 100-Piece Magnetic 3D Geometric Castle Tiles (Elite),"<p>High-demand SmartSparks SmartSparks 100-Piece Magnetic 3D Geometric Castle Tiles (Elite). Designed for superior performance, comfort and style. Sourced with USPS express air shipping (7-10 days).</p>",SmartSparks,toys,toys,"toys, toys, kids, dropshipping, bestseller",true,Color,Rainbow Translucent,Size,100 Pieces,SY-SY-PROD-2787,500,shopify,6,deny,manual,40.16,66.25,true,true,https://images.unsplash.com/photo-1587654780291-39c9404d746b?auto=format&fit=crop&w=800&q=80,1,active
wonderstem-labs-high-speed-4wd-360-rotating-stunt-rc-car-led-wheels-classic,WonderStem Labs High-Speed 4WD 360° Rotating Stunt RC Car (LED Wheels) (Classic),"<p>High-demand WonderStem Labs WonderStem Labs High-Speed 4WD 360° Rotating Stunt RC Car (LED Wheels) (Classic). Designed for superior performance, comfort and style. Sourced with USPS express air shipping (7-10 days).</p>",WonderStem Labs,toys,toys,"toys, toys, kids, dropshipping, bestseller",true,Color,Laser Red,Size,1:16 Scale,SY-SY-PROD-2788,500,shopify,7,deny,manual,34.53,57.52,true,true,https://images.unsplash.com/photo-1596461404969-9ae70f2830c1?auto=format&fit=crop&w=800&q=80,1,active
smartsparks-smart-interactive-ai-talking-dancing-robot-toy-series-2,SmartSparks Smart Interactive AI Talking & Dancing Robot Toy (Series 2),"<p>High-demand SmartSparks SmartSparks Smart Interactive AI Talking & Dancing Robot Toy (Series 2). Designed for superior performance, comfort and style. Sourced with USPS express air shipping (7-10 days).</p>",SmartSparks,toys,toys,"toys, toys, kids, dropshipping, bestseller",true,Color,Arctic White / Blue,Size,Rechargeable,SY-SY-PROD-2789,500,shopify,8,deny,manual,41.90,68.94,true,true,https://images.unsplash.com/photo-1558060370-d644479cb6f7?auto=format&fit=crop&w=800&q=80,1,active
wonderstem-labs-360-flying-boomerang-spinner-orb-drone-air,WonderStem Labs 360° Flying Boomerang Spinner Orb Drone (Air),"<p>High-demand WonderStem Labs WonderStem Labs 360° Flying Boomerang Spinner Orb Drone (Air). Designed for superior performance, comfort and style. Sourced with USPS express air shipping (7-10 days).</p>",WonderStem Labs,toys,toys,"toys, toys, kids, dropshipping, bestseller",true,Color,Cosmic Blue,Size,Standard FlyOrb,SY-SY-PROD-2790,500,shopify,9,deny,manual,35.27,58.67,true,true,https://images.unsplash.com/photo-1515488042361-ee00e0ddd4e4?auto=format&fit=crop&w=800&q=80,1,active
smartsparks-montessori-wooden-sensory-cognitive-activity-board-signature,SmartSparks Montessori Wooden Sensory Cognitive Activity Board (Signature),"<p>High-demand SmartSparks SmartSparks Montessori Wooden Sensory Cognitive Activity Board (Signature). Designed for superior performance, comfort and style. Sourced with USPS express air shipping (7-10 days).</p>",SmartSparks,toys,toys,"toys, toys, kids, dropshipping, bestseller",true,Color,Natural Pine Wood,Size,Toddler Standard,SY-SY-PROD-2791,500,shopify,10,deny,manual,42.64,70.09,true,true,https://images.unsplash.com/photo-1566576912321-d58ddd7a6088?auto=format&fit=crop&w=800&q=80,1,active
wonderstem-labs-12-in-1-solar-powered-stem-robotics-building-kit-v2,WonderStem Labs 12-in-1 Solar Powered STEM Robotics Building Kit (V2),"<p>High-demand WonderStem Labs WonderStem Labs 12-in-1 Solar Powered STEM Robotics Building Kit (V2). Designed for superior performance, comfort and style. Sourced with USPS express air shipping (7-10 days).</p>",WonderStem Labs,toys,toys,"toys, toys, kids, dropshipping, bestseller",true,Color,Multi-Color Set,Size,Ages 8-14,SY-SY-PROD-2792,500,shopify,11,deny,manual,47.01,76.87,true,true,https://images.unsplash.com/photo-1587654780291-39c9404d746b?auto=format&fit=crop&w=800&q=80,1,active
smartsparks-100-piece-magnetic-3d-geometric-castle-tiles-luxe,SmartSparks 100-Piece Magnetic 3D Geometric Castle Tiles (Luxe),"<p>High-demand SmartSparks SmartSparks 100-Piece Magnetic 3D Geometric Castle Tiles (Luxe). Designed for superior performance, comfort and style. Sourced with USPS express air shipping (7-10 days).</p>",SmartSparks,toys,toys,"toys, toys, kids, dropshipping, bestseller",true,Color,Rainbow Translucent,Size,100 Pieces,SY-SY-PROD-2793,500,shopify,12,deny,manual,48.38,78.99,true,true,https://images.unsplash.com/photo-1596461404969-9ae70f2830c1?auto=format&fit=crop&w=800&q=80,1,active
wonderstem-labs-high-speed-4wd-360-rotating-stunt-rc-car-led-wheels-pure,WonderStem Labs High-Speed 4WD 360° Rotating Stunt RC Car (LED Wheels) (Pure),"<p>High-demand WonderStem Labs WonderStem Labs High-Speed 4WD 360° Rotating Stunt RC Car (LED Wheels) (Pure). Designed for superior performance, comfort and style. Sourced with USPS express air shipping (7-10 days).</p>",WonderStem Labs,toys,toys,"toys, toys, kids, dropshipping, bestseller",true,Color,Laser Red,Size,1:16 Scale,SY-SY-PROD-2794,500,shopify,13,deny,manual,42.75,70.26,true,true,https://images.unsplash.com/photo-1558060370-d644479cb6f7?auto=format&fit=crop&w=800&q=80,1,active
smartsparks-smart-interactive-ai-talking-dancing-robot-toy-essential,SmartSparks Smart Interactive AI Talking & Dancing Robot Toy (Essential),"<p>High-demand SmartSparks SmartSparks Smart Interactive AI Talking & Dancing Robot Toy (Essential). Designed for superior performance, comfort and style. Sourced with USPS express air shipping (7-10 days).</p>",SmartSparks,toys,toys,"toys, toys, kids, dropshipping, bestseller",true,Color,Arctic White / Blue,Size,Rechargeable,SY-SY-PROD-2795,500,shopify,14,deny,manual,50.12,81.69,true,true,https://images.unsplash.com/photo-1515488042361-ee00e0ddd4e4?auto=format&fit=crop&w=800&q=80,1,active
wonderstem-labs-360-flying-boomerang-spinner-orb-drone-pro,WonderStem Labs 360° Flying Boomerang Spinner Orb Drone (Pro),"<p>High-demand WonderStem Labs WonderStem Labs 360° Flying Boomerang Spinner Orb Drone (Pro). Designed for superior performance, comfort and style. Sourced with USPS express air shipping (7-10 days).</p>",WonderStem Labs,toys,toys,"toys, toys, kids, dropshipping, bestseller",true,Color,Cosmic Blue,Size,Standard FlyOrb,SY-SY-PROD-2796,500,shopify,15,deny,manual,25.49,43.51,true,true,https://images.unsplash.com/photo-1566576912321-d58ddd7a6088?auto=format&fit=crop&w=800&q=80,1,active
smartsparks-montessori-wooden-sensory-cognitive-activity-board-elite,SmartSparks Montessori Wooden Sensory Cognitive Activity Board (Elite),"<p>High-demand SmartSparks SmartSparks Montessori Wooden Sensory Cognitive Activity Board (Elite). Designed for superior performance, comfort and style. Sourced with USPS express air shipping (7-10 days).</p>",SmartSparks,toys,toys,"toys, toys, kids, dropshipping, bestseller",true,Color,Natural Pine Wood,Size,Toddler Standard,SY-SY-PROD-2797,500,shopify,16,deny,manual,30.86,51.83,true,true,https://images.unsplash.com/photo-1587654780291-39c9404d746b?auto=format&fit=crop&w=800&q=80,1,active
wonderstem-labs-12-in-1-solar-powered-stem-robotics-building-kit-classic,WonderStem Labs 12-in-1 Solar Powered STEM Robotics Building Kit (Classic),"<p>High-demand WonderStem Labs WonderStem Labs 12-in-1 Solar Powered STEM Robotics Building Kit (Classic). Designed for superior performance, comfort and style. Sourced with USPS express air shipping (7-10 days).</p>",WonderStem Labs,toys,toys,"toys, toys, kids, dropshipping, bestseller",true,Color,Multi-Color Set,Size,Ages 8-14,SY-SY-PROD-2798,500,shopify,17,deny,manual,35.23,58.61,true,true,https://images.unsplash.com/photo-1596461404969-9ae70f2830c1?auto=format&fit=crop&w=800&q=80,1,active
smartsparks-100-piece-magnetic-3d-geometric-castle-tiles-series-2,SmartSparks 100-Piece Magnetic 3D Geometric Castle Tiles (Series 2),"<p>High-demand SmartSparks SmartSparks 100-Piece Magnetic 3D Geometric Castle Tiles (Series 2). Designed for superior performance, comfort and style. Sourced with USPS express air shipping (7-10 days).</p>",SmartSparks,toys,toys,"toys, toys, kids, dropshipping, bestseller",true,Color,Rainbow Translucent,Size,100 Pieces,SY-SY-PROD-2799,500,shopify,18,deny,manual,56.60,91.73,true,true,https://images.unsplash.com/photo-1558060370-d644479cb6f7?auto=format&fit=crop&w=800&q=80,1,active
wonderstem-labs-high-speed-4wd-360-rotating-stunt-rc-car-led-wheels-air,WonderStem Labs High-Speed 4WD 360° Rotating Stunt RC Car (LED Wheels) (Air),"<p>High-demand WonderStem Labs WonderStem Labs High-Speed 4WD 360° Rotating Stunt RC Car (LED Wheels) (Air). Designed for superior performance, comfort and style. Sourced with USPS express air shipping (7-10 days).</p>",WonderStem Labs,toys,toys,"toys, toys, kids, dropshipping, bestseller",true,Color,Laser Red,Size,1:16 Scale,SY-SY-PROD-2800,500,shopify,19,deny,manual,50.97,83.00,true,true,https://images.unsplash.com/photo-1515488042361-ee00e0ddd4e4?auto=format&fit=crop&w=800&q=80,1,active
smartsparks-smart-interactive-ai-talking-dancing-robot-toy-signature,SmartSparks Smart Interactive AI Talking & Dancing Robot Toy (Signature),"<p>High-demand SmartSparks SmartSparks Smart Interactive AI Talking & Dancing Robot Toy (Signature). Designed for superior performance, comfort and style. Sourced with USPS express air shipping (7-10 days).</p>",SmartSparks,toys,toys,"toys, toys, kids, dropshipping, bestseller",true,Color,Arctic White / Blue,Size,Rechargeable,SY-SY-PROD-2801,500,shopify,5,deny,manual,58.34,94.43,true,true,https://images.unsplash.com/photo-1566576912321-d58ddd7a6088?auto=format&fit=crop&w=800&q=80,1,active
wonderstem-labs-360-flying-boomerang-spinner-orb-drone-v2,WonderStem Labs 360° Flying Boomerang Spinner Orb Drone (V2),"<p>High-demand WonderStem Labs WonderStem Labs 360° Flying Boomerang Spinner Orb Drone (V2). Designed for superior performance, comfort and style. Sourced with USPS express air shipping (7-10 days).</p>",WonderStem Labs,toys,toys,"toys, toys, kids, dropshipping, bestseller",true,Color,Cosmic Blue,Size,Standard FlyOrb,SY-SY-PROD-2802,500,shopify,6,deny,manual,33.71,56.25,true,true,https://images.unsplash.com/photo-1587654780291-39c9404d746b?auto=format&fit=crop&w=800&q=80,1,active
smartsparks-montessori-wooden-sensory-cognitive-activity-board-luxe,SmartSparks Montessori Wooden Sensory Cognitive Activity Board (Luxe),"<p>High-demand SmartSparks SmartSparks Montessori Wooden Sensory Cognitive Activity Board (Luxe). Designed for superior performance, comfort and style. Sourced with USPS express air shipping (7-10 days).</p>",SmartSparks,toys,toys,"toys, toys, kids, dropshipping, bestseller",true,Color,Natural Pine Wood,Size,Toddler Standard,SY-SY-PROD-2803,500,shopify,7,deny,manual,39.08,64.57,true,true,https://images.unsplash.com/photo-1596461404969-9ae70f2830c1?auto=format&fit=crop&w=800&q=80,1,active
wonderstem-labs-12-in-1-solar-powered-stem-robotics-building-kit-pure,WonderStem Labs 12-in-1 Solar Powered STEM Robotics Building Kit (Pure),"<p>High-demand WonderStem Labs WonderStem Labs 12-in-1 Solar Powered STEM Robotics Building Kit (Pure). Designed for superior performance, comfort and style. Sourced with USPS express air shipping (7-10 days).</p>",WonderStem Labs,toys,toys,"toys, toys, kids, dropshipping, bestseller",true,Color,Multi-Color Set,Size,Ages 8-14,SY-SY-PROD-2804,500,shopify,8,deny,manual,43.45,71.35,true,true,https://images.unsplash.com/photo-1558060370-d644479cb6f7?auto=format&fit=crop&w=800&q=80,1,active
smartsparks-100-piece-magnetic-3d-geometric-castle-tiles-essential,SmartSparks 100-Piece Magnetic 3D Geometric Castle Tiles (Essential),"<p>High-demand SmartSparks SmartSparks 100-Piece Magnetic 3D Geometric Castle Tiles (Essential). Designed for superior performance, comfort and style. Sourced with USPS express air shipping (7-10 days).</p>",SmartSparks,toys,toys,"toys, toys, kids, dropshipping, bestseller",true,Color,Rainbow Translucent,Size,100 Pieces,SY-SY-PROD-2805,500,shopify,9,deny,manual,39.82,65.72,true,true,https://images.unsplash.com/photo-1515488042361-ee00e0ddd4e4?auto=format&fit=crop&w=800&q=80,1,active
wonderstem-labs-high-speed-4wd-360-rotating-stunt-rc-car-led-wheels-pro,WonderStem Labs High-Speed 4WD 360° Rotating Stunt RC Car (LED Wheels) (Pro),"<p>High-demand WonderStem Labs WonderStem Labs High-Speed 4WD 360° Rotating Stunt RC Car (LED Wheels) (Pro). Designed for superior performance, comfort and style. Sourced with USPS express air shipping (7-10 days).</p>",WonderStem Labs,toys,toys,"toys, toys, kids, dropshipping, bestseller",true,Color,Laser Red,Size,1:16 Scale,SY-SY-PROD-2806,500,shopify,10,deny,manual,37.19,61.64,true,true,https://images.unsplash.com/photo-1566576912321-d58ddd7a6088?auto=format&fit=crop&w=800&q=80,1,active
smartsparks-smart-interactive-ai-talking-dancing-robot-toy-elite,SmartSparks Smart Interactive AI Talking & Dancing Robot Toy (Elite),"<p>High-demand SmartSparks SmartSparks Smart Interactive AI Talking & Dancing Robot Toy (Elite). Designed for superior performance, comfort and style. Sourced with USPS express air shipping (7-10 days).</p>",SmartSparks,toys,toys,"toys, toys, kids, dropshipping, bestseller",true,Color,Arctic White / Blue,Size,Rechargeable,SY-SY-PROD-2807,500,shopify,11,deny,manual,66.56,107.17,true,true,https://images.unsplash.com/photo-1587654780291-39c9404d746b?auto=format&fit=crop&w=800&q=80,1,active
wonderstem-labs-360-flying-boomerang-spinner-orb-drone-classic,WonderStem Labs 360° Flying Boomerang Spinner Orb Drone (Classic),"<p>High-demand WonderStem Labs WonderStem Labs 360° Flying Boomerang Spinner Orb Drone (Classic). Designed for superior performance, comfort and style. Sourced with USPS express air shipping (7-10 days).</p>",WonderStem Labs,toys,toys,"toys, toys, kids, dropshipping, bestseller",true,Color,Cosmic Blue,Size,Standard FlyOrb,SY-SY-PROD-2808,500,shopify,12,deny,manual,41.93,68.99,true,true,https://images.unsplash.com/photo-1596461404969-9ae70f2830c1?auto=format&fit=crop&w=800&q=80,1,active
smartsparks-montessori-wooden-sensory-cognitive-activity-board-series-2,SmartSparks Montessori Wooden Sensory Cognitive Activity Board (Series 2),"<p>High-demand SmartSparks SmartSparks Montessori Wooden Sensory Cognitive Activity Board (Series 2). Designed for superior performance, comfort and style. Sourced with USPS express air shipping (7-10 days).</p>",SmartSparks,toys,toys,"toys, toys, kids, dropshipping, bestseller",true,Color,Natural Pine Wood,Size,Toddler Standard,SY-SY-PROD-2809,500,shopify,13,deny,manual,27.30,46.32,true,true,https://images.unsplash.com/photo-1558060370-d644479cb6f7?auto=format&fit=crop&w=800&q=80,1,active
wonderstem-labs-12-in-1-solar-powered-stem-robotics-building-kit-air,WonderStem Labs 12-in-1 Solar Powered STEM Robotics Building Kit (Air),"<p>High-demand WonderStem Labs WonderStem Labs 12-in-1 Solar Powered STEM Robotics Building Kit (Air). Designed for superior performance, comfort and style. Sourced with USPS express air shipping (7-10 days).</p>",WonderStem Labs,toys,toys,"toys, toys, kids, dropshipping, bestseller",true,Color,Multi-Color Set,Size,Ages 8-14,SY-SY-PROD-2810,500,shopify,14,deny,manual,31.67,53.09,true,true,https://images.unsplash.com/photo-1515488042361-ee00e0ddd4e4?auto=format&fit=crop&w=800&q=80,1,active
smartsparks-100-piece-magnetic-3d-geometric-castle-tiles-signature,SmartSparks 100-Piece Magnetic 3D Geometric Castle Tiles (Signature),"<p>High-demand SmartSparks SmartSparks 100-Piece Magnetic 3D Geometric Castle Tiles (Signature). Designed for superior performance, comfort and style. Sourced with USPS express air shipping (7-10 days).</p>",SmartSparks,toys,toys,"toys, toys, kids, dropshipping, bestseller",true,Color,Rainbow Translucent,Size,100 Pieces,SY-SY-PROD-2811,500,shopify,15,deny,manual,48.04,78.46,true,true,https://images.unsplash.com/photo-1566576912321-d58ddd7a6088?auto=format&fit=crop&w=800&q=80,1,active
wonderstem-labs-high-speed-4wd-360-rotating-stunt-rc-car-led-wheels-v2,WonderStem Labs High-Speed 4WD 360° Rotating Stunt RC Car (LED Wheels) (V2),"<p>High-demand WonderStem Labs WonderStem Labs High-Speed 4WD 360° Rotating Stunt RC Car (LED Wheels) (V2). Designed for superior performance, comfort and style. Sourced with USPS express air shipping (7-10 days).</p>",WonderStem Labs,toys,toys,"toys, toys, kids, dropshipping, bestseller",true,Color,Laser Red,Size,1:16 Scale,SY-SY-PROD-2812,500,shopify,16,deny,manual,45.41,74.39,true,true,https://images.unsplash.com/photo-1587654780291-39c9404d746b?auto=format&fit=crop&w=800&q=80,1,active
smartsparks-smart-interactive-ai-talking-dancing-robot-toy-luxe,SmartSparks Smart Interactive AI Talking & Dancing Robot Toy (Luxe),"<p>High-demand SmartSparks SmartSparks Smart Interactive AI Talking & Dancing Robot Toy (Luxe). Designed for superior performance, comfort and style. Sourced with USPS express air shipping (7-10 days).</p>",SmartSparks,toys,toys,"toys, toys, kids, dropshipping, bestseller",true,Color,Arctic White / Blue,Size,Rechargeable,SY-SY-PROD-2813,500,shopify,17,deny,manual,44.78,73.41,true,true,https://images.unsplash.com/photo-1596461404969-9ae70f2830c1?auto=format&fit=crop&w=800&q=80,1,active
wonderstem-labs-360-flying-boomerang-spinner-orb-drone-pure,WonderStem Labs 360° Flying Boomerang Spinner Orb Drone (Pure),"<p>High-demand WonderStem Labs WonderStem Labs 360° Flying Boomerang Spinner Orb Drone (Pure). Designed for superior performance, comfort and style. Sourced with USPS express air shipping (7-10 days).</p>",WonderStem Labs,toys,toys,"toys, toys, kids, dropshipping, bestseller",true,Color,Cosmic Blue,Size,Standard FlyOrb,SY-SY-PROD-2814,500,shopify,18,deny,manual,32.15,53.83,true,true,https://images.unsplash.com/photo-1558060370-d644479cb6f7?auto=format&fit=crop&w=800&q=80,1,active
smartsparks-montessori-wooden-sensory-cognitive-activity-board-essential,SmartSparks Montessori Wooden Sensory Cognitive Activity Board (Essential),"<p>High-demand SmartSparks SmartSparks Montessori Wooden Sensory Cognitive Activity Board (Essential). Designed for superior performance, comfort and style. Sourced with USPS express air shipping (7-10 days).</p>",SmartSparks,toys,toys,"toys, toys, kids, dropshipping, bestseller",true,Color,Natural Pine Wood,Size,Toddler Standard,SY-SY-PROD-2815,500,shopify,19,deny,manual,35.52,59.06,true,true,https://images.unsplash.com/photo-1515488042361-ee00e0ddd4e4?auto=format&fit=crop&w=800&q=80,1,active
wonderstem-labs-12-in-1-solar-powered-stem-robotics-building-kit-pro,WonderStem Labs 12-in-1 Solar Powered STEM Robotics Building Kit (Pro),"<p>High-demand WonderStem Labs WonderStem Labs 12-in-1 Solar Powered STEM Robotics Building Kit (Pro). Designed for superior performance, comfort and style. Sourced with USPS express air shipping (7-10 days).</p>",WonderStem Labs,toys,toys,"toys, toys, kids, dropshipping, bestseller",true,Color,Multi-Color Set,Size,Ages 8-14,SY-SY-PROD-2816,500,shopify,5,deny,manual,39.89,65.83,true,true,https://images.unsplash.com/photo-1566576912321-d58ddd7a6088?auto=format&fit=crop&w=800&q=80,1,active
smartsparks-100-piece-magnetic-3d-geometric-castle-tiles-elite,SmartSparks 100-Piece Magnetic 3D Geometric Castle Tiles (Elite),"<p>High-demand SmartSparks SmartSparks 100-Piece Magnetic 3D Geometric Castle Tiles (Elite). Designed for superior performance, comfort and style. Sourced with USPS express air shipping (7-10 days).</p>",SmartSparks,toys,toys,"toys, toys, kids, dropshipping, bestseller",true,Color,Rainbow Translucent,Size,100 Pieces,SY-SY-PROD-2817,500,shopify,6,deny,manual,56.26,91.20,true,true,https://images.unsplash.com/photo-1587654780291-39c9404d746b?auto=format&fit=crop&w=800&q=80,1,active
wonderstem-labs-high-speed-4wd-360-rotating-stunt-rc-car-led-wheels-classic,WonderStem Labs High-Speed 4WD 360° Rotating Stunt RC Car (LED Wheels) (Classic),"<p>High-demand WonderStem Labs WonderStem Labs High-Speed 4WD 360° Rotating Stunt RC Car (LED Wheels) (Classic). Designed for superior performance, comfort and style. Sourced with USPS express air shipping (7-10 days).</p>",WonderStem Labs,toys,toys,"toys, toys, kids, dropshipping, bestseller",true,Color,Laser Red,Size,1:16 Scale,SY-SY-PROD-2818,500,shopify,7,deny,manual,53.63,87.13,true,true,https://images.unsplash.com/photo-1596461404969-9ae70f2830c1?auto=format&fit=crop&w=800&q=80,1,active
smartsparks-smart-interactive-ai-talking-dancing-robot-toy-series-2,SmartSparks Smart Interactive AI Talking & Dancing Robot Toy (Series 2),"<p>High-demand SmartSparks SmartSparks Smart Interactive AI Talking & Dancing Robot Toy (Series 2). Designed for superior performance, comfort and style. Sourced with USPS express air shipping (7-10 days).</p>",SmartSparks,toys,toys,"toys, toys, kids, dropshipping, bestseller",true,Color,Arctic White / Blue,Size,Rechargeable,SY-SY-PROD-2819,500,shopify,8,deny,manual,53.00,86.15,true,true,https://images.unsplash.com/photo-1558060370-d644479cb6f7?auto=format&fit=crop&w=800&q=80,1,active
wonderstem-labs-360-flying-boomerang-spinner-orb-drone-air,WonderStem Labs 360° Flying Boomerang Spinner Orb Drone (Air),"<p>High-demand WonderStem Labs WonderStem Labs 360° Flying Boomerang Spinner Orb Drone (Air). Designed for superior performance, comfort and style. Sourced with USPS express air shipping (7-10 days).</p>",WonderStem Labs,toys,toys,"toys, toys, kids, dropshipping, bestseller",true,Color,Cosmic Blue,Size,Standard FlyOrb,SY-SY-PROD-2820,500,shopify,9,deny,manual,40.37,66.57,true,true,https://images.unsplash.com/photo-1515488042361-ee00e0ddd4e4?auto=format&fit=crop&w=800&q=80,1,active
smartsparks-montessori-wooden-sensory-cognitive-activity-board-signature,SmartSparks Montessori Wooden Sensory Cognitive Activity Board (Signature),"<p>High-demand SmartSparks SmartSparks Montessori Wooden Sensory Cognitive Activity Board (Signature). Designed for superior performance, comfort and style. Sourced with USPS express air shipping (7-10 days).</p>",SmartSparks,toys,toys,"toys, toys, kids, dropshipping, bestseller",true,Color,Natural Pine Wood,Size,Toddler Standard,SY-SY-PROD-2821,500,shopify,10,deny,manual,43.74,71.80,true,true,https://images.unsplash.com/photo-1566576912321-d58ddd7a6088?auto=format&fit=crop&w=800&q=80,1,active
wonderstem-labs-12-in-1-solar-powered-stem-robotics-building-kit-v2,WonderStem Labs 12-in-1 Solar Powered STEM Robotics Building Kit (V2),"<p>High-demand WonderStem Labs WonderStem Labs 12-in-1 Solar Powered STEM Robotics Building Kit (V2). Designed for superior performance, comfort and style. Sourced with USPS express air shipping (7-10 days).</p>",WonderStem Labs,toys,toys,"toys, toys, kids, dropshipping, bestseller",true,Color,Multi-Color Set,Size,Ages 8-14,SY-SY-PROD-2822,500,shopify,11,deny,manual,48.11,78.57,true,true,https://images.unsplash.com/photo-1587654780291-39c9404d746b?auto=format&fit=crop&w=800&q=80,1,active
smartsparks-100-piece-magnetic-3d-geometric-castle-tiles-luxe,SmartSparks 100-Piece Magnetic 3D Geometric Castle Tiles (Luxe),"<p>High-demand SmartSparks SmartSparks 100-Piece Magnetic 3D Geometric Castle Tiles (Luxe). Designed for superior performance, comfort and style. Sourced with USPS express air shipping (7-10 days).</p>",SmartSparks,toys,toys,"toys, toys, kids, dropshipping, bestseller",true,Color,Rainbow Translucent,Size,100 Pieces,SY-SY-PROD-2823,500,shopify,12,deny,manual,39.48,65.19,true,true,https://images.unsplash.com/photo-1596461404969-9ae70f2830c1?auto=format&fit=crop&w=800&q=80,1,active
wonderstem-labs-high-speed-4wd-360-rotating-stunt-rc-car-led-wheels-pure,WonderStem Labs High-Speed 4WD 360° Rotating Stunt RC Car (LED Wheels) (Pure),"<p>High-demand WonderStem Labs WonderStem Labs High-Speed 4WD 360° Rotating Stunt RC Car (LED Wheels) (Pure). Designed for superior performance, comfort and style. Sourced with USPS express air shipping (7-10 days).</p>",WonderStem Labs,toys,toys,"toys, toys, kids, dropshipping, bestseller",true,Color,Laser Red,Size,1:16 Scale,SY-SY-PROD-2824,500,shopify,13,deny,manual,39.85,65.77,true,true,https://images.unsplash.com/photo-1558060370-d644479cb6f7?auto=format&fit=crop&w=800&q=80,1,active
smartsparks-smart-interactive-ai-talking-dancing-robot-toy-essential,SmartSparks Smart Interactive AI Talking & Dancing Robot Toy (Essential),"<p>High-demand SmartSparks SmartSparks Smart Interactive AI Talking & Dancing Robot Toy (Essential). Designed for superior performance, comfort and style. Sourced with USPS express air shipping (7-10 days).</p>",SmartSparks,toys,toys,"toys, toys, kids, dropshipping, bestseller",true,Color,Arctic White / Blue,Size,Rechargeable,SY-SY-PROD-2825,500,shopify,14,deny,manual,61.22,98.89,true,true,https://images.unsplash.com/photo-1515488042361-ee00e0ddd4e4?auto=format&fit=crop&w=800&q=80,1,active
wonderstem-labs-360-flying-boomerang-spinner-orb-drone-pro,WonderStem Labs 360° Flying Boomerang Spinner Orb Drone (Pro),"<p>High-demand WonderStem Labs WonderStem Labs 360° Flying Boomerang Spinner Orb Drone (Pro). Designed for superior performance, comfort and style. Sourced with USPS express air shipping (7-10 days).</p>",WonderStem Labs,toys,toys,"toys, toys, kids, dropshipping, bestseller",true,Color,Cosmic Blue,Size,Standard FlyOrb,SY-SY-PROD-2826,500,shopify,15,deny,manual,30.59,51.41,true,true,https://images.unsplash.com/photo-1566576912321-d58ddd7a6088?auto=format&fit=crop&w=800&q=80,1,active
smartsparks-montessori-wooden-sensory-cognitive-activity-board-elite,SmartSparks Montessori Wooden Sensory Cognitive Activity Board (Elite),"<p>High-demand SmartSparks SmartSparks Montessori Wooden Sensory Cognitive Activity Board (Elite). Designed for superior performance, comfort and style. Sourced with USPS express air shipping (7-10 days).</p>",SmartSparks,toys,toys,"toys, toys, kids, dropshipping, bestseller",true,Color,Natural Pine Wood,Size,Toddler Standard,SY-SY-PROD-2827,500,shopify,16,deny,manual,31.96,53.54,true,true,https://images.unsplash.com/photo-1587654780291-39c9404d746b?auto=format&fit=crop&w=800&q=80,1,active
wonderstem-labs-12-in-1-solar-powered-stem-robotics-building-kit-classic,WonderStem Labs 12-in-1 Solar Powered STEM Robotics Building Kit (Classic),"<p>High-demand WonderStem Labs WonderStem Labs 12-in-1 Solar Powered STEM Robotics Building Kit (Classic). Designed for superior performance, comfort and style. Sourced with USPS express air shipping (7-10 days).</p>",WonderStem Labs,toys,toys,"toys, toys, kids, dropshipping, bestseller",true,Color,Multi-Color Set,Size,Ages 8-14,SY-SY-PROD-2828,500,shopify,17,deny,manual,36.33,60.31,true,true,https://images.unsplash.com/photo-1596461404969-9ae70f2830c1?auto=format&fit=crop&w=800&q=80,1,active
smartsparks-100-piece-magnetic-3d-geometric-castle-tiles-series-2,SmartSparks 100-Piece Magnetic 3D Geometric Castle Tiles (Series 2),"<p>High-demand SmartSparks SmartSparks 100-Piece Magnetic 3D Geometric Castle Tiles (Series 2). Designed for superior performance, comfort and style. Sourced with USPS express air shipping (7-10 days).</p>",SmartSparks,toys,toys,"toys, toys, kids, dropshipping, bestseller",true,Color,Rainbow Translucent,Size,100 Pieces,SY-SY-PROD-2829,500,shopify,18,deny,manual,47.70,77.94,true,true,https://images.unsplash.com/photo-1558060370-d644479cb6f7?auto=format&fit=crop&w=800&q=80,1,active
wonderstem-labs-high-speed-4wd-360-rotating-stunt-rc-car-led-wheels-air,WonderStem Labs High-Speed 4WD 360° Rotating Stunt RC Car (LED Wheels) (Air),"<p>High-demand WonderStem Labs WonderStem Labs High-Speed 4WD 360° Rotating Stunt RC Car (LED Wheels) (Air). Designed for superior performance, comfort and style. Sourced with USPS express air shipping (7-10 days).</p>",WonderStem Labs,toys,toys,"toys, toys, kids, dropshipping, bestseller",true,Color,Laser Red,Size,1:16 Scale,SY-SY-PROD-2830,500,shopify,19,deny,manual,48.07,78.51,true,true,https://images.unsplash.com/photo-1515488042361-ee00e0ddd4e4?auto=format&fit=crop&w=800&q=80,1,active
smartsparks-smart-interactive-ai-talking-dancing-robot-toy-signature,SmartSparks Smart Interactive AI Talking & Dancing Robot Toy (Signature),"<p>High-demand SmartSparks SmartSparks Smart Interactive AI Talking & Dancing Robot Toy (Signature). Designed for superior performance, comfort and style. Sourced with USPS express air shipping (7-10 days).</p>",SmartSparks,toys,toys,"toys, toys, kids, dropshipping, bestseller",true,Color,Arctic White / Blue,Size,Rechargeable,SY-SY-PROD-2831,500,shopify,5,deny,manual,39.44,65.13,true,true,https://images.unsplash.com/photo-1566576912321-d58ddd7a6088?auto=format&fit=crop&w=800&q=80,1,active
wonderstem-labs-360-flying-boomerang-spinner-orb-drone-v2,WonderStem Labs 360° Flying Boomerang Spinner Orb Drone (V2),"<p>High-demand WonderStem Labs WonderStem Labs 360° Flying Boomerang Spinner Orb Drone (V2). Designed for superior performance, comfort and style. Sourced with USPS express air shipping (7-10 days).</p>",WonderStem Labs,toys,toys,"toys, toys, kids, dropshipping, bestseller",true,Color,Cosmic Blue,Size,Standard FlyOrb,SY-SY-PROD-2832,500,shopify,6,deny,manual,38.81,64.16,true,true,https://images.unsplash.com/photo-1587654780291-39c9404d746b?auto=format&fit=crop&w=800&q=80,1,active
smartsparks-montessori-wooden-sensory-cognitive-activity-board-luxe,SmartSparks Montessori Wooden Sensory Cognitive Activity Board (Luxe),"<p>High-demand SmartSparks SmartSparks Montessori Wooden Sensory Cognitive Activity Board (Luxe). Designed for superior performance, comfort and style. Sourced with USPS express air shipping (7-10 days).</p>",SmartSparks,toys,toys,"toys, toys, kids, dropshipping, bestseller",true,Color,Natural Pine Wood,Size,Toddler Standard,SY-SY-PROD-2833,500,shopify,7,deny,manual,40.18,66.28,true,true,https://images.unsplash.com/photo-1596461404969-9ae70f2830c1?auto=format&fit=crop&w=800&q=80,1,active
wonderstem-labs-12-in-1-solar-powered-stem-robotics-building-kit-pure,WonderStem Labs 12-in-1 Solar Powered STEM Robotics Building Kit (Pure),"<p>High-demand WonderStem Labs WonderStem Labs 12-in-1 Solar Powered STEM Robotics Building Kit (Pure). Designed for superior performance, comfort and style. Sourced with USPS express air shipping (7-10 days).</p>",WonderStem Labs,toys,toys,"toys, toys, kids, dropshipping, bestseller",true,Color,Multi-Color Set,Size,Ages 8-14,SY-SY-PROD-2834,500,shopify,8,deny,manual,44.55,73.05,true,true,https://images.unsplash.com/photo-1558060370-d644479cb6f7?auto=format&fit=crop&w=800&q=80,1,active
smartsparks-100-piece-magnetic-3d-geometric-castle-tiles-essential,SmartSparks 100-Piece Magnetic 3D Geometric Castle Tiles (Essential),"<p>High-demand SmartSparks SmartSparks 100-Piece Magnetic 3D Geometric Castle Tiles (Essential). Designed for superior performance, comfort and style. Sourced with USPS express air shipping (7-10 days).</p>",SmartSparks,toys,toys,"toys, toys, kids, dropshipping, bestseller",true,Color,Rainbow Translucent,Size,100 Pieces,SY-SY-PROD-2835,500,shopify,9,deny,manual,55.92,90.68,true,true,https://images.unsplash.com/photo-1515488042361-ee00e0ddd4e4?auto=format&fit=crop&w=800&q=80,1,active
wonderstem-labs-high-speed-4wd-360-rotating-stunt-rc-car-led-wheels-pro,WonderStem Labs High-Speed 4WD 360° Rotating Stunt RC Car (LED Wheels) (Pro),"<p>High-demand WonderStem Labs WonderStem Labs High-Speed 4WD 360° Rotating Stunt RC Car (LED Wheels) (Pro). Designed for superior performance, comfort and style. Sourced with USPS express air shipping (7-10 days).</p>",WonderStem Labs,toys,toys,"toys, toys, kids, dropshipping, bestseller",true,Color,Laser Red,Size,1:16 Scale,SY-SY-PROD-2836,500,shopify,10,deny,manual,34.29,57.15,true,true,https://images.unsplash.com/photo-1566576912321-d58ddd7a6088?auto=format&fit=crop&w=800&q=80,1,active
smartsparks-smart-interactive-ai-talking-dancing-robot-toy-elite,SmartSparks Smart Interactive AI Talking & Dancing Robot Toy (Elite),"<p>High-demand SmartSparks SmartSparks Smart Interactive AI Talking & Dancing Robot Toy (Elite). Designed for superior performance, comfort and style. Sourced with USPS express air shipping (7-10 days).</p>",SmartSparks,toys,toys,"toys, toys, kids, dropshipping, bestseller",true,Color,Arctic White / Blue,Size,Rechargeable,SY-SY-PROD-2837,500,shopify,11,deny,manual,47.66,77.87,true,true,https://images.unsplash.com/photo-1587654780291-39c9404d746b?auto=format&fit=crop&w=800&q=80,1,active
wonderstem-labs-360-flying-boomerang-spinner-orb-drone-classic,WonderStem Labs 360° Flying Boomerang Spinner Orb Drone (Classic),"<p>High-demand WonderStem Labs WonderStem Labs 360° Flying Boomerang Spinner Orb Drone (Classic). Designed for superior performance, comfort and style. Sourced with USPS express air shipping (7-10 days).</p>",WonderStem Labs,toys,toys,"toys, toys, kids, dropshipping, bestseller",true,Color,Cosmic Blue,Size,Standard FlyOrb,SY-SY-PROD-2838,500,shopify,12,deny,manual,29.03,49.00,true,true,https://images.unsplash.com/photo-1596461404969-9ae70f2830c1?auto=format&fit=crop&w=800&q=80,1,active
smartsparks-montessori-wooden-sensory-cognitive-activity-board-series-2,SmartSparks Montessori Wooden Sensory Cognitive Activity Board (Series 2),"<p>High-demand SmartSparks SmartSparks Montessori Wooden Sensory Cognitive Activity Board (Series 2). Designed for superior performance, comfort and style. Sourced with USPS express air shipping (7-10 days).</p>",SmartSparks,toys,toys,"toys, toys, kids, dropshipping, bestseller",true,Color,Natural Pine Wood,Size,Toddler Standard,SY-SY-PROD-2839,500,shopify,13,deny,manual,28.40,48.02,true,true,https://images.unsplash.com/photo-1558060370-d644479cb6f7?auto=format&fit=crop&w=800&q=80,1,active
wonderstem-labs-12-in-1-solar-powered-stem-robotics-building-kit-air,WonderStem Labs 12-in-1 Solar Powered STEM Robotics Building Kit (Air),"<p>High-demand WonderStem Labs WonderStem Labs 12-in-1 Solar Powered STEM Robotics Building Kit (Air). Designed for superior performance, comfort and style. Sourced with USPS express air shipping (7-10 days).</p>",WonderStem Labs,toys,toys,"toys, toys, kids, dropshipping, bestseller",true,Color,Multi-Color Set,Size,Ages 8-14,SY-SY-PROD-2840,500,shopify,14,deny,manual,32.77,54.79,true,true,https://images.unsplash.com/photo-1515488042361-ee00e0ddd4e4?auto=format&fit=crop&w=800&q=80,1,active
smartsparks-100-piece-magnetic-3d-geometric-castle-tiles-signature,SmartSparks 100-Piece Magnetic 3D Geometric Castle Tiles (Signature),"<p>High-demand SmartSparks SmartSparks 100-Piece Magnetic 3D Geometric Castle Tiles (Signature). Designed for superior performance, comfort and style. Sourced with USPS express air shipping (7-10 days).</p>",SmartSparks,toys,toys,"toys, toys, kids, dropshipping, bestseller",true,Color,Rainbow Translucent,Size,100 Pieces,SY-SY-PROD-2841,500,shopify,15,deny,manual,39.14,64.67,true,true,https://images.unsplash.com/photo-1566576912321-d58ddd7a6088?auto=format&fit=crop&w=800&q=80,1,active
wonderstem-labs-high-speed-4wd-360-rotating-stunt-rc-car-led-wheels-v2,WonderStem Labs High-Speed 4WD 360° Rotating Stunt RC Car (LED Wheels) (V2),"<p>High-demand WonderStem Labs WonderStem Labs High-Speed 4WD 360° Rotating Stunt RC Car (LED Wheels) (V2). Designed for superior performance, comfort and style. Sourced with USPS express air shipping (7-10 days).</p>",WonderStem Labs,toys,toys,"toys, toys, kids, dropshipping, bestseller",true,Color,Laser Red,Size,1:16 Scale,SY-SY-PROD-2842,500,shopify,16,deny,manual,42.51,69.89,true,true,https://images.unsplash.com/photo-1587654780291-39c9404d746b?auto=format&fit=crop&w=800&q=80,1,active
smartsparks-smart-interactive-ai-talking-dancing-robot-toy-luxe,SmartSparks Smart Interactive AI Talking & Dancing Robot Toy (Luxe),"<p>High-demand SmartSparks SmartSparks Smart Interactive AI Talking & Dancing Robot Toy (Luxe). Designed for superior performance, comfort and style. Sourced with USPS express air shipping (7-10 days).</p>",SmartSparks,toys,toys,"toys, toys, kids, dropshipping, bestseller",true,Color,Arctic White / Blue,Size,Rechargeable,SY-SY-PROD-2843,500,shopify,17,deny,manual,55.88,90.61,true,true,https://images.unsplash.com/photo-1596461404969-9ae70f2830c1?auto=format&fit=crop&w=800&q=80,1,active
wonderstem-labs-360-flying-boomerang-spinner-orb-drone-pure,WonderStem Labs 360° Flying Boomerang Spinner Orb Drone (Pure),"<p>High-demand WonderStem Labs WonderStem Labs 360° Flying Boomerang Spinner Orb Drone (Pure). Designed for superior performance, comfort and style. Sourced with USPS express air shipping (7-10 days).</p>",WonderStem Labs,toys,toys,"toys, toys, kids, dropshipping, bestseller",true,Color,Cosmic Blue,Size,Standard FlyOrb,SY-SY-PROD-2844,500,shopify,18,deny,manual,37.25,61.74,true,true,https://images.unsplash.com/photo-1558060370-d644479cb6f7?auto=format&fit=crop&w=800&q=80,1,active
smartsparks-montessori-wooden-sensory-cognitive-activity-board-essential,SmartSparks Montessori Wooden Sensory Cognitive Activity Board (Essential),"<p>High-demand SmartSparks SmartSparks Montessori Wooden Sensory Cognitive Activity Board (Essential). Designed for superior performance, comfort and style. Sourced with USPS express air shipping (7-10 days).</p>",SmartSparks,toys,toys,"toys, toys, kids, dropshipping, bestseller",true,Color,Natural Pine Wood,Size,Toddler Standard,SY-SY-PROD-2845,500,shopify,19,deny,manual,36.62,60.76,true,true,https://images.unsplash.com/photo-1515488042361-ee00e0ddd4e4?auto=format&fit=crop&w=800&q=80,1,active
wonderstem-labs-12-in-1-solar-powered-stem-robotics-building-kit-pro,WonderStem Labs 12-in-1 Solar Powered STEM Robotics Building Kit (Pro),"<p>High-demand WonderStem Labs WonderStem Labs 12-in-1 Solar Powered STEM Robotics Building Kit (Pro). Designed for superior performance, comfort and style. Sourced with USPS express air shipping (7-10 days).</p>",WonderStem Labs,toys,toys,"toys, toys, kids, dropshipping, bestseller",true,Color,Multi-Color Set,Size,Ages 8-14,SY-SY-PROD-2846,500,shopify,5,deny,manual,40.99,67.53,true,true,https://images.unsplash.com/photo-1566576912321-d58ddd7a6088?auto=format&fit=crop&w=800&q=80,1,active
smartsparks-100-piece-magnetic-3d-geometric-castle-tiles-elite,SmartSparks 100-Piece Magnetic 3D Geometric Castle Tiles (Elite),"<p>High-demand SmartSparks SmartSparks 100-Piece Magnetic 3D Geometric Castle Tiles (Elite). Designed for superior performance, comfort and style. Sourced with USPS express air shipping (7-10 days).</p>",SmartSparks,toys,toys,"toys, toys, kids, dropshipping, bestseller",true,Color,Rainbow Translucent,Size,100 Pieces,SY-SY-PROD-2847,500,shopify,6,deny,manual,47.36,77.41,true,true,https://images.unsplash.com/photo-1587654780291-39c9404d746b?auto=format&fit=crop&w=800&q=80,1,active
wonderstem-labs-high-speed-4wd-360-rotating-stunt-rc-car-led-wheels-classic,WonderStem Labs High-Speed 4WD 360° Rotating Stunt RC Car (LED Wheels) (Classic),"<p>High-demand WonderStem Labs WonderStem Labs High-Speed 4WD 360° Rotating Stunt RC Car (LED Wheels) (Classic). Designed for superior performance, comfort and style. Sourced with USPS express air shipping (7-10 days).</p>",WonderStem Labs,toys,toys,"toys, toys, kids, dropshipping, bestseller",true,Color,Laser Red,Size,1:16 Scale,SY-SY-PROD-2848,500,shopify,7,deny,manual,50.73,82.63,true,true,https://images.unsplash.com/photo-1596461404969-9ae70f2830c1?auto=format&fit=crop&w=800&q=80,1,active
smartsparks-smart-interactive-ai-talking-dancing-robot-toy-series-2,SmartSparks Smart Interactive AI Talking & Dancing Robot Toy (Series 2),"<p>High-demand SmartSparks SmartSparks Smart Interactive AI Talking & Dancing Robot Toy (Series 2). Designed for superior performance, comfort and style. Sourced with USPS express air shipping (7-10 days).</p>",SmartSparks,toys,toys,"toys, toys, kids, dropshipping, bestseller",true,Color,Arctic White / Blue,Size,Rechargeable,SY-SY-PROD-2849,500,shopify,8,deny,manual,64.10,103.35,true,true,https://images.unsplash.com/photo-1558060370-d644479cb6f7?auto=format&fit=crop&w=800&q=80,1,active
wonderstem-labs-360-flying-boomerang-spinner-orb-drone-air,WonderStem Labs 360° Flying Boomerang Spinner Orb Drone (Air),"<p>High-demand WonderStem Labs WonderStem Labs 360° Flying Boomerang Spinner Orb Drone (Air). Designed for superior performance, comfort and style. Sourced with USPS express air shipping (7-10 days).</p>",WonderStem Labs,toys,toys,"toys, toys, kids, dropshipping, bestseller",true,Color,Cosmic Blue,Size,Standard FlyOrb,SY-SY-PROD-2850,500,shopify,9,deny,manual,27.47,46.58,true,true,https://images.unsplash.com/photo-1515488042361-ee00e0ddd4e4?auto=format&fit=crop&w=800&q=80,1,active