Handle,Title,Body (HTML),Vendor,Product Category,Type,Tags,Published,Option1 Name,Option1 Value,Option2 Name,Option2 Value,Variant SKU,Variant Grams,Variant Inventory Tracker,Variant Inventory Qty,Variant Inventory Policy,Variant Fulfillment Service,Variant Price,Variant Compare At Price,Variant Requires Shipping,Variant Taxable,Image Src,Image Position,Status
velocityx-ultra-light-cushion-running-sneakers-pro,VelocityX Ultra-Light Cushion Running Sneakers (Pro),"<p>High-demand VelocityX VelocityX Ultra-Light Cushion Running Sneakers (Pro). Designed for superior performance, comfort and style. Sourced with USPS express air shipping (7-10 days).</p>",VelocityX,shoes,shoes,"shoes, shoes, unisex, dropshipping, bestseller",true,Color,Triple White,Size,7,SY-SY-PROD-1926,500,shopify,5,deny,manual,48.99,79.93,true,true,https://images.unsplash.com/photo-1542291026-7eec264c27ff?auto=format&fit=crop&w=800&q=80,1,active
carlton-london-retro-chunky-platform-streetwear-trainers-elite,Carlton London Retro Chunky Platform Streetwear Trainers (Elite),"<p>High-demand Carlton London Carlton London Retro Chunky Platform Streetwear Trainers (Elite). Designed for superior performance, comfort and style. Sourced with USPS express air shipping (7-10 days).</p>",Carlton London,shoes,shoes,"shoes, shoes, unisex, dropshipping, bestseller",true,Color,Vintage Beige / Sage,Size,6,SY-SY-PROD-1927,500,shopify,6,deny,manual,56.36,91.36,true,true,https://images.unsplash.com/photo-1608231387042-66d1773070a5?auto=format&fit=crop&w=800&q=80,1,active
velocityx-handcrafted-genuine-suede-driving-loafers-classic,VelocityX Handcrafted Genuine Suede Driving Loafers (Classic),"<p>High-demand VelocityX VelocityX Handcrafted Genuine Suede Driving Loafers (Classic). Designed for superior performance, comfort and style. Sourced with USPS express air shipping (7-10 days).</p>",VelocityX,shoes,shoes,"shoes, shoes, unisex, dropshipping, bestseller",true,Color,Tan Camel,Size,8,SY-SY-PROD-1928,500,shopify,7,deny,manual,61.73,99.68,true,true,https://images.unsplash.com/photo-1595950653106-6c9ebd614d3a?auto=format&fit=crop&w=800&q=80,1,active
carlton-london-water-resistant-chelsea-ankle-boots-series-2,Carlton London Water-Resistant Chelsea Ankle Boots (Series 2),"<p>High-demand Carlton London Carlton London Water-Resistant Chelsea Ankle Boots (Series 2). Designed for superior performance, comfort and style. Sourced with USPS express air shipping (7-10 days).</p>",Carlton London,shoes,shoes,"shoes, shoes, unisex, dropshipping, bestseller",true,Color,Matte Black Leather,Size,7,SY-SY-PROD-1929,500,shopify,8,deny,manual,69.10,111.10,true,true,https://images.unsplash.com/photo-1525966222134-fcfa99b8ae77?auto=format&fit=crop&w=800&q=80,1,active
velocityx-orthopedic-cloud-foam-recovery-slides-air,VelocityX Orthopedic Cloud-Foam Recovery Slides (Air),"<p>High-demand VelocityX VelocityX Orthopedic Cloud-Foam Recovery Slides (Air). Designed for superior performance, comfort and style. Sourced with USPS express air shipping (7-10 days).</p>",VelocityX,shoes,shoes,"shoes, shoes, unisex, dropshipping, bestseller",true,Color,Bone White,Size,6,SY-SY-PROD-1930,500,shopify,9,deny,manual,28.47,48.13,true,true,https://images.unsplash.com/photo-1560769629-975ec94e6a86?auto=format&fit=crop&w=800&q=80,1,active
carlton-london-formal-oxford-burnished-leather-shoes-signature,Carlton London Formal Oxford Burnished Leather Shoes (Signature),"<p>High-demand Carlton London Carlton London Formal Oxford Burnished Leather Shoes (Signature). Designed for superior performance, comfort and style. Sourced with USPS express air shipping (7-10 days).</p>",Carlton London,shoes,shoes,"shoes, shoes, unisex, dropshipping, bestseller",true,Color,Deep Cognac Brown,Size,8,SY-SY-PROD-1931,500,shopify,10,deny,manual,69.84,112.25,true,true,https://images.unsplash.com/photo-1549298916-b41d501d3772?auto=format&fit=crop&w=800&q=80,1,active
velocityx-ultra-light-cushion-running-sneakers-v2,VelocityX Ultra-Light Cushion Running Sneakers (V2),"<p>High-demand VelocityX VelocityX Ultra-Light Cushion Running Sneakers (V2). Designed for superior performance, comfort and style. Sourced with USPS express air shipping (7-10 days).</p>",VelocityX,shoes,shoes,"shoes, shoes, unisex, dropshipping, bestseller",true,Color,Triple White,Size,7,SY-SY-PROD-1932,500,shopify,11,deny,manual,57.21,92.68,true,true,https://images.unsplash.com/photo-1542291026-7eec264c27ff?auto=format&fit=crop&w=800&q=80,1,active
carlton-london-retro-chunky-platform-streetwear-trainers-luxe,Carlton London Retro Chunky Platform Streetwear Trainers (Luxe),"<p>High-demand Carlton London Carlton London Retro Chunky Platform Streetwear Trainers (Luxe). Designed for superior performance, comfort and style. Sourced with USPS express air shipping (7-10 days).</p>",Carlton London,shoes,shoes,"shoes, shoes, unisex, dropshipping, bestseller",true,Color,Vintage Beige / Sage,Size,6,SY-SY-PROD-1933,500,shopify,12,deny,manual,64.58,104.10,true,true,https://images.unsplash.com/photo-1608231387042-66d1773070a5?auto=format&fit=crop&w=800&q=80,1,active
velocityx-handcrafted-genuine-suede-driving-loafers-pure,VelocityX Handcrafted Genuine Suede Driving Loafers (Pure),"<p>High-demand VelocityX VelocityX Handcrafted Genuine Suede Driving Loafers (Pure). Designed for superior performance, comfort and style. Sourced with USPS express air shipping (7-10 days).</p>",VelocityX,shoes,shoes,"shoes, shoes, unisex, dropshipping, bestseller",true,Color,Tan Camel,Size,8,SY-SY-PROD-1934,500,shopify,13,deny,manual,69.95,112.42,true,true,https://images.unsplash.com/photo-1595950653106-6c9ebd614d3a?auto=format&fit=crop&w=800&q=80,1,active
carlton-london-water-resistant-chelsea-ankle-boots-essential,Carlton London Water-Resistant Chelsea Ankle Boots (Essential),"<p>High-demand Carlton London Carlton London Water-Resistant Chelsea Ankle Boots (Essential). Designed for superior performance, comfort and style. Sourced with USPS express air shipping (7-10 days).</p>",Carlton London,shoes,shoes,"shoes, shoes, unisex, dropshipping, bestseller",true,Color,Matte Black Leather,Size,7,SY-SY-PROD-1935,500,shopify,14,deny,manual,77.32,123.85,true,true,https://images.unsplash.com/photo-1525966222134-fcfa99b8ae77?auto=format&fit=crop&w=800&q=80,1,active
velocityx-orthopedic-cloud-foam-recovery-slides-pro,VelocityX Orthopedic Cloud-Foam Recovery Slides (Pro),"<p>High-demand VelocityX VelocityX Orthopedic Cloud-Foam Recovery Slides (Pro). Designed for superior performance, comfort and style. Sourced with USPS express air shipping (7-10 days).</p>",VelocityX,shoes,shoes,"shoes, shoes, unisex, dropshipping, bestseller",true,Color,Bone White,Size,6,SY-SY-PROD-1936,500,shopify,15,deny,manual,36.69,60.87,true,true,https://images.unsplash.com/photo-1560769629-975ec94e6a86?auto=format&fit=crop&w=800&q=80,1,active
carlton-london-formal-oxford-burnished-leather-shoes-elite,Carlton London Formal Oxford Burnished Leather Shoes (Elite),"<p>High-demand Carlton London Carlton London Formal Oxford Burnished Leather Shoes (Elite). Designed for superior performance, comfort and style. Sourced with USPS express air shipping (7-10 days).</p>",Carlton London,shoes,shoes,"shoes, shoes, unisex, dropshipping, bestseller",true,Color,Deep Cognac Brown,Size,8,SY-SY-PROD-1937,500,shopify,16,deny,manual,78.06,124.99,true,true,https://images.unsplash.com/photo-1549298916-b41d501d3772?auto=format&fit=crop&w=800&q=80,1,active
velocityx-ultra-light-cushion-running-sneakers-classic,VelocityX Ultra-Light Cushion Running Sneakers (Classic),"<p>High-demand VelocityX VelocityX Ultra-Light Cushion Running Sneakers (Classic). Designed for superior performance, comfort and style. Sourced with USPS express air shipping (7-10 days).</p>",VelocityX,shoes,shoes,"shoes, shoes, unisex, dropshipping, bestseller",true,Color,Triple White,Size,7,SY-SY-PROD-1938,500,shopify,17,deny,manual,65.43,105.42,true,true,https://images.unsplash.com/photo-1542291026-7eec264c27ff?auto=format&fit=crop&w=800&q=80,1,active
carlton-london-retro-chunky-platform-streetwear-trainers-series-2,Carlton London Retro Chunky Platform Streetwear Trainers (Series 2),"<p>High-demand Carlton London Carlton London Retro Chunky Platform Streetwear Trainers (Series 2). Designed for superior performance, comfort and style. Sourced with USPS express air shipping (7-10 days).</p>",Carlton London,shoes,shoes,"shoes, shoes, unisex, dropshipping, bestseller",true,Color,Vintage Beige / Sage,Size,6,SY-SY-PROD-1939,500,shopify,18,deny,manual,72.80,116.84,true,true,https://images.unsplash.com/photo-1608231387042-66d1773070a5?auto=format&fit=crop&w=800&q=80,1,active
velocityx-handcrafted-genuine-suede-driving-loafers-air,VelocityX Handcrafted Genuine Suede Driving Loafers (Air),"<p>High-demand VelocityX VelocityX Handcrafted Genuine Suede Driving Loafers (Air). Designed for superior performance, comfort and style. Sourced with USPS express air shipping (7-10 days).</p>",VelocityX,shoes,shoes,"shoes, shoes, unisex, dropshipping, bestseller",true,Color,Tan Camel,Size,8,SY-SY-PROD-1940,500,shopify,19,deny,manual,78.17,125.16,true,true,https://images.unsplash.com/photo-1595950653106-6c9ebd614d3a?auto=format&fit=crop&w=800&q=80,1,active
carlton-london-water-resistant-chelsea-ankle-boots-signature,Carlton London Water-Resistant Chelsea Ankle Boots (Signature),"<p>High-demand Carlton London Carlton London Water-Resistant Chelsea Ankle Boots (Signature). Designed for superior performance, comfort and style. Sourced with USPS express air shipping (7-10 days).</p>",Carlton London,shoes,shoes,"shoes, shoes, unisex, dropshipping, bestseller",true,Color,Matte Black Leather,Size,7,SY-SY-PROD-1941,500,shopify,5,deny,manual,85.54,136.59,true,true,https://images.unsplash.com/photo-1525966222134-fcfa99b8ae77?auto=format&fit=crop&w=800&q=80,1,active
velocityx-orthopedic-cloud-foam-recovery-slides-v2,VelocityX Orthopedic Cloud-Foam Recovery Slides (V2),"<p>High-demand VelocityX VelocityX Orthopedic Cloud-Foam Recovery Slides (V2). Designed for superior performance, comfort and style. Sourced with USPS express air shipping (7-10 days).</p>",VelocityX,shoes,shoes,"shoes, shoes, unisex, dropshipping, bestseller",true,Color,Bone White,Size,6,SY-SY-PROD-1942,500,shopify,6,deny,manual,28.91,48.81,true,true,https://images.unsplash.com/photo-1560769629-975ec94e6a86?auto=format&fit=crop&w=800&q=80,1,active
carlton-london-formal-oxford-burnished-leather-shoes-luxe,Carlton London Formal Oxford Burnished Leather Shoes (Luxe),"<p>High-demand Carlton London Carlton London Formal Oxford Burnished Leather Shoes (Luxe). Designed for superior performance, comfort and style. Sourced with USPS express air shipping (7-10 days).</p>",Carlton London,shoes,shoes,"shoes, shoes, unisex, dropshipping, bestseller",true,Color,Deep Cognac Brown,Size,8,SY-SY-PROD-1943,500,shopify,7,deny,manual,86.28,137.73,true,true,https://images.unsplash.com/photo-1549298916-b41d501d3772?auto=format&fit=crop&w=800&q=80,1,active
velocityx-ultra-light-cushion-running-sneakers-pure,VelocityX Ultra-Light Cushion Running Sneakers (Pure),"<p>High-demand VelocityX VelocityX Ultra-Light Cushion Running Sneakers (Pure). Designed for superior performance, comfort and style. Sourced with USPS express air shipping (7-10 days).</p>",VelocityX,shoes,shoes,"shoes, shoes, unisex, dropshipping, bestseller",true,Color,Triple White,Size,7,SY-SY-PROD-1944,500,shopify,8,deny,manual,73.65,118.16,true,true,https://images.unsplash.com/photo-1542291026-7eec264c27ff?auto=format&fit=crop&w=800&q=80,1,active
carlton-london-retro-chunky-platform-streetwear-trainers-essential,Carlton London Retro Chunky Platform Streetwear Trainers (Essential),"<p>High-demand Carlton London Carlton London Retro Chunky Platform Streetwear Trainers (Essential). Designed for superior performance, comfort and style. Sourced with USPS express air shipping (7-10 days).</p>",Carlton London,shoes,shoes,"shoes, shoes, unisex, dropshipping, bestseller",true,Color,Vintage Beige / Sage,Size,6,SY-SY-PROD-1945,500,shopify,9,deny,manual,81.02,129.58,true,true,https://images.unsplash.com/photo-1608231387042-66d1773070a5?auto=format&fit=crop&w=800&q=80,1,active
velocityx-handcrafted-genuine-suede-driving-loafers-pro,VelocityX Handcrafted Genuine Suede Driving Loafers (Pro),"<p>High-demand VelocityX VelocityX Handcrafted Genuine Suede Driving Loafers (Pro). Designed for superior performance, comfort and style. Sourced with USPS express air shipping (7-10 days).</p>",VelocityX,shoes,shoes,"shoes, shoes, unisex, dropshipping, bestseller",true,Color,Tan Camel,Size,8,SY-SY-PROD-1946,500,shopify,10,deny,manual,86.39,137.90,true,true,https://images.unsplash.com/photo-1595950653106-6c9ebd614d3a?auto=format&fit=crop&w=800&q=80,1,active
carlton-london-water-resistant-chelsea-ankle-boots-elite,Carlton London Water-Resistant Chelsea Ankle Boots (Elite),"<p>High-demand Carlton London Carlton London Water-Resistant Chelsea Ankle Boots (Elite). Designed for superior performance, comfort and style. Sourced with USPS express air shipping (7-10 days).</p>",Carlton London,shoes,shoes,"shoes, shoes, unisex, dropshipping, bestseller",true,Color,Matte Black Leather,Size,7,SY-SY-PROD-1947,500,shopify,11,deny,manual,93.76,149.33,true,true,https://images.unsplash.com/photo-1525966222134-fcfa99b8ae77?auto=format&fit=crop&w=800&q=80,1,active
velocityx-orthopedic-cloud-foam-recovery-slides-classic,VelocityX Orthopedic Cloud-Foam Recovery Slides (Classic),"<p>High-demand VelocityX VelocityX Orthopedic Cloud-Foam Recovery Slides (Classic). Designed for superior performance, comfort and style. Sourced with USPS express air shipping (7-10 days).</p>",VelocityX,shoes,shoes,"shoes, shoes, unisex, dropshipping, bestseller",true,Color,Bone White,Size,6,SY-SY-PROD-1948,500,shopify,12,deny,manual,37.13,61.55,true,true,https://images.unsplash.com/photo-1560769629-975ec94e6a86?auto=format&fit=crop&w=800&q=80,1,active
carlton-london-formal-oxford-burnished-leather-shoes-series-2,Carlton London Formal Oxford Burnished Leather Shoes (Series 2),"<p>High-demand Carlton London Carlton London Formal Oxford Burnished Leather Shoes (Series 2). Designed for superior performance, comfort and style. Sourced with USPS express air shipping (7-10 days).</p>",Carlton London,shoes,shoes,"shoes, shoes, unisex, dropshipping, bestseller",true,Color,Deep Cognac Brown,Size,8,SY-SY-PROD-1949,500,shopify,13,deny,manual,94.50,150.47,true,true,https://images.unsplash.com/photo-1549298916-b41d501d3772?auto=format&fit=crop&w=800&q=80,1,active
velocityx-ultra-light-cushion-running-sneakers-air,VelocityX Ultra-Light Cushion Running Sneakers (Air),"<p>High-demand VelocityX VelocityX Ultra-Light Cushion Running Sneakers (Air). Designed for superior performance, comfort and style. Sourced with USPS express air shipping (7-10 days).</p>",VelocityX,shoes,shoes,"shoes, shoes, unisex, dropshipping, bestseller",true,Color,Triple White,Size,7,SY-SY-PROD-1950,500,shopify,14,deny,manual,81.87,130.90,true,true,https://images.unsplash.com/photo-1542291026-7eec264c27ff?auto=format&fit=crop&w=800&q=80,1,active
carlton-london-retro-chunky-platform-streetwear-trainers-signature,Carlton London Retro Chunky Platform Streetwear Trainers (Signature),"<p>High-demand Carlton London Carlton London Retro Chunky Platform Streetwear Trainers (Signature). Designed for superior performance, comfort and style. Sourced with USPS express air shipping (7-10 days).</p>",Carlton London,shoes,shoes,"shoes, shoes, unisex, dropshipping, bestseller",true,Color,Vintage Beige / Sage,Size,6,SY-SY-PROD-1951,500,shopify,15,deny,manual,89.24,142.32,true,true,https://images.unsplash.com/photo-1608231387042-66d1773070a5?auto=format&fit=crop&w=800&q=80,1,active
velocityx-handcrafted-genuine-suede-driving-loafers-v2,VelocityX Handcrafted Genuine Suede Driving Loafers (V2),"<p>High-demand VelocityX VelocityX Handcrafted Genuine Suede Driving Loafers (V2). Designed for superior performance, comfort and style. Sourced with USPS express air shipping (7-10 days).</p>",VelocityX,shoes,shoes,"shoes, shoes, unisex, dropshipping, bestseller",true,Color,Tan Camel,Size,8,SY-SY-PROD-1952,500,shopify,16,deny,manual,94.61,150.65,true,true,https://images.unsplash.com/photo-1595950653106-6c9ebd614d3a?auto=format&fit=crop&w=800&q=80,1,active
carlton-london-water-resistant-chelsea-ankle-boots-luxe,Carlton London Water-Resistant Chelsea Ankle Boots (Luxe),"<p>High-demand Carlton London Carlton London Water-Resistant Chelsea Ankle Boots (Luxe). Designed for superior performance, comfort and style. Sourced with USPS express air shipping (7-10 days).</p>",Carlton London,shoes,shoes,"shoes, shoes, unisex, dropshipping, bestseller",true,Color,Matte Black Leather,Size,7,SY-SY-PROD-1953,500,shopify,17,deny,manual,101.98,162.07,true,true,https://images.unsplash.com/photo-1525966222134-fcfa99b8ae77?auto=format&fit=crop&w=800&q=80,1,active
velocityx-orthopedic-cloud-foam-recovery-slides-pure,VelocityX Orthopedic Cloud-Foam Recovery Slides (Pure),"<p>High-demand VelocityX VelocityX Orthopedic Cloud-Foam Recovery Slides (Pure). Designed for superior performance, comfort and style. Sourced with USPS express air shipping (7-10 days).</p>",VelocityX,shoes,shoes,"shoes, shoes, unisex, dropshipping, bestseller",true,Color,Bone White,Size,6,SY-SY-PROD-1954,500,shopify,18,deny,manual,29.35,49.49,true,true,https://images.unsplash.com/photo-1560769629-975ec94e6a86?auto=format&fit=crop&w=800&q=80,1,active
carlton-london-formal-oxford-burnished-leather-shoes-essential,Carlton London Formal Oxford Burnished Leather Shoes (Essential),"<p>High-demand Carlton London Carlton London Formal Oxford Burnished Leather Shoes (Essential). Designed for superior performance, comfort and style. Sourced with USPS express air shipping (7-10 days).</p>",Carlton London,shoes,shoes,"shoes, shoes, unisex, dropshipping, bestseller",true,Color,Deep Cognac Brown,Size,8,SY-SY-PROD-1955,500,shopify,19,deny,manual,102.72,163.22,true,true,https://images.unsplash.com/photo-1549298916-b41d501d3772?auto=format&fit=crop&w=800&q=80,1,active
velocityx-ultra-light-cushion-running-sneakers-pro,VelocityX Ultra-Light Cushion Running Sneakers (Pro),"<p>High-demand VelocityX VelocityX Ultra-Light Cushion Running Sneakers (Pro). Designed for superior performance, comfort and style. Sourced with USPS express air shipping (7-10 days).</p>",VelocityX,shoes,shoes,"shoes, shoes, unisex, dropshipping, bestseller",true,Color,Triple White,Size,7,SY-SY-PROD-1956,500,shopify,5,deny,manual,49.09,80.09,true,true,https://images.unsplash.com/photo-1542291026-7eec264c27ff?auto=format&fit=crop&w=800&q=80,1,active
carlton-london-retro-chunky-platform-streetwear-trainers-elite,Carlton London Retro Chunky Platform Streetwear Trainers (Elite),"<p>High-demand Carlton London Carlton London Retro Chunky Platform Streetwear Trainers (Elite). Designed for superior performance, comfort and style. Sourced with USPS express air shipping (7-10 days).</p>",Carlton London,shoes,shoes,"shoes, shoes, unisex, dropshipping, bestseller",true,Color,Vintage Beige / Sage,Size,6,SY-SY-PROD-1957,500,shopify,6,deny,manual,57.46,93.06,true,true,https://images.unsplash.com/photo-1608231387042-66d1773070a5?auto=format&fit=crop&w=800&q=80,1,active
velocityx-handcrafted-genuine-suede-driving-loafers-classic,VelocityX Handcrafted Genuine Suede Driving Loafers (Classic),"<p>High-demand VelocityX VelocityX Handcrafted Genuine Suede Driving Loafers (Classic). Designed for superior performance, comfort and style. Sourced with USPS express air shipping (7-10 days).</p>",VelocityX,shoes,shoes,"shoes, shoes, unisex, dropshipping, bestseller",true,Color,Tan Camel,Size,8,SY-SY-PROD-1958,500,shopify,7,deny,manual,61.83,99.84,true,true,https://images.unsplash.com/photo-1595950653106-6c9ebd614d3a?auto=format&fit=crop&w=800&q=80,1,active
carlton-london-water-resistant-chelsea-ankle-boots-series-2,Carlton London Water-Resistant Chelsea Ankle Boots (Series 2),"<p>High-demand Carlton London Carlton London Water-Resistant Chelsea Ankle Boots (Series 2). Designed for superior performance, comfort and style. Sourced with USPS express air shipping (7-10 days).</p>",Carlton London,shoes,shoes,"shoes, shoes, unisex, dropshipping, bestseller",true,Color,Matte Black Leather,Size,7,SY-SY-PROD-1959,500,shopify,8,deny,manual,110.20,174.81,true,true,https://images.unsplash.com/photo-1525966222134-fcfa99b8ae77?auto=format&fit=crop&w=800&q=80,1,active
velocityx-orthopedic-cloud-foam-recovery-slides-air,VelocityX Orthopedic Cloud-Foam Recovery Slides (Air),"<p>High-demand VelocityX VelocityX Orthopedic Cloud-Foam Recovery Slides (Air). Designed for superior performance, comfort and style. Sourced with USPS express air shipping (7-10 days).</p>",VelocityX,shoes,shoes,"shoes, shoes, unisex, dropshipping, bestseller",true,Color,Bone White,Size,6,SY-SY-PROD-1960,500,shopify,9,deny,manual,37.57,62.23,true,true,https://images.unsplash.com/photo-1560769629-975ec94e6a86?auto=format&fit=crop&w=800&q=80,1,active
carlton-london-formal-oxford-burnished-leather-shoes-signature,Carlton London Formal Oxford Burnished Leather Shoes (Signature),"<p>High-demand Carlton London Carlton London Formal Oxford Burnished Leather Shoes (Signature). Designed for superior performance, comfort and style. Sourced with USPS express air shipping (7-10 days).</p>",Carlton London,shoes,shoes,"shoes, shoes, unisex, dropshipping, bestseller",true,Color,Deep Cognac Brown,Size,8,SY-SY-PROD-1961,500,shopify,10,deny,manual,63.94,103.11,true,true,https://images.unsplash.com/photo-1549298916-b41d501d3772?auto=format&fit=crop&w=800&q=80,1,active
velocityx-ultra-light-cushion-running-sneakers-v2,VelocityX Ultra-Light Cushion Running Sneakers (V2),"<p>High-demand VelocityX VelocityX Ultra-Light Cushion Running Sneakers (V2). Designed for superior performance, comfort and style. Sourced with USPS express air shipping (7-10 days).</p>",VelocityX,shoes,shoes,"shoes, shoes, unisex, dropshipping, bestseller",true,Color,Triple White,Size,7,SY-SY-PROD-1962,500,shopify,11,deny,manual,57.31,92.83,true,true,https://images.unsplash.com/photo-1542291026-7eec264c27ff?auto=format&fit=crop&w=800&q=80,1,active
carlton-london-retro-chunky-platform-streetwear-trainers-luxe,Carlton London Retro Chunky Platform Streetwear Trainers (Luxe),"<p>High-demand Carlton London Carlton London Retro Chunky Platform Streetwear Trainers (Luxe). Designed for superior performance, comfort and style. Sourced with USPS express air shipping (7-10 days).</p>",Carlton London,shoes,shoes,"shoes, shoes, unisex, dropshipping, bestseller",true,Color,Vintage Beige / Sage,Size,6,SY-SY-PROD-1963,500,shopify,12,deny,manual,65.68,105.80,true,true,https://images.unsplash.com/photo-1608231387042-66d1773070a5?auto=format&fit=crop&w=800&q=80,1,active
velocityx-handcrafted-genuine-suede-driving-loafers-pure,VelocityX Handcrafted Genuine Suede Driving Loafers (Pure),"<p>High-demand VelocityX VelocityX Handcrafted Genuine Suede Driving Loafers (Pure). Designed for superior performance, comfort and style. Sourced with USPS express air shipping (7-10 days).</p>",VelocityX,shoes,shoes,"shoes, shoes, unisex, dropshipping, bestseller",true,Color,Tan Camel,Size,8,SY-SY-PROD-1964,500,shopify,13,deny,manual,70.05,112.58,true,true,https://images.unsplash.com/photo-1595950653106-6c9ebd614d3a?auto=format&fit=crop&w=800&q=80,1,active
carlton-london-water-resistant-chelsea-ankle-boots-essential,Carlton London Water-Resistant Chelsea Ankle Boots (Essential),"<p>High-demand Carlton London Carlton London Water-Resistant Chelsea Ankle Boots (Essential). Designed for superior performance, comfort and style. Sourced with USPS express air shipping (7-10 days).</p>",Carlton London,shoes,shoes,"shoes, shoes, unisex, dropshipping, bestseller",true,Color,Matte Black Leather,Size,7,SY-SY-PROD-1965,500,shopify,14,deny,manual,68.42,110.05,true,true,https://images.unsplash.com/photo-1525966222134-fcfa99b8ae77?auto=format&fit=crop&w=800&q=80,1,active
velocityx-orthopedic-cloud-foam-recovery-slides-pro,VelocityX Orthopedic Cloud-Foam Recovery Slides (Pro),"<p>High-demand VelocityX VelocityX Orthopedic Cloud-Foam Recovery Slides (Pro). Designed for superior performance, comfort and style. Sourced with USPS express air shipping (7-10 days).</p>",VelocityX,shoes,shoes,"shoes, shoes, unisex, dropshipping, bestseller",true,Color,Bone White,Size,6,SY-SY-PROD-1966,500,shopify,15,deny,manual,29.79,50.17,true,true,https://images.unsplash.com/photo-1560769629-975ec94e6a86?auto=format&fit=crop&w=800&q=80,1,active
carlton-london-formal-oxford-burnished-leather-shoes-elite,Carlton London Formal Oxford Burnished Leather Shoes (Elite),"<p>High-demand Carlton London Carlton London Formal Oxford Burnished Leather Shoes (Elite). Designed for superior performance, comfort and style. Sourced with USPS express air shipping (7-10 days).</p>",Carlton London,shoes,shoes,"shoes, shoes, unisex, dropshipping, bestseller",true,Color,Deep Cognac Brown,Size,8,SY-SY-PROD-1967,500,shopify,16,deny,manual,72.16,115.85,true,true,https://images.unsplash.com/photo-1549298916-b41d501d3772?auto=format&fit=crop&w=800&q=80,1,active
velocityx-ultra-light-cushion-running-sneakers-classic,VelocityX Ultra-Light Cushion Running Sneakers (Classic),"<p>High-demand VelocityX VelocityX Ultra-Light Cushion Running Sneakers (Classic). Designed for superior performance, comfort and style. Sourced with USPS express air shipping (7-10 days).</p>",VelocityX,shoes,shoes,"shoes, shoes, unisex, dropshipping, bestseller",true,Color,Triple White,Size,7,SY-SY-PROD-1968,500,shopify,17,deny,manual,65.53,105.57,true,true,https://images.unsplash.com/photo-1542291026-7eec264c27ff?auto=format&fit=crop&w=800&q=80,1,active
carlton-london-retro-chunky-platform-streetwear-trainers-series-2,Carlton London Retro Chunky Platform Streetwear Trainers (Series 2),"<p>High-demand Carlton London Carlton London Retro Chunky Platform Streetwear Trainers (Series 2). Designed for superior performance, comfort and style. Sourced with USPS express air shipping (7-10 days).</p>",Carlton London,shoes,shoes,"shoes, shoes, unisex, dropshipping, bestseller",true,Color,Vintage Beige / Sage,Size,6,SY-SY-PROD-1969,500,shopify,18,deny,manual,73.90,118.55,true,true,https://images.unsplash.com/photo-1608231387042-66d1773070a5?auto=format&fit=crop&w=800&q=80,1,active
velocityx-handcrafted-genuine-suede-driving-loafers-air,VelocityX Handcrafted Genuine Suede Driving Loafers (Air),"<p>High-demand VelocityX VelocityX Handcrafted Genuine Suede Driving Loafers (Air). Designed for superior performance, comfort and style. Sourced with USPS express air shipping (7-10 days).</p>",VelocityX,shoes,shoes,"shoes, shoes, unisex, dropshipping, bestseller",true,Color,Tan Camel,Size,8,SY-SY-PROD-1970,500,shopify,19,deny,manual,78.27,125.32,true,true,https://images.unsplash.com/photo-1595950653106-6c9ebd614d3a?auto=format&fit=crop&w=800&q=80,1,active
carlton-london-water-resistant-chelsea-ankle-boots-signature,Carlton London Water-Resistant Chelsea Ankle Boots (Signature),"<p>High-demand Carlton London Carlton London Water-Resistant Chelsea Ankle Boots (Signature). Designed for superior performance, comfort and style. Sourced with USPS express air shipping (7-10 days).</p>",Carlton London,shoes,shoes,"shoes, shoes, unisex, dropshipping, bestseller",true,Color,Matte Black Leather,Size,7,SY-SY-PROD-1971,500,shopify,5,deny,manual,76.64,122.79,true,true,https://images.unsplash.com/photo-1525966222134-fcfa99b8ae77?auto=format&fit=crop&w=800&q=80,1,active
velocityx-orthopedic-cloud-foam-recovery-slides-v2,VelocityX Orthopedic Cloud-Foam Recovery Slides (V2),"<p>High-demand VelocityX VelocityX Orthopedic Cloud-Foam Recovery Slides (V2). Designed for superior performance, comfort and style. Sourced with USPS express air shipping (7-10 days).</p>",VelocityX,shoes,shoes,"shoes, shoes, unisex, dropshipping, bestseller",true,Color,Bone White,Size,6,SY-SY-PROD-1972,500,shopify,6,deny,manual,38.01,62.92,true,true,https://images.unsplash.com/photo-1560769629-975ec94e6a86?auto=format&fit=crop&w=800&q=80,1,active
carlton-london-formal-oxford-burnished-leather-shoes-luxe,Carlton London Formal Oxford Burnished Leather Shoes (Luxe),"<p>High-demand Carlton London Carlton London Formal Oxford Burnished Leather Shoes (Luxe). Designed for superior performance, comfort and style. Sourced with USPS express air shipping (7-10 days).</p>",Carlton London,shoes,shoes,"shoes, shoes, unisex, dropshipping, bestseller",true,Color,Deep Cognac Brown,Size,8,SY-SY-PROD-1973,500,shopify,7,deny,manual,80.38,128.59,true,true,https://images.unsplash.com/photo-1549298916-b41d501d3772?auto=format&fit=crop&w=800&q=80,1,active
velocityx-ultra-light-cushion-running-sneakers-pure,VelocityX Ultra-Light Cushion Running Sneakers (Pure),"<p>High-demand VelocityX VelocityX Ultra-Light Cushion Running Sneakers (Pure). Designed for superior performance, comfort and style. Sourced with USPS express air shipping (7-10 days).</p>",VelocityX,shoes,shoes,"shoes, shoes, unisex, dropshipping, bestseller",true,Color,Triple White,Size,7,SY-SY-PROD-1974,500,shopify,8,deny,manual,73.75,118.31,true,true,https://images.unsplash.com/photo-1542291026-7eec264c27ff?auto=format&fit=crop&w=800&q=80,1,active
carlton-london-retro-chunky-platform-streetwear-trainers-essential,Carlton London Retro Chunky Platform Streetwear Trainers (Essential),"<p>High-demand Carlton London Carlton London Retro Chunky Platform Streetwear Trainers (Essential). Designed for superior performance, comfort and style. Sourced with USPS express air shipping (7-10 days).</p>",Carlton London,shoes,shoes,"shoes, shoes, unisex, dropshipping, bestseller",true,Color,Vintage Beige / Sage,Size,6,SY-SY-PROD-1975,500,shopify,9,deny,manual,82.12,131.29,true,true,https://images.unsplash.com/photo-1608231387042-66d1773070a5?auto=format&fit=crop&w=800&q=80,1,active
velocityx-handcrafted-genuine-suede-driving-loafers-pro,VelocityX Handcrafted Genuine Suede Driving Loafers (Pro),"<p>High-demand VelocityX VelocityX Handcrafted Genuine Suede Driving Loafers (Pro). Designed for superior performance, comfort and style. Sourced with USPS express air shipping (7-10 days).</p>",VelocityX,shoes,shoes,"shoes, shoes, unisex, dropshipping, bestseller",true,Color,Tan Camel,Size,8,SY-SY-PROD-1976,500,shopify,10,deny,manual,86.49,138.06,true,true,https://images.unsplash.com/photo-1595950653106-6c9ebd614d3a?auto=format&fit=crop&w=800&q=80,1,active
carlton-london-water-resistant-chelsea-ankle-boots-elite,Carlton London Water-Resistant Chelsea Ankle Boots (Elite),"<p>High-demand Carlton London Carlton London Water-Resistant Chelsea Ankle Boots (Elite). Designed for superior performance, comfort and style. Sourced with USPS express air shipping (7-10 days).</p>",Carlton London,shoes,shoes,"shoes, shoes, unisex, dropshipping, bestseller",true,Color,Matte Black Leather,Size,7,SY-SY-PROD-1977,500,shopify,11,deny,manual,84.86,135.53,true,true,https://images.unsplash.com/photo-1525966222134-fcfa99b8ae77?auto=format&fit=crop&w=800&q=80,1,active
velocityx-orthopedic-cloud-foam-recovery-slides-classic,VelocityX Orthopedic Cloud-Foam Recovery Slides (Classic),"<p>High-demand VelocityX VelocityX Orthopedic Cloud-Foam Recovery Slides (Classic). Designed for superior performance, comfort and style. Sourced with USPS express air shipping (7-10 days).</p>",VelocityX,shoes,shoes,"shoes, shoes, unisex, dropshipping, bestseller",true,Color,Bone White,Size,6,SY-SY-PROD-1978,500,shopify,12,deny,manual,30.23,50.86,true,true,https://images.unsplash.com/photo-1560769629-975ec94e6a86?auto=format&fit=crop&w=800&q=80,1,active
carlton-london-formal-oxford-burnished-leather-shoes-series-2,Carlton London Formal Oxford Burnished Leather Shoes (Series 2),"<p>High-demand Carlton London Carlton London Formal Oxford Burnished Leather Shoes (Series 2). Designed for superior performance, comfort and style. Sourced with USPS express air shipping (7-10 days).</p>",Carlton London,shoes,shoes,"shoes, shoes, unisex, dropshipping, bestseller",true,Color,Deep Cognac Brown,Size,8,SY-SY-PROD-1979,500,shopify,13,deny,manual,88.60,141.33,true,true,https://images.unsplash.com/photo-1549298916-b41d501d3772?auto=format&fit=crop&w=800&q=80,1,active
velocityx-ultra-light-cushion-running-sneakers-air,VelocityX Ultra-Light Cushion Running Sneakers (Air),"<p>High-demand VelocityX VelocityX Ultra-Light Cushion Running Sneakers (Air). Designed for superior performance, comfort and style. Sourced with USPS express air shipping (7-10 days).</p>",VelocityX,shoes,shoes,"shoes, shoes, unisex, dropshipping, bestseller",true,Color,Triple White,Size,7,SY-SY-PROD-1980,500,shopify,14,deny,manual,81.97,131.05,true,true,https://images.unsplash.com/photo-1542291026-7eec264c27ff?auto=format&fit=crop&w=800&q=80,1,active
carlton-london-retro-chunky-platform-streetwear-trainers-signature,Carlton London Retro Chunky Platform Streetwear Trainers (Signature),"<p>High-demand Carlton London Carlton London Retro Chunky Platform Streetwear Trainers (Signature). Designed for superior performance, comfort and style. Sourced with USPS express air shipping (7-10 days).</p>",Carlton London,shoes,shoes,"shoes, shoes, unisex, dropshipping, bestseller",true,Color,Vintage Beige / Sage,Size,6,SY-SY-PROD-1981,500,shopify,15,deny,manual,90.34,144.03,true,true,https://images.unsplash.com/photo-1608231387042-66d1773070a5?auto=format&fit=crop&w=800&q=80,1,active
velocityx-handcrafted-genuine-suede-driving-loafers-v2,VelocityX Handcrafted Genuine Suede Driving Loafers (V2),"<p>High-demand VelocityX VelocityX Handcrafted Genuine Suede Driving Loafers (V2). Designed for superior performance, comfort and style. Sourced with USPS express air shipping (7-10 days).</p>",VelocityX,shoes,shoes,"shoes, shoes, unisex, dropshipping, bestseller",true,Color,Tan Camel,Size,8,SY-SY-PROD-1982,500,shopify,16,deny,manual,94.71,150.80,true,true,https://images.unsplash.com/photo-1595950653106-6c9ebd614d3a?auto=format&fit=crop&w=800&q=80,1,active
carlton-london-water-resistant-chelsea-ankle-boots-luxe,Carlton London Water-Resistant Chelsea Ankle Boots (Luxe),"<p>High-demand Carlton London Carlton London Water-Resistant Chelsea Ankle Boots (Luxe). Designed for superior performance, comfort and style. Sourced with USPS express air shipping (7-10 days).</p>",Carlton London,shoes,shoes,"shoes, shoes, unisex, dropshipping, bestseller",true,Color,Matte Black Leather,Size,7,SY-SY-PROD-1983,500,shopify,17,deny,manual,93.08,148.27,true,true,https://images.unsplash.com/photo-1525966222134-fcfa99b8ae77?auto=format&fit=crop&w=800&q=80,1,active
velocityx-orthopedic-cloud-foam-recovery-slides-pure,VelocityX Orthopedic Cloud-Foam Recovery Slides (Pure),"<p>High-demand VelocityX VelocityX Orthopedic Cloud-Foam Recovery Slides (Pure). Designed for superior performance, comfort and style. Sourced with USPS express air shipping (7-10 days).</p>",VelocityX,shoes,shoes,"shoes, shoes, unisex, dropshipping, bestseller",true,Color,Bone White,Size,6,SY-SY-PROD-1984,500,shopify,18,deny,manual,38.45,63.60,true,true,https://images.unsplash.com/photo-1560769629-975ec94e6a86?auto=format&fit=crop&w=800&q=80,1,active
carlton-london-formal-oxford-burnished-leather-shoes-essential,Carlton London Formal Oxford Burnished Leather Shoes (Essential),"<p>High-demand Carlton London Carlton London Formal Oxford Burnished Leather Shoes (Essential). Designed for superior performance, comfort and style. Sourced with USPS express air shipping (7-10 days).</p>",Carlton London,shoes,shoes,"shoes, shoes, unisex, dropshipping, bestseller",true,Color,Deep Cognac Brown,Size,8,SY-SY-PROD-1985,500,shopify,19,deny,manual,96.82,154.07,true,true,https://images.unsplash.com/photo-1549298916-b41d501d3772?auto=format&fit=crop&w=800&q=80,1,active
velocityx-ultra-light-cushion-running-sneakers-pro,VelocityX Ultra-Light Cushion Running Sneakers (Pro),"<p>High-demand VelocityX VelocityX Ultra-Light Cushion Running Sneakers (Pro). Designed for superior performance, comfort and style. Sourced with USPS express air shipping (7-10 days).</p>",VelocityX,shoes,shoes,"shoes, shoes, unisex, dropshipping, bestseller",true,Color,Triple White,Size,7,SY-SY-PROD-1986,500,shopify,5,deny,manual,49.19,80.24,true,true,https://images.unsplash.com/photo-1542291026-7eec264c27ff?auto=format&fit=crop&w=800&q=80,1,active
carlton-london-retro-chunky-platform-streetwear-trainers-elite,Carlton London Retro Chunky Platform Streetwear Trainers (Elite),"<p>High-demand Carlton London Carlton London Retro Chunky Platform Streetwear Trainers (Elite). Designed for superior performance, comfort and style. Sourced with USPS express air shipping (7-10 days).</p>",Carlton London,shoes,shoes,"shoes, shoes, unisex, dropshipping, bestseller",true,Color,Vintage Beige / Sage,Size,6,SY-SY-PROD-1987,500,shopify,6,deny,manual,58.56,94.77,true,true,https://images.unsplash.com/photo-1608231387042-66d1773070a5?auto=format&fit=crop&w=800&q=80,1,active
velocityx-handcrafted-genuine-suede-driving-loafers-classic,VelocityX Handcrafted Genuine Suede Driving Loafers (Classic),"<p>High-demand VelocityX VelocityX Handcrafted Genuine Suede Driving Loafers (Classic). Designed for superior performance, comfort and style. Sourced with USPS express air shipping (7-10 days).</p>",VelocityX,shoes,shoes,"shoes, shoes, unisex, dropshipping, bestseller",true,Color,Tan Camel,Size,8,SY-SY-PROD-1988,500,shopify,7,deny,manual,61.93,99.99,true,true,https://images.unsplash.com/photo-1595950653106-6c9ebd614d3a?auto=format&fit=crop&w=800&q=80,1,active
carlton-london-water-resistant-chelsea-ankle-boots-series-2,Carlton London Water-Resistant Chelsea Ankle Boots (Series 2),"<p>High-demand Carlton London Carlton London Water-Resistant Chelsea Ankle Boots (Series 2). Designed for superior performance, comfort and style. Sourced with USPS express air shipping (7-10 days).</p>",Carlton London,shoes,shoes,"shoes, shoes, unisex, dropshipping, bestseller",true,Color,Matte Black Leather,Size,7,SY-SY-PROD-1989,500,shopify,8,deny,manual,101.30,161.01,true,true,https://images.unsplash.com/photo-1525966222134-fcfa99b8ae77?auto=format&fit=crop&w=800&q=80,1,active
velocityx-orthopedic-cloud-foam-recovery-slides-air,VelocityX Orthopedic Cloud-Foam Recovery Slides (Air),"<p>High-demand VelocityX VelocityX Orthopedic Cloud-Foam Recovery Slides (Air). Designed for superior performance, comfort and style. Sourced with USPS express air shipping (7-10 days).</p>",VelocityX,shoes,shoes,"shoes, shoes, unisex, dropshipping, bestseller",true,Color,Bone White,Size,6,SY-SY-PROD-1990,500,shopify,9,deny,manual,30.67,51.54,true,true,https://images.unsplash.com/photo-1560769629-975ec94e6a86?auto=format&fit=crop&w=800&q=80,1,active
carlton-london-formal-oxford-burnished-leather-shoes-signature,Carlton London Formal Oxford Burnished Leather Shoes (Signature),"<p>High-demand Carlton London Carlton London Formal Oxford Burnished Leather Shoes (Signature). Designed for superior performance, comfort and style. Sourced with USPS express air shipping (7-10 days).</p>",Carlton London,shoes,shoes,"shoes, shoes, unisex, dropshipping, bestseller",true,Color,Deep Cognac Brown,Size,8,SY-SY-PROD-1991,500,shopify,10,deny,manual,105.04,166.81,true,true,https://images.unsplash.com/photo-1549298916-b41d501d3772?auto=format&fit=crop&w=800&q=80,1,active
velocityx-ultra-light-cushion-running-sneakers-v2,VelocityX Ultra-Light Cushion Running Sneakers (V2),"<p>High-demand VelocityX VelocityX Ultra-Light Cushion Running Sneakers (V2). Designed for superior performance, comfort and style. Sourced with USPS express air shipping (7-10 days).</p>",VelocityX,shoes,shoes,"shoes, shoes, unisex, dropshipping, bestseller",true,Color,Triple White,Size,7,SY-SY-PROD-1992,500,shopify,11,deny,manual,57.41,92.99,true,true,https://images.unsplash.com/photo-1542291026-7eec264c27ff?auto=format&fit=crop&w=800&q=80,1,active
carlton-london-retro-chunky-platform-streetwear-trainers-luxe,Carlton London Retro Chunky Platform Streetwear Trainers (Luxe),"<p>High-demand Carlton London Carlton London Retro Chunky Platform Streetwear Trainers (Luxe). Designed for superior performance, comfort and style. Sourced with USPS express air shipping (7-10 days).</p>",Carlton London,shoes,shoes,"shoes, shoes, unisex, dropshipping, bestseller",true,Color,Vintage Beige / Sage,Size,6,SY-SY-PROD-1993,500,shopify,12,deny,manual,66.78,107.51,true,true,https://images.unsplash.com/photo-1608231387042-66d1773070a5?auto=format&fit=crop&w=800&q=80,1,active
velocityx-handcrafted-genuine-suede-driving-loafers-pure,VelocityX Handcrafted Genuine Suede Driving Loafers (Pure),"<p>High-demand VelocityX VelocityX Handcrafted Genuine Suede Driving Loafers (Pure). Designed for superior performance, comfort and style. Sourced with USPS express air shipping (7-10 days).</p>",VelocityX,shoes,shoes,"shoes, shoes, unisex, dropshipping, bestseller",true,Color,Tan Camel,Size,8,SY-SY-PROD-1994,500,shopify,13,deny,manual,70.15,112.73,true,true,https://images.unsplash.com/photo-1595950653106-6c9ebd614d3a?auto=format&fit=crop&w=800&q=80,1,active
carlton-london-water-resistant-chelsea-ankle-boots-essential,Carlton London Water-Resistant Chelsea Ankle Boots (Essential),"<p>High-demand Carlton London Carlton London Water-Resistant Chelsea Ankle Boots (Essential). Designed for superior performance, comfort and style. Sourced with USPS express air shipping (7-10 days).</p>",Carlton London,shoes,shoes,"shoes, shoes, unisex, dropshipping, bestseller",true,Color,Matte Black Leather,Size,7,SY-SY-PROD-1995,500,shopify,14,deny,manual,109.52,173.76,true,true,https://images.unsplash.com/photo-1525966222134-fcfa99b8ae77?auto=format&fit=crop&w=800&q=80,1,active
velocityx-orthopedic-cloud-foam-recovery-slides-pro,VelocityX Orthopedic Cloud-Foam Recovery Slides (Pro),"<p>High-demand VelocityX VelocityX Orthopedic Cloud-Foam Recovery Slides (Pro). Designed for superior performance, comfort and style. Sourced with USPS express air shipping (7-10 days).</p>",VelocityX,shoes,shoes,"shoes, shoes, unisex, dropshipping, bestseller",true,Color,Bone White,Size,6,SY-SY-PROD-1996,500,shopify,15,deny,manual,38.89,64.28,true,true,https://images.unsplash.com/photo-1560769629-975ec94e6a86?auto=format&fit=crop&w=800&q=80,1,active
carlton-london-formal-oxford-burnished-leather-shoes-elite,Carlton London Formal Oxford Burnished Leather Shoes (Elite),"<p>High-demand Carlton London Carlton London Formal Oxford Burnished Leather Shoes (Elite). Designed for superior performance, comfort and style. Sourced with USPS express air shipping (7-10 days).</p>",Carlton London,shoes,shoes,"shoes, shoes, unisex, dropshipping, bestseller",true,Color,Deep Cognac Brown,Size,8,SY-SY-PROD-1997,500,shopify,16,deny,manual,66.26,106.70,true,true,https://images.unsplash.com/photo-1549298916-b41d501d3772?auto=format&fit=crop&w=800&q=80,1,active
velocityx-ultra-light-cushion-running-sneakers-classic,VelocityX Ultra-Light Cushion Running Sneakers (Classic),"<p>High-demand VelocityX VelocityX Ultra-Light Cushion Running Sneakers (Classic). Designed for superior performance, comfort and style. Sourced with USPS express air shipping (7-10 days).</p>",VelocityX,shoes,shoes,"shoes, shoes, unisex, dropshipping, bestseller",true,Color,Triple White,Size,7,SY-SY-PROD-1998,500,shopify,17,deny,manual,65.63,105.73,true,true,https://images.unsplash.com/photo-1542291026-7eec264c27ff?auto=format&fit=crop&w=800&q=80,1,active
carlton-london-retro-chunky-platform-streetwear-trainers-series-2,Carlton London Retro Chunky Platform Streetwear Trainers (Series 2),"<p>High-demand Carlton London Carlton London Retro Chunky Platform Streetwear Trainers (Series 2). Designed for superior performance, comfort and style. Sourced with USPS express air shipping (7-10 days).</p>",Carlton London,shoes,shoes,"shoes, shoes, unisex, dropshipping, bestseller",true,Color,Vintage Beige / Sage,Size,6,SY-SY-PROD-1999,500,shopify,18,deny,manual,75.00,120.25,true,true,https://images.unsplash.com/photo-1608231387042-66d1773070a5?auto=format&fit=crop&w=800&q=80,1,active
velocityx-handcrafted-genuine-suede-driving-loafers-air,VelocityX Handcrafted Genuine Suede Driving Loafers (Air),"<p>High-demand VelocityX VelocityX Handcrafted Genuine Suede Driving Loafers (Air). Designed for superior performance, comfort and style. Sourced with USPS express air shipping (7-10 days).</p>",VelocityX,shoes,shoes,"shoes, shoes, unisex, dropshipping, bestseller",true,Color,Tan Camel,Size,8,SY-SY-PROD-2000,500,shopify,19,deny,manual,78.37,125.47,true,true,https://images.unsplash.com/photo-1595950653106-6c9ebd614d3a?auto=format&fit=crop&w=800&q=80,1,active
carlton-london-water-resistant-chelsea-ankle-boots-signature,Carlton London Water-Resistant Chelsea Ankle Boots (Signature),"<p>High-demand Carlton London Carlton London Water-Resistant Chelsea Ankle Boots (Signature). Designed for superior performance, comfort and style. Sourced with USPS express air shipping (7-10 days).</p>",Carlton London,shoes,shoes,"shoes, shoes, unisex, dropshipping, bestseller",true,Color,Matte Black Leather,Size,7,SY-SY-PROD-2001,500,shopify,5,deny,manual,67.74,109.00,true,true,https://images.unsplash.com/photo-1525966222134-fcfa99b8ae77?auto=format&fit=crop&w=800&q=80,1,active
velocityx-orthopedic-cloud-foam-recovery-slides-v2,VelocityX Orthopedic Cloud-Foam Recovery Slides (V2),"<p>High-demand VelocityX VelocityX Orthopedic Cloud-Foam Recovery Slides (V2). Designed for superior performance, comfort and style. Sourced with USPS express air shipping (7-10 days).</p>",VelocityX,shoes,shoes,"shoes, shoes, unisex, dropshipping, bestseller",true,Color,Bone White,Size,6,SY-SY-PROD-2002,500,shopify,6,deny,manual,31.11,52.22,true,true,https://images.unsplash.com/photo-1560769629-975ec94e6a86?auto=format&fit=crop&w=800&q=80,1,active
carlton-london-formal-oxford-burnished-leather-shoes-luxe,Carlton London Formal Oxford Burnished Leather Shoes (Luxe),"<p>High-demand Carlton London Carlton London Formal Oxford Burnished Leather Shoes (Luxe). Designed for superior performance, comfort and style. Sourced with USPS express air shipping (7-10 days).</p>",Carlton London,shoes,shoes,"shoes, shoes, unisex, dropshipping, bestseller",true,Color,Deep Cognac Brown,Size,8,SY-SY-PROD-2003,500,shopify,7,deny,manual,74.48,119.44,true,true,https://images.unsplash.com/photo-1549298916-b41d501d3772?auto=format&fit=crop&w=800&q=80,1,active
velocityx-ultra-light-cushion-running-sneakers-pure,VelocityX Ultra-Light Cushion Running Sneakers (Pure),"<p>High-demand VelocityX VelocityX Ultra-Light Cushion Running Sneakers (Pure). Designed for superior performance, comfort and style. Sourced with USPS express air shipping (7-10 days).</p>",VelocityX,shoes,shoes,"shoes, shoes, unisex, dropshipping, bestseller",true,Color,Triple White,Size,7,SY-SY-PROD-2004,500,shopify,8,deny,manual,73.85,118.47,true,true,https://images.unsplash.com/photo-1542291026-7eec264c27ff?auto=format&fit=crop&w=800&q=80,1,active
carlton-london-retro-chunky-platform-streetwear-trainers-essential,Carlton London Retro Chunky Platform Streetwear Trainers (Essential),"<p>High-demand Carlton London Carlton London Retro Chunky Platform Streetwear Trainers (Essential). Designed for superior performance, comfort and style. Sourced with USPS express air shipping (7-10 days).</p>",Carlton London,shoes,shoes,"shoes, shoes, unisex, dropshipping, bestseller",true,Color,Vintage Beige / Sage,Size,6,SY-SY-PROD-2005,500,shopify,9,deny,manual,83.22,132.99,true,true,https://images.unsplash.com/photo-1608231387042-66d1773070a5?auto=format&fit=crop&w=800&q=80,1,active
velocityx-handcrafted-genuine-suede-driving-loafers-pro,VelocityX Handcrafted Genuine Suede Driving Loafers (Pro),"<p>High-demand VelocityX VelocityX Handcrafted Genuine Suede Driving Loafers (Pro). Designed for superior performance, comfort and style. Sourced with USPS express air shipping (7-10 days).</p>",VelocityX,shoes,shoes,"shoes, shoes, unisex, dropshipping, bestseller",true,Color,Tan Camel,Size,8,SY-SY-PROD-2006,500,shopify,10,deny,manual,86.59,138.21,true,true,https://images.unsplash.com/photo-1595950653106-6c9ebd614d3a?auto=format&fit=crop&w=800&q=80,1,active
carlton-london-water-resistant-chelsea-ankle-boots-elite,Carlton London Water-Resistant Chelsea Ankle Boots (Elite),"<p>High-demand Carlton London Carlton London Water-Resistant Chelsea Ankle Boots (Elite). Designed for superior performance, comfort and style. Sourced with USPS express air shipping (7-10 days).</p>",Carlton London,shoes,shoes,"shoes, shoes, unisex, dropshipping, bestseller",true,Color,Matte Black Leather,Size,7,SY-SY-PROD-2007,500,shopify,11,deny,manual,75.96,121.74,true,true,https://images.unsplash.com/photo-1525966222134-fcfa99b8ae77?auto=format&fit=crop&w=800&q=80,1,active
velocityx-orthopedic-cloud-foam-recovery-slides-classic,VelocityX Orthopedic Cloud-Foam Recovery Slides (Classic),"<p>High-demand VelocityX VelocityX Orthopedic Cloud-Foam Recovery Slides (Classic). Designed for superior performance, comfort and style. Sourced with USPS express air shipping (7-10 days).</p>",VelocityX,shoes,shoes,"shoes, shoes, unisex, dropshipping, bestseller",true,Color,Bone White,Size,6,SY-SY-PROD-2008,500,shopify,12,deny,manual,23.33,40.16,true,true,https://images.unsplash.com/photo-1560769629-975ec94e6a86?auto=format&fit=crop&w=800&q=80,1,active
carlton-london-formal-oxford-burnished-leather-shoes-series-2,Carlton London Formal Oxford Burnished Leather Shoes (Series 2),"<p>High-demand Carlton London Carlton London Formal Oxford Burnished Leather Shoes (Series 2). Designed for superior performance, comfort and style. Sourced with USPS express air shipping (7-10 days).</p>",Carlton London,shoes,shoes,"shoes, shoes, unisex, dropshipping, bestseller",true,Color,Deep Cognac Brown,Size,8,SY-SY-PROD-2009,500,shopify,13,deny,manual,82.70,132.19,true,true,https://images.unsplash.com/photo-1549298916-b41d501d3772?auto=format&fit=crop&w=800&q=80,1,active
velocityx-ultra-light-cushion-running-sneakers-air,VelocityX Ultra-Light Cushion Running Sneakers (Air),"<p>High-demand VelocityX VelocityX Ultra-Light Cushion Running Sneakers (Air). Designed for superior performance, comfort and style. Sourced with USPS express air shipping (7-10 days).</p>",VelocityX,shoes,shoes,"shoes, shoes, unisex, dropshipping, bestseller",true,Color,Triple White,Size,7,SY-SY-PROD-2010,500,shopify,14,deny,manual,82.07,131.21,true,true,https://images.unsplash.com/photo-1542291026-7eec264c27ff?auto=format&fit=crop&w=800&q=80,1,active
carlton-london-retro-chunky-platform-streetwear-trainers-signature,Carlton London Retro Chunky Platform Streetwear Trainers (Signature),"<p>High-demand Carlton London Carlton London Retro Chunky Platform Streetwear Trainers (Signature). Designed for superior performance, comfort and style. Sourced with USPS express air shipping (7-10 days).</p>",Carlton London,shoes,shoes,"shoes, shoes, unisex, dropshipping, bestseller",true,Color,Vintage Beige / Sage,Size,6,SY-SY-PROD-2011,500,shopify,15,deny,manual,91.44,145.73,true,true,https://images.unsplash.com/photo-1608231387042-66d1773070a5?auto=format&fit=crop&w=800&q=80,1,active
velocityx-handcrafted-genuine-suede-driving-loafers-v2,VelocityX Handcrafted Genuine Suede Driving Loafers (V2),"<p>High-demand VelocityX VelocityX Handcrafted Genuine Suede Driving Loafers (V2). Designed for superior performance, comfort and style. Sourced with USPS express air shipping (7-10 days).</p>",VelocityX,shoes,shoes,"shoes, shoes, unisex, dropshipping, bestseller",true,Color,Tan Camel,Size,8,SY-SY-PROD-2012,500,shopify,16,deny,manual,94.81,150.96,true,true,https://images.unsplash.com/photo-1595950653106-6c9ebd614d3a?auto=format&fit=crop&w=800&q=80,1,active
carlton-london-water-resistant-chelsea-ankle-boots-luxe,Carlton London Water-Resistant Chelsea Ankle Boots (Luxe),"<p>High-demand Carlton London Carlton London Water-Resistant Chelsea Ankle Boots (Luxe). Designed for superior performance, comfort and style. Sourced with USPS express air shipping (7-10 days).</p>",Carlton London,shoes,shoes,"shoes, shoes, unisex, dropshipping, bestseller",true,Color,Matte Black Leather,Size,7,SY-SY-PROD-2013,500,shopify,17,deny,manual,84.18,134.48,true,true,https://images.unsplash.com/photo-1525966222134-fcfa99b8ae77?auto=format&fit=crop&w=800&q=80,1,active
velocityx-orthopedic-cloud-foam-recovery-slides-pure,VelocityX Orthopedic Cloud-Foam Recovery Slides (Pure),"<p>High-demand VelocityX VelocityX Orthopedic Cloud-Foam Recovery Slides (Pure). Designed for superior performance, comfort and style. Sourced with USPS express air shipping (7-10 days).</p>",VelocityX,shoes,shoes,"shoes, shoes, unisex, dropshipping, bestseller",true,Color,Bone White,Size,6,SY-SY-PROD-2014,500,shopify,18,deny,manual,31.55,52.90,true,true,https://images.unsplash.com/photo-1560769629-975ec94e6a86?auto=format&fit=crop&w=800&q=80,1,active
carlton-london-formal-oxford-burnished-leather-shoes-essential,Carlton London Formal Oxford Burnished Leather Shoes (Essential),"<p>High-demand Carlton London Carlton London Formal Oxford Burnished Leather Shoes (Essential). Designed for superior performance, comfort and style. Sourced with USPS express air shipping (7-10 days).</p>",Carlton London,shoes,shoes,"shoes, shoes, unisex, dropshipping, bestseller",true,Color,Deep Cognac Brown,Size,8,SY-SY-PROD-2015,500,shopify,19,deny,manual,90.92,144.93,true,true,https://images.unsplash.com/photo-1549298916-b41d501d3772?auto=format&fit=crop&w=800&q=80,1,active
velocityx-ultra-light-cushion-running-sneakers-pro,VelocityX Ultra-Light Cushion Running Sneakers (Pro),"<p>High-demand VelocityX VelocityX Ultra-Light Cushion Running Sneakers (Pro). Designed for superior performance, comfort and style. Sourced with USPS express air shipping (7-10 days).</p>",VelocityX,shoes,shoes,"shoes, shoes, unisex, dropshipping, bestseller",true,Color,Triple White,Size,7,SY-SY-PROD-2016,500,shopify,5,deny,manual,49.29,80.40,true,true,https://images.unsplash.com/photo-1542291026-7eec264c27ff?auto=format&fit=crop&w=800&q=80,1,active
carlton-london-retro-chunky-platform-streetwear-trainers-elite,Carlton London Retro Chunky Platform Streetwear Trainers (Elite),"<p>High-demand Carlton London Carlton London Retro Chunky Platform Streetwear Trainers (Elite). Designed for superior performance, comfort and style. Sourced with USPS express air shipping (7-10 days).</p>",Carlton London,shoes,shoes,"shoes, shoes, unisex, dropshipping, bestseller",true,Color,Vintage Beige / Sage,Size,6,SY-SY-PROD-2017,500,shopify,6,deny,manual,59.66,96.47,true,true,https://images.unsplash.com/photo-1608231387042-66d1773070a5?auto=format&fit=crop&w=800&q=80,1,active
velocityx-handcrafted-genuine-suede-driving-loafers-classic,VelocityX Handcrafted Genuine Suede Driving Loafers (Classic),"<p>High-demand VelocityX VelocityX Handcrafted Genuine Suede Driving Loafers (Classic). Designed for superior performance, comfort and style. Sourced with USPS express air shipping (7-10 days).</p>",VelocityX,shoes,shoes,"shoes, shoes, unisex, dropshipping, bestseller",true,Color,Tan Camel,Size,8,SY-SY-PROD-2018,500,shopify,7,deny,manual,62.03,100.15,true,true,https://images.unsplash.com/photo-1595950653106-6c9ebd614d3a?auto=format&fit=crop&w=800&q=80,1,active
carlton-london-water-resistant-chelsea-ankle-boots-series-2,Carlton London Water-Resistant Chelsea Ankle Boots (Series 2),"<p>High-demand Carlton London Carlton London Water-Resistant Chelsea Ankle Boots (Series 2). Designed for superior performance, comfort and style. Sourced with USPS express air shipping (7-10 days).</p>",Carlton London,shoes,shoes,"shoes, shoes, unisex, dropshipping, bestseller",true,Color,Matte Black Leather,Size,7,SY-SY-PROD-2019,500,shopify,8,deny,manual,92.40,147.22,true,true,https://images.unsplash.com/photo-1525966222134-fcfa99b8ae77?auto=format&fit=crop&w=800&q=80,1,active
velocityx-orthopedic-cloud-foam-recovery-slides-air,VelocityX Orthopedic Cloud-Foam Recovery Slides (Air),"<p>High-demand VelocityX VelocityX Orthopedic Cloud-Foam Recovery Slides (Air). Designed for superior performance, comfort and style. Sourced with USPS express air shipping (7-10 days).</p>",VelocityX,shoes,shoes,"shoes, shoes, unisex, dropshipping, bestseller",true,Color,Bone White,Size,6,SY-SY-PROD-2020,500,shopify,9,deny,manual,23.77,40.84,true,true,https://images.unsplash.com/photo-1560769629-975ec94e6a86?auto=format&fit=crop&w=800&q=80,1,active
carlton-london-formal-oxford-burnished-leather-shoes-signature,Carlton London Formal Oxford Burnished Leather Shoes (Signature),"<p>High-demand Carlton London Carlton London Formal Oxford Burnished Leather Shoes (Signature). Designed for superior performance, comfort and style. Sourced with USPS express air shipping (7-10 days).</p>",Carlton London,shoes,shoes,"shoes, shoes, unisex, dropshipping, bestseller",true,Color,Deep Cognac Brown,Size,8,SY-SY-PROD-2021,500,shopify,10,deny,manual,99.14,157.67,true,true,https://images.unsplash.com/photo-1549298916-b41d501d3772?auto=format&fit=crop&w=800&q=80,1,active
velocityx-ultra-light-cushion-running-sneakers-v2,VelocityX Ultra-Light Cushion Running Sneakers (V2),"<p>High-demand VelocityX VelocityX Ultra-Light Cushion Running Sneakers (V2). Designed for superior performance, comfort and style. Sourced with USPS express air shipping (7-10 days).</p>",VelocityX,shoes,shoes,"shoes, shoes, unisex, dropshipping, bestseller",true,Color,Triple White,Size,7,SY-SY-PROD-2022,500,shopify,11,deny,manual,57.51,93.14,true,true,https://images.unsplash.com/photo-1542291026-7eec264c27ff?auto=format&fit=crop&w=800&q=80,1,active
carlton-london-retro-chunky-platform-streetwear-trainers-luxe,Carlton London Retro Chunky Platform Streetwear Trainers (Luxe),"<p>High-demand Carlton London Carlton London Retro Chunky Platform Streetwear Trainers (Luxe). Designed for superior performance, comfort and style. Sourced with USPS express air shipping (7-10 days).</p>",Carlton London,shoes,shoes,"shoes, shoes, unisex, dropshipping, bestseller",true,Color,Vintage Beige / Sage,Size,6,SY-SY-PROD-2023,500,shopify,12,deny,manual,67.88,109.21,true,true,https://images.unsplash.com/photo-1608231387042-66d1773070a5?auto=format&fit=crop&w=800&q=80,1,active
velocityx-handcrafted-genuine-suede-driving-loafers-pure,VelocityX Handcrafted Genuine Suede Driving Loafers (Pure),"<p>High-demand VelocityX VelocityX Handcrafted Genuine Suede Driving Loafers (Pure). Designed for superior performance, comfort and style. Sourced with USPS express air shipping (7-10 days).</p>",VelocityX,shoes,shoes,"shoes, shoes, unisex, dropshipping, bestseller",true,Color,Tan Camel,Size,8,SY-SY-PROD-2024,500,shopify,13,deny,manual,70.25,112.89,true,true,https://images.unsplash.com/photo-1595950653106-6c9ebd614d3a?auto=format&fit=crop&w=800&q=80,1,active
carlton-london-water-resistant-chelsea-ankle-boots-essential,Carlton London Water-Resistant Chelsea Ankle Boots (Essential),"<p>High-demand Carlton London Carlton London Water-Resistant Chelsea Ankle Boots (Essential). Designed for superior performance, comfort and style. Sourced with USPS express air shipping (7-10 days).</p>",Carlton London,shoes,shoes,"shoes, shoes, unisex, dropshipping, bestseller",true,Color,Matte Black Leather,Size,7,SY-SY-PROD-2025,500,shopify,14,deny,manual,100.62,159.96,true,true,https://images.unsplash.com/photo-1525966222134-fcfa99b8ae77?auto=format&fit=crop&w=800&q=80,1,active
velocityx-orthopedic-cloud-foam-recovery-slides-pro,VelocityX Orthopedic Cloud-Foam Recovery Slides (Pro),"<p>High-demand VelocityX VelocityX Orthopedic Cloud-Foam Recovery Slides (Pro). Designed for superior performance, comfort and style. Sourced with USPS express air shipping (7-10 days).</p>",VelocityX,shoes,shoes,"shoes, shoes, unisex, dropshipping, bestseller",true,Color,Bone White,Size,6,SY-SY-PROD-2026,500,shopify,15,deny,manual,31.99,53.58,true,true,https://images.unsplash.com/photo-1560769629-975ec94e6a86?auto=format&fit=crop&w=800&q=80,1,active
carlton-london-formal-oxford-burnished-leather-shoes-elite,Carlton London Formal Oxford Burnished Leather Shoes (Elite),"<p>High-demand Carlton London Carlton London Formal Oxford Burnished Leather Shoes (Elite). Designed for superior performance, comfort and style. Sourced with USPS express air shipping (7-10 days).</p>",Carlton London,shoes,shoes,"shoes, shoes, unisex, dropshipping, bestseller",true,Color,Deep Cognac Brown,Size,8,SY-SY-PROD-2027,500,shopify,16,deny,manual,107.36,170.41,true,true,https://images.unsplash.com/photo-1549298916-b41d501d3772?auto=format&fit=crop&w=800&q=80,1,active
velocityx-ultra-light-cushion-running-sneakers-classic,VelocityX Ultra-Light Cushion Running Sneakers (Classic),"<p>High-demand VelocityX VelocityX Ultra-Light Cushion Running Sneakers (Classic). Designed for superior performance, comfort and style. Sourced with USPS express air shipping (7-10 days).</p>",VelocityX,shoes,shoes,"shoes, shoes, unisex, dropshipping, bestseller",true,Color,Triple White,Size,7,SY-SY-PROD-2028,500,shopify,17,deny,manual,65.73,105.88,true,true,https://images.unsplash.com/photo-1542291026-7eec264c27ff?auto=format&fit=crop&w=800&q=80,1,active
carlton-london-retro-chunky-platform-streetwear-trainers-series-2,Carlton London Retro Chunky Platform Streetwear Trainers (Series 2),"<p>High-demand Carlton London Carlton London Retro Chunky Platform Streetwear Trainers (Series 2). Designed for superior performance, comfort and style. Sourced with USPS express air shipping (7-10 days).</p>",Carlton London,shoes,shoes,"shoes, shoes, unisex, dropshipping, bestseller",true,Color,Vintage Beige / Sage,Size,6,SY-SY-PROD-2029,500,shopify,18,deny,manual,76.10,121.95,true,true,https://images.unsplash.com/photo-1608231387042-66d1773070a5?auto=format&fit=crop&w=800&q=80,1,active
velocityx-handcrafted-genuine-suede-driving-loafers-air,VelocityX Handcrafted Genuine Suede Driving Loafers (Air),"<p>High-demand VelocityX VelocityX Handcrafted Genuine Suede Driving Loafers (Air). Designed for superior performance, comfort and style. Sourced with USPS express air shipping (7-10 days).</p>",VelocityX,shoes,shoes,"shoes, shoes, unisex, dropshipping, bestseller",true,Color,Tan Camel,Size,8,SY-SY-PROD-2030,500,shopify,19,deny,manual,78.47,125.63,true,true,https://images.unsplash.com/photo-1595950653106-6c9ebd614d3a?auto=format&fit=crop&w=800&q=80,1,active
carlton-london-water-resistant-chelsea-ankle-boots-signature,Carlton London Water-Resistant Chelsea Ankle Boots (Signature),"<p>High-demand Carlton London Carlton London Water-Resistant Chelsea Ankle Boots (Signature). Designed for superior performance, comfort and style. Sourced with USPS express air shipping (7-10 days).</p>",Carlton London,shoes,shoes,"shoes, shoes, unisex, dropshipping, bestseller",true,Color,Matte Black Leather,Size,7,SY-SY-PROD-2031,500,shopify,5,deny,manual,108.84,172.70,true,true,https://images.unsplash.com/photo-1525966222134-fcfa99b8ae77?auto=format&fit=crop&w=800&q=80,1,active
velocityx-orthopedic-cloud-foam-recovery-slides-v2,VelocityX Orthopedic Cloud-Foam Recovery Slides (V2),"<p>High-demand VelocityX VelocityX Orthopedic Cloud-Foam Recovery Slides (V2). Designed for superior performance, comfort and style. Sourced with USPS express air shipping (7-10 days).</p>",VelocityX,shoes,shoes,"shoes, shoes, unisex, dropshipping, bestseller",true,Color,Bone White,Size,6,SY-SY-PROD-2032,500,shopify,6,deny,manual,24.21,41.53,true,true,https://images.unsplash.com/photo-1560769629-975ec94e6a86?auto=format&fit=crop&w=800&q=80,1,active
carlton-london-formal-oxford-burnished-leather-shoes-luxe,Carlton London Formal Oxford Burnished Leather Shoes (Luxe),"<p>High-demand Carlton London Carlton London Formal Oxford Burnished Leather Shoes (Luxe). Designed for superior performance, comfort and style. Sourced with USPS express air shipping (7-10 days).</p>",Carlton London,shoes,shoes,"shoes, shoes, unisex, dropshipping, bestseller",true,Color,Deep Cognac Brown,Size,8,SY-SY-PROD-2033,500,shopify,7,deny,manual,68.58,110.30,true,true,https://images.unsplash.com/photo-1549298916-b41d501d3772?auto=format&fit=crop&w=800&q=80,1,active
velocityx-ultra-light-cushion-running-sneakers-pure,VelocityX Ultra-Light Cushion Running Sneakers (Pure),"<p>High-demand VelocityX VelocityX Ultra-Light Cushion Running Sneakers (Pure). Designed for superior performance, comfort and style. Sourced with USPS express air shipping (7-10 days).</p>",VelocityX,shoes,shoes,"shoes, shoes, unisex, dropshipping, bestseller",true,Color,Triple White,Size,7,SY-SY-PROD-2034,500,shopify,8,deny,manual,73.95,118.62,true,true,https://images.unsplash.com/photo-1542291026-7eec264c27ff?auto=format&fit=crop&w=800&q=80,1,active
carlton-london-retro-chunky-platform-streetwear-trainers-essential,Carlton London Retro Chunky Platform Streetwear Trainers (Essential),"<p>High-demand Carlton London Carlton London Retro Chunky Platform Streetwear Trainers (Essential). Designed for superior performance, comfort and style. Sourced with USPS express air shipping (7-10 days).</p>",Carlton London,shoes,shoes,"shoes, shoes, unisex, dropshipping, bestseller",true,Color,Vintage Beige / Sage,Size,6,SY-SY-PROD-2035,500,shopify,9,deny,manual,84.32,134.70,true,true,https://images.unsplash.com/photo-1608231387042-66d1773070a5?auto=format&fit=crop&w=800&q=80,1,active
velocityx-handcrafted-genuine-suede-driving-loafers-pro,VelocityX Handcrafted Genuine Suede Driving Loafers (Pro),"<p>High-demand VelocityX VelocityX Handcrafted Genuine Suede Driving Loafers (Pro). Designed for superior performance, comfort and style. Sourced with USPS express air shipping (7-10 days).</p>",VelocityX,shoes,shoes,"shoes, shoes, unisex, dropshipping, bestseller",true,Color,Tan Camel,Size,8,SY-SY-PROD-2036,500,shopify,10,deny,manual,86.69,138.37,true,true,https://images.unsplash.com/photo-1595950653106-6c9ebd614d3a?auto=format&fit=crop&w=800&q=80,1,active
carlton-london-water-resistant-chelsea-ankle-boots-elite,Carlton London Water-Resistant Chelsea Ankle Boots (Elite),"<p>High-demand Carlton London Carlton London Water-Resistant Chelsea Ankle Boots (Elite). Designed for superior performance, comfort and style. Sourced with USPS express air shipping (7-10 days).</p>",Carlton London,shoes,shoes,"shoes, shoes, unisex, dropshipping, bestseller",true,Color,Matte Black Leather,Size,7,SY-SY-PROD-2037,500,shopify,11,deny,manual,67.06,107.94,true,true,https://images.unsplash.com/photo-1525966222134-fcfa99b8ae77?auto=format&fit=crop&w=800&q=80,1,active
velocityx-orthopedic-cloud-foam-recovery-slides-classic,VelocityX Orthopedic Cloud-Foam Recovery Slides (Classic),"<p>High-demand VelocityX VelocityX Orthopedic Cloud-Foam Recovery Slides (Classic). Designed for superior performance, comfort and style. Sourced with USPS express air shipping (7-10 days).</p>",VelocityX,shoes,shoes,"shoes, shoes, unisex, dropshipping, bestseller",true,Color,Bone White,Size,6,SY-SY-PROD-2038,500,shopify,12,deny,manual,32.43,54.27,true,true,https://images.unsplash.com/photo-1560769629-975ec94e6a86?auto=format&fit=crop&w=800&q=80,1,active
carlton-london-formal-oxford-burnished-leather-shoes-series-2,Carlton London Formal Oxford Burnished Leather Shoes (Series 2),"<p>High-demand Carlton London Carlton London Formal Oxford Burnished Leather Shoes (Series 2). Designed for superior performance, comfort and style. Sourced with USPS express air shipping (7-10 days).</p>",Carlton London,shoes,shoes,"shoes, shoes, unisex, dropshipping, bestseller",true,Color,Deep Cognac Brown,Size,8,SY-SY-PROD-2039,500,shopify,13,deny,manual,76.80,123.04,true,true,https://images.unsplash.com/photo-1549298916-b41d501d3772?auto=format&fit=crop&w=800&q=80,1,active
velocityx-ultra-light-cushion-running-sneakers-air,VelocityX Ultra-Light Cushion Running Sneakers (Air),"<p>High-demand VelocityX VelocityX Ultra-Light Cushion Running Sneakers (Air). Designed for superior performance, comfort and style. Sourced with USPS express air shipping (7-10 days).</p>",VelocityX,shoes,shoes,"shoes, shoes, unisex, dropshipping, bestseller",true,Color,Triple White,Size,7,SY-SY-PROD-2040,500,shopify,14,deny,manual,82.17,131.36,true,true,https://images.unsplash.com/photo-1542291026-7eec264c27ff?auto=format&fit=crop&w=800&q=80,1,active
carlton-london-retro-chunky-platform-streetwear-trainers-signature,Carlton London Retro Chunky Platform Streetwear Trainers (Signature),"<p>High-demand Carlton London Carlton London Retro Chunky Platform Streetwear Trainers (Signature). Designed for superior performance, comfort and style. Sourced with USPS express air shipping (7-10 days).</p>",Carlton London,shoes,shoes,"shoes, shoes, unisex, dropshipping, bestseller",true,Color,Vintage Beige / Sage,Size,6,SY-SY-PROD-2041,500,shopify,15,deny,manual,92.54,147.44,true,true,https://images.unsplash.com/photo-1608231387042-66d1773070a5?auto=format&fit=crop&w=800&q=80,1,active
velocityx-handcrafted-genuine-suede-driving-loafers-v2,VelocityX Handcrafted Genuine Suede Driving Loafers (V2),"<p>High-demand VelocityX VelocityX Handcrafted Genuine Suede Driving Loafers (V2). Designed for superior performance, comfort and style. Sourced with USPS express air shipping (7-10 days).</p>",VelocityX,shoes,shoes,"shoes, shoes, unisex, dropshipping, bestseller",true,Color,Tan Camel,Size,8,SY-SY-PROD-2042,500,shopify,16,deny,manual,94.91,151.11,true,true,https://images.unsplash.com/photo-1595950653106-6c9ebd614d3a?auto=format&fit=crop&w=800&q=80,1,active
carlton-london-water-resistant-chelsea-ankle-boots-luxe,Carlton London Water-Resistant Chelsea Ankle Boots (Luxe),"<p>High-demand Carlton London Carlton London Water-Resistant Chelsea Ankle Boots (Luxe). Designed for superior performance, comfort and style. Sourced with USPS express air shipping (7-10 days).</p>",Carlton London,shoes,shoes,"shoes, shoes, unisex, dropshipping, bestseller",true,Color,Matte Black Leather,Size,7,SY-SY-PROD-2043,500,shopify,17,deny,manual,75.28,120.68,true,true,https://images.unsplash.com/photo-1525966222134-fcfa99b8ae77?auto=format&fit=crop&w=800&q=80,1,active
velocityx-orthopedic-cloud-foam-recovery-slides-pure,VelocityX Orthopedic Cloud-Foam Recovery Slides (Pure),"<p>High-demand VelocityX VelocityX Orthopedic Cloud-Foam Recovery Slides (Pure). Designed for superior performance, comfort and style. Sourced with USPS express air shipping (7-10 days).</p>",VelocityX,shoes,shoes,"shoes, shoes, unisex, dropshipping, bestseller",true,Color,Bone White,Size,6,SY-SY-PROD-2044,500,shopify,18,deny,manual,24.65,42.21,true,true,https://images.unsplash.com/photo-1560769629-975ec94e6a86?auto=format&fit=crop&w=800&q=80,1,active
carlton-london-formal-oxford-burnished-leather-shoes-essential,Carlton London Formal Oxford Burnished Leather Shoes (Essential),"<p>High-demand Carlton London Carlton London Formal Oxford Burnished Leather Shoes (Essential). Designed for superior performance, comfort and style. Sourced with USPS express air shipping (7-10 days).</p>",Carlton London,shoes,shoes,"shoes, shoes, unisex, dropshipping, bestseller",true,Color,Deep Cognac Brown,Size,8,SY-SY-PROD-2045,500,shopify,19,deny,manual,85.02,135.78,true,true,https://images.unsplash.com/photo-1549298916-b41d501d3772?auto=format&fit=crop&w=800&q=80,1,active
velocityx-ultra-light-cushion-running-sneakers-pro,VelocityX Ultra-Light Cushion Running Sneakers (Pro),"<p>High-demand VelocityX VelocityX Ultra-Light Cushion Running Sneakers (Pro). Designed for superior performance, comfort and style. Sourced with USPS express air shipping (7-10 days).</p>",VelocityX,shoes,shoes,"shoes, shoes, unisex, dropshipping, bestseller",true,Color,Triple White,Size,7,SY-SY-PROD-2046,500,shopify,5,deny,manual,49.39,80.55,true,true,https://images.unsplash.com/photo-1542291026-7eec264c27ff?auto=format&fit=crop&w=800&q=80,1,active
carlton-london-retro-chunky-platform-streetwear-trainers-elite,Carlton London Retro Chunky Platform Streetwear Trainers (Elite),"<p>High-demand Carlton London Carlton London Retro Chunky Platform Streetwear Trainers (Elite). Designed for superior performance, comfort and style. Sourced with USPS express air shipping (7-10 days).</p>",Carlton London,shoes,shoes,"shoes, shoes, unisex, dropshipping, bestseller",true,Color,Vintage Beige / Sage,Size,6,SY-SY-PROD-2047,500,shopify,6,deny,manual,60.76,98.18,true,true,https://images.unsplash.com/photo-1608231387042-66d1773070a5?auto=format&fit=crop&w=800&q=80,1,active
velocityx-handcrafted-genuine-suede-driving-loafers-classic,VelocityX Handcrafted Genuine Suede Driving Loafers (Classic),"<p>High-demand VelocityX VelocityX Handcrafted Genuine Suede Driving Loafers (Classic). Designed for superior performance, comfort and style. Sourced with USPS express air shipping (7-10 days).</p>",VelocityX,shoes,shoes,"shoes, shoes, unisex, dropshipping, bestseller",true,Color,Tan Camel,Size,8,SY-SY-PROD-2048,500,shopify,7,deny,manual,62.13,100.30,true,true,https://images.unsplash.com/photo-1595950653106-6c9ebd614d3a?auto=format&fit=crop&w=800&q=80,1,active
carlton-london-water-resistant-chelsea-ankle-boots-series-2,Carlton London Water-Resistant Chelsea Ankle Boots (Series 2),"<p>High-demand Carlton London Carlton London Water-Resistant Chelsea Ankle Boots (Series 2). Designed for superior performance, comfort and style. Sourced with USPS express air shipping (7-10 days).</p>",Carlton London,shoes,shoes,"shoes, shoes, unisex, dropshipping, bestseller",true,Color,Matte Black Leather,Size,7,SY-SY-PROD-2049,500,shopify,8,deny,manual,83.50,133.43,true,true,https://images.unsplash.com/photo-1525966222134-fcfa99b8ae77?auto=format&fit=crop&w=800&q=80,1,active
velocityx-orthopedic-cloud-foam-recovery-slides-air,VelocityX Orthopedic Cloud-Foam Recovery Slides (Air),"<p>High-demand VelocityX VelocityX Orthopedic Cloud-Foam Recovery Slides (Air). Designed for superior performance, comfort and style. Sourced with USPS express air shipping (7-10 days).</p>",VelocityX,shoes,shoes,"shoes, shoes, unisex, dropshipping, bestseller",true,Color,Bone White,Size,6,SY-SY-PROD-2050,500,shopify,9,deny,manual,32.87,54.95,true,true,https://images.unsplash.com/photo-1560769629-975ec94e6a86?auto=format&fit=crop&w=800&q=80,1,active
carlton-london-formal-oxford-burnished-leather-shoes-signature,Carlton London Formal Oxford Burnished Leather Shoes (Signature),"<p>High-demand Carlton London Carlton London Formal Oxford Burnished Leather Shoes (Signature). Designed for superior performance, comfort and style. Sourced with USPS express air shipping (7-10 days).</p>",Carlton London,shoes,shoes,"shoes, shoes, unisex, dropshipping, bestseller",true,Color,Deep Cognac Brown,Size,8,SY-SY-PROD-2051,500,shopify,10,deny,manual,93.24,148.52,true,true,https://images.unsplash.com/photo-1549298916-b41d501d3772?auto=format&fit=crop&w=800&q=80,1,active
velocityx-ultra-light-cushion-running-sneakers-v2,VelocityX Ultra-Light Cushion Running Sneakers (V2),"<p>High-demand VelocityX VelocityX Ultra-Light Cushion Running Sneakers (V2). Designed for superior performance, comfort and style. Sourced with USPS express air shipping (7-10 days).</p>",VelocityX,shoes,shoes,"shoes, shoes, unisex, dropshipping, bestseller",true,Color,Triple White,Size,7,SY-SY-PROD-2052,500,shopify,11,deny,manual,57.61,93.30,true,true,https://images.unsplash.com/photo-1542291026-7eec264c27ff?auto=format&fit=crop&w=800&q=80,1,active
carlton-london-retro-chunky-platform-streetwear-trainers-luxe,Carlton London Retro Chunky Platform Streetwear Trainers (Luxe),"<p>High-demand Carlton London Carlton London Retro Chunky Platform Streetwear Trainers (Luxe). Designed for superior performance, comfort and style. Sourced with USPS express air shipping (7-10 days).</p>",Carlton London,shoes,shoes,"shoes, shoes, unisex, dropshipping, bestseller",true,Color,Vintage Beige / Sage,Size,6,SY-SY-PROD-2053,500,shopify,12,deny,manual,68.98,110.92,true,true,https://images.unsplash.com/photo-1608231387042-66d1773070a5?auto=format&fit=crop&w=800&q=80,1,active
velocityx-handcrafted-genuine-suede-driving-loafers-pure,VelocityX Handcrafted Genuine Suede Driving Loafers (Pure),"<p>High-demand VelocityX VelocityX Handcrafted Genuine Suede Driving Loafers (Pure). Designed for superior performance, comfort and style. Sourced with USPS express air shipping (7-10 days).</p>",VelocityX,shoes,shoes,"shoes, shoes, unisex, dropshipping, bestseller",true,Color,Tan Camel,Size,8,SY-SY-PROD-2054,500,shopify,13,deny,manual,70.35,113.04,true,true,https://images.unsplash.com/photo-1595950653106-6c9ebd614d3a?auto=format&fit=crop&w=800&q=80,1,active
carlton-london-water-resistant-chelsea-ankle-boots-essential,Carlton London Water-Resistant Chelsea Ankle Boots (Essential),"<p>High-demand Carlton London Carlton London Water-Resistant Chelsea Ankle Boots (Essential). Designed for superior performance, comfort and style. Sourced with USPS express air shipping (7-10 days).</p>",Carlton London,shoes,shoes,"shoes, shoes, unisex, dropshipping, bestseller",true,Color,Matte Black Leather,Size,7,SY-SY-PROD-2055,500,shopify,14,deny,manual,91.72,146.17,true,true,https://images.unsplash.com/photo-1525966222134-fcfa99b8ae77?auto=format&fit=crop&w=800&q=80,1,active
velocityx-orthopedic-cloud-foam-recovery-slides-pro,VelocityX Orthopedic Cloud-Foam Recovery Slides (Pro),"<p>High-demand VelocityX VelocityX Orthopedic Cloud-Foam Recovery Slides (Pro). Designed for superior performance, comfort and style. Sourced with USPS express air shipping (7-10 days).</p>",VelocityX,shoes,shoes,"shoes, shoes, unisex, dropshipping, bestseller",true,Color,Bone White,Size,6,SY-SY-PROD-2056,500,shopify,15,deny,manual,25.09,42.89,true,true,https://images.unsplash.com/photo-1560769629-975ec94e6a86?auto=format&fit=crop&w=800&q=80,1,active
carlton-london-formal-oxford-burnished-leather-shoes-elite,Carlton London Formal Oxford Burnished Leather Shoes (Elite),"<p>High-demand Carlton London Carlton London Formal Oxford Burnished Leather Shoes (Elite). Designed for superior performance, comfort and style. Sourced with USPS express air shipping (7-10 days).</p>",Carlton London,shoes,shoes,"shoes, shoes, unisex, dropshipping, bestseller",true,Color,Deep Cognac Brown,Size,8,SY-SY-PROD-2057,500,shopify,16,deny,manual,101.46,161.26,true,true,https://images.unsplash.com/photo-1549298916-b41d501d3772?auto=format&fit=crop&w=800&q=80,1,active
velocityx-ultra-light-cushion-running-sneakers-classic,VelocityX Ultra-Light Cushion Running Sneakers (Classic),"<p>High-demand VelocityX VelocityX Ultra-Light Cushion Running Sneakers (Classic). Designed for superior performance, comfort and style. Sourced with USPS express air shipping (7-10 days).</p>",VelocityX,shoes,shoes,"shoes, shoes, unisex, dropshipping, bestseller",true,Color,Triple White,Size,7,SY-SY-PROD-2058,500,shopify,17,deny,manual,65.83,106.04,true,true,https://images.unsplash.com/photo-1542291026-7eec264c27ff?auto=format&fit=crop&w=800&q=80,1,active
carlton-london-retro-chunky-platform-streetwear-trainers-series-2,Carlton London Retro Chunky Platform Streetwear Trainers (Series 2),"<p>High-demand Carlton London Carlton London Retro Chunky Platform Streetwear Trainers (Series 2). Designed for superior performance, comfort and style. Sourced with USPS express air shipping (7-10 days).</p>",Carlton London,shoes,shoes,"shoes, shoes, unisex, dropshipping, bestseller",true,Color,Vintage Beige / Sage,Size,6,SY-SY-PROD-2059,500,shopify,18,deny,manual,77.20,123.66,true,true,https://images.unsplash.com/photo-1608231387042-66d1773070a5?auto=format&fit=crop&w=800&q=80,1,active
velocityx-handcrafted-genuine-suede-driving-loafers-air,VelocityX Handcrafted Genuine Suede Driving Loafers (Air),"<p>High-demand VelocityX VelocityX Handcrafted Genuine Suede Driving Loafers (Air). Designed for superior performance, comfort and style. Sourced with USPS express air shipping (7-10 days).</p>",VelocityX,shoes,shoes,"shoes, shoes, unisex, dropshipping, bestseller",true,Color,Tan Camel,Size,8,SY-SY-PROD-2060,500,shopify,19,deny,manual,78.57,125.78,true,true,https://images.unsplash.com/photo-1595950653106-6c9ebd614d3a?auto=format&fit=crop&w=800&q=80,1,active
carlton-london-water-resistant-chelsea-ankle-boots-signature,Carlton London Water-Resistant Chelsea Ankle Boots (Signature),"<p>High-demand Carlton London Carlton London Water-Resistant Chelsea Ankle Boots (Signature). Designed for superior performance, comfort and style. Sourced with USPS express air shipping (7-10 days).</p>",Carlton London,shoes,shoes,"shoes, shoes, unisex, dropshipping, bestseller",true,Color,Matte Black Leather,Size,7,SY-SY-PROD-2061,500,shopify,5,deny,manual,99.94,158.91,true,true,https://images.unsplash.com/photo-1525966222134-fcfa99b8ae77?auto=format&fit=crop&w=800&q=80,1,active
velocityx-orthopedic-cloud-foam-recovery-slides-v2,VelocityX Orthopedic Cloud-Foam Recovery Slides (V2),"<p>High-demand VelocityX VelocityX Orthopedic Cloud-Foam Recovery Slides (V2). Designed for superior performance, comfort and style. Sourced with USPS express air shipping (7-10 days).</p>",VelocityX,shoes,shoes,"shoes, shoes, unisex, dropshipping, bestseller",true,Color,Bone White,Size,6,SY-SY-PROD-2062,500,shopify,6,deny,manual,33.31,55.63,true,true,https://images.unsplash.com/photo-1560769629-975ec94e6a86?auto=format&fit=crop&w=800&q=80,1,active
carlton-london-formal-oxford-burnished-leather-shoes-luxe,Carlton London Formal Oxford Burnished Leather Shoes (Luxe),"<p>High-demand Carlton London Carlton London Formal Oxford Burnished Leather Shoes (Luxe). Designed for superior performance, comfort and style. Sourced with USPS express air shipping (7-10 days).</p>",Carlton London,shoes,shoes,"shoes, shoes, unisex, dropshipping, bestseller",true,Color,Deep Cognac Brown,Size,8,SY-SY-PROD-2063,500,shopify,7,deny,manual,109.68,174.00,true,true,https://images.unsplash.com/photo-1549298916-b41d501d3772?auto=format&fit=crop&w=800&q=80,1,active
velocityx-ultra-light-cushion-running-sneakers-pure,VelocityX Ultra-Light Cushion Running Sneakers (Pure),"<p>High-demand VelocityX VelocityX Ultra-Light Cushion Running Sneakers (Pure). Designed for superior performance, comfort and style. Sourced with USPS express air shipping (7-10 days).</p>",VelocityX,shoes,shoes,"shoes, shoes, unisex, dropshipping, bestseller",true,Color,Triple White,Size,7,SY-SY-PROD-2064,500,shopify,8,deny,manual,74.05,118.78,true,true,https://images.unsplash.com/photo-1542291026-7eec264c27ff?auto=format&fit=crop&w=800&q=80,1,active
carlton-london-retro-chunky-platform-streetwear-trainers-essential,Carlton London Retro Chunky Platform Streetwear Trainers (Essential),"<p>High-demand Carlton London Carlton London Retro Chunky Platform Streetwear Trainers (Essential). Designed for superior performance, comfort and style. Sourced with USPS express air shipping (7-10 days).</p>",Carlton London,shoes,shoes,"shoes, shoes, unisex, dropshipping, bestseller",true,Color,Vintage Beige / Sage,Size,6,SY-SY-PROD-2065,500,shopify,9,deny,manual,85.42,136.40,true,true,https://images.unsplash.com/photo-1608231387042-66d1773070a5?auto=format&fit=crop&w=800&q=80,1,active
velocityx-handcrafted-genuine-suede-driving-loafers-pro,VelocityX Handcrafted Genuine Suede Driving Loafers (Pro),"<p>High-demand VelocityX VelocityX Handcrafted Genuine Suede Driving Loafers (Pro). Designed for superior performance, comfort and style. Sourced with USPS express air shipping (7-10 days).</p>",VelocityX,shoes,shoes,"shoes, shoes, unisex, dropshipping, bestseller",true,Color,Tan Camel,Size,8,SY-SY-PROD-2066,500,shopify,10,deny,manual,86.79,138.52,true,true,https://images.unsplash.com/photo-1595950653106-6c9ebd614d3a?auto=format&fit=crop&w=800&q=80,1,active
carlton-london-water-resistant-chelsea-ankle-boots-elite,Carlton London Water-Resistant Chelsea Ankle Boots (Elite),"<p>High-demand Carlton London Carlton London Water-Resistant Chelsea Ankle Boots (Elite). Designed for superior performance, comfort and style. Sourced with USPS express air shipping (7-10 days).</p>",Carlton London,shoes,shoes,"shoes, shoes, unisex, dropshipping, bestseller",true,Color,Matte Black Leather,Size,7,SY-SY-PROD-2067,500,shopify,11,deny,manual,108.16,171.65,true,true,https://images.unsplash.com/photo-1525966222134-fcfa99b8ae77?auto=format&fit=crop&w=800&q=80,1,active
velocityx-orthopedic-cloud-foam-recovery-slides-classic,VelocityX Orthopedic Cloud-Foam Recovery Slides (Classic),"<p>High-demand VelocityX VelocityX Orthopedic Cloud-Foam Recovery Slides (Classic). Designed for superior performance, comfort and style. Sourced with USPS express air shipping (7-10 days).</p>",VelocityX,shoes,shoes,"shoes, shoes, unisex, dropshipping, bestseller",true,Color,Bone White,Size,6,SY-SY-PROD-2068,500,shopify,12,deny,manual,25.53,43.57,true,true,https://images.unsplash.com/photo-1560769629-975ec94e6a86?auto=format&fit=crop&w=800&q=80,1,active
carlton-london-formal-oxford-burnished-leather-shoes-series-2,Carlton London Formal Oxford Burnished Leather Shoes (Series 2),"<p>High-demand Carlton London Carlton London Formal Oxford Burnished Leather Shoes (Series 2). Designed for superior performance, comfort and style. Sourced with USPS express air shipping (7-10 days).</p>",Carlton London,shoes,shoes,"shoes, shoes, unisex, dropshipping, bestseller",true,Color,Deep Cognac Brown,Size,8,SY-SY-PROD-2069,500,shopify,13,deny,manual,70.90,113.90,true,true,https://images.unsplash.com/photo-1549298916-b41d501d3772?auto=format&fit=crop&w=800&q=80,1,active
velocityx-ultra-light-cushion-running-sneakers-air,VelocityX Ultra-Light Cushion Running Sneakers (Air),"<p>High-demand VelocityX VelocityX Ultra-Light Cushion Running Sneakers (Air). Designed for superior performance, comfort and style. Sourced with USPS express air shipping (7-10 days).</p>",VelocityX,shoes,shoes,"shoes, shoes, unisex, dropshipping, bestseller",true,Color,Triple White,Size,7,SY-SY-PROD-2070,500,shopify,14,deny,manual,82.27,131.52,true,true,https://images.unsplash.com/photo-1542291026-7eec264c27ff?auto=format&fit=crop&w=800&q=80,1,active
carlton-london-retro-chunky-platform-streetwear-trainers-signature,Carlton London Retro Chunky Platform Streetwear Trainers (Signature),"<p>High-demand Carlton London Carlton London Retro Chunky Platform Streetwear Trainers (Signature). Designed for superior performance, comfort and style. Sourced with USPS express air shipping (7-10 days).</p>",Carlton London,shoes,shoes,"shoes, shoes, unisex, dropshipping, bestseller",true,Color,Vintage Beige / Sage,Size,6,SY-SY-PROD-2071,500,shopify,15,deny,manual,93.64,149.14,true,true,https://images.unsplash.com/photo-1608231387042-66d1773070a5?auto=format&fit=crop&w=800&q=80,1,active
velocityx-handcrafted-genuine-suede-driving-loafers-v2,VelocityX Handcrafted Genuine Suede Driving Loafers (V2),"<p>High-demand VelocityX VelocityX Handcrafted Genuine Suede Driving Loafers (V2). Designed for superior performance, comfort and style. Sourced with USPS express air shipping (7-10 days).</p>",VelocityX,shoes,shoes,"shoes, shoes, unisex, dropshipping, bestseller",true,Color,Tan Camel,Size,8,SY-SY-PROD-2072,500,shopify,16,deny,manual,95.01,151.27,true,true,https://images.unsplash.com/photo-1595950653106-6c9ebd614d3a?auto=format&fit=crop&w=800&q=80,1,active
carlton-london-water-resistant-chelsea-ankle-boots-luxe,Carlton London Water-Resistant Chelsea Ankle Boots (Luxe),"<p>High-demand Carlton London Carlton London Water-Resistant Chelsea Ankle Boots (Luxe). Designed for superior performance, comfort and style. Sourced with USPS express air shipping (7-10 days).</p>",Carlton London,shoes,shoes,"shoes, shoes, unisex, dropshipping, bestseller",true,Color,Matte Black Leather,Size,7,SY-SY-PROD-2073,500,shopify,17,deny,manual,66.38,106.89,true,true,https://images.unsplash.com/photo-1525966222134-fcfa99b8ae77?auto=format&fit=crop&w=800&q=80,1,active
velocityx-orthopedic-cloud-foam-recovery-slides-pure,VelocityX Orthopedic Cloud-Foam Recovery Slides (Pure),"<p>High-demand VelocityX VelocityX Orthopedic Cloud-Foam Recovery Slides (Pure). Designed for superior performance, comfort and style. Sourced with USPS express air shipping (7-10 days).</p>",VelocityX,shoes,shoes,"shoes, shoes, unisex, dropshipping, bestseller",true,Color,Bone White,Size,6,SY-SY-PROD-2074,500,shopify,18,deny,manual,33.75,56.31,true,true,https://images.unsplash.com/photo-1560769629-975ec94e6a86?auto=format&fit=crop&w=800&q=80,1,active
carlton-london-formal-oxford-burnished-leather-shoes-essential,Carlton London Formal Oxford Burnished Leather Shoes (Essential),"<p>High-demand Carlton London Carlton London Formal Oxford Burnished Leather Shoes (Essential). Designed for superior performance, comfort and style. Sourced with USPS express air shipping (7-10 days).</p>",Carlton London,shoes,shoes,"shoes, shoes, unisex, dropshipping, bestseller",true,Color,Deep Cognac Brown,Size,8,SY-SY-PROD-2075,500,shopify,19,deny,manual,79.12,126.64,true,true,https://images.unsplash.com/photo-1549298916-b41d501d3772?auto=format&fit=crop&w=800&q=80,1,active
velocityx-ultra-light-cushion-running-sneakers-pro,VelocityX Ultra-Light Cushion Running Sneakers (Pro),"<p>High-demand VelocityX VelocityX Ultra-Light Cushion Running Sneakers (Pro). Designed for superior performance, comfort and style. Sourced with USPS express air shipping (7-10 days).</p>",VelocityX,shoes,shoes,"shoes, shoes, unisex, dropshipping, bestseller",true,Color,Triple White,Size,7,SY-SY-PROD-2076,500,shopify,5,deny,manual,49.49,80.71,true,true,https://images.unsplash.com/photo-1542291026-7eec264c27ff?auto=format&fit=crop&w=800&q=80,1,active
carlton-london-retro-chunky-platform-streetwear-trainers-elite,Carlton London Retro Chunky Platform Streetwear Trainers (Elite),"<p>High-demand Carlton London Carlton London Retro Chunky Platform Streetwear Trainers (Elite). Designed for superior performance, comfort and style. Sourced with USPS express air shipping (7-10 days).</p>",Carlton London,shoes,shoes,"shoes, shoes, unisex, dropshipping, bestseller",true,Color,Vintage Beige / Sage,Size,6,SY-SY-PROD-2077,500,shopify,6,deny,manual,61.86,99.88,true,true,https://images.unsplash.com/photo-1608231387042-66d1773070a5?auto=format&fit=crop&w=800&q=80,1,active
velocityx-handcrafted-genuine-suede-driving-loafers-classic,VelocityX Handcrafted Genuine Suede Driving Loafers (Classic),"<p>High-demand VelocityX VelocityX Handcrafted Genuine Suede Driving Loafers (Classic). Designed for superior performance, comfort and style. Sourced with USPS express air shipping (7-10 days).</p>",VelocityX,shoes,shoes,"shoes, shoes, unisex, dropshipping, bestseller",true,Color,Tan Camel,Size,8,SY-SY-PROD-2078,500,shopify,7,deny,manual,62.23,100.46,true,true,https://images.unsplash.com/photo-1595950653106-6c9ebd614d3a?auto=format&fit=crop&w=800&q=80,1,active
carlton-london-water-resistant-chelsea-ankle-boots-series-2,Carlton London Water-Resistant Chelsea Ankle Boots (Series 2),"<p>High-demand Carlton London Carlton London Water-Resistant Chelsea Ankle Boots (Series 2). Designed for superior performance, comfort and style. Sourced with USPS express air shipping (7-10 days).</p>",Carlton London,shoes,shoes,"shoes, shoes, unisex, dropshipping, bestseller",true,Color,Matte Black Leather,Size,7,SY-SY-PROD-2079,500,shopify,8,deny,manual,74.60,119.63,true,true,https://images.unsplash.com/photo-1525966222134-fcfa99b8ae77?auto=format&fit=crop&w=800&q=80,1,active
velocityx-orthopedic-cloud-foam-recovery-slides-air,VelocityX Orthopedic Cloud-Foam Recovery Slides (Air),"<p>High-demand VelocityX VelocityX Orthopedic Cloud-Foam Recovery Slides (Air). Designed for superior performance, comfort and style. Sourced with USPS express air shipping (7-10 days).</p>",VelocityX,shoes,shoes,"shoes, shoes, unisex, dropshipping, bestseller",true,Color,Bone White,Size,6,SY-SY-PROD-2080,500,shopify,9,deny,manual,25.97,44.25,true,true,https://images.unsplash.com/photo-1560769629-975ec94e6a86?auto=format&fit=crop&w=800&q=80,1,active
carlton-london-formal-oxford-burnished-leather-shoes-signature,Carlton London Formal Oxford Burnished Leather Shoes (Signature),"<p>High-demand Carlton London Carlton London Formal Oxford Burnished Leather Shoes (Signature). Designed for superior performance, comfort and style. Sourced with USPS express air shipping (7-10 days).</p>",Carlton London,shoes,shoes,"shoes, shoes, unisex, dropshipping, bestseller",true,Color,Deep Cognac Brown,Size,8,SY-SY-PROD-2081,500,shopify,10,deny,manual,87.34,139.38,true,true,https://images.unsplash.com/photo-1549298916-b41d501d3772?auto=format&fit=crop&w=800&q=80,1,active
velocityx-ultra-light-cushion-running-sneakers-v2,VelocityX Ultra-Light Cushion Running Sneakers (V2),"<p>High-demand VelocityX VelocityX Ultra-Light Cushion Running Sneakers (V2). Designed for superior performance, comfort and style. Sourced with USPS express air shipping (7-10 days).</p>",VelocityX,shoes,shoes,"shoes, shoes, unisex, dropshipping, bestseller",true,Color,Triple White,Size,7,SY-SY-PROD-2082,500,shopify,11,deny,manual,57.71,93.45,true,true,https://images.unsplash.com/photo-1542291026-7eec264c27ff?auto=format&fit=crop&w=800&q=80,1,active
carlton-london-retro-chunky-platform-streetwear-trainers-luxe,Carlton London Retro Chunky Platform Streetwear Trainers (Luxe),"<p>High-demand Carlton London Carlton London Retro Chunky Platform Streetwear Trainers (Luxe). Designed for superior performance, comfort and style. Sourced with USPS express air shipping (7-10 days).</p>",Carlton London,shoes,shoes,"shoes, shoes, unisex, dropshipping, bestseller",true,Color,Vintage Beige / Sage,Size,6,SY-SY-PROD-2083,500,shopify,12,deny,manual,70.08,112.62,true,true,https://images.unsplash.com/photo-1608231387042-66d1773070a5?auto=format&fit=crop&w=800&q=80,1,active
velocityx-handcrafted-genuine-suede-driving-loafers-pure,VelocityX Handcrafted Genuine Suede Driving Loafers (Pure),"<p>High-demand VelocityX VelocityX Handcrafted Genuine Suede Driving Loafers (Pure). Designed for superior performance, comfort and style. Sourced with USPS express air shipping (7-10 days).</p>",VelocityX,shoes,shoes,"shoes, shoes, unisex, dropshipping, bestseller",true,Color,Tan Camel,Size,8,SY-SY-PROD-2084,500,shopify,13,deny,manual,70.45,113.20,true,true,https://images.unsplash.com/photo-1595950653106-6c9ebd614d3a?auto=format&fit=crop&w=800&q=80,1,active
carlton-london-water-resistant-chelsea-ankle-boots-essential,Carlton London Water-Resistant Chelsea Ankle Boots (Essential),"<p>High-demand Carlton London Carlton London Water-Resistant Chelsea Ankle Boots (Essential). Designed for superior performance, comfort and style. Sourced with USPS express air shipping (7-10 days).</p>",Carlton London,shoes,shoes,"shoes, shoes, unisex, dropshipping, bestseller",true,Color,Matte Black Leather,Size,7,SY-SY-PROD-2085,500,shopify,14,deny,manual,82.82,132.37,true,true,https://images.unsplash.com/photo-1525966222134-fcfa99b8ae77?auto=format&fit=crop&w=800&q=80,1,active
velocityx-orthopedic-cloud-foam-recovery-slides-pro,VelocityX Orthopedic Cloud-Foam Recovery Slides (Pro),"<p>High-demand VelocityX VelocityX Orthopedic Cloud-Foam Recovery Slides (Pro). Designed for superior performance, comfort and style. Sourced with USPS express air shipping (7-10 days).</p>",VelocityX,shoes,shoes,"shoes, shoes, unisex, dropshipping, bestseller",true,Color,Bone White,Size,6,SY-SY-PROD-2086,500,shopify,15,deny,manual,34.19,56.99,true,true,https://images.unsplash.com/photo-1560769629-975ec94e6a86?auto=format&fit=crop&w=800&q=80,1,active
carlton-london-formal-oxford-burnished-leather-shoes-elite,Carlton London Formal Oxford Burnished Leather Shoes (Elite),"<p>High-demand Carlton London Carlton London Formal Oxford Burnished Leather Shoes (Elite). Designed for superior performance, comfort and style. Sourced with USPS express air shipping (7-10 days).</p>",Carlton London,shoes,shoes,"shoes, shoes, unisex, dropshipping, bestseller",true,Color,Deep Cognac Brown,Size,8,SY-SY-PROD-2087,500,shopify,16,deny,manual,95.56,152.12,true,true,https://images.unsplash.com/photo-1549298916-b41d501d3772?auto=format&fit=crop&w=800&q=80,1,active
velocityx-ultra-light-cushion-running-sneakers-classic,VelocityX Ultra-Light Cushion Running Sneakers (Classic),"<p>High-demand VelocityX VelocityX Ultra-Light Cushion Running Sneakers (Classic). Designed for superior performance, comfort and style. Sourced with USPS express air shipping (7-10 days).</p>",VelocityX,shoes,shoes,"shoes, shoes, unisex, dropshipping, bestseller",true,Color,Triple White,Size,7,SY-SY-PROD-2088,500,shopify,17,deny,manual,65.93,106.19,true,true,https://images.unsplash.com/photo-1542291026-7eec264c27ff?auto=format&fit=crop&w=800&q=80,1,active
carlton-london-retro-chunky-platform-streetwear-trainers-series-2,Carlton London Retro Chunky Platform Streetwear Trainers (Series 2),"<p>High-demand Carlton London Carlton London Retro Chunky Platform Streetwear Trainers (Series 2). Designed for superior performance, comfort and style. Sourced with USPS express air shipping (7-10 days).</p>",Carlton London,shoes,shoes,"shoes, shoes, unisex, dropshipping, bestseller",true,Color,Vintage Beige / Sage,Size,6,SY-SY-PROD-2089,500,shopify,18,deny,manual,78.30,125.36,true,true,https://images.unsplash.com/photo-1608231387042-66d1773070a5?auto=format&fit=crop&w=800&q=80,1,active
velocityx-handcrafted-genuine-suede-driving-loafers-air,VelocityX Handcrafted Genuine Suede Driving Loafers (Air),"<p>High-demand VelocityX VelocityX Handcrafted Genuine Suede Driving Loafers (Air). Designed for superior performance, comfort and style. Sourced with USPS express air shipping (7-10 days).</p>",VelocityX,shoes,shoes,"shoes, shoes, unisex, dropshipping, bestseller",true,Color,Tan Camel,Size,8,SY-SY-PROD-2090,500,shopify,19,deny,manual,78.67,125.94,true,true,https://images.unsplash.com/photo-1595950653106-6c9ebd614d3a?auto=format&fit=crop&w=800&q=80,1,active
carlton-london-water-resistant-chelsea-ankle-boots-signature,Carlton London Water-Resistant Chelsea Ankle Boots (Signature),"<p>High-demand Carlton London Carlton London Water-Resistant Chelsea Ankle Boots (Signature). Designed for superior performance, comfort and style. Sourced with USPS express air shipping (7-10 days).</p>",Carlton London,shoes,shoes,"shoes, shoes, unisex, dropshipping, bestseller",true,Color,Matte Black Leather,Size,7,SY-SY-PROD-2091,500,shopify,5,deny,manual,91.04,145.11,true,true,https://images.unsplash.com/photo-1525966222134-fcfa99b8ae77?auto=format&fit=crop&w=800&q=80,1,active
velocityx-orthopedic-cloud-foam-recovery-slides-v2,VelocityX Orthopedic Cloud-Foam Recovery Slides (V2),"<p>High-demand VelocityX VelocityX Orthopedic Cloud-Foam Recovery Slides (V2). Designed for superior performance, comfort and style. Sourced with USPS express air shipping (7-10 days).</p>",VelocityX,shoes,shoes,"shoes, shoes, unisex, dropshipping, bestseller",true,Color,Bone White,Size,6,SY-SY-PROD-2092,500,shopify,6,deny,manual,26.41,44.94,true,true,https://images.unsplash.com/photo-1560769629-975ec94e6a86?auto=format&fit=crop&w=800&q=80,1,active
carlton-london-formal-oxford-burnished-leather-shoes-luxe,Carlton London Formal Oxford Burnished Leather Shoes (Luxe),"<p>High-demand Carlton London Carlton London Formal Oxford Burnished Leather Shoes (Luxe). Designed for superior performance, comfort and style. Sourced with USPS express air shipping (7-10 days).</p>",Carlton London,shoes,shoes,"shoes, shoes, unisex, dropshipping, bestseller",true,Color,Deep Cognac Brown,Size,8,SY-SY-PROD-2093,500,shopify,7,deny,manual,103.78,164.86,true,true,https://images.unsplash.com/photo-1549298916-b41d501d3772?auto=format&fit=crop&w=800&q=80,1,active
velocityx-ultra-light-cushion-running-sneakers-pure,VelocityX Ultra-Light Cushion Running Sneakers (Pure),"<p>High-demand VelocityX VelocityX Ultra-Light Cushion Running Sneakers (Pure). Designed for superior performance, comfort and style. Sourced with USPS express air shipping (7-10 days).</p>",VelocityX,shoes,shoes,"shoes, shoes, unisex, dropshipping, bestseller",true,Color,Triple White,Size,7,SY-SY-PROD-2094,500,shopify,8,deny,manual,74.15,118.93,true,true,https://images.unsplash.com/photo-1542291026-7eec264c27ff?auto=format&fit=crop&w=800&q=80,1,active
carlton-london-retro-chunky-platform-streetwear-trainers-essential,Carlton London Retro Chunky Platform Streetwear Trainers (Essential),"<p>High-demand Carlton London Carlton London Retro Chunky Platform Streetwear Trainers (Essential). Designed for superior performance, comfort and style. Sourced with USPS express air shipping (7-10 days).</p>",Carlton London,shoes,shoes,"shoes, shoes, unisex, dropshipping, bestseller",true,Color,Vintage Beige / Sage,Size,6,SY-SY-PROD-2095,500,shopify,9,deny,manual,86.52,138.11,true,true,https://images.unsplash.com/photo-1608231387042-66d1773070a5?auto=format&fit=crop&w=800&q=80,1,active
velocityx-handcrafted-genuine-suede-driving-loafers-pro,VelocityX Handcrafted Genuine Suede Driving Loafers (Pro),"<p>High-demand VelocityX VelocityX Handcrafted Genuine Suede Driving Loafers (Pro). Designed for superior performance, comfort and style. Sourced with USPS express air shipping (7-10 days).</p>",VelocityX,shoes,shoes,"shoes, shoes, unisex, dropshipping, bestseller",true,Color,Tan Camel,Size,8,SY-SY-PROD-2096,500,shopify,10,deny,manual,86.89,138.68,true,true,https://images.unsplash.com/photo-1595950653106-6c9ebd614d3a?auto=format&fit=crop&w=800&q=80,1,active
carlton-london-water-resistant-chelsea-ankle-boots-elite,Carlton London Water-Resistant Chelsea Ankle Boots (Elite),"<p>High-demand Carlton London Carlton London Water-Resistant Chelsea Ankle Boots (Elite). Designed for superior performance, comfort and style. Sourced with USPS express air shipping (7-10 days).</p>",Carlton London,shoes,shoes,"shoes, shoes, unisex, dropshipping, bestseller",true,Color,Matte Black Leather,Size,7,SY-SY-PROD-2097,500,shopify,11,deny,manual,99.26,157.85,true,true,https://images.unsplash.com/photo-1525966222134-fcfa99b8ae77?auto=format&fit=crop&w=800&q=80,1,active
velocityx-orthopedic-cloud-foam-recovery-slides-classic,VelocityX Orthopedic Cloud-Foam Recovery Slides (Classic),"<p>High-demand VelocityX VelocityX Orthopedic Cloud-Foam Recovery Slides (Classic). Designed for superior performance, comfort and style. Sourced with USPS express air shipping (7-10 days).</p>",VelocityX,shoes,shoes,"shoes, shoes, unisex, dropshipping, bestseller",true,Color,Bone White,Size,6,SY-SY-PROD-2098,500,shopify,12,deny,manual,34.63,57.68,true,true,https://images.unsplash.com/photo-1560769629-975ec94e6a86?auto=format&fit=crop&w=800&q=80,1,active
carlton-london-formal-oxford-burnished-leather-shoes-series-2,Carlton London Formal Oxford Burnished Leather Shoes (Series 2),"<p>High-demand Carlton London Carlton London Formal Oxford Burnished Leather Shoes (Series 2). Designed for superior performance, comfort and style. Sourced with USPS express air shipping (7-10 days).</p>",Carlton London,shoes,shoes,"shoes, shoes, unisex, dropshipping, bestseller",true,Color,Deep Cognac Brown,Size,8,SY-SY-PROD-2099,500,shopify,13,deny,manual,65.00,104.75,true,true,https://images.unsplash.com/photo-1549298916-b41d501d3772?auto=format&fit=crop&w=800&q=80,1,active
velocityx-ultra-light-cushion-running-sneakers-air,VelocityX Ultra-Light Cushion Running Sneakers (Air),"<p>High-demand VelocityX VelocityX Ultra-Light Cushion Running Sneakers (Air). Designed for superior performance, comfort and style. Sourced with USPS express air shipping (7-10 days).</p>",VelocityX,shoes,shoes,"shoes, shoes, unisex, dropshipping, bestseller",true,Color,Triple White,Size,7,SY-SY-PROD-2100,500,shopify,14,deny,manual,82.37,131.67,true,true,https://images.unsplash.com/photo-1542291026-7eec264c27ff?auto=format&fit=crop&w=800&q=80,1,active
carlton-london-retro-chunky-platform-streetwear-trainers-signature,Carlton London Retro Chunky Platform Streetwear Trainers (Signature),"<p>High-demand Carlton London Carlton London Retro Chunky Platform Streetwear Trainers (Signature). Designed for superior performance, comfort and style. Sourced with USPS express air shipping (7-10 days).</p>",Carlton London,shoes,shoes,"shoes, shoes, unisex, dropshipping, bestseller",true,Color,Vintage Beige / Sage,Size,6,SY-SY-PROD-2101,500,shopify,15,deny,manual,94.74,150.85,true,true,https://images.unsplash.com/photo-1608231387042-66d1773070a5?auto=format&fit=crop&w=800&q=80,1,active
velocityx-handcrafted-genuine-suede-driving-loafers-v2,VelocityX Handcrafted Genuine Suede Driving Loafers (V2),"<p>High-demand VelocityX VelocityX Handcrafted Genuine Suede Driving Loafers (V2). Designed for superior performance, comfort and style. Sourced with USPS express air shipping (7-10 days).</p>",VelocityX,shoes,shoes,"shoes, shoes, unisex, dropshipping, bestseller",true,Color,Tan Camel,Size,8,SY-SY-PROD-2102,500,shopify,16,deny,manual,95.11,151.42,true,true,https://images.unsplash.com/photo-1595950653106-6c9ebd614d3a?auto=format&fit=crop&w=800&q=80,1,active
carlton-london-water-resistant-chelsea-ankle-boots-luxe,Carlton London Water-Resistant Chelsea Ankle Boots (Luxe),"<p>High-demand Carlton London Carlton London Water-Resistant Chelsea Ankle Boots (Luxe). Designed for superior performance, comfort and style. Sourced with USPS express air shipping (7-10 days).</p>",Carlton London,shoes,shoes,"shoes, shoes, unisex, dropshipping, bestseller",true,Color,Matte Black Leather,Size,7,SY-SY-PROD-2103,500,shopify,17,deny,manual,107.48,170.59,true,true,https://images.unsplash.com/photo-1525966222134-fcfa99b8ae77?auto=format&fit=crop&w=800&q=80,1,active
velocityx-orthopedic-cloud-foam-recovery-slides-pure,VelocityX Orthopedic Cloud-Foam Recovery Slides (Pure),"<p>High-demand VelocityX VelocityX Orthopedic Cloud-Foam Recovery Slides (Pure). Designed for superior performance, comfort and style. Sourced with USPS express air shipping (7-10 days).</p>",VelocityX,shoes,shoes,"shoes, shoes, unisex, dropshipping, bestseller",true,Color,Bone White,Size,6,SY-SY-PROD-2104,500,shopify,18,deny,manual,26.85,45.62,true,true,https://images.unsplash.com/photo-1560769629-975ec94e6a86?auto=format&fit=crop&w=800&q=80,1,active
carlton-london-formal-oxford-burnished-leather-shoes-essential,Carlton London Formal Oxford Burnished Leather Shoes (Essential),"<p>High-demand Carlton London Carlton London Formal Oxford Burnished Leather Shoes (Essential). Designed for superior performance, comfort and style. Sourced with USPS express air shipping (7-10 days).</p>",Carlton London,shoes,shoes,"shoes, shoes, unisex, dropshipping, bestseller",true,Color,Deep Cognac Brown,Size,8,SY-SY-PROD-2105,500,shopify,19,deny,manual,73.22,117.49,true,true,https://images.unsplash.com/photo-1549298916-b41d501d3772?auto=format&fit=crop&w=800&q=80,1,active
velocityx-ultra-light-cushion-running-sneakers-pro,VelocityX Ultra-Light Cushion Running Sneakers (Pro),"<p>High-demand VelocityX VelocityX Ultra-Light Cushion Running Sneakers (Pro). Designed for superior performance, comfort and style. Sourced with USPS express air shipping (7-10 days).</p>",VelocityX,shoes,shoes,"shoes, shoes, unisex, dropshipping, bestseller",true,Color,Triple White,Size,7,SY-SY-PROD-2106,500,shopify,5,deny,manual,49.59,80.86,true,true,https://images.unsplash.com/photo-1542291026-7eec264c27ff?auto=format&fit=crop&w=800&q=80,1,active
carlton-london-retro-chunky-platform-streetwear-trainers-elite,Carlton London Retro Chunky Platform Streetwear Trainers (Elite),"<p>High-demand Carlton London Carlton London Retro Chunky Platform Streetwear Trainers (Elite). Designed for superior performance, comfort and style. Sourced with USPS express air shipping (7-10 days).</p>",Carlton London,shoes,shoes,"shoes, shoes, unisex, dropshipping, bestseller",true,Color,Vintage Beige / Sage,Size,6,SY-SY-PROD-2107,500,shopify,6,deny,manual,62.96,101.59,true,true,https://images.unsplash.com/photo-1608231387042-66d1773070a5?auto=format&fit=crop&w=800&q=80,1,active
velocityx-handcrafted-genuine-suede-driving-loafers-classic,VelocityX Handcrafted Genuine Suede Driving Loafers (Classic),"<p>High-demand VelocityX VelocityX Handcrafted Genuine Suede Driving Loafers (Classic). Designed for superior performance, comfort and style. Sourced with USPS express air shipping (7-10 days).</p>",VelocityX,shoes,shoes,"shoes, shoes, unisex, dropshipping, bestseller",true,Color,Tan Camel,Size,8,SY-SY-PROD-2108,500,shopify,7,deny,manual,62.33,100.61,true,true,https://images.unsplash.com/photo-1595950653106-6c9ebd614d3a?auto=format&fit=crop&w=800&q=80,1,active
carlton-london-water-resistant-chelsea-ankle-boots-series-2,Carlton London Water-Resistant Chelsea Ankle Boots (Series 2),"<p>High-demand Carlton London Carlton London Water-Resistant Chelsea Ankle Boots (Series 2). Designed for superior performance, comfort and style. Sourced with USPS express air shipping (7-10 days).</p>",Carlton London,shoes,shoes,"shoes, shoes, unisex, dropshipping, bestseller",true,Color,Matte Black Leather,Size,7,SY-SY-PROD-2109,500,shopify,8,deny,manual,65.70,105.84,true,true,https://images.unsplash.com/photo-1525966222134-fcfa99b8ae77?auto=format&fit=crop&w=800&q=80,1,active
velocityx-orthopedic-cloud-foam-recovery-slides-air,VelocityX Orthopedic Cloud-Foam Recovery Slides (Air),"<p>High-demand VelocityX VelocityX Orthopedic Cloud-Foam Recovery Slides (Air). Designed for superior performance, comfort and style. Sourced with USPS express air shipping (7-10 days).</p>",VelocityX,shoes,shoes,"shoes, shoes, unisex, dropshipping, bestseller",true,Color,Bone White,Size,6,SY-SY-PROD-2110,500,shopify,9,deny,manual,35.07,58.36,true,true,https://images.unsplash.com/photo-1560769629-975ec94e6a86?auto=format&fit=crop&w=800&q=80,1,active
carlton-london-formal-oxford-burnished-leather-shoes-signature,Carlton London Formal Oxford Burnished Leather Shoes (Signature),"<p>High-demand Carlton London Carlton London Formal Oxford Burnished Leather Shoes (Signature). Designed for superior performance, comfort and style. Sourced with USPS express air shipping (7-10 days).</p>",Carlton London,shoes,shoes,"shoes, shoes, unisex, dropshipping, bestseller",true,Color,Deep Cognac Brown,Size,8,SY-SY-PROD-2111,500,shopify,10,deny,manual,81.44,130.23,true,true,https://images.unsplash.com/photo-1549298916-b41d501d3772?auto=format&fit=crop&w=800&q=80,1,active
velocityx-ultra-light-cushion-running-sneakers-v2,VelocityX Ultra-Light Cushion Running Sneakers (V2),"<p>High-demand VelocityX VelocityX Ultra-Light Cushion Running Sneakers (V2). Designed for superior performance, comfort and style. Sourced with USPS express air shipping (7-10 days).</p>",VelocityX,shoes,shoes,"shoes, shoes, unisex, dropshipping, bestseller",true,Color,Triple White,Size,7,SY-SY-PROD-2112,500,shopify,11,deny,manual,57.81,93.61,true,true,https://images.unsplash.com/photo-1542291026-7eec264c27ff?auto=format&fit=crop&w=800&q=80,1,active
carlton-london-retro-chunky-platform-streetwear-trainers-luxe,Carlton London Retro Chunky Platform Streetwear Trainers (Luxe),"<p>High-demand Carlton London Carlton London Retro Chunky Platform Streetwear Trainers (Luxe). Designed for superior performance, comfort and style. Sourced with USPS express air shipping (7-10 days).</p>",Carlton London,shoes,shoes,"shoes, shoes, unisex, dropshipping, bestseller",true,Color,Vintage Beige / Sage,Size,6,SY-SY-PROD-2113,500,shopify,12,deny,manual,71.18,114.33,true,true,https://images.unsplash.com/photo-1608231387042-66d1773070a5?auto=format&fit=crop&w=800&q=80,1,active
velocityx-handcrafted-genuine-suede-driving-loafers-pure,VelocityX Handcrafted Genuine Suede Driving Loafers (Pure),"<p>High-demand VelocityX VelocityX Handcrafted Genuine Suede Driving Loafers (Pure). Designed for superior performance, comfort and style. Sourced with USPS express air shipping (7-10 days).</p>",VelocityX,shoes,shoes,"shoes, shoes, unisex, dropshipping, bestseller",true,Color,Tan Camel,Size,8,SY-SY-PROD-2114,500,shopify,13,deny,manual,70.55,113.35,true,true,https://images.unsplash.com/photo-1595950653106-6c9ebd614d3a?auto=format&fit=crop&w=800&q=80,1,active
carlton-london-water-resistant-chelsea-ankle-boots-essential,Carlton London Water-Resistant Chelsea Ankle Boots (Essential),"<p>High-demand Carlton London Carlton London Water-Resistant Chelsea Ankle Boots (Essential). Designed for superior performance, comfort and style. Sourced with USPS express air shipping (7-10 days).</p>",Carlton London,shoes,shoes,"shoes, shoes, unisex, dropshipping, bestseller",true,Color,Matte Black Leather,Size,7,SY-SY-PROD-2115,500,shopify,14,deny,manual,73.92,118.58,true,true,https://images.unsplash.com/photo-1525966222134-fcfa99b8ae77?auto=format&fit=crop&w=800&q=80,1,active
velocityx-orthopedic-cloud-foam-recovery-slides-pro,VelocityX Orthopedic Cloud-Foam Recovery Slides (Pro),"<p>High-demand VelocityX VelocityX Orthopedic Cloud-Foam Recovery Slides (Pro). Designed for superior performance, comfort and style. Sourced with USPS express air shipping (7-10 days).</p>",VelocityX,shoes,shoes,"shoes, shoes, unisex, dropshipping, bestseller",true,Color,Bone White,Size,6,SY-SY-PROD-2116,500,shopify,15,deny,manual,27.29,46.30,true,true,https://images.unsplash.com/photo-1560769629-975ec94e6a86?auto=format&fit=crop&w=800&q=80,1,active
carlton-london-formal-oxford-burnished-leather-shoes-elite,Carlton London Formal Oxford Burnished Leather Shoes (Elite),"<p>High-demand Carlton London Carlton London Formal Oxford Burnished Leather Shoes (Elite). Designed for superior performance, comfort and style. Sourced with USPS express air shipping (7-10 days).</p>",Carlton London,shoes,shoes,"shoes, shoes, unisex, dropshipping, bestseller",true,Color,Deep Cognac Brown,Size,8,SY-SY-PROD-2117,500,shopify,16,deny,manual,89.66,142.97,true,true,https://images.unsplash.com/photo-1549298916-b41d501d3772?auto=format&fit=crop&w=800&q=80,1,active
velocityx-ultra-light-cushion-running-sneakers-classic,VelocityX Ultra-Light Cushion Running Sneakers (Classic),"<p>High-demand VelocityX VelocityX Ultra-Light Cushion Running Sneakers (Classic). Designed for superior performance, comfort and style. Sourced with USPS express air shipping (7-10 days).</p>",VelocityX,shoes,shoes,"shoes, shoes, unisex, dropshipping, bestseller",true,Color,Triple White,Size,7,SY-SY-PROD-2118,500,shopify,17,deny,manual,66.03,106.35,true,true,https://images.unsplash.com/photo-1542291026-7eec264c27ff?auto=format&fit=crop&w=800&q=80,1,active
carlton-london-retro-chunky-platform-streetwear-trainers-series-2,Carlton London Retro Chunky Platform Streetwear Trainers (Series 2),"<p>High-demand Carlton London Carlton London Retro Chunky Platform Streetwear Trainers (Series 2). Designed for superior performance, comfort and style. Sourced with USPS express air shipping (7-10 days).</p>",Carlton London,shoes,shoes,"shoes, shoes, unisex, dropshipping, bestseller",true,Color,Vintage Beige / Sage,Size,6,SY-SY-PROD-2119,500,shopify,18,deny,manual,79.40,127.07,true,true,https://images.unsplash.com/photo-1608231387042-66d1773070a5?auto=format&fit=crop&w=800&q=80,1,active
velocityx-handcrafted-genuine-suede-driving-loafers-air,VelocityX Handcrafted Genuine Suede Driving Loafers (Air),"<p>High-demand VelocityX VelocityX Handcrafted Genuine Suede Driving Loafers (Air). Designed for superior performance, comfort and style. Sourced with USPS express air shipping (7-10 days).</p>",VelocityX,shoes,shoes,"shoes, shoes, unisex, dropshipping, bestseller",true,Color,Tan Camel,Size,8,SY-SY-PROD-2120,500,shopify,19,deny,manual,78.77,126.09,true,true,https://images.unsplash.com/photo-1595950653106-6c9ebd614d3a?auto=format&fit=crop&w=800&q=80,1,active
carlton-london-water-resistant-chelsea-ankle-boots-signature,Carlton London Water-Resistant Chelsea Ankle Boots (Signature),"<p>High-demand Carlton London Carlton London Water-Resistant Chelsea Ankle Boots (Signature). Designed for superior performance, comfort and style. Sourced with USPS express air shipping (7-10 days).</p>",Carlton London,shoes,shoes,"shoes, shoes, unisex, dropshipping, bestseller",true,Color,Matte Black Leather,Size,7,SY-SY-PROD-2121,500,shopify,5,deny,manual,82.14,131.32,true,true,https://images.unsplash.com/photo-1525966222134-fcfa99b8ae77?auto=format&fit=crop&w=800&q=80,1,active
velocityx-orthopedic-cloud-foam-recovery-slides-v2,VelocityX Orthopedic Cloud-Foam Recovery Slides (V2),"<p>High-demand VelocityX VelocityX Orthopedic Cloud-Foam Recovery Slides (V2). Designed for superior performance, comfort and style. Sourced with USPS express air shipping (7-10 days).</p>",VelocityX,shoes,shoes,"shoes, shoes, unisex, dropshipping, bestseller",true,Color,Bone White,Size,6,SY-SY-PROD-2122,500,shopify,6,deny,manual,35.51,59.04,true,true,https://images.unsplash.com/photo-1560769629-975ec94e6a86?auto=format&fit=crop&w=800&q=80,1,active
carlton-london-formal-oxford-burnished-leather-shoes-luxe,Carlton London Formal Oxford Burnished Leather Shoes (Luxe),"<p>High-demand Carlton London Carlton London Formal Oxford Burnished Leather Shoes (Luxe). Designed for superior performance, comfort and style. Sourced with USPS express air shipping (7-10 days).</p>",Carlton London,shoes,shoes,"shoes, shoes, unisex, dropshipping, bestseller",true,Color,Deep Cognac Brown,Size,8,SY-SY-PROD-2123,500,shopify,7,deny,manual,97.88,155.71,true,true,https://images.unsplash.com/photo-1549298916-b41d501d3772?auto=format&fit=crop&w=800&q=80,1,active
velocityx-ultra-light-cushion-running-sneakers-pure,VelocityX Ultra-Light Cushion Running Sneakers (Pure),"<p>High-demand VelocityX VelocityX Ultra-Light Cushion Running Sneakers (Pure). Designed for superior performance, comfort and style. Sourced with USPS express air shipping (7-10 days).</p>",VelocityX,shoes,shoes,"shoes, shoes, unisex, dropshipping, bestseller",true,Color,Triple White,Size,7,SY-SY-PROD-2124,500,shopify,8,deny,manual,74.25,119.09,true,true,https://images.unsplash.com/photo-1542291026-7eec264c27ff?auto=format&fit=crop&w=800&q=80,1,active
carlton-london-retro-chunky-platform-streetwear-trainers-essential,Carlton London Retro Chunky Platform Streetwear Trainers (Essential),"<p>High-demand Carlton London Carlton London Retro Chunky Platform Streetwear Trainers (Essential). Designed for superior performance, comfort and style. Sourced with USPS express air shipping (7-10 days).</p>",Carlton London,shoes,shoes,"shoes, shoes, unisex, dropshipping, bestseller",true,Color,Vintage Beige / Sage,Size,6,SY-SY-PROD-2125,500,shopify,9,deny,manual,87.62,139.81,true,true,https://images.unsplash.com/photo-1608231387042-66d1773070a5?auto=format&fit=crop&w=800&q=80,1,active
velocityx-handcrafted-genuine-suede-driving-loafers-pro,VelocityX Handcrafted Genuine Suede Driving Loafers (Pro),"<p>High-demand VelocityX VelocityX Handcrafted Genuine Suede Driving Loafers (Pro). Designed for superior performance, comfort and style. Sourced with USPS express air shipping (7-10 days).</p>",VelocityX,shoes,shoes,"shoes, shoes, unisex, dropshipping, bestseller",true,Color,Tan Camel,Size,8,SY-SY-PROD-2126,500,shopify,10,deny,manual,86.99,138.83,true,true,https://images.unsplash.com/photo-1595950653106-6c9ebd614d3a?auto=format&fit=crop&w=800&q=80,1,active
carlton-london-water-resistant-chelsea-ankle-boots-elite,Carlton London Water-Resistant Chelsea Ankle Boots (Elite),"<p>High-demand Carlton London Carlton London Water-Resistant Chelsea Ankle Boots (Elite). Designed for superior performance, comfort and style. Sourced with USPS express air shipping (7-10 days).</p>",Carlton London,shoes,shoes,"shoes, shoes, unisex, dropshipping, bestseller",true,Color,Matte Black Leather,Size,7,SY-SY-PROD-2127,500,shopify,11,deny,manual,90.36,144.06,true,true,https://images.unsplash.com/photo-1525966222134-fcfa99b8ae77?auto=format&fit=crop&w=800&q=80,1,active
velocityx-orthopedic-cloud-foam-recovery-slides-classic,VelocityX Orthopedic Cloud-Foam Recovery Slides (Classic),"<p>High-demand VelocityX VelocityX Orthopedic Cloud-Foam Recovery Slides (Classic). Designed for superior performance, comfort and style. Sourced with USPS express air shipping (7-10 days).</p>",VelocityX,shoes,shoes,"shoes, shoes, unisex, dropshipping, bestseller",true,Color,Bone White,Size,6,SY-SY-PROD-2128,500,shopify,12,deny,manual,27.73,46.98,true,true,https://images.unsplash.com/photo-1560769629-975ec94e6a86?auto=format&fit=crop&w=800&q=80,1,active
carlton-london-formal-oxford-burnished-leather-shoes-series-2,Carlton London Formal Oxford Burnished Leather Shoes (Series 2),"<p>High-demand Carlton London Carlton London Formal Oxford Burnished Leather Shoes (Series 2). Designed for superior performance, comfort and style. Sourced with USPS express air shipping (7-10 days).</p>",Carlton London,shoes,shoes,"shoes, shoes, unisex, dropshipping, bestseller",true,Color,Deep Cognac Brown,Size,8,SY-SY-PROD-2129,500,shopify,13,deny,manual,106.10,168.45,true,true,https://images.unsplash.com/photo-1549298916-b41d501d3772?auto=format&fit=crop&w=800&q=80,1,active
velocityx-ultra-light-cushion-running-sneakers-air,VelocityX Ultra-Light Cushion Running Sneakers (Air),"<p>High-demand VelocityX VelocityX Ultra-Light Cushion Running Sneakers (Air). Designed for superior performance, comfort and style. Sourced with USPS express air shipping (7-10 days).</p>",VelocityX,shoes,shoes,"shoes, shoes, unisex, dropshipping, bestseller",true,Color,Triple White,Size,7,SY-SY-PROD-2130,500,shopify,14,deny,manual,82.47,131.83,true,true,https://images.unsplash.com/photo-1542291026-7eec264c27ff?auto=format&fit=crop&w=800&q=80,1,active
carlton-london-retro-chunky-platform-streetwear-trainers-signature,Carlton London Retro Chunky Platform Streetwear Trainers (Signature),"<p>High-demand Carlton London Carlton London Retro Chunky Platform Streetwear Trainers (Signature). Designed for superior performance, comfort and style. Sourced with USPS express air shipping (7-10 days).</p>",Carlton London,shoes,shoes,"shoes, shoes, unisex, dropshipping, bestseller",true,Color,Vintage Beige / Sage,Size,6,SY-SY-PROD-2131,500,shopify,15,deny,manual,55.84,90.55,true,true,https://images.unsplash.com/photo-1608231387042-66d1773070a5?auto=format&fit=crop&w=800&q=80,1,active
velocityx-handcrafted-genuine-suede-driving-loafers-v2,VelocityX Handcrafted Genuine Suede Driving Loafers (V2),"<p>High-demand VelocityX VelocityX Handcrafted Genuine Suede Driving Loafers (V2). Designed for superior performance, comfort and style. Sourced with USPS express air shipping (7-10 days).</p>",VelocityX,shoes,shoes,"shoes, shoes, unisex, dropshipping, bestseller",true,Color,Tan Camel,Size,8,SY-SY-PROD-2132,500,shopify,16,deny,manual,95.21,151.58,true,true,https://images.unsplash.com/photo-1595950653106-6c9ebd614d3a?auto=format&fit=crop&w=800&q=80,1,active
carlton-london-water-resistant-chelsea-ankle-boots-luxe,Carlton London Water-Resistant Chelsea Ankle Boots (Luxe),"<p>High-demand Carlton London Carlton London Water-Resistant Chelsea Ankle Boots (Luxe). Designed for superior performance, comfort and style. Sourced with USPS express air shipping (7-10 days).</p>",Carlton London,shoes,shoes,"shoes, shoes, unisex, dropshipping, bestseller",true,Color,Matte Black Leather,Size,7,SY-SY-PROD-2133,500,shopify,17,deny,manual,98.58,156.80,true,true,https://images.unsplash.com/photo-1525966222134-fcfa99b8ae77?auto=format&fit=crop&w=800&q=80,1,active
velocityx-orthopedic-cloud-foam-recovery-slides-pure,VelocityX Orthopedic Cloud-Foam Recovery Slides (Pure),"<p>High-demand VelocityX VelocityX Orthopedic Cloud-Foam Recovery Slides (Pure). Designed for superior performance, comfort and style. Sourced with USPS express air shipping (7-10 days).</p>",VelocityX,shoes,shoes,"shoes, shoes, unisex, dropshipping, bestseller",true,Color,Bone White,Size,6,SY-SY-PROD-2134,500,shopify,18,deny,manual,35.95,59.72,true,true,https://images.unsplash.com/photo-1560769629-975ec94e6a86?auto=format&fit=crop&w=800&q=80,1,active
carlton-london-formal-oxford-burnished-leather-shoes-essential,Carlton London Formal Oxford Burnished Leather Shoes (Essential),"<p>High-demand Carlton London Carlton London Formal Oxford Burnished Leather Shoes (Essential). Designed for superior performance, comfort and style. Sourced with USPS express air shipping (7-10 days).</p>",Carlton London,shoes,shoes,"shoes, shoes, unisex, dropshipping, bestseller",true,Color,Deep Cognac Brown,Size,8,SY-SY-PROD-2135,500,shopify,19,deny,manual,67.32,108.35,true,true,https://images.unsplash.com/photo-1549298916-b41d501d3772?auto=format&fit=crop&w=800&q=80,1,active
velocityx-ultra-light-cushion-running-sneakers-pro,VelocityX Ultra-Light Cushion Running Sneakers (Pro),"<p>High-demand VelocityX VelocityX Ultra-Light Cushion Running Sneakers (Pro). Designed for superior performance, comfort and style. Sourced with USPS express air shipping (7-10 days).</p>",VelocityX,shoes,shoes,"shoes, shoes, unisex, dropshipping, bestseller",true,Color,Triple White,Size,7,SY-SY-PROD-2136,500,shopify,5,deny,manual,49.69,81.02,true,true,https://images.unsplash.com/photo-1542291026-7eec264c27ff?auto=format&fit=crop&w=800&q=80,1,active
carlton-london-retro-chunky-platform-streetwear-trainers-elite,Carlton London Retro Chunky Platform Streetwear Trainers (Elite),"<p>High-demand Carlton London Carlton London Retro Chunky Platform Streetwear Trainers (Elite). Designed for superior performance, comfort and style. Sourced with USPS express air shipping (7-10 days).</p>",Carlton London,shoes,shoes,"shoes, shoes, unisex, dropshipping, bestseller",true,Color,Vintage Beige / Sage,Size,6,SY-SY-PROD-2137,500,shopify,6,deny,manual,64.06,103.29,true,true,https://images.unsplash.com/photo-1608231387042-66d1773070a5?auto=format&fit=crop&w=800&q=80,1,active
velocityx-handcrafted-genuine-suede-driving-loafers-classic,VelocityX Handcrafted Genuine Suede Driving Loafers (Classic),"<p>High-demand VelocityX VelocityX Handcrafted Genuine Suede Driving Loafers (Classic). Designed for superior performance, comfort and style. Sourced with USPS express air shipping (7-10 days).</p>",VelocityX,shoes,shoes,"shoes, shoes, unisex, dropshipping, bestseller",true,Color,Tan Camel,Size,8,SY-SY-PROD-2138,500,shopify,7,deny,manual,62.43,100.77,true,true,https://images.unsplash.com/photo-1595950653106-6c9ebd614d3a?auto=format&fit=crop&w=800&q=80,1,active
carlton-london-water-resistant-chelsea-ankle-boots-series-2,Carlton London Water-Resistant Chelsea Ankle Boots (Series 2),"<p>High-demand Carlton London Carlton London Water-Resistant Chelsea Ankle Boots (Series 2). Designed for superior performance, comfort and style. Sourced with USPS express air shipping (7-10 days).</p>",Carlton London,shoes,shoes,"shoes, shoes, unisex, dropshipping, bestseller",true,Color,Matte Black Leather,Size,7,SY-SY-PROD-2139,500,shopify,8,deny,manual,106.80,169.54,true,true,https://images.unsplash.com/photo-1525966222134-fcfa99b8ae77?auto=format&fit=crop&w=800&q=80,1,active
velocityx-orthopedic-cloud-foam-recovery-slides-air,VelocityX Orthopedic Cloud-Foam Recovery Slides (Air),"<p>High-demand VelocityX VelocityX Orthopedic Cloud-Foam Recovery Slides (Air). Designed for superior performance, comfort and style. Sourced with USPS express air shipping (7-10 days).</p>",VelocityX,shoes,shoes,"shoes, shoes, unisex, dropshipping, bestseller",true,Color,Bone White,Size,6,SY-SY-PROD-2140,500,shopify,9,deny,manual,28.17,47.66,true,true,https://images.unsplash.com/photo-1560769629-975ec94e6a86?auto=format&fit=crop&w=800&q=80,1,active
carlton-london-formal-oxford-burnished-leather-shoes-signature,Carlton London Formal Oxford Burnished Leather Shoes (Signature),"<p>High-demand Carlton London Carlton London Formal Oxford Burnished Leather Shoes (Signature). Designed for superior performance, comfort and style. Sourced with USPS express air shipping (7-10 days).</p>",Carlton London,shoes,shoes,"shoes, shoes, unisex, dropshipping, bestseller",true,Color,Deep Cognac Brown,Size,8,SY-SY-PROD-2141,500,shopify,10,deny,manual,75.54,121.09,true,true,https://images.unsplash.com/photo-1549298916-b41d501d3772?auto=format&fit=crop&w=800&q=80,1,active
velocityx-ultra-light-cushion-running-sneakers-v2,VelocityX Ultra-Light Cushion Running Sneakers (V2),"<p>High-demand VelocityX VelocityX Ultra-Light Cushion Running Sneakers (V2). Designed for superior performance, comfort and style. Sourced with USPS express air shipping (7-10 days).</p>",VelocityX,shoes,shoes,"shoes, shoes, unisex, dropshipping, bestseller",true,Color,Triple White,Size,7,SY-SY-PROD-2142,500,shopify,11,deny,manual,57.91,93.76,true,true,https://images.unsplash.com/photo-1542291026-7eec264c27ff?auto=format&fit=crop&w=800&q=80,1,active
carlton-london-retro-chunky-platform-streetwear-trainers-luxe,Carlton London Retro Chunky Platform Streetwear Trainers (Luxe),"<p>High-demand Carlton London Carlton London Retro Chunky Platform Streetwear Trainers (Luxe). Designed for superior performance, comfort and style. Sourced with USPS express air shipping (7-10 days).</p>",Carlton London,shoes,shoes,"shoes, shoes, unisex, dropshipping, bestseller",true,Color,Vintage Beige / Sage,Size,6,SY-SY-PROD-2143,500,shopify,12,deny,manual,72.28,116.03,true,true,https://images.unsplash.com/photo-1608231387042-66d1773070a5?auto=format&fit=crop&w=800&q=80,1,active
velocityx-handcrafted-genuine-suede-driving-loafers-pure,VelocityX Handcrafted Genuine Suede Driving Loafers (Pure),"<p>High-demand VelocityX VelocityX Handcrafted Genuine Suede Driving Loafers (Pure). Designed for superior performance, comfort and style. Sourced with USPS express air shipping (7-10 days).</p>",VelocityX,shoes,shoes,"shoes, shoes, unisex, dropshipping, bestseller",true,Color,Tan Camel,Size,8,SY-SY-PROD-2144,500,shopify,13,deny,manual,70.65,113.51,true,true,https://images.unsplash.com/photo-1595950653106-6c9ebd614d3a?auto=format&fit=crop&w=800&q=80,1,active
carlton-london-water-resistant-chelsea-ankle-boots-essential,Carlton London Water-Resistant Chelsea Ankle Boots (Essential),"<p>High-demand Carlton London Carlton London Water-Resistant Chelsea Ankle Boots (Essential). Designed for superior performance, comfort and style. Sourced with USPS express air shipping (7-10 days).</p>",Carlton London,shoes,shoes,"shoes, shoes, unisex, dropshipping, bestseller",true,Color,Matte Black Leather,Size,7,SY-SY-PROD-2145,500,shopify,14,deny,manual,65.02,104.78,true,true,https://images.unsplash.com/photo-1525966222134-fcfa99b8ae77?auto=format&fit=crop&w=800&q=80,1,active
velocityx-orthopedic-cloud-foam-recovery-slides-pro,VelocityX Orthopedic Cloud-Foam Recovery Slides (Pro),"<p>High-demand VelocityX VelocityX Orthopedic Cloud-Foam Recovery Slides (Pro). Designed for superior performance, comfort and style. Sourced with USPS express air shipping (7-10 days).</p>",VelocityX,shoes,shoes,"shoes, shoes, unisex, dropshipping, bestseller",true,Color,Bone White,Size,6,SY-SY-PROD-2146,500,shopify,15,deny,manual,36.39,60.40,true,true,https://images.unsplash.com/photo-1560769629-975ec94e6a86?auto=format&fit=crop&w=800&q=80,1,active
carlton-london-formal-oxford-burnished-leather-shoes-elite,Carlton London Formal Oxford Burnished Leather Shoes (Elite),"<p>High-demand Carlton London Carlton London Formal Oxford Burnished Leather Shoes (Elite). Designed for superior performance, comfort and style. Sourced with USPS express air shipping (7-10 days).</p>",Carlton London,shoes,shoes,"shoes, shoes, unisex, dropshipping, bestseller",true,Color,Deep Cognac Brown,Size,8,SY-SY-PROD-2147,500,shopify,16,deny,manual,83.76,133.83,true,true,https://images.unsplash.com/photo-1549298916-b41d501d3772?auto=format&fit=crop&w=800&q=80,1,active
velocityx-ultra-light-cushion-running-sneakers-classic,VelocityX Ultra-Light Cushion Running Sneakers (Classic),"<p>High-demand VelocityX VelocityX Ultra-Light Cushion Running Sneakers (Classic). Designed for superior performance, comfort and style. Sourced with USPS express air shipping (7-10 days).</p>",VelocityX,shoes,shoes,"shoes, shoes, unisex, dropshipping, bestseller",true,Color,Triple White,Size,7,SY-SY-PROD-2148,500,shopify,17,deny,manual,66.13,106.50,true,true,https://images.unsplash.com/photo-1542291026-7eec264c27ff?auto=format&fit=crop&w=800&q=80,1,active
carlton-london-retro-chunky-platform-streetwear-trainers-series-2,Carlton London Retro Chunky Platform Streetwear Trainers (Series 2),"<p>High-demand Carlton London Carlton London Retro Chunky Platform Streetwear Trainers (Series 2). Designed for superior performance, comfort and style. Sourced with USPS express air shipping (7-10 days).</p>",Carlton London,shoes,shoes,"shoes, shoes, unisex, dropshipping, bestseller",true,Color,Vintage Beige / Sage,Size,6,SY-SY-PROD-2149,500,shopify,18,deny,manual,80.50,128.78,true,true,https://images.unsplash.com/photo-1608231387042-66d1773070a5?auto=format&fit=crop&w=800&q=80,1,active
velocityx-handcrafted-genuine-suede-driving-loafers-air,VelocityX Handcrafted Genuine Suede Driving Loafers (Air),"<p>High-demand VelocityX VelocityX Handcrafted Genuine Suede Driving Loafers (Air). Designed for superior performance, comfort and style. Sourced with USPS express air shipping (7-10 days).</p>",VelocityX,shoes,shoes,"shoes, shoes, unisex, dropshipping, bestseller",true,Color,Tan Camel,Size,8,SY-SY-PROD-2150,500,shopify,19,deny,manual,78.87,126.25,true,true,https://images.unsplash.com/photo-1595950653106-6c9ebd614d3a?auto=format&fit=crop&w=800&q=80,1,active
carlton-london-water-resistant-chelsea-ankle-boots-signature,Carlton London Water-Resistant Chelsea Ankle Boots (Signature),"<p>High-demand Carlton London Carlton London Water-Resistant Chelsea Ankle Boots (Signature). Designed for superior performance, comfort and style. Sourced with USPS express air shipping (7-10 days).</p>",Carlton London,shoes,shoes,"shoes, shoes, unisex, dropshipping, bestseller",true,Color,Matte Black Leather,Size,7,SY-SY-PROD-2151,500,shopify,5,deny,manual,73.24,117.52,true,true,https://images.unsplash.com/photo-1525966222134-fcfa99b8ae77?auto=format&fit=crop&w=800&q=80,1,active
velocityx-orthopedic-cloud-foam-recovery-slides-v2,VelocityX Orthopedic Cloud-Foam Recovery Slides (V2),"<p>High-demand VelocityX VelocityX Orthopedic Cloud-Foam Recovery Slides (V2). Designed for superior performance, comfort and style. Sourced with USPS express air shipping (7-10 days).</p>",VelocityX,shoes,shoes,"shoes, shoes, unisex, dropshipping, bestseller",true,Color,Bone White,Size,6,SY-SY-PROD-2152,500,shopify,6,deny,manual,28.61,48.35,true,true,https://images.unsplash.com/photo-1560769629-975ec94e6a86?auto=format&fit=crop&w=800&q=80,1,active
carlton-london-formal-oxford-burnished-leather-shoes-luxe,Carlton London Formal Oxford Burnished Leather Shoes (Luxe),"<p>High-demand Carlton London Carlton London Formal Oxford Burnished Leather Shoes (Luxe). Designed for superior performance, comfort and style. Sourced with USPS express air shipping (7-10 days).</p>",Carlton London,shoes,shoes,"shoes, shoes, unisex, dropshipping, bestseller",true,Color,Deep Cognac Brown,Size,8,SY-SY-PROD-2153,500,shopify,7,deny,manual,91.98,146.57,true,true,https://images.unsplash.com/photo-1549298916-b41d501d3772?auto=format&fit=crop&w=800&q=80,1,active
velocityx-ultra-light-cushion-running-sneakers-pure,VelocityX Ultra-Light Cushion Running Sneakers (Pure),"<p>High-demand VelocityX VelocityX Ultra-Light Cushion Running Sneakers (Pure). Designed for superior performance, comfort and style. Sourced with USPS express air shipping (7-10 days).</p>",VelocityX,shoes,shoes,"shoes, shoes, unisex, dropshipping, bestseller",true,Color,Triple White,Size,7,SY-SY-PROD-2154,500,shopify,8,deny,manual,74.35,119.24,true,true,https://images.unsplash.com/photo-1542291026-7eec264c27ff?auto=format&fit=crop&w=800&q=80,1,active
carlton-london-retro-chunky-platform-streetwear-trainers-essential,Carlton London Retro Chunky Platform Streetwear Trainers (Essential),"<p>High-demand Carlton London Carlton London Retro Chunky Platform Streetwear Trainers (Essential). Designed for superior performance, comfort and style. Sourced with USPS express air shipping (7-10 days).</p>",Carlton London,shoes,shoes,"shoes, shoes, unisex, dropshipping, bestseller",true,Color,Vintage Beige / Sage,Size,6,SY-SY-PROD-2155,500,shopify,9,deny,manual,88.72,141.52,true,true,https://images.unsplash.com/photo-1608231387042-66d1773070a5?auto=format&fit=crop&w=800&q=80,1,active
velocityx-handcrafted-genuine-suede-driving-loafers-pro,VelocityX Handcrafted Genuine Suede Driving Loafers (Pro),"<p>High-demand VelocityX VelocityX Handcrafted Genuine Suede Driving Loafers (Pro). Designed for superior performance, comfort and style. Sourced with USPS express air shipping (7-10 days).</p>",VelocityX,shoes,shoes,"shoes, shoes, unisex, dropshipping, bestseller",true,Color,Tan Camel,Size,8,SY-SY-PROD-2156,500,shopify,10,deny,manual,87.09,138.99,true,true,https://images.unsplash.com/photo-1595950653106-6c9ebd614d3a?auto=format&fit=crop&w=800&q=80,1,active
carlton-london-water-resistant-chelsea-ankle-boots-elite,Carlton London Water-Resistant Chelsea Ankle Boots (Elite),"<p>High-demand Carlton London Carlton London Water-Resistant Chelsea Ankle Boots (Elite). Designed for superior performance, comfort and style. Sourced with USPS express air shipping (7-10 days).</p>",Carlton London,shoes,shoes,"shoes, shoes, unisex, dropshipping, bestseller",true,Color,Matte Black Leather,Size,7,SY-SY-PROD-2157,500,shopify,11,deny,manual,81.46,130.26,true,true,https://images.unsplash.com/photo-1525966222134-fcfa99b8ae77?auto=format&fit=crop&w=800&q=80,1,active
velocityx-orthopedic-cloud-foam-recovery-slides-classic,VelocityX Orthopedic Cloud-Foam Recovery Slides (Classic),"<p>High-demand VelocityX VelocityX Orthopedic Cloud-Foam Recovery Slides (Classic). Designed for superior performance, comfort and style. Sourced with USPS express air shipping (7-10 days).</p>",VelocityX,shoes,shoes,"shoes, shoes, unisex, dropshipping, bestseller",true,Color,Bone White,Size,6,SY-SY-PROD-2158,500,shopify,12,deny,manual,36.83,61.09,true,true,https://images.unsplash.com/photo-1560769629-975ec94e6a86?auto=format&fit=crop&w=800&q=80,1,active
carlton-london-formal-oxford-burnished-leather-shoes-series-2,Carlton London Formal Oxford Burnished Leather Shoes (Series 2),"<p>High-demand Carlton London Carlton London Formal Oxford Burnished Leather Shoes (Series 2). Designed for superior performance, comfort and style. Sourced with USPS express air shipping (7-10 days).</p>",Carlton London,shoes,shoes,"shoes, shoes, unisex, dropshipping, bestseller",true,Color,Deep Cognac Brown,Size,8,SY-SY-PROD-2159,500,shopify,13,deny,manual,100.20,159.31,true,true,https://images.unsplash.com/photo-1549298916-b41d501d3772?auto=format&fit=crop&w=800&q=80,1,active
velocityx-ultra-light-cushion-running-sneakers-air,VelocityX Ultra-Light Cushion Running Sneakers (Air),"<p>High-demand VelocityX VelocityX Ultra-Light Cushion Running Sneakers (Air). Designed for superior performance, comfort and style. Sourced with USPS express air shipping (7-10 days).</p>",VelocityX,shoes,shoes,"shoes, shoes, unisex, dropshipping, bestseller",true,Color,Triple White,Size,7,SY-SY-PROD-2160,500,shopify,14,deny,manual,82.57,131.98,true,true,https://images.unsplash.com/photo-1542291026-7eec264c27ff?auto=format&fit=crop&w=800&q=80,1,active
carlton-london-retro-chunky-platform-streetwear-trainers-signature,Carlton London Retro Chunky Platform Streetwear Trainers (Signature),"<p>High-demand Carlton London Carlton London Retro Chunky Platform Streetwear Trainers (Signature). Designed for superior performance, comfort and style. Sourced with USPS express air shipping (7-10 days).</p>",Carlton London,shoes,shoes,"shoes, shoes, unisex, dropshipping, bestseller",true,Color,Vintage Beige / Sage,Size,6,SY-SY-PROD-2161,500,shopify,15,deny,manual,56.94,92.26,true,true,https://images.unsplash.com/photo-1608231387042-66d1773070a5?auto=format&fit=crop&w=800&q=80,1,active
velocityx-handcrafted-genuine-suede-driving-loafers-v2,VelocityX Handcrafted Genuine Suede Driving Loafers (V2),"<p>High-demand VelocityX VelocityX Handcrafted Genuine Suede Driving Loafers (V2). Designed for superior performance, comfort and style. Sourced with USPS express air shipping (7-10 days).</p>",VelocityX,shoes,shoes,"shoes, shoes, unisex, dropshipping, bestseller",true,Color,Tan Camel,Size,8,SY-SY-PROD-2162,500,shopify,16,deny,manual,95.31,151.73,true,true,https://images.unsplash.com/photo-1595950653106-6c9ebd614d3a?auto=format&fit=crop&w=800&q=80,1,active
carlton-london-water-resistant-chelsea-ankle-boots-luxe,Carlton London Water-Resistant Chelsea Ankle Boots (Luxe),"<p>High-demand Carlton London Carlton London Water-Resistant Chelsea Ankle Boots (Luxe). Designed for superior performance, comfort and style. Sourced with USPS express air shipping (7-10 days).</p>",Carlton London,shoes,shoes,"shoes, shoes, unisex, dropshipping, bestseller",true,Color,Matte Black Leather,Size,7,SY-SY-PROD-2163,500,shopify,17,deny,manual,89.68,143.00,true,true,https://images.unsplash.com/photo-1525966222134-fcfa99b8ae77?auto=format&fit=crop&w=800&q=80,1,active
velocityx-orthopedic-cloud-foam-recovery-slides-pure,VelocityX Orthopedic Cloud-Foam Recovery Slides (Pure),"<p>High-demand VelocityX VelocityX Orthopedic Cloud-Foam Recovery Slides (Pure). Designed for superior performance, comfort and style. Sourced with USPS express air shipping (7-10 days).</p>",VelocityX,shoes,shoes,"shoes, shoes, unisex, dropshipping, bestseller",true,Color,Bone White,Size,6,SY-SY-PROD-2164,500,shopify,18,deny,manual,29.05,49.03,true,true,https://images.unsplash.com/photo-1560769629-975ec94e6a86?auto=format&fit=crop&w=800&q=80,1,active
carlton-london-formal-oxford-burnished-leather-shoes-essential,Carlton London Formal Oxford Burnished Leather Shoes (Essential),"<p>High-demand Carlton London Carlton London Formal Oxford Burnished Leather Shoes (Essential). Designed for superior performance, comfort and style. Sourced with USPS express air shipping (7-10 days).</p>",Carlton London,shoes,shoes,"shoes, shoes, unisex, dropshipping, bestseller",true,Color,Deep Cognac Brown,Size,8,SY-SY-PROD-2165,500,shopify,19,deny,manual,108.42,172.05,true,true,https://images.unsplash.com/photo-1549298916-b41d501d3772?auto=format&fit=crop&w=800&q=80,1,active
velocityx-ultra-light-cushion-running-sneakers-pro,VelocityX Ultra-Light Cushion Running Sneakers (Pro),"<p>High-demand VelocityX VelocityX Ultra-Light Cushion Running Sneakers (Pro). Designed for superior performance, comfort and style. Sourced with USPS express air shipping (7-10 days).</p>",VelocityX,shoes,shoes,"shoes, shoes, unisex, dropshipping, bestseller",true,Color,Triple White,Size,7,SY-SY-PROD-2166,500,shopify,5,deny,manual,49.79,81.17,true,true,https://images.unsplash.com/photo-1542291026-7eec264c27ff?auto=format&fit=crop&w=800&q=80,1,active
carlton-london-retro-chunky-platform-streetwear-trainers-elite,Carlton London Retro Chunky Platform Streetwear Trainers (Elite),"<p>High-demand Carlton London Carlton London Retro Chunky Platform Streetwear Trainers (Elite). Designed for superior performance, comfort and style. Sourced with USPS express air shipping (7-10 days).</p>",Carlton London,shoes,shoes,"shoes, shoes, unisex, dropshipping, bestseller",true,Color,Vintage Beige / Sage,Size,6,SY-SY-PROD-2167,500,shopify,6,deny,manual,65.16,105.00,true,true,https://images.unsplash.com/photo-1608231387042-66d1773070a5?auto=format&fit=crop&w=800&q=80,1,active
velocityx-handcrafted-genuine-suede-driving-loafers-classic,VelocityX Handcrafted Genuine Suede Driving Loafers (Classic),"<p>High-demand VelocityX VelocityX Handcrafted Genuine Suede Driving Loafers (Classic). Designed for superior performance, comfort and style. Sourced with USPS express air shipping (7-10 days).</p>",VelocityX,shoes,shoes,"shoes, shoes, unisex, dropshipping, bestseller",true,Color,Tan Camel,Size,8,SY-SY-PROD-2168,500,shopify,7,deny,manual,62.53,100.92,true,true,https://images.unsplash.com/photo-1595950653106-6c9ebd614d3a?auto=format&fit=crop&w=800&q=80,1,active
carlton-london-water-resistant-chelsea-ankle-boots-series-2,Carlton London Water-Resistant Chelsea Ankle Boots (Series 2),"<p>High-demand Carlton London Carlton London Water-Resistant Chelsea Ankle Boots (Series 2). Designed for superior performance, comfort and style. Sourced with USPS express air shipping (7-10 days).</p>",Carlton London,shoes,shoes,"shoes, shoes, unisex, dropshipping, bestseller",true,Color,Matte Black Leather,Size,7,SY-SY-PROD-2169,500,shopify,8,deny,manual,97.90,155.75,true,true,https://images.unsplash.com/photo-1525966222134-fcfa99b8ae77?auto=format&fit=crop&w=800&q=80,1,active
velocityx-orthopedic-cloud-foam-recovery-slides-air,VelocityX Orthopedic Cloud-Foam Recovery Slides (Air),"<p>High-demand VelocityX VelocityX Orthopedic Cloud-Foam Recovery Slides (Air). Designed for superior performance, comfort and style. Sourced with USPS express air shipping (7-10 days).</p>",VelocityX,shoes,shoes,"shoes, shoes, unisex, dropshipping, bestseller",true,Color,Bone White,Size,6,SY-SY-PROD-2170,500,shopify,9,deny,manual,37.27,61.77,true,true,https://images.unsplash.com/photo-1560769629-975ec94e6a86?auto=format&fit=crop&w=800&q=80,1,active
carlton-london-formal-oxford-burnished-leather-shoes-signature,Carlton London Formal Oxford Burnished Leather Shoes (Signature),"<p>High-demand Carlton London Carlton London Formal Oxford Burnished Leather Shoes (Signature). Designed for superior performance, comfort and style. Sourced with USPS express air shipping (7-10 days).</p>",Carlton London,shoes,shoes,"shoes, shoes, unisex, dropshipping, bestseller",true,Color,Deep Cognac Brown,Size,8,SY-SY-PROD-2171,500,shopify,10,deny,manual,69.64,111.94,true,true,https://images.unsplash.com/photo-1549298916-b41d501d3772?auto=format&fit=crop&w=800&q=80,1,active
velocityx-ultra-light-cushion-running-sneakers-v2,VelocityX Ultra-Light Cushion Running Sneakers (V2),"<p>High-demand VelocityX VelocityX Ultra-Light Cushion Running Sneakers (V2). Designed for superior performance, comfort and style. Sourced with USPS express air shipping (7-10 days).</p>",VelocityX,shoes,shoes,"shoes, shoes, unisex, dropshipping, bestseller",true,Color,Triple White,Size,7,SY-SY-PROD-2172,500,shopify,11,deny,manual,58.01,93.92,true,true,https://images.unsplash.com/photo-1542291026-7eec264c27ff?auto=format&fit=crop&w=800&q=80,1,active
carlton-london-retro-chunky-platform-streetwear-trainers-luxe,Carlton London Retro Chunky Platform Streetwear Trainers (Luxe),"<p>High-demand Carlton London Carlton London Retro Chunky Platform Streetwear Trainers (Luxe). Designed for superior performance, comfort and style. Sourced with USPS express air shipping (7-10 days).</p>",Carlton London,shoes,shoes,"shoes, shoes, unisex, dropshipping, bestseller",true,Color,Vintage Beige / Sage,Size,6,SY-SY-PROD-2173,500,shopify,12,deny,manual,73.38,117.74,true,true,https://images.unsplash.com/photo-1608231387042-66d1773070a5?auto=format&fit=crop&w=800&q=80,1,active
velocityx-handcrafted-genuine-suede-driving-loafers-pure,VelocityX Handcrafted Genuine Suede Driving Loafers (Pure),"<p>High-demand VelocityX VelocityX Handcrafted Genuine Suede Driving Loafers (Pure). Designed for superior performance, comfort and style. Sourced with USPS express air shipping (7-10 days).</p>",VelocityX,shoes,shoes,"shoes, shoes, unisex, dropshipping, bestseller",true,Color,Tan Camel,Size,8,SY-SY-PROD-2174,500,shopify,13,deny,manual,70.75,113.66,true,true,https://images.unsplash.com/photo-1595950653106-6c9ebd614d3a?auto=format&fit=crop&w=800&q=80,1,active
carlton-london-water-resistant-chelsea-ankle-boots-essential,Carlton London Water-Resistant Chelsea Ankle Boots (Essential),"<p>High-demand Carlton London Carlton London Water-Resistant Chelsea Ankle Boots (Essential). Designed for superior performance, comfort and style. Sourced with USPS express air shipping (7-10 days).</p>",Carlton London,shoes,shoes,"shoes, shoes, unisex, dropshipping, bestseller",true,Color,Matte Black Leather,Size,7,SY-SY-PROD-2175,500,shopify,14,deny,manual,106.12,168.49,true,true,https://images.unsplash.com/photo-1525966222134-fcfa99b8ae77?auto=format&fit=crop&w=800&q=80,1,active
velocityx-orthopedic-cloud-foam-recovery-slides-pro,VelocityX Orthopedic Cloud-Foam Recovery Slides (Pro),"<p>High-demand VelocityX VelocityX Orthopedic Cloud-Foam Recovery Slides (Pro). Designed for superior performance, comfort and style. Sourced with USPS express air shipping (7-10 days).</p>",VelocityX,shoes,shoes,"shoes, shoes, unisex, dropshipping, bestseller",true,Color,Bone White,Size,6,SY-SY-PROD-2176,500,shopify,15,deny,manual,29.49,49.71,true,true,https://images.unsplash.com/photo-1560769629-975ec94e6a86?auto=format&fit=crop&w=800&q=80,1,active
carlton-london-formal-oxford-burnished-leather-shoes-elite,Carlton London Formal Oxford Burnished Leather Shoes (Elite),"<p>High-demand Carlton London Carlton London Formal Oxford Burnished Leather Shoes (Elite). Designed for superior performance, comfort and style. Sourced with USPS express air shipping (7-10 days).</p>",Carlton London,shoes,shoes,"shoes, shoes, unisex, dropshipping, bestseller",true,Color,Deep Cognac Brown,Size,8,SY-SY-PROD-2177,500,shopify,16,deny,manual,77.86,124.68,true,true,https://images.unsplash.com/photo-1549298916-b41d501d3772?auto=format&fit=crop&w=800&q=80,1,active
velocityx-ultra-light-cushion-running-sneakers-classic,VelocityX Ultra-Light Cushion Running Sneakers (Classic),"<p>High-demand VelocityX VelocityX Ultra-Light Cushion Running Sneakers (Classic). Designed for superior performance, comfort and style. Sourced with USPS express air shipping (7-10 days).</p>",VelocityX,shoes,shoes,"shoes, shoes, unisex, dropshipping, bestseller",true,Color,Triple White,Size,7,SY-SY-PROD-2178,500,shopify,17,deny,manual,66.23,106.66,true,true,https://images.unsplash.com/photo-1542291026-7eec264c27ff?auto=format&fit=crop&w=800&q=80,1,active
carlton-london-retro-chunky-platform-streetwear-trainers-series-2,Carlton London Retro Chunky Platform Streetwear Trainers (Series 2),"<p>High-demand Carlton London Carlton London Retro Chunky Platform Streetwear Trainers (Series 2). Designed for superior performance, comfort and style. Sourced with USPS express air shipping (7-10 days).</p>",Carlton London,shoes,shoes,"shoes, shoes, unisex, dropshipping, bestseller",true,Color,Vintage Beige / Sage,Size,6,SY-SY-PROD-2179,500,shopify,18,deny,manual,81.60,130.48,true,true,https://images.unsplash.com/photo-1608231387042-66d1773070a5?auto=format&fit=crop&w=800&q=80,1,active
velocityx-handcrafted-genuine-suede-driving-loafers-air,VelocityX Handcrafted Genuine Suede Driving Loafers (Air),"<p>High-demand VelocityX VelocityX Handcrafted Genuine Suede Driving Loafers (Air). Designed for superior performance, comfort and style. Sourced with USPS express air shipping (7-10 days).</p>",VelocityX,shoes,shoes,"shoes, shoes, unisex, dropshipping, bestseller",true,Color,Tan Camel,Size,8,SY-SY-PROD-2180,500,shopify,19,deny,manual,78.97,126.40,true,true,https://images.unsplash.com/photo-1595950653106-6c9ebd614d3a?auto=format&fit=crop&w=800&q=80,1,active
carlton-london-water-resistant-chelsea-ankle-boots-signature,Carlton London Water-Resistant Chelsea Ankle Boots (Signature),"<p>High-demand Carlton London Carlton London Water-Resistant Chelsea Ankle Boots (Signature). Designed for superior performance, comfort and style. Sourced with USPS express air shipping (7-10 days).</p>",Carlton London,shoes,shoes,"shoes, shoes, unisex, dropshipping, bestseller",true,Color,Matte Black Leather,Size,7,SY-SY-PROD-2181,500,shopify,5,deny,manual,114.34,181.23,true,true,https://images.unsplash.com/photo-1525966222134-fcfa99b8ae77?auto=format&fit=crop&w=800&q=80,1,active
velocityx-orthopedic-cloud-foam-recovery-slides-v2,VelocityX Orthopedic Cloud-Foam Recovery Slides (V2),"<p>High-demand VelocityX VelocityX Orthopedic Cloud-Foam Recovery Slides (V2). Designed for superior performance, comfort and style. Sourced with USPS express air shipping (7-10 days).</p>",VelocityX,shoes,shoes,"shoes, shoes, unisex, dropshipping, bestseller",true,Color,Bone White,Size,6,SY-SY-PROD-2182,500,shopify,6,deny,manual,37.71,62.45,true,true,https://images.unsplash.com/photo-1560769629-975ec94e6a86?auto=format&fit=crop&w=800&q=80,1,active
carlton-london-formal-oxford-burnished-leather-shoes-luxe,Carlton London Formal Oxford Burnished Leather Shoes (Luxe),"<p>High-demand Carlton London Carlton London Formal Oxford Burnished Leather Shoes (Luxe). Designed for superior performance, comfort and style. Sourced with USPS express air shipping (7-10 days).</p>",Carlton London,shoes,shoes,"shoes, shoes, unisex, dropshipping, bestseller",true,Color,Deep Cognac Brown,Size,8,SY-SY-PROD-2183,500,shopify,7,deny,manual,86.08,137.42,true,true,https://images.unsplash.com/photo-1549298916-b41d501d3772?auto=format&fit=crop&w=800&q=80,1,active
velocityx-ultra-light-cushion-running-sneakers-pure,VelocityX Ultra-Light Cushion Running Sneakers (Pure),"<p>High-demand VelocityX VelocityX Ultra-Light Cushion Running Sneakers (Pure). Designed for superior performance, comfort and style. Sourced with USPS express air shipping (7-10 days).</p>",VelocityX,shoes,shoes,"shoes, shoes, unisex, dropshipping, bestseller",true,Color,Triple White,Size,7,SY-SY-PROD-2184,500,shopify,8,deny,manual,74.45,119.40,true,true,https://images.unsplash.com/photo-1542291026-7eec264c27ff?auto=format&fit=crop&w=800&q=80,1,active
carlton-london-retro-chunky-platform-streetwear-trainers-essential,Carlton London Retro Chunky Platform Streetwear Trainers (Essential),"<p>High-demand Carlton London Carlton London Retro Chunky Platform Streetwear Trainers (Essential). Designed for superior performance, comfort and style. Sourced with USPS express air shipping (7-10 days).</p>",Carlton London,shoes,shoes,"shoes, shoes, unisex, dropshipping, bestseller",true,Color,Vintage Beige / Sage,Size,6,SY-SY-PROD-2185,500,shopify,9,deny,manual,89.82,143.22,true,true,https://images.unsplash.com/photo-1608231387042-66d1773070a5?auto=format&fit=crop&w=800&q=80,1,active
velocityx-handcrafted-genuine-suede-driving-loafers-pro,VelocityX Handcrafted Genuine Suede Driving Loafers (Pro),"<p>High-demand VelocityX VelocityX Handcrafted Genuine Suede Driving Loafers (Pro). Designed for superior performance, comfort and style. Sourced with USPS express air shipping (7-10 days).</p>",VelocityX,shoes,shoes,"shoes, shoes, unisex, dropshipping, bestseller",true,Color,Tan Camel,Size,8,SY-SY-PROD-2186,500,shopify,10,deny,manual,87.19,139.14,true,true,https://images.unsplash.com/photo-1595950653106-6c9ebd614d3a?auto=format&fit=crop&w=800&q=80,1,active
carlton-london-water-resistant-chelsea-ankle-boots-elite,Carlton London Water-Resistant Chelsea Ankle Boots (Elite),"<p>High-demand Carlton London Carlton London Water-Resistant Chelsea Ankle Boots (Elite). Designed for superior performance, comfort and style. Sourced with USPS express air shipping (7-10 days).</p>",Carlton London,shoes,shoes,"shoes, shoes, unisex, dropshipping, bestseller",true,Color,Matte Black Leather,Size,7,SY-SY-PROD-2187,500,shopify,11,deny,manual,72.56,116.47,true,true,https://images.unsplash.com/photo-1525966222134-fcfa99b8ae77?auto=format&fit=crop&w=800&q=80,1,active
velocityx-orthopedic-cloud-foam-recovery-slides-classic,VelocityX Orthopedic Cloud-Foam Recovery Slides (Classic),"<p>High-demand VelocityX VelocityX Orthopedic Cloud-Foam Recovery Slides (Classic). Designed for superior performance, comfort and style. Sourced with USPS express air shipping (7-10 days).</p>",VelocityX,shoes,shoes,"shoes, shoes, unisex, dropshipping, bestseller",true,Color,Bone White,Size,6,SY-SY-PROD-2188,500,shopify,12,deny,manual,29.93,50.39,true,true,https://images.unsplash.com/photo-1560769629-975ec94e6a86?auto=format&fit=crop&w=800&q=80,1,active
carlton-london-formal-oxford-burnished-leather-shoes-series-2,Carlton London Formal Oxford Burnished Leather Shoes (Series 2),"<p>High-demand Carlton London Carlton London Formal Oxford Burnished Leather Shoes (Series 2). Designed for superior performance, comfort and style. Sourced with USPS express air shipping (7-10 days).</p>",Carlton London,shoes,shoes,"shoes, shoes, unisex, dropshipping, bestseller",true,Color,Deep Cognac Brown,Size,8,SY-SY-PROD-2189,500,shopify,13,deny,manual,94.30,150.16,true,true,https://images.unsplash.com/photo-1549298916-b41d501d3772?auto=format&fit=crop&w=800&q=80,1,active
velocityx-ultra-light-cushion-running-sneakers-air,VelocityX Ultra-Light Cushion Running Sneakers (Air),"<p>High-demand VelocityX VelocityX Ultra-Light Cushion Running Sneakers (Air). Designed for superior performance, comfort and style. Sourced with USPS express air shipping (7-10 days).</p>",VelocityX,shoes,shoes,"shoes, shoes, unisex, dropshipping, bestseller",true,Color,Triple White,Size,7,SY-SY-PROD-2190,500,shopify,14,deny,manual,82.67,132.14,true,true,https://images.unsplash.com/photo-1542291026-7eec264c27ff?auto=format&fit=crop&w=800&q=80,1,active
carlton-london-retro-chunky-platform-streetwear-trainers-signature,Carlton London Retro Chunky Platform Streetwear Trainers (Signature),"<p>High-demand Carlton London Carlton London Retro Chunky Platform Streetwear Trainers (Signature). Designed for superior performance, comfort and style. Sourced with USPS express air shipping (7-10 days).</p>",Carlton London,shoes,shoes,"shoes, shoes, unisex, dropshipping, bestseller",true,Color,Vintage Beige / Sage,Size,6,SY-SY-PROD-2191,500,shopify,15,deny,manual,58.04,93.96,true,true,https://images.unsplash.com/photo-1608231387042-66d1773070a5?auto=format&fit=crop&w=800&q=80,1,active
velocityx-handcrafted-genuine-suede-driving-loafers-v2,VelocityX Handcrafted Genuine Suede Driving Loafers (V2),"<p>High-demand VelocityX VelocityX Handcrafted Genuine Suede Driving Loafers (V2). Designed for superior performance, comfort and style. Sourced with USPS express air shipping (7-10 days).</p>",VelocityX,shoes,shoes,"shoes, shoes, unisex, dropshipping, bestseller",true,Color,Tan Camel,Size,8,SY-SY-PROD-2192,500,shopify,16,deny,manual,95.41,151.89,true,true,https://images.unsplash.com/photo-1595950653106-6c9ebd614d3a?auto=format&fit=crop&w=800&q=80,1,active
carlton-london-water-resistant-chelsea-ankle-boots-luxe,Carlton London Water-Resistant Chelsea Ankle Boots (Luxe),"<p>High-demand Carlton London Carlton London Water-Resistant Chelsea Ankle Boots (Luxe). Designed for superior performance, comfort and style. Sourced with USPS express air shipping (7-10 days).</p>",Carlton London,shoes,shoes,"shoes, shoes, unisex, dropshipping, bestseller",true,Color,Matte Black Leather,Size,7,SY-SY-PROD-2193,500,shopify,17,deny,manual,80.78,129.21,true,true,https://images.unsplash.com/photo-1525966222134-fcfa99b8ae77?auto=format&fit=crop&w=800&q=80,1,active
velocityx-orthopedic-cloud-foam-recovery-slides-pure,VelocityX Orthopedic Cloud-Foam Recovery Slides (Pure),"<p>High-demand VelocityX VelocityX Orthopedic Cloud-Foam Recovery Slides (Pure). Designed for superior performance, comfort and style. Sourced with USPS express air shipping (7-10 days).</p>",VelocityX,shoes,shoes,"shoes, shoes, unisex, dropshipping, bestseller",true,Color,Bone White,Size,6,SY-SY-PROD-2194,500,shopify,18,deny,manual,38.15,63.13,true,true,https://images.unsplash.com/photo-1560769629-975ec94e6a86?auto=format&fit=crop&w=800&q=80,1,active
carlton-london-formal-oxford-burnished-leather-shoes-essential,Carlton London Formal Oxford Burnished Leather Shoes (Essential),"<p>High-demand Carlton London Carlton London Formal Oxford Burnished Leather Shoes (Essential). Designed for superior performance, comfort and style. Sourced with USPS express air shipping (7-10 days).</p>",Carlton London,shoes,shoes,"shoes, shoes, unisex, dropshipping, bestseller",true,Color,Deep Cognac Brown,Size,8,SY-SY-PROD-2195,500,shopify,19,deny,manual,102.52,162.91,true,true,https://images.unsplash.com/photo-1549298916-b41d501d3772?auto=format&fit=crop&w=800&q=80,1,active
velocityx-ultra-light-cushion-running-sneakers-pro,VelocityX Ultra-Light Cushion Running Sneakers (Pro),"<p>High-demand VelocityX VelocityX Ultra-Light Cushion Running Sneakers (Pro). Designed for superior performance, comfort and style. Sourced with USPS express air shipping (7-10 days).</p>",VelocityX,shoes,shoes,"shoes, shoes, unisex, dropshipping, bestseller",true,Color,Triple White,Size,7,SY-SY-PROD-2196,500,shopify,5,deny,manual,49.89,81.33,true,true,https://images.unsplash.com/photo-1542291026-7eec264c27ff?auto=format&fit=crop&w=800&q=80,1,active
carlton-london-retro-chunky-platform-streetwear-trainers-elite,Carlton London Retro Chunky Platform Streetwear Trainers (Elite),"<p>High-demand Carlton London Carlton London Retro Chunky Platform Streetwear Trainers (Elite). Designed for superior performance, comfort and style. Sourced with USPS express air shipping (7-10 days).</p>",Carlton London,shoes,shoes,"shoes, shoes, unisex, dropshipping, bestseller",true,Color,Vintage Beige / Sage,Size,6,SY-SY-PROD-2197,500,shopify,6,deny,manual,66.26,106.70,true,true,https://images.unsplash.com/photo-1608231387042-66d1773070a5?auto=format&fit=crop&w=800&q=80,1,active
velocityx-handcrafted-genuine-suede-driving-loafers-classic,VelocityX Handcrafted Genuine Suede Driving Loafers (Classic),"<p>High-demand VelocityX VelocityX Handcrafted Genuine Suede Driving Loafers (Classic). Designed for superior performance, comfort and style. Sourced with USPS express air shipping (7-10 days).</p>",VelocityX,shoes,shoes,"shoes, shoes, unisex, dropshipping, bestseller",true,Color,Tan Camel,Size,8,SY-SY-PROD-2198,500,shopify,7,deny,manual,62.63,101.08,true,true,https://images.unsplash.com/photo-1595950653106-6c9ebd614d3a?auto=format&fit=crop&w=800&q=80,1,active
carlton-london-water-resistant-chelsea-ankle-boots-series-2,Carlton London Water-Resistant Chelsea Ankle Boots (Series 2),"<p>High-demand Carlton London Carlton London Water-Resistant Chelsea Ankle Boots (Series 2). Designed for superior performance, comfort and style. Sourced with USPS express air shipping (7-10 days).</p>",Carlton London,shoes,shoes,"shoes, shoes, unisex, dropshipping, bestseller",true,Color,Matte Black Leather,Size,7,SY-SY-PROD-2199,500,shopify,8,deny,manual,89.00,141.95,true,true,https://images.unsplash.com/photo-1525966222134-fcfa99b8ae77?auto=format&fit=crop&w=800&q=80,1,active
velocityx-orthopedic-cloud-foam-recovery-slides-air,VelocityX Orthopedic Cloud-Foam Recovery Slides (Air),"<p>High-demand VelocityX VelocityX Orthopedic Cloud-Foam Recovery Slides (Air). Designed for superior performance, comfort and style. Sourced with USPS express air shipping (7-10 days).</p>",VelocityX,shoes,shoes,"shoes, shoes, unisex, dropshipping, bestseller",true,Color,Bone White,Size,6,SY-SY-PROD-2200,500,shopify,9,deny,manual,30.37,51.07,true,true,https://images.unsplash.com/photo-1560769629-975ec94e6a86?auto=format&fit=crop&w=800&q=80,1,active
carlton-london-formal-oxford-burnished-leather-shoes-signature,Carlton London Formal Oxford Burnished Leather Shoes (Signature),"<p>High-demand Carlton London Carlton London Formal Oxford Burnished Leather Shoes (Signature). Designed for superior performance, comfort and style. Sourced with USPS express air shipping (7-10 days).</p>",Carlton London,shoes,shoes,"shoes, shoes, unisex, dropshipping, bestseller",true,Color,Deep Cognac Brown,Size,8,SY-SY-PROD-2201,500,shopify,10,deny,manual,63.74,102.80,true,true,https://images.unsplash.com/photo-1549298916-b41d501d3772?auto=format&fit=crop&w=800&q=80,1,active
velocityx-ultra-light-cushion-running-sneakers-v2,VelocityX Ultra-Light Cushion Running Sneakers (V2),"<p>High-demand VelocityX VelocityX Ultra-Light Cushion Running Sneakers (V2). Designed for superior performance, comfort and style. Sourced with USPS express air shipping (7-10 days).</p>",VelocityX,shoes,shoes,"shoes, shoes, unisex, dropshipping, bestseller",true,Color,Triple White,Size,7,SY-SY-PROD-2202,500,shopify,11,deny,manual,58.11,94.07,true,true,https://images.unsplash.com/photo-1542291026-7eec264c27ff?auto=format&fit=crop&w=800&q=80,1,active
carlton-london-retro-chunky-platform-streetwear-trainers-luxe,Carlton London Retro Chunky Platform Streetwear Trainers (Luxe),"<p>High-demand Carlton London Carlton London Retro Chunky Platform Streetwear Trainers (Luxe). Designed for superior performance, comfort and style. Sourced with USPS express air shipping (7-10 days).</p>",Carlton London,shoes,shoes,"shoes, shoes, unisex, dropshipping, bestseller",true,Color,Vintage Beige / Sage,Size,6,SY-SY-PROD-2203,500,shopify,12,deny,manual,74.48,119.44,true,true,https://images.unsplash.com/photo-1608231387042-66d1773070a5?auto=format&fit=crop&w=800&q=80,1,active
velocityx-handcrafted-genuine-suede-driving-loafers-pure,VelocityX Handcrafted Genuine Suede Driving Loafers (Pure),"<p>High-demand VelocityX VelocityX Handcrafted Genuine Suede Driving Loafers (Pure). Designed for superior performance, comfort and style. Sourced with USPS express air shipping (7-10 days).</p>",VelocityX,shoes,shoes,"shoes, shoes, unisex, dropshipping, bestseller",true,Color,Tan Camel,Size,8,SY-SY-PROD-2204,500,shopify,13,deny,manual,70.85,113.82,true,true,https://images.unsplash.com/photo-1595950653106-6c9ebd614d3a?auto=format&fit=crop&w=800&q=80,1,active
carlton-london-water-resistant-chelsea-ankle-boots-essential,Carlton London Water-Resistant Chelsea Ankle Boots (Essential),"<p>High-demand Carlton London Carlton London Water-Resistant Chelsea Ankle Boots (Essential). Designed for superior performance, comfort and style. Sourced with USPS express air shipping (7-10 days).</p>",Carlton London,shoes,shoes,"shoes, shoes, unisex, dropshipping, bestseller",true,Color,Matte Black Leather,Size,7,SY-SY-PROD-2205,500,shopify,14,deny,manual,97.22,154.69,true,true,https://images.unsplash.com/photo-1525966222134-fcfa99b8ae77?auto=format&fit=crop&w=800&q=80,1,active
velocityx-orthopedic-cloud-foam-recovery-slides-pro,VelocityX Orthopedic Cloud-Foam Recovery Slides (Pro),"<p>High-demand VelocityX VelocityX Orthopedic Cloud-Foam Recovery Slides (Pro). Designed for superior performance, comfort and style. Sourced with USPS express air shipping (7-10 days).</p>",VelocityX,shoes,shoes,"shoes, shoes, unisex, dropshipping, bestseller",true,Color,Bone White,Size,6,SY-SY-PROD-2206,500,shopify,15,deny,manual,38.59,63.81,true,true,https://images.unsplash.com/photo-1560769629-975ec94e6a86?auto=format&fit=crop&w=800&q=80,1,active
carlton-london-formal-oxford-burnished-leather-shoes-elite,Carlton London Formal Oxford Burnished Leather Shoes (Elite),"<p>High-demand Carlton London Carlton London Formal Oxford Burnished Leather Shoes (Elite). Designed for superior performance, comfort and style. Sourced with USPS express air shipping (7-10 days).</p>",Carlton London,shoes,shoes,"shoes, shoes, unisex, dropshipping, bestseller",true,Color,Deep Cognac Brown,Size,8,SY-SY-PROD-2207,500,shopify,16,deny,manual,71.96,115.54,true,true,https://images.unsplash.com/photo-1549298916-b41d501d3772?auto=format&fit=crop&w=800&q=80,1,active
velocityx-ultra-light-cushion-running-sneakers-classic,VelocityX Ultra-Light Cushion Running Sneakers (Classic),"<p>High-demand VelocityX VelocityX Ultra-Light Cushion Running Sneakers (Classic). Designed for superior performance, comfort and style. Sourced with USPS express air shipping (7-10 days).</p>",VelocityX,shoes,shoes,"shoes, shoes, unisex, dropshipping, bestseller",true,Color,Triple White,Size,7,SY-SY-PROD-2208,500,shopify,17,deny,manual,66.33,106.81,true,true,https://images.unsplash.com/photo-1542291026-7eec264c27ff?auto=format&fit=crop&w=800&q=80,1,active
carlton-london-retro-chunky-platform-streetwear-trainers-series-2,Carlton London Retro Chunky Platform Streetwear Trainers (Series 2),"<p>High-demand Carlton London Carlton London Retro Chunky Platform Streetwear Trainers (Series 2). Designed for superior performance, comfort and style. Sourced with USPS express air shipping (7-10 days).</p>",Carlton London,shoes,shoes,"shoes, shoes, unisex, dropshipping, bestseller",true,Color,Vintage Beige / Sage,Size,6,SY-SY-PROD-2209,500,shopify,18,deny,manual,82.70,132.19,true,true,https://images.unsplash.com/photo-1608231387042-66d1773070a5?auto=format&fit=crop&w=800&q=80,1,active
velocityx-handcrafted-genuine-suede-driving-loafers-air,VelocityX Handcrafted Genuine Suede Driving Loafers (Air),"<p>High-demand VelocityX VelocityX Handcrafted Genuine Suede Driving Loafers (Air). Designed for superior performance, comfort and style. Sourced with USPS express air shipping (7-10 days).</p>",VelocityX,shoes,shoes,"shoes, shoes, unisex, dropshipping, bestseller",true,Color,Tan Camel,Size,8,SY-SY-PROD-2210,500,shopify,19,deny,manual,79.07,126.56,true,true,https://images.unsplash.com/photo-1595950653106-6c9ebd614d3a?auto=format&fit=crop&w=800&q=80,1,active
carlton-london-water-resistant-chelsea-ankle-boots-signature,Carlton London Water-Resistant Chelsea Ankle Boots (Signature),"<p>High-demand Carlton London Carlton London Water-Resistant Chelsea Ankle Boots (Signature). Designed for superior performance, comfort and style. Sourced with USPS express air shipping (7-10 days).</p>",Carlton London,shoes,shoes,"shoes, shoes, unisex, dropshipping, bestseller",true,Color,Matte Black Leather,Size,7,SY-SY-PROD-2211,500,shopify,5,deny,manual,105.44,167.43,true,true,https://images.unsplash.com/photo-1525966222134-fcfa99b8ae77?auto=format&fit=crop&w=800&q=80,1,active
velocityx-orthopedic-cloud-foam-recovery-slides-v2,VelocityX Orthopedic Cloud-Foam Recovery Slides (V2),"<p>High-demand VelocityX VelocityX Orthopedic Cloud-Foam Recovery Slides (V2). Designed for superior performance, comfort and style. Sourced with USPS express air shipping (7-10 days).</p>",VelocityX,shoes,shoes,"shoes, shoes, unisex, dropshipping, bestseller",true,Color,Bone White,Size,6,SY-SY-PROD-2212,500,shopify,6,deny,manual,30.81,51.76,true,true,https://images.unsplash.com/photo-1560769629-975ec94e6a86?auto=format&fit=crop&w=800&q=80,1,active
carlton-london-formal-oxford-burnished-leather-shoes-luxe,Carlton London Formal Oxford Burnished Leather Shoes (Luxe),"<p>High-demand Carlton London Carlton London Formal Oxford Burnished Leather Shoes (Luxe). Designed for superior performance, comfort and style. Sourced with USPS express air shipping (7-10 days).</p>",Carlton London,shoes,shoes,"shoes, shoes, unisex, dropshipping, bestseller",true,Color,Deep Cognac Brown,Size,8,SY-SY-PROD-2213,500,shopify,7,deny,manual,80.18,128.28,true,true,https://images.unsplash.com/photo-1549298916-b41d501d3772?auto=format&fit=crop&w=800&q=80,1,active
velocityx-ultra-light-cushion-running-sneakers-pure,VelocityX Ultra-Light Cushion Running Sneakers (Pure),"<p>High-demand VelocityX VelocityX Ultra-Light Cushion Running Sneakers (Pure). Designed for superior performance, comfort and style. Sourced with USPS express air shipping (7-10 days).</p>",VelocityX,shoes,shoes,"shoes, shoes, unisex, dropshipping, bestseller",true,Color,Triple White,Size,7,SY-SY-PROD-2214,500,shopify,8,deny,manual,74.55,119.55,true,true,https://images.unsplash.com/photo-1542291026-7eec264c27ff?auto=format&fit=crop&w=800&q=80,1,active
carlton-london-retro-chunky-platform-streetwear-trainers-essential,Carlton London Retro Chunky Platform Streetwear Trainers (Essential),"<p>High-demand Carlton London Carlton London Retro Chunky Platform Streetwear Trainers (Essential). Designed for superior performance, comfort and style. Sourced with USPS express air shipping (7-10 days).</p>",Carlton London,shoes,shoes,"shoes, shoes, unisex, dropshipping, bestseller",true,Color,Vintage Beige / Sage,Size,6,SY-SY-PROD-2215,500,shopify,9,deny,manual,90.92,144.93,true,true,https://images.unsplash.com/photo-1608231387042-66d1773070a5?auto=format&fit=crop&w=800&q=80,1,active
velocityx-handcrafted-genuine-suede-driving-loafers-pro,VelocityX Handcrafted Genuine Suede Driving Loafers (Pro),"<p>High-demand VelocityX VelocityX Handcrafted Genuine Suede Driving Loafers (Pro). Designed for superior performance, comfort and style. Sourced with USPS express air shipping (7-10 days).</p>",VelocityX,shoes,shoes,"shoes, shoes, unisex, dropshipping, bestseller",true,Color,Tan Camel,Size,8,SY-SY-PROD-2216,500,shopify,10,deny,manual,87.29,139.30,true,true,https://images.unsplash.com/photo-1595950653106-6c9ebd614d3a?auto=format&fit=crop&w=800&q=80,1,active
carlton-london-water-resistant-chelsea-ankle-boots-elite,Carlton London Water-Resistant Chelsea Ankle Boots (Elite),"<p>High-demand Carlton London Carlton London Water-Resistant Chelsea Ankle Boots (Elite). Designed for superior performance, comfort and style. Sourced with USPS express air shipping (7-10 days).</p>",Carlton London,shoes,shoes,"shoes, shoes, unisex, dropshipping, bestseller",true,Color,Matte Black Leather,Size,7,SY-SY-PROD-2217,500,shopify,11,deny,manual,113.66,180.17,true,true,https://images.unsplash.com/photo-1525966222134-fcfa99b8ae77?auto=format&fit=crop&w=800&q=80,1,active
velocityx-orthopedic-cloud-foam-recovery-slides-classic,VelocityX Orthopedic Cloud-Foam Recovery Slides (Classic),"<p>High-demand VelocityX VelocityX Orthopedic Cloud-Foam Recovery Slides (Classic). Designed for superior performance, comfort and style. Sourced with USPS express air shipping (7-10 days).</p>",VelocityX,shoes,shoes,"shoes, shoes, unisex, dropshipping, bestseller",true,Color,Bone White,Size,6,SY-SY-PROD-2218,500,shopify,12,deny,manual,23.03,39.70,true,true,https://images.unsplash.com/photo-1560769629-975ec94e6a86?auto=format&fit=crop&w=800&q=80,1,active
carlton-london-formal-oxford-burnished-leather-shoes-series-2,Carlton London Formal Oxford Burnished Leather Shoes (Series 2),"<p>High-demand Carlton London Carlton London Formal Oxford Burnished Leather Shoes (Series 2). Designed for superior performance, comfort and style. Sourced with USPS express air shipping (7-10 days).</p>",Carlton London,shoes,shoes,"shoes, shoes, unisex, dropshipping, bestseller",true,Color,Deep Cognac Brown,Size,8,SY-SY-PROD-2219,500,shopify,13,deny,manual,88.40,141.02,true,true,https://images.unsplash.com/photo-1549298916-b41d501d3772?auto=format&fit=crop&w=800&q=80,1,active
velocityx-ultra-light-cushion-running-sneakers-air,VelocityX Ultra-Light Cushion Running Sneakers (Air),"<p>High-demand VelocityX VelocityX Ultra-Light Cushion Running Sneakers (Air). Designed for superior performance, comfort and style. Sourced with USPS express air shipping (7-10 days).</p>",VelocityX,shoes,shoes,"shoes, shoes, unisex, dropshipping, bestseller",true,Color,Triple White,Size,7,SY-SY-PROD-2220,500,shopify,14,deny,manual,82.77,132.29,true,true,https://images.unsplash.com/photo-1542291026-7eec264c27ff?auto=format&fit=crop&w=800&q=80,1,active
carlton-london-retro-chunky-platform-streetwear-trainers-signature,Carlton London Retro Chunky Platform Streetwear Trainers (Signature),"<p>High-demand Carlton London Carlton London Retro Chunky Platform Streetwear Trainers (Signature). Designed for superior performance, comfort and style. Sourced with USPS express air shipping (7-10 days).</p>",Carlton London,shoes,shoes,"shoes, shoes, unisex, dropshipping, bestseller",true,Color,Vintage Beige / Sage,Size,6,SY-SY-PROD-2221,500,shopify,15,deny,manual,59.14,95.67,true,true,https://images.unsplash.com/photo-1608231387042-66d1773070a5?auto=format&fit=crop&w=800&q=80,1,active
velocityx-handcrafted-genuine-suede-driving-loafers-v2,VelocityX Handcrafted Genuine Suede Driving Loafers (V2),"<p>High-demand VelocityX VelocityX Handcrafted Genuine Suede Driving Loafers (V2). Designed for superior performance, comfort and style. Sourced with USPS express air shipping (7-10 days).</p>",VelocityX,shoes,shoes,"shoes, shoes, unisex, dropshipping, bestseller",true,Color,Tan Camel,Size,8,SY-SY-PROD-2222,500,shopify,16,deny,manual,95.51,152.04,true,true,https://images.unsplash.com/photo-1595950653106-6c9ebd614d3a?auto=format&fit=crop&w=800&q=80,1,active
carlton-london-water-resistant-chelsea-ankle-boots-luxe,Carlton London Water-Resistant Chelsea Ankle Boots (Luxe),"<p>High-demand Carlton London Carlton London Water-Resistant Chelsea Ankle Boots (Luxe). Designed for superior performance, comfort and style. Sourced with USPS express air shipping (7-10 days).</p>",Carlton London,shoes,shoes,"shoes, shoes, unisex, dropshipping, bestseller",true,Color,Matte Black Leather,Size,7,SY-SY-PROD-2223,500,shopify,17,deny,manual,71.88,115.41,true,true,https://images.unsplash.com/photo-1525966222134-fcfa99b8ae77?auto=format&fit=crop&w=800&q=80,1,active
velocityx-orthopedic-cloud-foam-recovery-slides-pure,VelocityX Orthopedic Cloud-Foam Recovery Slides (Pure),"<p>High-demand VelocityX VelocityX Orthopedic Cloud-Foam Recovery Slides (Pure). Designed for superior performance, comfort and style. Sourced with USPS express air shipping (7-10 days).</p>",VelocityX,shoes,shoes,"shoes, shoes, unisex, dropshipping, bestseller",true,Color,Bone White,Size,6,SY-SY-PROD-2224,500,shopify,18,deny,manual,31.25,52.44,true,true,https://images.unsplash.com/photo-1560769629-975ec94e6a86?auto=format&fit=crop&w=800&q=80,1,active
carlton-london-formal-oxford-burnished-leather-shoes-essential,Carlton London Formal Oxford Burnished Leather Shoes (Essential),"<p>High-demand Carlton London Carlton London Formal Oxford Burnished Leather Shoes (Essential). Designed for superior performance, comfort and style. Sourced with USPS express air shipping (7-10 days).</p>",Carlton London,shoes,shoes,"shoes, shoes, unisex, dropshipping, bestseller",true,Color,Deep Cognac Brown,Size,8,SY-SY-PROD-2225,500,shopify,19,deny,manual,96.62,153.76,true,true,https://images.unsplash.com/photo-1549298916-b41d501d3772?auto=format&fit=crop&w=800&q=80,1,active
velocityx-ultra-light-cushion-running-sneakers-pro,VelocityX Ultra-Light Cushion Running Sneakers (Pro),"<p>High-demand VelocityX VelocityX Ultra-Light Cushion Running Sneakers (Pro). Designed for superior performance, comfort and style. Sourced with USPS express air shipping (7-10 days).</p>",VelocityX,shoes,shoes,"shoes, shoes, unisex, dropshipping, bestseller",true,Color,Triple White,Size,7,SY-SY-PROD-2226,500,shopify,5,deny,manual,49.99,81.48,true,true,https://images.unsplash.com/photo-1542291026-7eec264c27ff?auto=format&fit=crop&w=800&q=80,1,active
carlton-london-retro-chunky-platform-streetwear-trainers-elite,Carlton London Retro Chunky Platform Streetwear Trainers (Elite),"<p>High-demand Carlton London Carlton London Retro Chunky Platform Streetwear Trainers (Elite). Designed for superior performance, comfort and style. Sourced with USPS express air shipping (7-10 days).</p>",Carlton London,shoes,shoes,"shoes, shoes, unisex, dropshipping, bestseller",true,Color,Vintage Beige / Sage,Size,6,SY-SY-PROD-2227,500,shopify,6,deny,manual,67.36,108.41,true,true,https://images.unsplash.com/photo-1608231387042-66d1773070a5?auto=format&fit=crop&w=800&q=80,1,active
velocityx-handcrafted-genuine-suede-driving-loafers-classic,VelocityX Handcrafted Genuine Suede Driving Loafers (Classic),"<p>High-demand VelocityX VelocityX Handcrafted Genuine Suede Driving Loafers (Classic). Designed for superior performance, comfort and style. Sourced with USPS express air shipping (7-10 days).</p>",VelocityX,shoes,shoes,"shoes, shoes, unisex, dropshipping, bestseller",true,Color,Tan Camel,Size,8,SY-SY-PROD-2228,500,shopify,7,deny,manual,62.73,101.23,true,true,https://images.unsplash.com/photo-1595950653106-6c9ebd614d3a?auto=format&fit=crop&w=800&q=80,1,active
carlton-london-water-resistant-chelsea-ankle-boots-series-2,Carlton London Water-Resistant Chelsea Ankle Boots (Series 2),"<p>High-demand Carlton London Carlton London Water-Resistant Chelsea Ankle Boots (Series 2). Designed for superior performance, comfort and style. Sourced with USPS express air shipping (7-10 days).</p>",Carlton London,shoes,shoes,"shoes, shoes, unisex, dropshipping, bestseller",true,Color,Matte Black Leather,Size,7,SY-SY-PROD-2229,500,shopify,8,deny,manual,80.10,128.16,true,true,https://images.unsplash.com/photo-1525966222134-fcfa99b8ae77?auto=format&fit=crop&w=800&q=80,1,active
velocityx-orthopedic-cloud-foam-recovery-slides-air,VelocityX Orthopedic Cloud-Foam Recovery Slides (Air),"<p>High-demand VelocityX VelocityX Orthopedic Cloud-Foam Recovery Slides (Air). Designed for superior performance, comfort and style. Sourced with USPS express air shipping (7-10 days).</p>",VelocityX,shoes,shoes,"shoes, shoes, unisex, dropshipping, bestseller",true,Color,Bone White,Size,6,SY-SY-PROD-2230,500,shopify,9,deny,manual,23.47,40.38,true,true,https://images.unsplash.com/photo-1560769629-975ec94e6a86?auto=format&fit=crop&w=800&q=80,1,active
carlton-london-formal-oxford-burnished-leather-shoes-signature,Carlton London Formal Oxford Burnished Leather Shoes (Signature),"<p>High-demand Carlton London Carlton London Formal Oxford Burnished Leather Shoes (Signature). Designed for superior performance, comfort and style. Sourced with USPS express air shipping (7-10 days).</p>",Carlton London,shoes,shoes,"shoes, shoes, unisex, dropshipping, bestseller",true,Color,Deep Cognac Brown,Size,8,SY-SY-PROD-2231,500,shopify,10,deny,manual,104.84,166.50,true,true,https://images.unsplash.com/photo-1549298916-b41d501d3772?auto=format&fit=crop&w=800&q=80,1,active
velocityx-ultra-light-cushion-running-sneakers-v2,VelocityX Ultra-Light Cushion Running Sneakers (V2),"<p>High-demand VelocityX VelocityX Ultra-Light Cushion Running Sneakers (V2). Designed for superior performance, comfort and style. Sourced with USPS express air shipping (7-10 days).</p>",VelocityX,shoes,shoes,"shoes, shoes, unisex, dropshipping, bestseller",true,Color,Triple White,Size,7,SY-SY-PROD-2232,500,shopify,11,deny,manual,58.21,94.23,true,true,https://images.unsplash.com/photo-1542291026-7eec264c27ff?auto=format&fit=crop&w=800&q=80,1,active
carlton-london-retro-chunky-platform-streetwear-trainers-luxe,Carlton London Retro Chunky Platform Streetwear Trainers (Luxe),"<p>High-demand Carlton London Carlton London Retro Chunky Platform Streetwear Trainers (Luxe). Designed for superior performance, comfort and style. Sourced with USPS express air shipping (7-10 days).</p>",Carlton London,shoes,shoes,"shoes, shoes, unisex, dropshipping, bestseller",true,Color,Vintage Beige / Sage,Size,6,SY-SY-PROD-2233,500,shopify,12,deny,manual,75.58,121.15,true,true,https://images.unsplash.com/photo-1608231387042-66d1773070a5?auto=format&fit=crop&w=800&q=80,1,active
velocityx-handcrafted-genuine-suede-driving-loafers-pure,VelocityX Handcrafted Genuine Suede Driving Loafers (Pure),"<p>High-demand VelocityX VelocityX Handcrafted Genuine Suede Driving Loafers (Pure). Designed for superior performance, comfort and style. Sourced with USPS express air shipping (7-10 days).</p>",VelocityX,shoes,shoes,"shoes, shoes, unisex, dropshipping, bestseller",true,Color,Tan Camel,Size,8,SY-SY-PROD-2234,500,shopify,13,deny,manual,70.95,113.97,true,true,https://images.unsplash.com/photo-1595950653106-6c9ebd614d3a?auto=format&fit=crop&w=800&q=80,1,active
carlton-london-water-resistant-chelsea-ankle-boots-essential,Carlton London Water-Resistant Chelsea Ankle Boots (Essential),"<p>High-demand Carlton London Carlton London Water-Resistant Chelsea Ankle Boots (Essential). Designed for superior performance, comfort and style. Sourced with USPS express air shipping (7-10 days).</p>",Carlton London,shoes,shoes,"shoes, shoes, unisex, dropshipping, bestseller",true,Color,Matte Black Leather,Size,7,SY-SY-PROD-2235,500,shopify,14,deny,manual,88.32,140.90,true,true,https://images.unsplash.com/photo-1525966222134-fcfa99b8ae77?auto=format&fit=crop&w=800&q=80,1,active